{"textures":{"0":"modelengine:entity/mso_taloc_minion"},"elements":[{"from":[4.993949,6.180687,5.2263374],"to":[8.09013,8.115801,10.773663],"rotation":{"angle":0.0,"axis":"y","origin":[4.6714296,14.098526,7.3227105]},"faces":{"east":{"uv":[12.4375,11.0,13.3125,11.3125],"rotation":0,"texture":"#0","tintindex":0},"south":{"uv":[13.4375,1.6875,13.9375,2.0],"rotation":0,"texture":"#0","tintindex":0},"north":{"uv":[12.5625,13.375,13.0625,13.6875],"rotation":0,"texture":"#0","tintindex":0},"west":{"uv":[12.5625,1.625,13.4375,1.9375],"rotation":0,"texture":"#0","tintindex":0},"up":{"uv":[6.75,11.75,6.25,10.875],"rotation":0,"texture":"#0","tintindex":0},"down":{"uv":[11.0625,10.9375,10.5625,11.8125],"rotation":0,"texture":"#0","tintindex":0}}},{"from":[7.7031074,6.1161833,5.290841],"to":[11.315319,7.922289,10.709159],"rotation":{"angle":22.5,"axis":"z","origin":[7.6708555,7.148244,8.0]},"faces":{"east":{"uv":[12.75,8.5625,13.625,8.875],"rotation":0,"texture":"#0","tintindex":0},"south":{"uv":[13.4375,1.375,14.0,1.6875],"rotation":0,"texture":"#0","tintindex":0},"north":{"uv":[13.3125,6.875,13.875,7.1875],"rotation":0,"texture":"#0","tintindex":0},"west":{"uv":[12.75,8.875,13.625,9.1875],"rotation":0,"texture":"#0","tintindex":0},"up":{"uv":[1.0,11.6875,0.4375,10.8125],"rotation":0,"texture":"#0","tintindex":0},"down":{"uv":[1.5625,10.8125,1.0,11.6875],"rotation":0,"texture":"#0","tintindex":0}}},{"from":[10.283258,4.826108,6.580917],"to":[11.895853,8.567327,9.419083],"rotation":{"angle":22.5,"axis":"z","origin":[7.6708555,7.148244,8.0]},"faces":{"east":{"uv":[12.625,6.0625,13.0625,6.6875],"rotation":0,"texture":"#0","tintindex":0},"south":{"uv":[11.3125,13.5,11.5625,14.125],"rotation":0,"texture":"#0","tintindex":0},"north":{"uv":[11.0625,13.5,11.3125,14.125],"rotation":0,"texture":"#0","tintindex":0},"west":{"uv":[12.625,7.1875,13.0625,7.8125],"rotation":0,"texture":"#0","tintindex":0},"up":{"uv":[8.9375,8.4375,8.6875,8.0],"rotation":0,"texture":"#0","tintindex":0},"down":{"uv":[14.125,4.0,13.875,4.4375],"rotation":0,"texture":"#0","tintindex":0}}},{"from":[9.702724,9.276869,6.9034357],"to":[10.9928,11.147478,9.096564],"rotation":{"angle":0.0,"axis":"y","origin":[7.6708555,7.148244,8.0]},"faces":{"east":{"uv":[13.5625,13.9375,13.9375,14.25],"rotation":0,"texture":"#0","tintindex":0},"south":{"uv":[6.6875,14.375,6.875,14.6875],"rotation":0,"texture":"#0","tintindex":0},"north":{"uv":[6.0,14.375,6.1875,14.6875],"rotation":0,"texture":"#0","tintindex":0},"west":{"uv":[13.9375,13.5625,14.3125,13.875],"rotation":0,"texture":"#0","tintindex":0},"up":{"uv":[11.75,13.875,11.5625,13.5],"rotation":0,"texture":"#0","tintindex":0},"down":{"uv":[2.5625,14.25,2.375,14.625],"rotation":0,"texture":"#0","tintindex":0}}},{"from":[11.485892,2.9435697,7.2259545],"to":[12.894973,7.286785,8.774045],"rotation":{"angle":-22.5,"axis":"z","origin":[11.002114,8.039368,8.0]},"faces":{"east":{"uv":[8.6875,13.1875,8.9375,13.875],"rotation":0,"texture":"#0","tintindex":0},"south":{"uv":[9.75,13.5,10.0,14.1875],"rotation":0,"texture":"#0","tintindex":0},"north":{"uv":[8.9375,13.5,9.1875,14.1875],"rotation":0,"texture":"#0","tintindex":0},"west":{"uv":[13.0625,13.25,13.3125,13.9375],"rotation":0,"texture":"#0","tintindex":0},"up":{"uv":[4.1875,14.625,3.9375,14.375],"rotation":0,"texture":"#0","tintindex":0},"down":{"uv":[14.625,4.0625,14.375,4.3125],"rotation":0,"texture":"#0","tintindex":0}}},{"from":[5.477727,3.2135139,5.5488567],"to":[11.089556,8.115801,10.451143],"rotation":{"angle":0.0,"axis":"y","origin":[4.6714296,14.098526,7.3227105]},"faces":{"east":{"uv":[0.875,10.0,1.6875,10.8125],"rotation":0,"texture":"#0","tintindex":0},"south":{"uv":[3.9375,9.625,3.0625,10.4375],"rotation":0,"texture":"#0","tintindex":0},"north":{"uv":[3.0625,9.625,3.9375,10.4375],"rotation":0,"texture":"#0","tintindex":0},"west":{"uv":[10.0625,1.75,10.875,2.5625],"rotation":0,"texture":"#0","tintindex":0},"up":{"uv":[10.75,0.8125,9.875,0.0],"rotation":0,"texture":"#0","tintindex":0},"down":{"uv":[10.8125,3.8125,9.9375,4.625],"rotation":0,"texture":"#0","tintindex":0}}},{"from":[4.993949,1.6654229,5.2263374],"to":[11.154059,3.6005363,10.773663],"rotation":{"angle":0.0,"axis":"y","origin":[4.6714296,14.098526,7.3227105]},"faces":{"east":{"uv":[12.5625,1.9375,13.4375,2.25],"rotation":0,"texture":"#0","tintindex":0},"south":{"uv":[12.5625,1.9375,13.4375,2.25],"rotation":0,"texture":"#0","tintindex":0},"north":{"uv":[12.5625,1.9375,13.4375,2.25],"rotation":0,"texture":"#0","tintindex":0},"west":{"uv":[12.5625,1.9375,13.4375,2.25],"rotation":0,"texture":"#0","tintindex":0},"up":{"uv":[10.0,6.8125,9.0,5.9375],"rotation":0,"texture":"#0","tintindex":0},"down":{"uv":[10.0625,2.0625,9.0625,2.9375],"rotation":0,"texture":"#0","tintindex":0}}}],"display":{"head":{"translation":[0.0,-6.4,0.0],"scale":[4.0,4.0,4.0]}}}