{"textures":{"0":"modelengine:entity/mso_taloc_minion"},"elements":[{"from":[7.048569,5.6699247,7.161451],"to":[8.95143,8.250075,8.838549],"rotation":{"angle":0.0,"axis":"y","origin":[14.1117325,25.359701,9.257824]},"faces":{"east":{"uv":[14.1875,12.6875,13.9375,13.125],"rotation":0,"texture":"#0","tintindex":0},"south":{"uv":[10.625,13.75,10.3125,14.1875],"rotation":0,"texture":"#0","tintindex":0},"north":{"uv":[10.3125,13.75,10.0,14.1875],"rotation":0,"texture":"#0","tintindex":0},"west":{"uv":[14.1875,10.0625,13.9375,10.5],"rotation":0,"texture":"#0","tintindex":0},"up":{"uv":[14.125,3.8125,14.4375,3.5625],"rotation":0,"texture":"#0","tintindex":0},"down":{"uv":[14.125,3.8125,14.4375,4.0625],"rotation":0,"texture":"#0","tintindex":0}}}],"display":{"head":{"translation":[0.0,-6.4,0.0],"scale":[4.0,4.0,4.0]}}}