{"textures":{"0":"modelengine:entity/mso_taloc_minion"},"elements":[{"from":[6.833623,5.271953,9.412512],"to":[9.155759,7.852104,10.509076],"rotation":{"angle":-22.5,"axis":"x","origin":[7.994691,5.8202353,9.831786]},"faces":{"east":{"uv":[12.0625,14.0625,12.25,14.5],"rotation":0,"texture":"#0","tintindex":0},"south":{"uv":[1.5,13.4375,1.875,13.875],"rotation":0,"texture":"#0","tintindex":0},"north":{"uv":[10.6875,13.375,11.0625,13.8125],"rotation":0,"texture":"#0","tintindex":0},"west":{"uv":[13.3125,14.0625,13.5,14.5],"rotation":0,"texture":"#0","tintindex":0},"up":{"uv":[4.3125,9.8125,3.9375,9.625],"rotation":0,"texture":"#0","tintindex":0},"down":{"uv":[12.6875,4.5625,12.3125,4.75],"rotation":0,"texture":"#0","tintindex":0}}},{"from":[6.7691193,5.1184587,5.874235],"to":[9.220263,7.956625,9.679957],"rotation":{"angle":0.0,"axis":"y","origin":[7.994691,5.924756,9.002668]},"faces":{"east":{"uv":[13.25,3.625,12.625,4.0625],"rotation":0,"texture":"#0","tintindex":0},"south":{"uv":[13.25,5.625,13.625,6.0625],"rotation":0,"texture":"#0","tintindex":0},"north":{"uv":[2.6875,10.625,3.0625,11.0625],"rotation":0,"texture":"#0","tintindex":0},"west":{"uv":[12.625,3.625,13.25,4.0625],"rotation":0,"texture":"#0","tintindex":0},"up":{"uv":[2.25,6.75,1.875,6.125],"rotation":0,"texture":"#0","tintindex":0},"down":{"uv":[7.875,12.75,7.5,13.375],"rotation":0,"texture":"#0","tintindex":0}}},{"from":[6.7046156,6.704796,3.7450042],"to":[9.284766,8.31739,7.1637044],"rotation":{"angle":-22.5,"axis":"x","origin":[7.672172,5.092201,6.970193]},"faces":{"east":{"uv":[13.625,3.3125,14.1875,3.5625],"rotation":0,"texture":"#0","tintindex":0},"south":{"uv":[10.875,2.3125,11.3125,2.5625],"rotation":0,"texture":"#0","tintindex":0},"north":{"uv":[3.0625,9.375,3.5,9.625],"rotation":0,"texture":"#0","tintindex":0},"west":{"uv":[14.1875,3.3125,13.625,3.5625],"rotation":0,"texture":"#0","tintindex":0},"up":{"uv":[9.9375,4.375,9.5,3.8125],"rotation":0,"texture":"#0","tintindex":0},"down":{"uv":[9.6875,12.8125,9.25,13.375],"rotation":0,"texture":"#0","tintindex":0}}},{"from":[6.7691193,7.607448,3.113439],"to":[9.220263,9.026531,4.4680185],"rotation":{"angle":-45.0,"axis":"x","origin":[7.672172,5.865846,6.338628]},"faces":{"east":{"uv":[14.375,8.4375,14.625,8.6875],"rotation":0,"texture":"#0","tintindex":0},"south":{"uv":[13.0,1.375,13.375,1.625],"rotation":0,"texture":"#0","tintindex":0},"north":{"uv":[12.125,1.0,12.5,1.25],"rotation":0,"texture":"#0","tintindex":0},"west":{"uv":[8.875,14.375,9.125,14.625],"rotation":0,"texture":"#0","tintindex":0},"up":{"uv":[14.375,0.25,14.0,0.0],"rotation":0,"texture":"#0","tintindex":0},"down":{"uv":[14.375,11.3125,14.0,11.5625],"rotation":0,"texture":"#0","tintindex":0}}},{"from":[8.612759,3.7402759,2.7909203],"to":[10.031841,5.2883663,6.6611466],"rotation":{"angle":22.5,"axis":"z","origin":[6.097111,5.8043966,6.338628]},"faces":{"east":{"uv":[13.4375,9.1875,14.0625,9.4375],"rotation":0,"texture":"#0","tintindex":0},"south":{"uv":[14.3125,13.5625,14.5625,13.8125],"rotation":0,"texture":"#0","tintindex":0},"north":{"uv":[13.0625,6.4375,13.3125,6.6875],"rotation":0,"texture":"#0","tintindex":0},"west":{"uv":[13.4375,9.8125,14.0625,10.0625],"rotation":0,"texture":"#0","tintindex":0},"up":{"uv":[2.375,14.375,2.125,13.75],"rotation":0,"texture":"#0","tintindex":0},"down":{"uv":[4.25,13.75,4.0,14.375],"rotation":0,"texture":"#0","tintindex":0}}},{"from":[9.284766,6.575388,2.9199276],"to":[9.929804,6.8334026,6.596643],"rotation":{"angle":0.0,"axis":"y","origin":[15.735144,4.8982897,6.016109]},"faces":{"east":{"uv":[4.3125,8.8125,4.875,8.875],"rotation":0,"texture":"#0","tintindex":0},"south":{"uv":[6.0625,8.375,6.1875,8.4375],"rotation":0,"texture":"#0","tintindex":0},"north":{"uv":[7.75,6.4375,7.875,6.5],"rotation":0,"texture":"#0","tintindex":0},"west":{"uv":[11.4375,0.625,12.0,0.6875],"rotation":0,"texture":"#0","tintindex":0},"up":{"uv":[3.4375,14.9375,3.3125,14.375],"rotation":0,"texture":"#0","tintindex":0},"down":{"uv":[5.1875,14.375,5.0625,14.9375],"rotation":0,"texture":"#0","tintindex":0}}},{"from":[6.083468,6.575388,2.9199276],"to":[6.728506,6.8334026,6.596643],"rotation":{"angle":0.0,"axis":"y","origin":[0.27812862,4.8982897,6.016109]},"faces":{"east":{"uv":[12.0,0.625,11.4375,0.6875],"rotation":0,"texture":"#0","tintindex":0},"south":{"uv":[6.1875,8.375,6.0625,8.4375],"rotation":0,"texture":"#0","tintindex":0},"north":{"uv":[7.875,6.4375,7.75,6.5],"rotation":0,"texture":"#0","tintindex":0},"west":{"uv":[4.875,8.8125,4.3125,8.875],"rotation":0,"texture":"#0","tintindex":0},"up":{"uv":[3.3125,14.9375,3.4375,14.375],"rotation":0,"texture":"#0","tintindex":0},"down":{"uv":[5.0625,14.375,5.1875,14.9375],"rotation":0,"texture":"#0","tintindex":0}}},{"from":[5.981431,3.7402759,2.7909203],"to":[7.4005136,5.2883663,6.6611466],"rotation":{"angle":-22.5,"axis":"z","origin":[9.916161,5.8043966,6.338628]},"faces":{"east":{"uv":[14.0625,9.8125,13.4375,10.0625],"rotation":0,"texture":"#0","tintindex":0},"south":{"uv":[14.5625,13.5625,14.3125,13.8125],"rotation":0,"texture":"#0","tintindex":0},"north":{"uv":[13.3125,6.4375,13.0625,6.6875],"rotation":0,"texture":"#0","tintindex":0},"west":{"uv":[14.0625,9.1875,13.4375,9.4375],"rotation":0,"texture":"#0","tintindex":0},"up":{"uv":[2.125,14.375,2.375,13.75],"rotation":0,"texture":"#0","tintindex":0},"down":{"uv":[4.0,13.75,4.25,14.375],"rotation":0,"texture":"#0","tintindex":0}}},{"from":[6.7046156,4.8604436,2.842558],"to":[9.284766,5.5699854,10.647514],"rotation":{"angle":0.0,"axis":"y","origin":[7.994691,5.924756,9.002668]},"faces":{"east":{"uv":[12.8125,2.875,14.0625,3.0],"rotation":0,"texture":"#0","tintindex":0},"south":{"uv":[12.375,6.6875,12.8125,6.8125],"rotation":0,"texture":"#0","tintindex":0},"north":{"uv":[11.9375,6.6875,12.375,6.8125],"rotation":0,"texture":"#0","tintindex":0},"west":{"uv":[13.0625,7.5625,14.3125,7.6875],"rotation":0,"texture":"#0","tintindex":0},"up":{"uv":[4.3125,11.875,3.875,10.625],"rotation":0,"texture":"#0","tintindex":0},"down":{"uv":[4.75,10.625,4.3125,11.875],"rotation":0,"texture":"#0","tintindex":0}}}],"display":{"head":{"translation":[0.0,-6.4,0.0],"scale":[4.0,4.0,4.0]}}}