{"textures":{"0":"modelengine:entity/mso_taloc_minion"},"elements":[{"from":[5.7423677,-0.7834768,7.7259264],"to":[10.257632,8.440563,8.564476],"rotation":{"angle":0.0,"axis":"y","origin":[8.0,7.150488,9.919055]},"faces":{"east":{"uv":[5.3125,12.875,5.4375,14.3125],"rotation":0,"texture":"#0","tintindex":0},"south":{"uv":[1.6875,7.5625,0.9375,9.0],"rotation":0,"texture":"#0","tintindex":0},"north":{"uv":[0.9375,7.5625,1.6875,9.0],"rotation":0,"texture":"#0","tintindex":0},"west":{"uv":[7.375,13.0,7.5,14.4375],"rotation":0,"texture":"#0","tintindex":0},"up":{"uv":[7.25,4.0,6.5,3.875],"rotation":0,"texture":"#0","tintindex":0},"down":{"uv":[12.0625,3.6875,11.3125,3.8125],"rotation":0,"texture":"#0","tintindex":0}}},{"from":[8.967557,-0.29969788,7.564667],"to":[10.74141,1.5064073,8.725735],"rotation":{"angle":0.0,"axis":"y","origin":[7.8387403,7.150488,9.919055]},"faces":{"east":{"uv":[5.4375,14.375,5.625,14.6875],"rotation":0,"texture":"#0","tintindex":0},"south":{"uv":[10.5625,11.5,10.25,11.8125],"rotation":0,"texture":"#0","tintindex":0},"north":{"uv":[10.25,11.5,10.5625,11.8125],"rotation":0,"texture":"#0","tintindex":0},"west":{"uv":[14.375,5.5625,14.5625,5.875],"rotation":0,"texture":"#0","tintindex":0},"up":{"uv":[8.8125,2.0625,8.5,1.875],"rotation":0,"texture":"#0","tintindex":0},"down":{"uv":[14.625,1.5,14.3125,1.6875],"rotation":0,"texture":"#0","tintindex":0}}},{"from":[5.2585897,-0.29969788,7.564667],"to":[7.0324435,1.5064073,8.725735],"rotation":{"angle":0.0,"axis":"y","origin":[8.16126,7.150488,9.919055]},"faces":{"east":{"uv":[5.625,14.375,5.8125,14.6875],"rotation":0,"texture":"#0","tintindex":0},"south":{"uv":[14.375,5.9375,14.0625,6.25],"rotation":0,"texture":"#0","tintindex":0},"north":{"uv":[14.0625,5.9375,14.375,6.25],"rotation":0,"texture":"#0","tintindex":0},"west":{"uv":[5.8125,14.375,6.0,14.6875],"rotation":0,"texture":"#0","tintindex":0},"up":{"uv":[14.625,5.25,14.3125,5.0625],"rotation":0,"texture":"#0","tintindex":0},"down":{"uv":[14.6875,5.875,14.375,6.0625],"rotation":0,"texture":"#0","tintindex":0}}},{"from":[7.2259545,-1.3640108,7.7904305],"to":[9.612595,-0.39645386,8.499972],"rotation":{"angle":-22.5,"axis":"z","origin":[8.0,2.6029716,8.145201]},"faces":{"east":{"uv":[14.5,10.25,14.625,10.4375],"rotation":0,"texture":"#0","tintindex":0},"south":{"uv":[14.3125,1.3125,14.6875,1.5],"rotation":0,"texture":"#0","tintindex":0},"north":{"uv":[14.3125,1.125,14.6875,1.3125],"rotation":0,"texture":"#0","tintindex":0},"west":{"uv":[10.5625,14.5,10.6875,14.6875],"rotation":0,"texture":"#0","tintindex":0},"up":{"uv":[13.6875,5.125,13.3125,5.0],"rotation":0,"texture":"#0","tintindex":0},"down":{"uv":[14.5625,7.3125,14.1875,7.4375],"rotation":0,"texture":"#0","tintindex":0}}},{"from":[6.3874054,-1.3640108,7.7904305],"to":[8.774045,-0.39645386,8.499972],"rotation":{"angle":22.5,"axis":"z","origin":[8.0,2.6029716,8.145201]},"faces":{"east":{"uv":[7.5,14.5,7.625,14.6875],"rotation":0,"texture":"#0","tintindex":0},"south":{"uv":[1.0625,14.3125,1.4375,14.5],"rotation":0,"texture":"#0","tintindex":0},"north":{"uv":[14.3125,0.9375,14.6875,1.125],"rotation":0,"texture":"#0","tintindex":0},"west":{"uv":[7.625,14.5,7.75,14.6875],"rotation":0,"texture":"#0","tintindex":0},"up":{"uv":[13.0,0.6875,12.625,0.5625],"rotation":0,"texture":"#0","tintindex":0},"down":{"uv":[13.4375,7.6875,13.0625,7.8125],"rotation":0,"texture":"#0","tintindex":0}}}],"display":{"head":{"translation":[0.0,-6.4,0.0],"scale":[4.0,4.0,4.0]}}}