{"textures":{"0":"modelengine:entity/mso_taloc_minion"},"elements":[{"from":[3.7556515,7.876276,0.8845124],"to":[12.244349,11.817457,8.766873],"rotation":{"angle":0.0,"axis":"y","origin":[8.0,14.584702,3.8132787]},"faces":{"east":{"uv":[8.9375,8.0,10.25,8.6875],"rotation":0,"texture":"#0","tintindex":0},"south":{"uv":[7.5,8.4375,8.9375,9.125],"rotation":0,"texture":"#0","tintindex":0},"north":{"uv":[6.0625,8.4375,7.5,9.125],"rotation":0,"texture":"#0","tintindex":0},"west":{"uv":[8.9375,8.6875,10.25,9.375],"rotation":0,"texture":"#0","tintindex":0},"up":{"uv":[3.25,4.6875,1.8125,3.375],"rotation":0,"texture":"#0","tintindex":0},"down":{"uv":[4.6875,3.375,3.25,4.6875],"rotation":0,"texture":"#0","tintindex":0}}},{"from":[2.6945648,10.096497,-1.4808149],"to":[13.305435,15.614149,9.342274],"rotation":{"angle":-22.5,"axis":"x","origin":[8.0,14.584702,3.8132787]},"faces":{"east":{"uv":[3.5625,2.125,5.375,3.0625],"rotation":0,"texture":"#0","tintindex":0},"south":{"uv":[4.6875,3.0625,6.5,4.0],"rotation":0,"texture":"#0","tintindex":0},"north":{"uv":[2.25,4.6875,4.0625,5.625],"rotation":0,"texture":"#0","tintindex":0},"west":{"uv":[5.375,2.125,3.5625,3.0625],"rotation":0,"texture":"#0","tintindex":0},"up":{"uv":[1.8125,1.8125,0.0,0.0],"rotation":0,"texture":"#0","tintindex":0},"down":{"uv":[1.8125,1.8125,0.0,3.625],"rotation":0,"texture":"#0","tintindex":0}}},{"from":[4.665155,11.534787,-2.200778],"to":[11.334845,20.0538,3.2562413],"rotation":{"angle":22.5,"axis":"x","origin":[8.0,14.584702,3.8132787]},"faces":{"east":{"uv":[0.0,6.0,0.9375,7.4375],"rotation":0,"texture":"#0","tintindex":0},"south":{"uv":[1.125,4.6875,2.25,6.125],"rotation":0,"texture":"#0","tintindex":0},"north":{"uv":[0.0,4.5625,1.125,6.0],"rotation":0,"texture":"#0","tintindex":0},"west":{"uv":[0.9375,6.0,0.0,7.4375],"rotation":0,"texture":"#0","tintindex":0},"up":{"uv":[9.0,6.875,7.875,5.9375],"rotation":0,"texture":"#0","tintindex":0},"down":{"uv":[6.0625,7.9375,4.9375,8.875],"rotation":0,"texture":"#0","tintindex":0}}},{"from":[6.4841614,19.568733,-1.291275],"to":[9.515839,21.114887,4.468912],"rotation":{"angle":22.5,"axis":"x","origin":[8.0,14.584702,3.8132787]},"faces":{"east":{"uv":[12.75,5.125,13.75,5.375],"rotation":0,"texture":"#0","tintindex":0},"south":{"uv":[13.8125,2.25,14.3125,2.5],"rotation":0,"texture":"#0","tintindex":0},"north":{"uv":[13.75,10.9375,14.25,11.1875],"rotation":0,"texture":"#0","tintindex":0},"west":{"uv":[12.75,5.375,13.75,5.625],"rotation":0,"texture":"#0","tintindex":0},"up":{"uv":[9.4375,11.625,8.9375,10.625],"rotation":0,"texture":"#0","tintindex":0},"down":{"uv":[5.25,10.6875,4.75,11.6875],"rotation":0,"texture":"#0","tintindex":0}}},{"from":[6.544795,19.188738,1.920011],"to":[9.455205,20.868708,6.2246857],"rotation":{"angle":45.0,"axis":"x","origin":[8.0,14.584702,3.8132787]},"faces":{"east":{"uv":[9.5,7.6875,10.25,8.0],"rotation":0,"texture":"#0","tintindex":0},"south":{"uv":[13.625,5.625,14.125,5.9375],"rotation":0,"texture":"#0","tintindex":0},"north":{"uv":[13.625,3.0,14.125,3.3125],"rotation":0,"texture":"#0","tintindex":0},"west":{"uv":[12.875,3.25,13.625,3.5625],"rotation":0,"texture":"#0","tintindex":0},"up":{"uv":[4.0,6.375,3.5,5.625],"rotation":0,"texture":"#0","tintindex":0},"down":{"uv":[6.1875,11.6875,5.6875,12.4375],"rotation":0,"texture":"#0","tintindex":0}}},{"from":[6.605428,9.464716,8.426808],"to":[9.394571,14.761637,10.541748],"rotation":{"angle":-22.5,"axis":"x","origin":[8.0,14.584702,3.8132787]},"faces":{"east":{"uv":[12.25,12.125,12.625,13.0],"rotation":0,"texture":"#0","tintindex":0},"south":{"uv":[11.4375,1.25,11.9375,2.125],"rotation":0,"texture":"#0","tintindex":0},"north":{"uv":[7.625,11.1875,8.125,12.0625],"rotation":0,"texture":"#0","tintindex":0},"west":{"uv":[0.3125,12.3125,0.6875,13.1875],"rotation":0,"texture":"#0","tintindex":0},"up":{"uv":[9.75,13.75,9.25,13.375],"rotation":0,"texture":"#0","tintindex":0},"down":{"uv":[10.6875,13.375,10.1875,13.75],"rotation":0,"texture":"#0","tintindex":0}}},{"from":[6.666062,9.246702,10.015404],"to":[9.333939,15.722071,12.191402],"rotation":{"angle":22.5,"axis":"x","origin":[8.0,14.584702,3.8132787]},"faces":{"east":{"uv":[3.5,11.125,3.875,12.25],"rotation":0,"texture":"#0","tintindex":0},"south":{"uv":[0.0,10.8125,0.4375,11.9375],"rotation":0,"texture":"#0","tintindex":0},"north":{"uv":[5.25,10.6875,5.6875,11.8125],"rotation":0,"texture":"#0","tintindex":0},"west":{"uv":[9.875,11.5,10.25,12.625],"rotation":0,"texture":"#0","tintindex":0},"up":{"uv":[13.75,10.9375,13.3125,10.5625],"rotation":0,"texture":"#0","tintindex":0},"down":{"uv":[13.75,10.9375,13.3125,11.3125],"rotation":0,"texture":"#0","tintindex":0}}},{"from":[4.816739,12.206,-1.3200207],"to":[11.183261,18.936325,1.1053214],"rotation":{"angle":-45.0,"axis":"x","origin":[8.0,14.584702,3.8132787]},"faces":{"east":{"uv":[10.8125,3.8125,11.25,4.9375],"rotation":0,"texture":"#0","tintindex":0},"south":{"uv":[1.875,6.75,2.9375,7.875],"rotation":0,"texture":"#0","tintindex":0},"north":{"uv":[6.625,0.9375,7.6875,2.0625],"rotation":0,"texture":"#0","tintindex":0},"west":{"uv":[9.4375,10.8125,9.875,11.9375],"rotation":0,"texture":"#0","tintindex":0},"up":{"uv":[11.875,5.375,10.8125,4.9375],"rotation":0,"texture":"#0","tintindex":0},"down":{"uv":[12.0625,5.375,11.0,5.8125],"rotation":0,"texture":"#0","tintindex":0}}},{"from":[2.8461485,13.452987,-0.69475746],"to":[13.1538515,17.545752,9.188511],"rotation":{"angle":-45.0,"axis":"x","origin":[8.0,14.584702,3.8132787]},"faces":{"east":{"uv":[7.375,4.5625,9.0625,5.25],"rotation":0,"texture":"#0","tintindex":0},"south":{"uv":[7.3125,2.75,9.0625,3.4375],"rotation":0,"texture":"#0","tintindex":0},"north":{"uv":[7.3125,2.0625,9.0625,2.75],"rotation":0,"texture":"#0","tintindex":0},"west":{"uv":[9.0625,4.5625,7.375,5.25],"rotation":0,"texture":"#0","tintindex":0},"up":{"uv":[3.5625,1.6875,1.8125,0.0],"rotation":0,"texture":"#0","tintindex":0},"down":{"uv":[3.5625,1.6875,1.8125,3.375],"rotation":0,"texture":"#0","tintindex":0}}},{"from":[4.05882,9.730469,8.501209],"to":[11.94118,15.308755,10.926552],"rotation":{"angle":22.5,"axis":"x","origin":[8.0,14.584702,3.8132787]},"faces":{"east":{"uv":[2.6875,11.6875,3.125,12.625],"rotation":0,"texture":"#0","tintindex":0},"south":{"uv":[6.5625,6.5,7.875,7.4375],"rotation":0,"texture":"#0","tintindex":0},"north":{"uv":[6.4375,0.0,7.75,0.9375],"rotation":0,"texture":"#0","tintindex":0},"west":{"uv":[4.75,11.6875,5.1875,12.625],"rotation":0,"texture":"#0","tintindex":0},"up":{"uv":[11.75,9.6875,10.4375,9.25],"rotation":0,"texture":"#0","tintindex":0},"down":{"uv":[11.75,9.6875,10.4375,10.125],"rotation":0,"texture":"#0","tintindex":0}}}],"display":{"head":{"translation":[0.0,-6.4,0.0],"scale":[4.0,4.0,4.0]}}}