{"textures":{"0":"modelengine:entity/mso_taloc_minion"},"elements":[{"from":[6.477141,5.521353,7.161451],"to":[8.380002,8.101504,8.838549],"rotation":{"angle":0.0,"axis":"y","origin":[1.3168387,25.21113,5.387597]},"faces":{"east":{"uv":[8.6875,13.875,8.9375,14.3125],"rotation":0,"texture":"#0","tintindex":0},"south":{"uv":[8.0625,13.75,8.375,14.1875],"rotation":0,"texture":"#0","tintindex":0},"north":{"uv":[13.75,5.0,14.0625,5.4375],"rotation":0,"texture":"#0","tintindex":0},"west":{"uv":[5.4375,13.9375,5.6875,14.375],"rotation":0,"texture":"#0","tintindex":0},"up":{"uv":[14.375,9.4375,14.0625,9.1875],"rotation":0,"texture":"#0","tintindex":0},"down":{"uv":[14.4375,2.8125,14.125,3.0625],"rotation":0,"texture":"#0","tintindex":0}}}],"display":{"head":{"translation":[0.0,-6.4,0.0],"scale":[4.0,4.0,4.0]}}}