{"textures":{"0":"modelengine:entity/mso_taloc_minion"},"elements":[{"from":[6.4519095,-0.03973198,7.463023],"to":[9.548091,1.6373663,9.333632],"rotation":{"angle":0.0,"axis":"y","origin":[8.0,-1.0395403,9.301381]},"faces":{"east":{"uv":[6.6875,14.125,7.0,14.375],"rotation":0,"texture":"#0","tintindex":0},"south":{"uv":[13.75,7.6875,14.25,7.9375],"rotation":0,"texture":"#0","tintindex":0},"north":{"uv":[13.75,0.3125,14.25,0.5625],"rotation":0,"texture":"#0","tintindex":0},"west":{"uv":[6.6875,14.125,7.0,14.375],"rotation":0,"texture":"#0","tintindex":0},"up":{"uv":[14.0625,1.3125,13.5625,1.0],"rotation":0,"texture":"#0","tintindex":0},"down":{"uv":[14.0625,12.0625,13.5625,12.375],"rotation":0,"texture":"#0","tintindex":0}}},{"from":[6.516413,0.23472309,8.921412],"to":[9.483587,1.7183099,9.630954],"rotation":{"angle":22.5,"axis":"x","origin":[8.0,0.8152571,8.889161]},"faces":{"east":{"uv":[4.5625,3.0625,4.6875,3.3125],"rotation":0,"texture":"#0","tintindex":0},"south":{"uv":[13.875,8.0625,14.375,8.3125],"rotation":0,"texture":"#0","tintindex":0},"north":{"uv":[13.875,6.8125,14.375,7.0625],"rotation":0,"texture":"#0","tintindex":0},"west":{"uv":[11.3125,1.25,11.4375,1.5],"rotation":0,"texture":"#0","tintindex":0},"up":{"uv":[1.625,4.6875,1.125,4.5625],"rotation":0,"texture":"#0","tintindex":0},"down":{"uv":[2.9375,8.3125,2.4375,8.4375],"rotation":0,"texture":"#0","tintindex":0}}},{"from":[6.516413,0.23472309,7.12693],"to":[9.483587,1.7183099,7.9009757],"rotation":{"angle":-22.5,"axis":"x","origin":[8.0,0.8152571,7.9332275]},"faces":{"east":{"uv":[9.3125,11.625,9.4375,11.875],"rotation":0,"texture":"#0","tintindex":0},"south":{"uv":[13.875,8.5625,14.375,8.8125],"rotation":0,"texture":"#0","tintindex":0},"north":{"uv":[13.875,8.3125,14.375,8.5625],"rotation":0,"texture":"#0","tintindex":0},"west":{"uv":[11.75,12.625,11.875,12.875],"rotation":0,"texture":"#0","tintindex":0},"up":{"uv":[10.375,0.9375,9.875,0.8125],"rotation":0,"texture":"#0","tintindex":0},"down":{"uv":[11.25,0.6875,10.75,0.8125],"rotation":0,"texture":"#0","tintindex":0}}},{"from":[6.7744284,1.2503443,6.979245],"to":[9.225572,2.2824044,9.817411],"rotation":{"angle":0.0,"axis":"y","origin":[8.0,-1.0395403,9.301381]},"faces":{"east":{"uv":[14.0625,5.25,14.5,5.4375],"rotation":0,"texture":"#0","tintindex":0},"south":{"uv":[14.3125,0.75,14.6875,0.9375],"rotation":0,"texture":"#0","tintindex":0},"north":{"uv":[14.3125,0.5625,14.6875,0.75],"rotation":0,"texture":"#0","tintindex":0},"west":{"uv":[14.125,11.875,14.5625,12.0625],"rotation":0,"texture":"#0","tintindex":0},"up":{"uv":[13.6875,5.0,13.3125,4.5625],"rotation":0,"texture":"#0","tintindex":0},"down":{"uv":[13.6875,6.4375,13.3125,6.875],"rotation":0,"texture":"#0","tintindex":0}}},{"from":[6.6131687,1.7341223,7.23726],"to":[9.386831,3.798243,10.204433],"rotation":{"angle":22.5,"axis":"x","origin":[8.0,2.5726714,8.398328]},"faces":{"east":{"uv":[13.5,0.0,14.0,0.3125],"rotation":0,"texture":"#0","tintindex":0},"south":{"uv":[13.625,5.9375,14.0625,6.25],"rotation":0,"texture":"#0","tintindex":0},"north":{"uv":[9.625,1.75,10.0625,2.0625],"rotation":0,"texture":"#0","tintindex":0},"west":{"uv":[14.0,0.0,13.5,0.3125],"rotation":0,"texture":"#0","tintindex":0},"up":{"uv":[9.5,3.4375,9.0625,2.9375],"rotation":0,"texture":"#0","tintindex":0},"down":{"uv":[13.3125,4.5625,12.875,5.0625],"rotation":0,"texture":"#0","tintindex":0}}},{"from":[6.4519095,2.1621718,6.7212296],"to":[9.548091,5.0238147,10.5420475],"rotation":{"angle":-22.5,"axis":"x","origin":[8.0,2.5726714,8.398328]},"faces":{"east":{"uv":[4.5,12.625,5.125,13.0625],"rotation":0,"texture":"#0","tintindex":0},"south":{"uv":[6.0625,7.9375,6.5625,8.375],"rotation":0,"texture":"#0","tintindex":0},"north":{"uv":[2.4375,7.875,2.9375,8.3125],"rotation":0,"texture":"#0","tintindex":0},"west":{"uv":[5.125,12.625,4.5,13.0625],"rotation":0,"texture":"#0","tintindex":0},"up":{"uv":[12.625,4.25,12.125,3.625],"rotation":0,"texture":"#0","tintindex":0},"down":{"uv":[12.8125,2.375,12.3125,3.0],"rotation":0,"texture":"#0","tintindex":0}}},{"from":[6.29065,4.153014,5.8504286],"to":[9.70935,6.3138905,10.107677],"rotation":{"angle":0.0,"axis":"y","origin":[8.0,2.9919457,9.301381]},"faces":{"east":{"uv":[12.75,9.8125,13.4375,10.1875],"rotation":0,"texture":"#0","tintindex":0},"south":{"uv":[12.75,9.8125,13.4375,10.1875],"rotation":0,"texture":"#0","tintindex":0},"north":{"uv":[13.0,1.0,13.5625,1.375],"rotation":0,"texture":"#0","tintindex":0},"west":{"uv":[12.75,9.8125,13.4375,10.1875],"rotation":0,"texture":"#0","tintindex":0},"up":{"uv":[6.75,12.4375,6.1875,11.75],"rotation":0,"texture":"#0","tintindex":0},"down":{"uv":[10.8125,11.8125,10.25,12.5],"rotation":0,"texture":"#0","tintindex":0}}},{"from":[6.9356875,0.927825,6.334207],"to":[9.064312,2.4436636,6.979245],"rotation":{"angle":0.0,"axis":"y","origin":[8.0,-1.0395403,9.301381]},"faces":{"east":{"uv":[1.3125,14.5,1.4375,14.75],"rotation":0,"texture":"#0","tintindex":0},"south":{"uv":[11.875,7.1875,12.25,7.4375],"rotation":0,"texture":"#0","tintindex":0},"north":{"uv":[10.5,1.5,10.875,1.75],"rotation":0,"texture":"#0","tintindex":0},"west":{"uv":[14.5,7.0,14.625,7.25],"rotation":0,"texture":"#0","tintindex":0},"up":{"uv":[14.875,2.75,14.5,2.625],"rotation":0,"texture":"#0","tintindex":0},"down":{"uv":[14.875,4.6875,14.5,4.8125],"rotation":0,"texture":"#0","tintindex":0}}},{"from":[6.7744284,2.0774183,5.785925],"to":[9.225572,7.442706,7.0510387],"rotation":{"angle":-22.5,"axis":"x","origin":[8.0,3.6208577,5.3666506]},"faces":{"east":{"uv":[7.5,13.375,7.6875,14.25],"rotation":0,"texture":"#0","tintindex":0},"south":{"uv":[11.9375,2.375,12.3125,3.25],"rotation":0,"texture":"#0","tintindex":0},"north":{"uv":[1.5,11.9375,1.875,12.8125],"rotation":0,"texture":"#0","tintindex":0},"west":{"uv":[7.6875,13.375,7.875,14.25],"rotation":0,"texture":"#0","tintindex":0},"up":{"uv":[12.6875,8.75,12.3125,8.5625],"rotation":0,"texture":"#0","tintindex":0},"down":{"uv":[13.0,4.0625,12.625,4.25],"rotation":0,"texture":"#0","tintindex":0}}},{"from":[7.5807257,5.440074,4.275071],"to":[8.419274,6.290097,5.371635],"rotation":{"angle":-45.0,"axis":"x","origin":[8.0,5.542567,4.5008345]},"faces":{"east":{"uv":[1.625,4.5625,1.8125,4.6875],"rotation":0,"texture":"#0","tintindex":0},"south":{"uv":[10.375,0.8125,10.5,0.9375],"rotation":0,"texture":"#0","tintindex":0},"north":{"uv":[7.25,3.875,7.375,4.0],"rotation":0,"texture":"#0","tintindex":0},"west":{"uv":[0.9375,6.0,1.125,6.125],"rotation":0,"texture":"#0","tintindex":0},"up":{"uv":[6.5,3.0625,6.375,2.875],"rotation":0,"texture":"#0","tintindex":0},"down":{"uv":[9.5625,10.625,9.4375,10.8125],"rotation":0,"texture":"#0","tintindex":0}}},{"from":[7.5807257,3.690013,5.01188],"to":[8.419274,4.540036,5.785925],"rotation":{"angle":-22.5,"axis":"x","origin":[8.0,3.6208577,5.3666506]},"faces":{"east":{"uv":[13.4375,10.0625,13.5625,10.1875],"rotation":0,"texture":"#0","tintindex":0},"south":{"uv":[1.125,13.5625,1.25,13.6875],"rotation":0,"texture":"#0","tintindex":0},"north":{"uv":[9.75,13.375,9.875,13.5],"rotation":0,"texture":"#0","tintindex":0},"west":{"uv":[3.3125,13.5625,3.4375,13.6875],"rotation":0,"texture":"#0","tintindex":0},"up":{"uv":[14.0,4.5625,13.875,4.4375],"rotation":0,"texture":"#0","tintindex":0},"down":{"uv":[14.0625,1.875,13.9375,2.0],"rotation":0,"texture":"#0","tintindex":0}}},{"from":[7.5807257,1.8030753,5.3185782],"to":[8.419274,2.6530986,6.4151425],"rotation":{"angle":0.0,"axis":"y","origin":[8.0,2.7118654,5.673349]},"faces":{"east":{"uv":[10.25,9.25,10.4375,9.375],"rotation":0,"texture":"#0","tintindex":0},"south":{"uv":[14.1875,13.0,14.3125,13.125],"rotation":0,"texture":"#0","tintindex":0},"north":{"uv":[3.1875,14.0,3.3125,14.125],"rotation":0,"texture":"#0","tintindex":0},"west":{"uv":[5.5,12.3125,5.6875,12.4375],"rotation":0,"texture":"#0","tintindex":0},"up":{"uv":[5.8125,10.875,5.6875,10.6875],"rotation":0,"texture":"#0","tintindex":0},"down":{"uv":[1.5,13.6875,1.375,13.875],"rotation":0,"texture":"#0",