{"textures":{"0":"modelengine:entity/mso_taloc_minion"},"elements":[{"from":[7.096947,5.9118137,7.161451],"to":[8.903053,8.008186,8.838549],"rotation":{"angle":0.0,"axis":"y","origin":[14.224614,23.021439,9.257824]},"faces":{"east":{"uv":[14.25,6.25,14.0,6.625],"rotation":0,"texture":"#0","tintindex":0},"south":{"uv":[14.25,13.875,13.9375,14.25],"rotation":0,"texture":"#0","tintindex":0},"north":{"uv":[10.375,2.5625,10.0625,2.9375],"rotation":0,"texture":"#0","tintindex":0},"west":{"uv":[5.3125,14.0,5.0625,14.375],"rotation":0,"texture":"#0","tintindex":0},"up":{"uv":[14.1875,2.75,14.5,2.5],"rotation":0,"texture":"#0","tintindex":0},"down":{"uv":[14.1875,3.3125,14.5,3.5625],"rotation":0,"texture":"#0","tintindex":0}}}],"display":{"head":{"translation":[0.0,-6.4,0.0],"scale":[4.0,4.0,4.0]}}}