{"textures":{"0":"modelengine:entity/mso_taloc_minion"},"elements":[{"from":[8.141475,7.443739,2.6708393],"to":[10.3546,16.538773,7.5821567],"rotation":{"angle":45.0,"axis":"y","origin":[11.395487,12.165409,8.788375]},"faces":{"east":{"uv":[4.9375,6.375,5.75,7.9375],"rotation":0,"texture":"#0","tintindex":0},"south":{"uv":[8.5625,10.1875,8.9375,11.75],"rotation":0,"texture":"#0","tintindex":0},"north":{"uv":[8.1875,10.1875,8.5625,11.75],"rotation":0,"texture":"#0","tintindex":0},"west":{"uv":[7.3125,2.3125,6.5,3.875],"rotation":0,"texture":"#0","tintindex":0},"up":{"uv":[12.25,12.9375,11.875,12.125],"rotation":0,"texture":"#0","tintindex":0},"down":{"uv":[7.125,12.1875,6.75,13.0],"rotation":0,"texture":"#0","tintindex":0}}},{"from":[3.4837332,12.476324,5.4815063],"to":[4.1507025,14.689447,7.7552643],"rotation":{"angle":-45.0,"axis":"y","origin":[11.395487,12.165409,8.788375]},"faces":{"east":{"uv":[13.5625,13.5625,13.9375,13.9375],"rotation":0,"texture":"#0","tintindex":0},"south":{"uv":[0.4375,11.9375,0.3125,12.3125],"rotation":0,"texture":"#0","tintindex":0},"north":{"uv":[0.9375,8.625,0.8125,9.0],"rotation":0,"texture":"#0","tintindex":0},"west":{"uv":[13.9375,13.5625,13.5625,13.9375],"rotation":0,"texture":"#0","tintindex":0},"up":{"uv":[8.5625,13.75,8.6875,13.375],"rotation":0,"texture":"#0","tintindex":0},"down":{"uv":[9.6875,14.375,9.8125,14.75],"rotation":0,"texture":"#0","tintindex":0}}},{"from":[3.4837332,10.293516,4.7539034],"to":[4.1507025,12.324739,7.573364],"rotation":{"angle":-45.0,"axis":"y","origin":[11.395487,12.165409,8.788375]},"faces":{"east":{"uv":[4.0,13.375,4.5,13.75],"rotation":0,"texture":"#0","tintindex":0},"south":{"uv":[11.3125,14.375,11.1875,14.75],"rotation":0,"texture":"#0","tintindex":0},"north":{"uv":[11.1875,14.375,11.0625,14.75],"rotation":0,"texture":"#0","tintindex":0},"west":{"uv":[4.5,13.375,4.0,13.75],"rotation":0,"texture":"#0","tintindex":0},"up":{"uv":[9.875,5.9375,10.0,5.4375],"rotation":0,"texture":"#0","tintindex":0},"down":{"uv":[0.5,14.25,0.625,14.75],"rotation":0,"texture":"#0","tintindex":0}}},{"from":[3.4837332,8.110708,4.450736],"to":[4.1507025,10.141932,7.573364],"rotation":{"angle":-45.0,"axis":"y","origin":[11.395487,12.165409,8.788375]},"faces":{"east":{"uv":[13.0625,6.0625,13.625,6.4375],"rotation":0,"texture":"#0","tintindex":0},"south":{"uv":[10.5625,14.375,10.4375,14.75],"rotation":0,"texture":"#0","tintindex":0},"north":{"uv":[10.4375,14.375,10.3125,14.75],"rotation":0,"texture":"#0","tintindex":0},"west":{"uv":[13.625,6.0625,13.0625,6.4375],"rotation":0,"texture":"#0","tintindex":0},"up":{"uv":[6.375,2.875,6.5,2.3125],"rotation":0,"texture":"#0","tintindex":0},"down":{"uv":[11.375,14.125,11.5,14.6875],"rotation":0,"texture":"#0","tintindex":0}}},{"from":[4.442764,8.050075,4.5357676],"to":[5.5644846,14.871348,9.447084],"rotation":{"angle":-22.5,"axis":"y","origin":[11.395487,12.165409,8.788375]},"faces":{"east":{"uv":[8.6875,6.875,9.5,8.0],"rotation":0,"texture":"#0","tintindex":0},"south":{"uv":[5.125,12.875,5.3125,14.0],"rotation":0,"texture":"#0","tintindex":0},"north":{"uv":[7.875,12.75,8.0625,13.875],"rotation":0,"texture":"#0","tintindex":0},"west":{"uv":[4.3125,8.5,3.5,9.625],"rotation":0,"texture":"#0","tintindex":0},"up":{"uv":[0.8125,14.3125,0.625,13.5],"rotation":0,"texture":"#0","tintindex":0},"down":{"uv":[6.375,13.5,6.1875,14.3125],"rotation":0,"texture":"#0","tintindex":0}}}],"display":{"head":{"translation":[0.0,-6.4,0.0],"scale":[4.0,4.0,4.0]}}}