{"textures":{"0":"modelengine:entity/mso_taloc_minion"},"elements":[{"from":[6.533489,5.548493,5.290841],"to":[8.823374,8.128644,10.709159],"rotation":{"angle":0.0,"axis":"y","origin":[1.6957064,20.561747,7.3227105]},"faces":{"east":{"uv":[3.875,11.875,4.75,12.3125],"rotation":0,"texture":"#0","tintindex":0},"south":{"uv":[5.8125,13.5,6.1875,13.9375],"rotation":0,"texture":"#0","tintindex":0},"north":{"uv":[5.4375,13.5,5.8125,13.9375],"rotation":0,"texture":"#0","tintindex":0},"west":{"uv":[11.875,11.6875,12.75,12.125],"rotation":0,"texture":"#0","tintindex":0},"up":{"uv":[12.3125,6.6875,11.9375,5.8125],"rotation":0,"texture":"#0","tintindex":0},"down":{"uv":[9.6875,11.9375,9.3125,12.8125],"rotation":0,"texture":"#0","tintindex":0}}},{"from":[7.823565,6.0492973,5.5488567],"to":[9.2748995,9.532501,10.451143],"rotation":{"angle":22.5,"axis":"z","origin":[7.6784315,7.9673843,8.0]},"faces":{"east":{"uv":[11.25,10.125,12.0625,10.6875],"rotation":0,"texture":"#0","tintindex":0},"south":{"uv":[9.5,13.75,9.75,14.3125],"rotation":0,"texture":"#0","tintindex":0},"north":{"uv":[4.25,13.75,4.5,14.3125],"rotation":0,"texture":"#0","tintindex":0},"west":{"uv":[11.3125,0.6875,12.125,1.25],"rotation":0,"texture":"#0","tintindex":0},"up":{"uv":[13.5625,12.875,13.3125,12.0625],"rotation":0,"texture":"#0","tintindex":0},"down":{"uv":[13.5625,13.25,13.3125,14.0625],"rotation":0,"texture":"#0","tintindex":0}}}],"display":{"head":{"translation":[0.0,-6.4,0.0],"scale":[4.0,4.0,4.0]}}}