{"textures":{"0":"modelengine:entity/mso_taloc_minion"},"elements":[{"from":[6.477141,5.6699247,7.161451],"to":[8.380002,8.250075,8.838549],"rotation":{"angle":0.0,"axis":"y","origin":[1.3168387,25.359701,9.257824]},"faces":{"east":{"uv":[13.9375,10.0625,14.1875,10.5],"rotation":0,"texture":"#0","tintindex":0},"south":{"uv":[10.3125,13.75,10.625,14.1875],"rotation":0,"texture":"#0","tintindex":0},"north":{"uv":[10.0,13.75,10.3125,14.1875],"rotation":0,"texture":"#0","tintindex":0},"west":{"uv":[13.9375,12.6875,14.1875,13.125],"rotation":0,"texture":"#0","tintindex":0},"up":{"uv":[14.4375,3.8125,14.125,3.5625],"rotation":0,"texture":"#0","tintindex":0},"down":{"uv":[14.4375,3.8125,14.125,4.0625],"rotation":0,"texture":"#0","tintindex":0}}}],"display":{"head":{"translation":[0.0,-6.4,0.0],"scale":[4.0,4.0,4.0]}}}