{"textures":{"0":"modelengine:entity/mso_taloc_minion"},"elements":[{"from":[5.3230934,5.5327306,5.2263374],"to":[10.676907,10.46727,10.773663],"rotation":{"angle":0.0,"axis":"y","origin":[4.3555365,11.515455,7.3227105]},"faces":{"east":{"uv":[9.5625,9.375,10.4375,10.1875],"rotation":0,"texture":"#0","tintindex":0},"south":{"uv":[10.8125,4.625,9.9375,5.4375],"rotation":0,"texture":"#0","tintindex":0},"north":{"uv":[9.9375,4.625,10.8125,5.4375],"rotation":0,"texture":"#0","tintindex":0},"west":{"uv":[9.625,0.9375,10.5,1.75],"rotation":0,"texture":"#0","tintindex":0},"up":{"uv":[10.375,3.8125,9.5,2.9375],"rotation":0,"texture":"#0","tintindex":0},"down":{"uv":[10.375,6.8125,9.5,7.6875],"rotation":0,"texture":"#0","tintindex":0}}},{"from":[7.419466,1.404489,5.871375],"to":[11.483204,9.177194,10.128625],"rotation":{"angle":0.0,"axis":"y","origin":[6.4519095,7.6452293,7.3227105]},"faces":{"east":{"uv":[6.8125,9.125,7.5,10.375],"rotation":0,"texture":"#0","tintindex":0},"south":{"uv":[8.9375,9.375,9.5625,10.625],"rotation":0,"texture":"#0","tintindex":0},"north":{"uv":[2.4375,9.375,3.0625,10.625],"rotation":0,"texture":"#0","tintindex":0},"west":{"uv":[7.5,9.125,8.1875,10.375],"rotation":0,"texture":"#0","tintindex":0},"up":{"uv":[11.9375,3.0,11.3125,2.3125],"rotation":0,"texture":"#0","tintindex":0},"down":{"uv":[11.9375,3.0,11.3125,3.6875],"rotation":0,"texture":"#0","tintindex":0}}}],"display":{"head":{"translation":[0.0,-6.4,0.0],"scale":[4.0,4.0,4.0]}}}