{"textures":{"0":"modelengine:entity/mso_taloc_minion"},"elements":[{"from":[7.145325,4.795686,6.844744],"to":[8.854675,8.827171,8.263827],"rotation":{"angle":0.0,"axis":"y","origin":[13.4344425,22.808365,10.295696]},"faces":{"east":{"uv":[1.375,13.6875,1.125,14.3125],"rotation":0,"texture":"#0","tintindex":0},"south":{"uv":[0.625,13.1875,0.3125,13.8125],"rotation":0,"texture":"#0","tintindex":0},"north":{"uv":[3.8125,13.0625,3.5,13.6875],"rotation":0,"texture":"#0","tintindex":0},"west":{"uv":[0.25,13.6875,0.0,14.3125],"rotation":0,"texture":"#0","tintindex":0},"up":{"uv":[14.25,14.125,14.5625,13.875],"rotation":0,"texture":"#0","tintindex":0},"down":{"uv":[14.125,14.25,14.4375,14.5],"rotation":0,"texture":"#0","tintindex":0}}}],"display":{"head":{"translation":[0.0,-6.4,0.0],"scale":[4.0,4.0,4.0]}}}