{"textures":{"0":"modelengine:entity/mso_taloc_minion"},"elements":[{"from":[6.5255184,6.060385,7.161451],"to":[8.331624,8.156757,8.838549],"rotation":{"angle":0.0,"axis":"y","origin":[1.2039576,23.17001,5.387597]},"faces":{"east":{"uv":[0.8125,14.0625,1.0625,14.4375],"rotation":0,"texture":"#0","tintindex":0},"south":{"uv":[14.0,1.3125,14.3125,1.6875],"rotation":0,"texture":"#0","tintindex":0},"north":{"uv":[14.0,0.5625,14.3125,0.9375],"rotation":0,"texture":"#0","tintindex":0},"west":{"uv":[14.0625,0.9375,14.3125,1.3125],"rotation":0,"texture":"#0","tintindex":0},"up":{"uv":[4.8125,14.4375,4.5,14.1875],"rotation":0,"texture":"#0","tintindex":0},"down":{"uv":[7.3125,14.1875,7.0,14.4375],"rotation":0,"texture":"#0","tintindex":0}}}],"display":{"head":{"translation":[0.0,-6.4,0.0],"scale":[4.0,4.0,4.0]}}}