{"textures":{"0":"modelengine:entity/mso_taloc_minion"},"elements":[{"from":[6.477141,5.521353,7.161451],"to":[8.380002,8.101504,8.838549],"rotation":{"angle":0.0,"axis":"y","origin":[1.3168387,25.21113,7.3549623]},"faces":{"east":{"uv":[5.6875,13.9375,5.9375,14.375],"rotation":0,"texture":"#0","tintindex":0},"south":{"uv":[9.1875,13.75,9.5,14.1875],"rotation":0,"texture":"#0","tintindex":0},"north":{"uv":[8.375,13.75,8.6875,14.1875],"rotation":0,"texture":"#0","tintindex":0},"west":{"uv":[5.9375,13.9375,6.1875,14.375],"rotation":0,"texture":"#0","tintindex":0},"up":{"uv":[14.4375,3.3125,14.125,3.0625],"rotation":0,"texture":"#0","tintindex":0},"down":{"uv":[3.5,14.125,3.1875,14.375],"rotation":0,"texture":"#0","tintindex":0}}}],"display":{"head":{"translation":[0.0,-6.4,0.0],"scale":[4.0,4.0,4.0]}}}