{"textures":{"0":"modelengine:entity/mso_taloc_minion"},"elements":[{"from":[11.1369705,9.611388,6.0648503],"to":[11.803939,11.8245125,8.338609],"rotation":{"angle":45.0,"axis":"y","origin":[3.8921852,9.300474,9.371719]},"faces":{"east":{"uv":[13.5625,13.5625,13.9375,13.9375],"rotation":0,"texture":"#0","tintindex":0},"south":{"uv":[0.3125,11.9375,0.4375,12.3125],"rotation":0,"texture":"#0","tintindex":0},"north":{"uv":[0.8125,8.625,0.9375,9.0],"rotation":0,"texture":"#0","tintindex":0},"west":{"uv":[13.9375,13.5625,13.5625,13.9375],"rotation":0,"texture":"#0","tintindex":0},"up":{"uv":[8.6875,13.75,8.5625,13.375],"rotation":0,"texture":"#0","tintindex":0},"down":{"uv":[9.8125,14.375,9.6875,14.75],"rotation":0,"texture":"#0","tintindex":0}}},{"from":[11.1369705,7.4285808,5.337248],"to":[11.803939,9.459805,8.156708],"rotation":{"angle":45.0,"axis":"y","origin":[3.8921852,9.300474,9.371719]},"faces":{"east":{"uv":[4.0,13.375,4.5,13.75],"rotation":0,"texture":"#0","tintindex":0},"south":{"uv":[11.1875,14.375,11.3125,14.75],"rotation":0,"texture":"#0","tintindex":0},"north":{"uv":[11.0625,14.375,11.1875,14.75],"rotation":0,"texture":"#0","tintindex":0},"west":{"uv":[4.5,13.375,4.0,13.75],"rotation":0,"texture":"#0","tintindex":0},"up":{"uv":[10.0,5.9375,9.875,5.4375],"rotation":0,"texture":"#0","tintindex":0},"down":{"uv":[0.625,14.25,0.5,14.75],"rotation":0,"texture":"#0","tintindex":0}}},{"from":[11.1369705,5.245773,5.03408],"to":[11.803939,7.2769966,8.156708],"rotation":{"angle":45.0,"axis":"y","origin":[3.8921852,9.300474,9.371719]},"faces":{"east":{"uv":[13.0625,6.0625,13.625,6.4375],"rotation":0,"texture":"#0","tintindex":0},"south":{"uv":[10.4375,14.375,10.5625,14.75],"rotation":0,"texture":"#0","tintindex":0},"north":{"uv":[10.3125,14.375,10.4375,14.75],"rotation":0,"texture":"#0","tintindex":0},"west":{"uv":[13.625,6.0625,13.0625,6.4375],"rotation":0,"texture":"#0","tintindex":0},"up":{"uv":[6.5,2.875,6.375,2.3125],"rotation":0,"texture":"#0","tintindex":0},"down":{"uv":[11.5,14.125,11.375,14.6875],"rotation":0,"texture":"#0","tintindex":0}}},{"from":[9.723188,5.1851397,5.119111],"to":[10.844909,12.006413,10.030429],"rotation":{"angle":22.5,"axis":"y","origin":[3.8921852,9.300474,9.371719]},"faces":{"east":{"uv":[3.5,8.5,4.3125,9.625],"rotation":0,"texture":"#0","tintindex":0},"south":{"uv":[2.1875,12.625,2.375,13.75],"rotation":0,"texture":"#0","tintindex":0},"north":{"uv":[6.5625,12.4375,6.75,13.5625],"rotation":0,"texture":"#0","tintindex":0},"west":{"uv":[0.0,8.625,0.8125,9.75],"rotation":0,"texture":"#0","tintindex":0},"up":{"uv":[2.5625,14.25,2.375,13.4375],"rotation":0,"texture":"#0","tintindex":0},"down":{"uv":[5.0625,13.4375,4.875,14.25],"rotation":0,"texture":"#0","tintindex":0}}},{"from":[4.933073,4.578804,3.2541833],"to":[7.1461973,13.673836,8.165501],"rotation":{"angle":-45.0,"axis":"y","origin":[3.8921852,9.300474,9.371719]},"faces":{"east":{"uv":[6.5,2.3125,7.3125,3.875],"rotation":0,"texture":"#0","tintindex":0},"south":{"uv":[1.6875,10.375,2.0625,11.9375],"rotation":0,"texture":"#0","tintindex":0},"north":{"uv":[10.25,7.6875,10.625,9.25],"rotation":0,"texture":"#0","tintindex":0},"west":{"uv":[6.5625,4.9375,7.375,6.5],"rotation":0,"texture":"#0","tintindex":0},"up":{"uv":[7.5,13.0,7.125,12.1875],"rotation":0,"texture":"#0","tintindex":0},"down":{"uv":[3.875,12.25,3.5,13.0625],"rotation":0,"texture":"#0","tintindex":0}}}],"display":{"head":{"translation":[0.0,-6.4,0.0],"scale":[4.0,4.0,4.0]}}}