{"textures":{"0":"modelengine:entity/mso_taloc_minion"},"elements":[{"from":[7.7620764,4.757476,5.4082384],"to":[8.291007,8.045233,10.591762],"rotation":{"angle":22.5,"axis":"z","origin":[8.026542,7.884941,8.0]},"faces":{"east":{"uv":[3.5,11.125,2.6875,11.6875],"rotation":0,"texture":"#0","tintindex":0},"south":{"uv":[8.0625,14.375,7.9375,14.9375],"rotation":0,"texture":"#0","tintindex":0},"north":{"uv":[7.9375,14.375,7.8125,14.9375],"rotation":0,"texture":"#0","tintindex":0},"west":{"uv":[11.875,6.875,11.0625,7.4375],"rotation":0,"texture":"#0","tintindex":0},"up":{"uv":[6.5625,14.875,6.6875,14.0625],"rotation":0,"texture":"#0","tintindex":0},"down":{"uv":[3.5,14.125,3.625,14.9375],"rotation":0,"texture":"#0","tintindex":0}}}],"display":{"head":{"translation":[0.0,-6.4,0.0],"scale":[4.0,4.0,4.0]}}}