{"textures":{"0":"modelengine:entity/mso_taloc_minion"},"elements":[{"from":[6.5255184,6.060385,7.161451],"to":[8.331624,8.156757,8.838549],"rotation":{"angle":0.0,"axis":"y","origin":[1.2039576,23.17001,7.3549623]},"faces":{"east":{"uv":[14.0625,1.875,14.3125,2.25],"rotation":0,"texture":"#0","tintindex":0},"south":{"uv":[2.875,14.0,3.1875,14.375],"rotation":0,"texture":"#0","tintindex":0},"north":{"uv":[2.5625,14.0,2.875,14.375],"rotation":0,"texture":"#0","tintindex":0},"west":{"uv":[14.0625,4.875,14.3125,5.25],"rotation":0,"texture":"#0","tintindex":0},"up":{"uv":[14.5,7.3125,14.1875,7.0625],"rotation":0,"texture":"#0","tintindex":0},"down":{"uv":[8.375,14.1875,8.0625,14.4375],"rotation":0,"texture":"#0","tintindex":0}}}],"display":{"head":{"translation":[0.0,-6.4,0.0],"scale":[4.0,4.0,4.0]}}}