{"textures":{"0":"modelengine:entity/mso_taloc_minion"},"elements":[{"from":[7.096947,6.060385,7.161451],"to":[8.903053,8.156757,8.838549],"rotation":{"angle":0.0,"axis":"y","origin":[14.224614,23.17001,7.3549623]},"faces":{"east":{"uv":[14.3125,4.875,14.0625,5.25],"rotation":0,"texture":"#0","tintindex":0},"south":{"uv":[3.1875,14.0,2.875,14.375],"rotation":0,"texture":"#0","tintindex":0},"north":{"uv":[2.875,14.0,2.5625,14.375],"rotation":0,"texture":"#0","tintindex":0},"west":{"uv":[14.3125,1.875,14.0625,2.25],"rotation":0,"texture":"#0","tintindex":0},"up":{"uv":[14.1875,7.3125,14.5,7.0625],"rotation":0,"texture":"#0","tintindex":0},"down":{"uv":[8.0625,14.1875,8.375,14.4375],"rotation":0,"texture":"#0","tintindex":0}}}],"display":{"head":{"translation":[0.0,-6.4,0.0],"scale":[4.0,4.0,4.0]}}}