{"textures":{"0":"modelengine:entity/mso_taloc_minion"},"elements":[{"from":[6.5255184,5.9118137,7.161451],"to":[8.331624,8.008186,8.838549],"rotation":{"angle":0.0,"axis":"y","origin":[1.2039576,23.021439,9.257824]},"faces":{"east":{"uv":[5.0625,14.0,5.3125,14.375],"rotation":0,"texture":"#0","tintindex":0},"south":{"uv":[13.9375,13.875,14.25,14.25],"rotation":0,"texture":"#0","tintindex":0},"north":{"uv":[10.0625,2.5625,10.375,2.9375],"rotation":0,"texture":"#0","tintindex":0},"west":{"uv":[14.0,6.25,14.25,6.625],"rotation":0,"texture":"#0","tintindex":0},"up":{"uv":[14.5,2.75,14.1875,2.5],"rotation":0,"texture":"#0","tintindex":0},"down":{"uv":[14.5,3.3125,14.1875,3.5625],"rotation":0,"texture":"#0","tintindex":0}}}],"display":{"head":{"translation":[0.0,-6.4,0.0],"scale":[4.0,4.0,4.0]}}}