{"textures":{"0":"modelengine:entity/mso_taloc_minion"},"elements":[{"from":[5.883083,7.532829,4.086503],"to":[10.116917,11.393089,6.377754],"rotation":{"angle":0.0,"axis":"y","origin":[8.0,-20.858767,15.094472]},"faces":{"east":{"uv":[1.5,12.8125,1.875,13.4375],"rotation":0,"texture":"#0","tintindex":0},"south":{"uv":[0.4375,11.6875,1.125,12.3125],"rotation":0,"texture":"#0","tintindex":0},"north":{"uv":[11.4375,0.0,12.125,0.625],"rotation":0,"texture":"#0","tintindex":0},"west":{"uv":[12.8125,2.25,13.1875,2.875],"rotation":0,"texture":"#0","tintindex":0},"up":{"uv":[13.3125,12.5,12.625,12.125],"rotation":0,"texture":"#0","tintindex":0},"down":{"uv":[13.3125,12.5,12.625,12.875],"rotation":0,"texture":"#0","tintindex":0}}},{"from":[6.879279,8.307648,3.7129292],"to":[9.120721,10.396893,4.086503],"rotation":{"angle":0.0,"axis":"y","origin":[8.0,-20.858767,15.094472]},"faces":{"east":{"uv":[4.0,5.625,4.0625,5.9375],"rotation":0,"texture":"#0","tintindex":0},"south":{"uv":[4.5,13.875,4.875,14.1875],"rotation":0,"texture":"#0","tintindex":0},"north":{"uv":[13.8125,2.5,14.1875,2.8125],"rotation":0,"texture":"#0","tintindex":0},"west":{"uv":[4.0,5.9375,4.0625,6.25],"rotation":0,"texture":"#0","tintindex":0},"up":{"uv":[4.4375,5.1875,4.0625,5.125],"rotation":0,"texture":"#0","tintindex":0},"down":{"uv":[5.75,3.0,5.375,3.0625],"rotation":0,"texture":"#0","tintindex":0}}},{"from":[6.132132,6.2875834,4.7589355],"to":[9.867868,8.279976,8.370147],"rotation":{"angle":-22.5,"axis":"x","origin":[8.0,6.910206,6.315492]},"faces":{"east":{"uv":[13.25,3.5625,13.8125,3.875],"rotation":0,"texture":"#0","tintindex":0},"south":{"uv":[12.875,11.3125,13.5,11.625],"rotation":0,"texture":"#0","tintindex":0},"north":{"uv":[4.3125,8.5,4.9375,8.8125],"rotation":0,"texture":"#0","tintindex":0},"west":{"uv":[13.25,3.875,13.8125,4.1875],"rotation":0,"texture":"#0","tintindex":0},"up":{"uv":[12.5625,1.8125,11.9375,1.25],"rotation":0,"texture":"#0","tintindex":0},"down":{"uv":[12.5625,1.8125,11.9375,2.375],"rotation":0,"texture":"#0","tintindex":0}}},{"from":[6.0076075,7.0347304,5.132509],"to":[9.992393,12.015713,8.619196],"rotation":{"angle":0.0,"axis":"y","origin":[8.0,-20.858767,15.094472]},"faces":{"east":{"uv":[10.875,1.5,11.4375,2.3125],"rotation":0,"texture":"#0","tintindex":0},"south":{"uv":[10.625,8.4375,11.25,9.25],"rotation":0,"texture":"#0","tintindex":0},"north":{"uv":[10.625,7.625,11.25,8.4375],"rotation":0,"texture":"#0","tintindex":0},"west":{"uv":[5.6875,10.875,6.25,11.6875],"rotation":0,"texture":"#0","tintindex":0},"up":{"uv":[8.75,12.3125,8.125,11.75],"rotation":0,"texture":"#0","tintindex":0},"down":{"uv":[12.375,9.25,11.75,9.8125],"rotation":0,"texture":"#0","tintindex":0}}},{"from":[9.743343,9.634889,6.751328],"to":[11.362163,10.7556095,7.7475243],"rotation":{"angle":0.0,"axis":"y","origin":[8.0,-20.734241,14.845423]},"faces":{"east":{"uv":[11.0625,7.4375,11.25,7.625],"rotation":0,"texture":"#0","tintindex":0},"south":{"uv":[12.0625,5.625,12.3125,5.8125],"rotation":0,"texture":"#0","tintindex":0},"north":{"uv":[10.8125,11.8125,11.0625,12.0],"rotation":0,"texture":"#0","tintindex":0},"west":{"uv":[12.6875,4.5625,12.875,4.75],"rotation":0,"texture":"#0","tintindex":0},"up":{"uv":[14.625,11.875,14.375,11.6875],"rotation":0,"texture":"#0","tintindex":0},"down":{"uv":[14.6875,9.4375,14.4375,9.625],"rotation":0,"texture":"#0","tintindex":0}}},{"from":[9.743343,8.348595,6.8758526],"to":[11.611212,9.220266,7.7475243],"rotation":{"angle":0.0,"axis":"y","origin":[8.0,-22.228535,14.845423]},"faces":{"east":{"uv":[14.25,14.125,14.375,14.25],"rotation":0,"texture":"#0","tintindex":0},"south":{"uv":[14.375,8.6875,14.6875,8.8125],"rotation":0,"texture":"#0","tintindex":0},"north":{"uv":[13.875,7.0625,14.1875,7.1875],"rotation":0,"texture":"#0","tintindex":0},"west":{"uv":[14.3125,13.0,14.4375,13.125],"rotation":0,"texture":"#0","tintindex":0},"up":{"uv":[14.6875,10.0625,14.375,9.9375],"rotation":0,"texture":"#0","tintindex":0},"down":{"uv":[14.8125,0.25,14.5,0.375],"rotation":0,"texture":"#0","tintindex":0}}},{"from":[4.6378374,9.634889,6.751328],"to":[6.2566566,10.7556095,7.7475243],"rotation":{"angle":0.0,"axis":"y","origin":[8.0,-20.734241,14.845423]},"faces":{"east":{"uv":[12.875,4.5625,12.6875,4.75],"rotation":0,"texture":"#0","tintindex":0},"south":{"uv":[12.3125,5.625,12.0625,5.8125],"rotation":0,"texture":"#0","tintindex":0},"north":{"uv":[11.0625,11.8125,10.8125,12.0],"rotation":0,"texture":"#0","tintindex":0},"west":{"uv":[11.25,7.4375,11.0625,7.625],"rotation":0,"texture":"#0","tintindex":0},"up":{"uv":[14.375,11.875,14.625,11.6875],"rotation":0,"texture":"#0","tintindex":0},"down":{"uv":[14.4375,9.4375,14.6875,9.625],"rotation":0,"texture":"#0","tintindex":0}}},{"from":[4.388788,8.348595,6.8758526],"to":[6.2566566,9.220266,7.7475243],"rotation":{"angle":0.0,"axis":"y","origin":[8.0,-22.228535,14.845423]},"faces":{"east":{"uv":[14.4375,13.0,14.3125,13.125],"rotation":0,"texture":"#0","tintindex":0},"south":{"uv":[14.6875,8.6875,14.375,8.8125],"rotation":0,"texture":"#0","tintindex":0},"north":{"uv":[14.1875,7.0625,13.875,7.1875],"rotation":0,"texture":"#0","tintindex":0},"west":{"uv":[14.375,14.125,14.25,14.25],"rotation":0,"texture":"#0","tintindex":0},"up":{"uv":[14.375,10.0625,14.6875,9.9375],"rotation":0,"texture":"#0","tintindex":0},"down":{"uv":[14.5,0.25,14.8125,0.375],"rotation":0,"texture":"#0","tintindex":0}}},{"from":[9.245245,8.030927,5.132509],"to":[10.490491,11.019516,7.9965734],"rotation":{"angle":-22.5,"axis":"y","origin":[8.6226225,9.525221,6.8758526]},"faces":{"east":{"uv":[12.875,6.6875,13.3125,7.1875],"rotation":0,"texture":"#0","tintindex":0},"south":{"uv":[3.625,13.6875,3.8125,14.1875],"rotation":0,"texture":"#0","tintindex":0},"north":{"uv":[5.5,11.8125,5.6875,12.3125],"rotation":0,"texture":"#0","tintindex":0},"west":{"uv":[10.1875,12.875,10.625,13.375],"rotation":0,"texture":"#0","tintindex":0},"up":{"uv":[1.125,12.75,0.9375,12.3125],"rotation":0,"texture":"#0","tintindex":0},"down":{"uv":[6.5625,14.0625,6.375,14.5],"rotation":0,"texture":"#0","tintindex":0}}},{"from":[5.509509,8.030927,5.132509],"to":[6.7547545,11.019516,7.9965734],"rotation":{"angle":22.5,"axis":"y","origin":[7.3773775,9.525221,6.8758526]},"faces":{"east":{"uv":[10.625,12.875,11.0625,13.375],"rotation":0,"texture":"#0","tintindex":0},"south":{"uv":[7.875,13.875,8.0625,14.375],"rotation":0,"texture":"#0","tintindex":0},"north":{"uv":[1.6875,13.875,1.875,14.375],"rotation":0,"texture":"#0","tintindex":0},"west":{"uv":[12.625,12.875,13.0625,13.375],"rotation":0,"texture":"#0","tintindex":0},"up":{"uv":[14.25,10.9375,14.0625,10.5],"rotation":0,"texture":"#0","tintindex":0},"down":{"uv":[11.75,14.0625,11.5625,14.5],"rotation":0,"texture":"#0","tintindex":0}}},{"from":[7.0536137,10.421798,4.78384],"to":[8.946386,13.111528,7.274331],"rotation":{"angle":-22.5,"axis":"x","origin":[8.0,9.525221,6.8758526]},"faces":{"east":{"uv":[6.125,13.0625,6.5625,13.5],"rotation":0,"texture":"#0","tintindex":0},"south":{"uv":[13.625,12.6875,13.9375,13.125],"rotation":0,"texture":"#0","tintindex":0},"north":{"uv":[13.625,10.0625,13.9375,10.5],"rotation":0,"texture":"#0","tintindex":0},"west":{"uv":[13.1875,0.5625,13.625,1.0],"rotation":0,"texture":"#0","tintindex":0},"up":{"uv":[14.0625,10.9375,13.75,10.5],"rotation":0,"texture":"#0","tintindex":0},"down":{"uv":[0.5625,13.8125,0.25,14.25],"rotation":0,"texture":"#0","tintindex":0}}},{"from":[7.0038037,12.115332,4.534791],"to":[8.996197,13.111528,7.224521],"rotation":{"angle":22.5,"axis":"x","origin":[8.0,9.77427,4.93327]},"faces":{"east":{"uv":[14.1875,10.0625,14.625,10.25],"rotation":0,"texture":"#0","tintindex":0},"south":{"uv":[14.375,8.25,14.6875,8.4375],"rotation":0,"texture":"#0","tintindex":0},"north":{"uv":[14.375,8.0625,14.6875,8.25],"rotation":0,"texture":"#0","tintindex":0},"west":{"uv":[10.1875,14.1875,10.625,14.375],"rotation":0,"texture":"#0","tintindex":0},"up":{"uv":[3.625,14.125,3.3125,13.6875],"rotation":0,"texture":"#0",