{"textures":{"0":"modelengine:entity/mso_taloc_minion"},"elements":[{"from":[6.1240716,3.9130716,6.872483],"to":[10.510328,8.815358,11.129732],"rotation":{"angle":0.0,"axis":"y","origin":[7.9946814,2.7520037,10.323435]},"faces":{"east":{"uv":[7.5,10.375,8.1875,11.1875],"rotation":0,"texture":"#0","tintindex":0},"south":{"uv":[10.375,6.8125,11.0625,7.625],"rotation":0,"texture":"#0","tintindex":0},"north":{"uv":[6.8125,10.375,7.5,11.1875],"rotation":0,"texture":"#0","tintindex":0},"west":{"uv":[10.5625,10.125,11.25,10.9375],"rotation":0,"texture":"#0","tintindex":0},"up":{"uv":[11.4375,0.6875,10.75,0.0],"rotation":0,"texture":"#0","tintindex":0},"down":{"uv":[10.5625,10.8125,9.875,11.5],"rotation":0,"texture":"#0","tintindex":0}}},{"from":[6.1885757,1.5955195,6.7815866],"to":[10.445825,4.6058493,9.791916],"rotation":{"angle":-45.0,"axis":"x","origin":[8.3172,4.369182,7.6632915]},"faces":{"east":{"uv":[2.9375,6.75,3.4375,7.25],"rotation":0,"texture":"#0","tintindex":0},"south":{"uv":[12.0625,5.125,12.75,5.625],"rotation":0,"texture":"#0","tintindex":0},"north":{"uv":[10.8125,12.0,11.5,12.5],"rotation":0,"texture":"#0","tintindex":0},"west":{"uv":[7.375,5.9375,7.875,6.4375],"rotation":0,"texture":"#0","tintindex":0},"up":{"uv":[12.75,9.25,12.0625,8.75],"rotation":0,"texture":"#0","tintindex":0},"down":{"uv":[12.75,9.8125,12.0625,10.3125],"rotation":0,"texture":"#0","tintindex":0}}}],"display":{"head":{"translation":[0.0,-6.4,0.0],"scale":[4.0,4.0,4.0]}}}