{"textures":{"0":"modelengine:entity/mso_taloc_minion"},"elements":[{"from":[15.678337,1.2862873,5.25105],"to":[17.050236,3.3826604,11.05639],"rotation":{"angle":22.5,"axis":"z","origin":[15.303603,3.9458513,8.15372]},"faces":{"east":{"uv":[11.9375,3.25,12.875,3.625],"rotation":0,"texture":"#0","tintindex":0},"south":{"uv":[14.125,5.5625,14.375,5.9375],"rotation":0,"texture":"#0","tintindex":0},"north":{"uv":[14.125,4.0625,14.375,4.4375],"rotation":0,"texture":"#0","tintindex":0},"west":{"uv":[11.9375,11.3125,12.875,11.6875],"rotation":0,"texture":"#0","tintindex":0},"up":{"uv":[12.0,13.875,11.75,12.9375],"rotation":0,"texture":"#0","tintindex":0},"down":{"uv":[12.25,12.9375,12.0,13.875],"rotation":0,"texture":"#0","tintindex":0}}},{"from":[16.162117,3.2214003,5.5735693],"to":[18.017794,6.2785025,10.733871],"rotation":{"angle":22.5,"axis":"z","origin":[15.303603,3.9458513,8.15372]},"faces":{"east":{"uv":[11.25,8.75,12.0625,9.25],"rotation":0,"texture":"#0","tintindex":0},"south":{"uv":[12.25,13.6875,12.5625,14.1875],"rotation":0,"texture":"#0","tintindex":0},"north":{"uv":[7.0,13.6875,7.3125,14.1875],"rotation":0,"texture":"#0","tintindex":0},"west":{"uv":[6.75,11.6875,7.5625,12.1875],"rotation":0,"texture":"#0","tintindex":0},"up":{"uv":[9.25,13.5,8.9375,12.6875],"rotation":0,"texture":"#0","tintindex":0},"down":{"uv":[1.25,12.75,0.9375,13.5625],"rotation":0,"texture":"#0","tintindex":0}}},{"from":[11.324332,3.3826604,4.928531],"to":[16.727718,5.633465,11.378908],"rotation":{"angle":22.5,"axis":"z","origin":[15.303603,3.9458513,8.15372]},"faces":{"east":{"uv":[11.875,4.75,12.875,5.125],"rotation":0,"texture":"#0","tintindex":0},"south":{"uv":[13.3125,10.625,12.4375,11.0],"rotation":0,"texture":"#0","tintindex":0},"north":{"uv":[12.4375,10.625,13.3125,11.0],"rotation":0,"texture":"#0","tintindex":0},"west":{"uv":[11.875,6.8125,12.875,7.1875],"rotation":0,"texture":"#0","tintindex":0},"up":{"uv":[1.6875,10.0,0.8125,9.0],"rotation":0,"texture":"#0","tintindex":0},"down":{"uv":[9.9375,4.375,9.0625,5.375],"rotation":0,"texture":"#0","tintindex":0}}},{"from":[11.840363,2.8666296,4.8640275],"to":[14.251579,8.766292,11.443413],"rotation":{"angle":-45.0,"axis":"z","origin":[11.833666,5.329608,8.15372]},"faces":{"east":{"uv":[2.4375,8.4375,3.5,9.375],"rotation":0,"texture":"#0","tintindex":0},"south":{"uv":[3.5,11.6875,3.125,12.625],"rotation":0,"texture":"#0","tintindex":0},"north":{"uv":[3.125,11.6875,3.5,12.625],"rotation":0,"texture":"#0","tintindex":0},"west":{"uv":[8.4375,3.4375,9.5,4.375],"rotation":0,"texture":"#0","tintindex":0},"up":{"uv":[9.3125,12.6875,8.9375,11.625],"rotation":0,"texture":"#0","tintindex":0},"down":{"uv":[1.5,11.6875,1.125,12.75],"rotation":0,"texture":"#0","tintindex":0}}},{"from":[11.453341,8.766292,6.154103],"to":[14.251579,9.669345,10.1533375],"rotation":{"angle":-45.0,"axis":"z","origin":[11.833666,5.329608,8.15372]},"faces":{"east":{"uv":[8.4375,4.375,9.0625,4.5625],"rotation":0,"texture":"#0","tintindex":0},"south":{"uv":[9.75,14.1875,10.1875,14.375],"rotation":0,"texture":"#0","tintindex":0},"north":{"uv":[8.9375,14.1875,9.375,14.375],"rotation":0,"texture":"#0","tintindex":0},"west":{"uv":[11.25,4.75,11.875,4.9375],"rotation":0,"texture":"#0","tintindex":0},"up":{"uv":[6.5625,13.0625,6.125,12.4375],"rotation":0,"texture":"#0","tintindex":0},"down":{"uv":[13.0,1.0,12.5625,1.625],"rotation":0,"texture":"#0","tintindex":0}}},{"from":[10.216332,8.048168,6.089599],"to":[13.246053,9.080229,10.21784],"rotation":{"angle":-22.5,"axis":"z","origin":[13.020289,5.3314657,8.15372]},"faces":{"east":{"uv":[11.5625,13.875,12.25,14.0625],"rotation":0,"texture":"#0","tintindex":0},"south":{"uv":[11.4375,2.125,11.9375,2.3125],"rotation":0,"texture":"#0","tintindex":0},"north":{"uv":[4.8125,9.8125,5.3125,10.0],"rotation":0,"texture":"#0","tintindex":0},"west":{"uv":[13.9375,1.6875,14.625,1.875],"rotation":0,"texture":"#0","tintindex":0},"up":{"uv":[8.0625,12.75,7.5625,12.0625],"rotation":0,"texture":"#0","tintindex":0},"down":{"uv":[12.625,0.0,12.125,0.6875],"rotation":0,"texture":"#0","tintindex":0}}},{"from":[10.603354,1.7031283,4.799524],"to":[13.246053,8.048168,11.507916],"rotation":{"angle":-22.5,"axis":"z","origin":[13.020289,5.3314657,8.15372]},"faces":{"east":{"uv":[6.5625,7.4375,7.625,8.4375],"rotation":0,"texture":"#0","tintindex":0},"south":{"uv":[11.9375,5.8125,11.5,6.8125],"rotation":0,"texture":"#0","tintindex":0},"north":{"uv":[11.5,5.8125,11.9375,6.8125],"rotation":0,"texture":"#0","tintindex":0},"west":{"uv":[7.625,7.4375,8.6875,8.4375],"rotation":0,"texture":"#0","tintindex":0},"up":{"uv":[11.5,6.875,11.0625,5.8125],"rotation":0,"texture":"#0","tintindex":0},"down":{"uv":[11.5,10.9375,11.0625,12.0],"rotation":0,"texture":"#0","tintindex":0}}},{"from":[6.731171,8.766292,6.0250955],"to":[11.826969,9.798352,10.282345],"rotation":{"angle":0.0,"axis":"y","origin":[8.085751,5.2992144,7.4764304]},"faces":{"east":{"uv":[12.625,8.0625,13.3125,8.25],"rotation":0,"texture":"#0","tintindex":0},"south":{"uv":[13.625,9.4375,14.4375,9.625],"rotation":0,"texture":"#0","tintindex":0},"north":{"uv":[7.6875,1.875,8.5,2.0625],"rotation":0,"texture":"#0","tintindex":0},"west":{"uv":[13.875,8.8125,14.5625,9.0],"rotation":0,"texture":"#0","tintindex":0},"up":{"uv":[3.875,11.125,3.0625,10.4375],"rotation":0,"texture":"#0","tintindex":0},"down":{"uv":[11.3125,0.8125,10.5,1.5],"rotation":0,"texture":"#0","tintindex":0}}},{"from":[7.177623,1.8966398,4.7350197],"to":[11.826969,8.766292,11.57242],"rotation":{"angle":0.0,"axis":"y","origin":[8.085751,5.2992144,7.4764304]},"faces":{"east":{"uv":[2.9375,7.3125,4.0,8.4375],"rotation":0,"texture":"#0","tintindex":0},"south":{"uv":[6.0625,8.875,5.3125,10.0],"rotation":0,"texture":"#0","tintindex":0},"north":{"uv":[5.3125,8.875,6.0625,10.0],"rotation":0,"texture":"#0","tintindex":0},"west":{"uv":[7.375,3.4375,8.4375,4.5625],"rotation":0,"texture":"#0","tintindex":0},"up":{"uv":[8.9375,10.1875,8.1875,9.125],"rotation":0,"texture":"#0","tintindex":0},"down":{"uv":[2.4375,9.3125,1.6875,10.375],"rotation":0,"texture":"#0","tintindex":0}}},{"from":[9.053308,3.7672496,3.509448],"to":[10.149872,9.604841,12.475473],"rotation":{"angle":0.0,"axis":"y","origin":[8.085751,5.4927254,7.6054378]},"faces":{"east":{"uv":[5.9375,4.0,7.375,4.9375],"rotation":0,"texture":"#0","tintindex":0},"south":{"uv":[3.8125,13.375,4.0,14.3125],"rotation":0,"texture":"#0","tintindex":0},"north":{"uv":[5.1875,1.1875,5.375,2.125],"rotation":0,"texture":"#0","tintindex":0},"west":{"uv":[3.5,6.375,4.9375,7.3125],"rotation":0,"texture":"#0","tintindex":0},"up":{"uv":[8.9375,13.1875,8.75,11.75],"rotation":0,"texture":"#0","tintindex":0},"down":{"uv":[9.875,11.9375,9.6875,13.375],"rotation":0,"texture":"#0","tintindex":0}}},{"from":[7.118194,3.7672496,2.8644104],"to":[9.053308,10.249879,13.12051],"rotation":{"angle":0.0,"axis":"y","origin":[8.085751,5.4927254,7.6054378]},"faces":{"east":{"uv":[3.5625,0.0,5.1875,1.0625],"rotation":0,"texture":"#0","tintindex":0},"south":{"uv":[0.0,11.9375,0.3125,13.0],"rotation":0,"texture":"#0","tintindex":0},"north":{"uv":[5.1875,11.8125,5.5,12.875],"rotation":0,"texture":"#0","tintindex":0},"west":{"uv":[3.5625,1.0625,5.1875,2.125],"rotation":0,"texture":"#0","tintindex":0},"up":{"uv":[2.375,12.0,2.0625,10.375],"rotation":0,"texture":"#0","tintindex":0},"down":{"uv":[2.6875,10.625,2.375,12.25],"rotation":0,"texture":"#0","tintindex":0}}}],"display":{"head":{"translation":[0.0,-6.4,0.0],"scale":[4.0,4.0,4.0]}}}