{"textures":{"0":"modelengine:entity/mso_taloc_minion"},"elements":[{"from":[7.2066035,11.637771,3.1557941],"to":[8.793396,13.356796,3.4467063],"rotation":{"angle":0.0,"axis":"y","origin":[8.0,13.224564,5.694663]},"faces":{"east":{"uv":[3.4375,6.75,3.5,7.0625],"rotation":0,"texture":"#0","tintindex":0},"south":{"uv":[14.125,11.5625,14.375,11.875],"rotation":0,"texture":"#0","tintindex":0},"north":{"uv":[4.5,12.3125,4.75,12.625],"rotation":0,"texture":"#0","tintindex":0},"west":{"uv":[7.3125,3.4375,7.375,3.75],"rotation":0,"texture":"#0","tintindex":0},"up":{"uv":[4.6875,5.1875,4.4375,5.125],"rotation":0,"texture":"#0","tintindex":0},"down":{"uv":[7.625,6.4375,7.375,6.5],"rotation":0,"texture":"#0","tintindex":0}}},{"from":[2.053862,8.396518,4.425229],"to":[3.7728877,12.548626,10.666614],"rotation":{"angle":-45.0,"axis":"z","origin":[2.953045,9.33537,7.5459213]},"faces":{"east":{"uv":[5.375,2.3125,6.375,3.0],"rotation":0,"texture":"#0","tintindex":0},"south":{"uv":[6.75,13.0,7.0625,13.6875],"rotation":0,"texture":"#0","tintindex":0},"north":{"uv":[0.0,13.0,0.3125,13.6875],"rotation":0,"texture":"#0","tintindex":0},"west":{"uv":[4.8125,10.0,5.8125,10.6875],"rotation":0,"texture":"#0","tintindex":0},"up":{"uv":[11.4375,13.5,11.125,12.5],"rotation":0,"texture":"#0","tintindex":0},"down":{"uv":[2.1875,12.625,1.875,13.625],"rotation":0,"texture":"#0","tintindex":0}}},{"from":[4.165251,11.770003,3.9756374],"to":[11.834749,13.224564,11.116205],"rotation":{"angle":0.0,"axis":"y","origin":[8.0,13.224564,6.2235937]},"faces":{"east":{"uv":[12.625,0.3125,13.75,0.5625],"rotation":0,"texture":"#0","tintindex":0},"south":{"uv":[12.375,9.5625,13.625,9.8125],"rotation":0,"texture":"#0","tintindex":0},"north":{"uv":[12.3125,3.0,13.5625,3.25],"rotation":0,"texture":"#0","tintindex":0},"west":{"uv":[12.625,7.8125,13.75,8.0625],"rotation":0,"texture":"#0","tintindex":0},"up":{"uv":[6.625,2.3125,5.375,1.1875],"rotation":0,"texture":"#0","tintindex":0},"down":{"uv":[3.5,5.625,2.25,6.75],"rotation":0,"texture":"#0","tintindex":0}}},{"from":[3.3524199,10.918785,4.240103],"to":[5.0978923,13.484099,10.85174],"rotation":{"angle":22.5,"axis":"z","origin":[4.2251563,12.201443,7.5459213]},"faces":{"east":{"uv":[11.25,4.3125,12.3125,4.75],"rotation":0,"texture":"#0","tintindex":0},"south":{"uv":[10.625,13.8125,10.9375,14.25],"rotation":0,"texture":"#0","tintindex":0},"north":{"uv":[13.8125,3.5625,14.125,4.0],"rotation":0,"texture":"#0","tintindex":0},"west":{"uv":[11.25,7.4375,12.3125,7.875],"rotation":0,"texture":"#0","tintindex":0},"up":{"uv":[12.625,6.6875,12.3125,5.625],"rotation":0,"texture":"#0","tintindex":0},"down":{"uv":[12.625,7.1875,12.3125,8.25],"rotation":0,"texture":"#0","tintindex":0}}},{"from":[4.826414,7.776575,4.6368012],"to":[11.173586,11.479092,10.455042],"rotation":{"angle":0.0,"axis":"y","origin":[8.0,10.42123,6.2235937]},"faces":{"east":{"uv":[10.375,2.5625,11.3125,3.1875],"rotation":0,"texture":"#0","tintindex":0},"south":{"uv":[5.8125,10.25,6.8125,10.875],"rotation":0,"texture":"#0","tintindex":0},"north":{"uv":[9.5625,10.1875,10.5625,10.8125],"rotation":0,"texture":"#0","tintindex":0},"west":{"uv":[10.375,3.1875,11.3125,3.8125],"rotation":0,"texture":"#0","tintindex":0},"up":{"uv":[9.875,0.9375,8.875,0.0],"rotation":0,"texture":"#0","tintindex":0},"down":{"uv":[5.3125,8.875,4.3125,9.8125],"rotation":0,"texture":"#0","tintindex":0}}},{"from":[3.3189611,10.236104,4.292996],"to":[5.1173263,12.113809,10.798846],"rotation":{"angle":-22.5,"axis":"z","origin":[3.1338353,11.91546,7.5459213]},"faces":{"east":{"uv":[12.125,0.6875,13.1875,1.0],"rotation":0,"texture":"#0","tintindex":0},"south":{"uv":[14.0625,12.0625,14.375,12.375],"rotation":0,"texture":"#0","tintindex":0},"north":{"uv":[11.75,14.0625,12.0625,14.375],"rotation":0,"texture":"#0","tintindex":0},"west":{"uv":[12.3125,4.25,13.375,4.5625],"rotation":0,"texture":"#0","tintindex":0},"up":{"uv":[4.1875,13.375,3.875,12.3125],"rotation":0,"texture":"#0","tintindex":0},"down":{"uv":[4.5,12.3125,4.1875,13.375],"rotation":0,"texture":"#0","tintindex":0}}},{"from":[4.033018,11.10884,3.8434048],"to":[11.966982,11.770003,11.248438],"rotation":{"angle":0.0,"axis":"y","origin":[8.0,11.10884,6.2235937]},"faces":{"east":{"uv":[13.6875,6.6875,14.875,6.8125],"rotation":0,"texture":"#0","tintindex":0},"south":{"uv":[14.875,7.4375,13.625,7.5625],"rotation":0,"texture":"#0","tintindex":0},"north":{"uv":[13.625,7.4375,14.875,7.5625],"rotation":0,"texture":"#0","tintindex":0},"west":{"uv":[13.75,5.4375,14.9375,5.5625],"rotation":0,"texture":"#0","tintindex":0},"up":{"uv":[5.9375,5.1875,4.6875,4.0],"rotation":0,"texture":"#0","tintindex":0},"down":{"uv":[6.4375,0.0,5.1875,1.1875],"rotation":0,"texture":"#0","tintindex":0}}},{"from":[12.227112,8.396518,4.425229],"to":[13.946138,12.548626,10.666614],"rotation":{"angle":45.0,"axis":"z","origin":[13.046955,9.33537,7.5459213]},"faces":{"east":{"uv":[10.0,5.4375,11.0,6.125],"rotation":0,"texture":"#0","tintindex":0},"south":{"uv":[12.25,13.0,12.5625,13.6875],"rotation":0,"texture":"#0","tintindex":0},"north":{"uv":[7.0625,13.0,7.375,13.6875],"rotation":0,"texture":"#0","tintindex":0},"west":{"uv":[10.0,6.125,11.0,6.8125],"rotation":0,"texture":"#0","tintindex":0},"up":{"uv":[2.9375,13.625,2.625,12.625],"rotation":0,"texture":"#0","tintindex":0},"down":{"uv":[3.25,12.625,2.9375,13.625],"rotation":0,"texture":"#0","tintindex":0}}},{"from":[4.033018,13.224564,3.8434048],"to":[11.966982,13.885727,11.248438],"rotation":{"angle":0.0,"axis":"y","origin":[8.0,13.224564,6.2235937]},"faces":{"east":{"uv":[13.75,7.9375,14.9375,8.0625],"rotation":0,"texture":"#0","tintindex":0},"south":{"uv":[13.625,13.125,14.875,13.25],"rotation":0,"texture":"#0","tintindex":0},"north":{"uv":[13.625,9.625,14.875,9.75],"rotation":0,"texture":"#0","tintindex":0},"west":{"uv":[13.75,11.1875,14.9375,11.3125],"rotation":0,"texture":"#0","tintindex":0},"up":{"uv":[5.3125,6.375,4.0625,5.1875],"rotation":0,"texture":"#0","tintindex":0},"down":{"uv":[6.5625,5.1875,5.3125,6.375],"rotation":0,"texture":"#0","tintindex":0}}},{"from":[10.902107,10.918785,4.240103],"to":[12.64758,13.484099,10.85174],"rotation":{"angle":-22.5,"axis":"z","origin":[11.774843,12.201443,7.5459213]},"faces":{"east":{"uv":[11.25,7.875,12.3125,8.3125],"rotation":0,"texture":"#0","tintindex":0},"south":{"uv":[1.375,13.875,1.6875,14.3125],"rotation":0,"texture":"#0","tintindex":0},"north":{"uv":[13.8125,11.625,14.125,12.0625],"rotation":0,"texture":"#0","tintindex":0},"west":{"uv":[11.25,8.3125,12.3125,8.75],"rotation":0,"texture":"#0","tintindex":0},"up":{"uv":[5.8125,13.5,5.5,12.4375],"rotation":0,"texture":"#0","tintindex":0},"down":{"uv":[6.125,12.4375,5.8125,13.5],"rotation":0,"texture":"#0","tintindex":0}}},{"from":[10.882673,10.236104,4.292996],"to":[12.681039,12.113809,10.798846],"rotation":{"angle":22.5,"axis":"z","origin":[12.866165,11.91546,7.5459213]},"faces":{"east":{"uv":[12.3125,8.25,13.375,8.5625],"rotation":0,"texture":"#0","tintindex":0},"south":{"uv":[14.0625,13.25,14.375,13.5625],"rotation":0,"texture":"#0","tintindex":0},"north":{"uv":[14.0625,12.375,14.375,12.6875],"rotation":0,"texture":"#0","tintindex":0},"west":{"uv":[12.375,9.25,13.4375,9.5625],"rotation":0,"texture":"#0","tintindex":0},"up":{"uv":[8.375,13.375,8.0625,12.3125],"rotation":0,"texture":"#0","tintindex":0},"down":{"uv":[8.6875,12.3125,8.375,13.375],"rotation":0,"texture":"#0","tintindex":0}}},{"from":[6.8099055,11.241073,3.4467063],"to":[9.190095,13.753494,3.9756374],"rotation":{"angle":0.0,"axis":"y","origin":[8.0,13.224564,5.694663]},"faces":{"east":{"uv":[13.1875,14.375,13.3125,14.8125],"rotation":0,"texture":"#0","tintindex":0},"south":{"uv":[13.4375,11.625,13.8125,12.0625],"rotation":0,"texture":"#0","tintindex":0},"north":{"uv":[4.5,13.4375,4.875,13.875],"rotation":0,"texture":"#0","tintindex":0},"west":{"uv":[7.375,14.4375,7.5,14.875],"rotation":0,"texture":"#0","tintindex":0},"up":{"uv":[14.6875,7.6875,14.3125,7.5625],"rotation":0,"texture":"#0",