{"textures":{"0":"modelengine:entity/mso_taloc_minion"},"elements":[{"from":[5.4896717,3.9130716,6.872483],"to":[9.875928,8.815358,11.129732],"rotation":{"angle":0.0,"axis":"y","origin":[8.005319,2.7520037,10.323435]},"faces":{"east":{"uv":[11.25,10.125,10.5625,10.9375],"rotation":0,"texture":"#0","tintindex":0},"south":{"uv":[11.0625,6.8125,10.375,7.625],"rotation":0,"texture":"#0","tintindex":0},"north":{"uv":[7.5,10.375,6.8125,11.1875],"rotation":0,"texture":"#0","tintindex":0},"west":{"uv":[8.1875,10.375,7.5,11.1875],"rotation":0,"texture":"#0","tintindex":0},"up":{"uv":[10.75,0.6875,11.4375,0.0],"rotation":0,"texture":"#0","tintindex":0},"down":{"uv":[9.875,10.8125,10.5625,11.5],"rotation":0,"texture":"#0","tintindex":0}}},{"from":[5.5541754,1.5955195,6.7815866],"to":[9.811424,4.6058493,9.791916],"rotation":{"angle":-45.0,"axis":"x","origin":[7.6828,4.369182,7.6632915]},"faces":{"east":{"uv":[7.875,5.9375,7.375,6.4375],"rotation":0,"texture":"#0","tintindex":0},"south":{"uv":[12.75,5.125,12.0625,5.625],"rotation":0,"texture":"#0","tintindex":0},"north":{"uv":[11.5,12.0,10.8125,12.5],"rotation":0,"texture":"#0","tintindex":0},"west":{"uv":[3.4375,6.75,2.9375,7.25],"rotation":0,"texture":"#0","tintindex":0},"up":{"uv":[12.0625,9.25,12.75,8.75],"rotation":0,"texture":"#0","tintindex":0},"down":{"uv":[12.0625,9.8125,12.75,10.3125],"rotation":0,"texture":"#0","tintindex":0}}}],"display":{"head":{"translation":[0.0,-6.4,0.0],"scale":[4.0,4.0,4.0]}}}