{"textures":{"0":"modelengine:entity/mso_taloc_minion"},"elements":[{"from":[-1.0502357,1.2862873,5.25105],"to":[0.32166243,3.3826604,11.05639],"rotation":{"angle":-22.5,"axis":"z","origin":[0.6963968,3.9458513,8.15372]},"faces":{"east":{"uv":[12.875,11.3125,11.9375,11.6875],"rotation":0,"texture":"#0","tintindex":0},"south":{"uv":[14.375,5.5625,14.125,5.9375],"rotation":0,"texture":"#0","tintindex":0},"north":{"uv":[14.375,4.0625,14.125,4.4375],"rotation":0,"texture":"#0","tintindex":0},"west":{"uv":[12.875,3.25,11.9375,3.625],"rotation":0,"texture":"#0","tintindex":0},"up":{"uv":[11.75,13.875,12.0,12.9375],"rotation":0,"texture":"#0","tintindex":0},"down":{"uv":[12.0,12.9375,12.25,13.875],"rotation":0,"texture":"#0","tintindex":0}}},{"from":[-2.0177937,3.2214003,5.5735693],"to":[-0.16211605,6.2785025,10.733871],"rotation":{"angle":-22.5,"axis":"z","origin":[0.6963968,3.9458513,8.15372]},"faces":{"east":{"uv":[7.5625,11.6875,6.75,12.1875],"rotation":0,"texture":"#0","tintindex":0},"south":{"uv":[12.5625,13.6875,12.25,14.1875],"rotation":0,"texture":"#0","tintindex":0},"north":{"uv":[7.3125,13.6875,7.0,14.1875],"rotation":0,"texture":"#0","tintindex":0},"west":{"uv":[12.0625,8.75,11.25,9.25],"rotation":0,"texture":"#0","tintindex":0},"up":{"uv":[8.9375,13.5,9.25,12.6875],"rotation":0,"texture":"#0","tintindex":0},"down":{"uv":[0.9375,12.75,1.25,13.5625],"rotation":0,"texture":"#0","tintindex":0}}},{"from":[-0.7277174,3.3826604,4.928531],"to":[4.675668,5.633465,11.378908],"rotation":{"angle":-22.5,"axis":"z","origin":[0.6963968,3.9458513,8.15372]},"faces":{"east":{"uv":[12.875,6.8125,11.875,7.1875],"rotation":0,"texture":"#0","tintindex":0},"south":{"uv":[12.4375,10.625,13.3125,11.0],"rotation":0,"texture":"#0","tintindex":0},"north":{"uv":[13.3125,10.625,12.4375,11.0],"rotation":0,"texture":"#0","tintindex":0},"west":{"uv":[12.875,4.75,11.875,5.125],"rotation":0,"texture":"#0","tintindex":0},"up":{"uv":[0.8125,10.0,1.6875,9.0],"rotation":0,"texture":"#0","tintindex":0},"down":{"uv":[9.0625,4.375,9.9375,5.375],"rotation":0,"texture":"#0","tintindex":0}}},{"from":[1.7484212,2.8666296,4.8640275],"to":[4.1596375,8.766292,11.443413],"rotation":{"angle":45.0,"axis":"z","origin":[4.1663337,5.329608,8.15372]},"faces":{"east":{"uv":[9.5,3.4375,8.4375,4.375],"rotation":0,"texture":"#0","tintindex":0},"south":{"uv":[3.125,11.6875,3.5,12.625],"rotation":0,"texture":"#0","tintindex":0},"north":{"uv":[3.5,11.6875,3.125,12.625],"rotation":0,"texture":"#0","tintindex":0},"west":{"uv":[3.5,8.4375,2.4375,9.375],"rotation":0,"texture":"#0","tintindex":0},"up":{"uv":[8.9375,12.6875,9.3125,11.625],"rotation":0,"texture":"#0","tintindex":0},"down":{"uv":[1.125,11.6875,1.5,12.75],"rotation":0,"texture":"#0","tintindex":0}}},{"from":[1.7484212,8.766292,6.154103],"to":[4.54666,9.669345,10.1533375],"rotation":{"angle":45.0,"axis":"z","origin":[4.1663337,5.329608,8.15372]},"faces":{"east":{"uv":[11.875,4.75,11.25,4.9375],"rotation":0,"texture":"#0","tintindex":0},"south":{"uv":[10.1875,14.1875,9.75,14.375],"rotation":0,"texture":"#0","tintindex":0},"north":{"uv":[9.375,14.1875,8.9375,14.375],"rotation":0,"texture":"#0","tintindex":0},"west":{"uv":[9.0625,4.375,8.4375,4.5625],"rotation":0,"texture":"#0","tintindex":0},"up":{"uv":[6.125,13.0625,6.5625,12.4375],"rotation":0,"texture":"#0","tintindex":0},"down":{"uv":[12.5625,1.0,13.0,1.625],"rotation":0,"texture":"#0","tintindex":0}}},{"from":[2.7539473,8.048168,6.089599],"to":[5.7836676,9.080229,10.21784],"rotation":{"angle":22.5,"axis":"z","origin":[2.9797106,5.3314657,8.15372]},"faces":{"east":{"uv":[14.625,1.6875,13.9375,1.875],"rotation":0,"texture":"#0","tintindex":0},"south":{"uv":[11.9375,2.125,11.4375,2.3125],"rotation":0,"texture":"#0","tintindex":0},"north":{"uv":[5.3125,9.8125,4.8125,10.0],"rotation":0,"texture":"#0","tintindex":0},"west":{"uv":[12.25,13.875,11.5625,14.0625],"rotation":0,"texture":"#0","tintindex":0},"up":{"uv":[7.5625,12.75,8.0625,12.0625],"rotation":0,"texture":"#0","tintindex":0},"down":{"uv":[12.125,0.0,12.625,0.6875],"rotation":0,"texture":"#0","tintindex":0}}},{"from":[2.7539473,1.7031283,4.799524],"to":[5.3966455,8.048168,11.507916],"rotation":{"angle":22.5,"axis":"z","origin":[2.9797106,5.3314657,8.15372]},"faces":{"east":{"uv":[8.6875,7.4375,7.625,8.4375],"rotation":0,"texture":"#0","tintindex":0},"south":{"uv":[11.5,5.8125,11.9375,6.8125],"rotation":0,"texture":"#0","tintindex":0},"north":{"uv":[11.9375,5.8125,11.5,6.8125],"rotation":0,"texture":"#0","tintindex":0},"west":{"uv":[7.625,7.4375,6.5625,8.4375],"rotation":0,"texture":"#0","tintindex":0},"up":{"uv":[11.0625,6.875,11.5,5.8125],"rotation":0,"texture":"#0","tintindex":0},"down":{"uv":[11.0625,10.9375,11.5,12.0],"rotation":0,"texture":"#0","tintindex":0}}},{"from":[4.1730304,8.766292,6.0250955],"to":[9.268828,9.798352,10.282345],"rotation":{"angle":0.0,"axis":"y","origin":[7.9142494,5.2992144,7.4764304]},"faces":{"east":{"uv":[14.5625,8.8125,13.875,9.0],"rotation":0,"texture":"#0","tintindex":0},"south":{"uv":[14.4375,9.4375,13.625,9.625],"rotation":0,"texture":"#0","tintindex":0},"north":{"uv":[8.5,1.875,7.6875,2.0625],"rotation":0,"texture":"#0","tintindex":0},"west":{"uv":[13.3125,8.0625,12.625,8.25],"rotation":0,"texture":"#0","tintindex":0},"up":{"uv":[3.0625,11.125,3.875,10.4375],"rotation":0,"texture":"#0","tintindex":0},"down":{"uv":[10.5,0.8125,11.3125,1.5],"rotation":0,"texture":"#0","tintindex":0}}},{"from":[4.1730304,1.8966398,4.7350197],"to":[8.822377,8.766292,11.57242],"rotation":{"angle":0.0,"axis":"y","origin":[7.9142494,5.2992144,7.4764304]},"faces":{"east":{"uv":[8.4375,3.4375,7.375,4.5625],"rotation":0,"texture":"#0","tintindex":0},"south":{"uv":[5.3125,8.875,6.0625,10.0],"rotation":0,"texture":"#0","tintindex":0},"north":{"uv":[6.0625,8.875,5.3125,10.0],"rotation":0,"texture":"#0","tintindex":0},"west":{"uv":[4.0,7.3125,2.9375,8.4375],"rotation":0,"texture":"#0","tintindex":0},"up":{"uv":[8.1875,10.1875,8.9375,9.125],"rotation":0,"texture":"#0","tintindex":0},"down":{"uv":[1.6875,9.3125,2.4375,10.375],"rotation":0,"texture":"#0","tintindex":0}}},{"from":[5.8501287,3.7672496,3.509448],"to":[6.946693,9.604841,12.475473],"rotation":{"angle":0.0,"axis":"y","origin":[7.9142494,5.4927254,7.6054378]},"faces":{"east":{"uv":[4.9375,6.375,3.5,7.3125],"rotation":0,"texture":"#0","tintindex":0},"south":{"uv":[4.0,13.375,3.8125,14.3125],"rotation":0,"texture":"#0","tintindex":0},"north":{"uv":[5.375,1.1875,5.1875,2.125],"rotation":0,"texture":"#0","tintindex":0},"west":{"uv":[7.375,4.0,5.9375,4.9375],"rotation":0,"texture":"#0","tintindex":0},"up":{"uv":[8.75,13.1875,8.9375,11.75],"rotation":0,"texture":"#0","tintindex":0},"down":{"uv":[9.6875,11.9375,9.875,13.375],"rotation":0,"texture":"#0","tintindex":0}}},{"from":[6.946693,3.7672496,2.8644104],"to":[8.881806,10.249879,13.12051],"rotation":{"angle":0.0,"axis":"y","origin":[7.9142494,5.4927254,7.6054378]},"faces":{"east":{"uv":[5.1875,1.0625,3.5625,2.125],"rotation":0,"texture":"#0","tintindex":0},"south":{"uv":[0.3125,11.9375,0.0,13.0],"rotation":0,"texture":"#0","tintindex":0},"north":{"uv":[5.5,11.8125,5.1875,12.875],"rotation":0,"texture":"#0","tintindex":0},"west":{"uv":[5.1875,0.0,3.5625,1.0625],"rotation":0,"texture":"#0","tintindex":0},"up":{"uv":[2.0625,12.0,2.375,10.375],"rotation":0,"texture":"#0","tintindex":0},"down":{"uv":[2.375,10.625,2.6875,12.25],"rotation":0,"texture":"#0","tintindex":0}}}],"display":{"head":{"translation":[0.0,-6.4,0.0],"scale":[4.0,4.0,4.0]}}}