{"textures":{"0":"modelengine:entity/ouldhana_ritual"},"elements":[{"from":[7.2380953,11.523809,7.7904763],"to":[8.380953,13.238096,7.847619],"rotation":{"angle":-45.0,"axis":"y","origin":[7.8095236,12.380953,7.8190475]},"faces":{"east":{"uv":[5.0,4.375,5.0625,4.5625],"rotation":0,"texture":"#0","tintindex":0},"south":{"uv":[5.0,4.1875,5.125,4.375],"rotation":0,"texture":"#0","tintindex":0},"north":{"uv":[5.125,4.1875,5.0,4.375],"rotation":0,"texture":"#0","tintindex":0},"west":{"uv":[5.0,4.5625,5.0625,4.75],"rotation":0,"texture":"#0","tintindex":0},"up":{"uv":[5.125,4.8125,5.0,4.75],"rotation":0,"texture":"#0","tintindex":0},"down":{"uv":[5.125,4.8125,5.0,4.875],"rotation":0,"texture":"#0","tintindex":0}}},{"from":[7.2380953,11.523809,7.7904763],"to":[8.380953,13.238096,7.847619],"rotation":{"angle":45.0,"axis":"y","origin":[7.8095236,12.380953,7.8190475]},"faces":{"east":{"uv":[5.0,4.375,5.0625,4.5625],"rotation":0,"texture":"#0","tintindex":0},"south":{"uv":[5.0,4.1875,5.125,4.375],"rotation":0,"texture":"#0","tintindex":0},"north":{"uv":[5.125,4.1875,5.0,4.375],"rotation":0,"texture":"#0","tintindex":0},"west":{"uv":[5.0,4.5625,5.0625,4.75],"rotation":0,"texture":"#0","tintindex":0},"up":{"uv":[5.125,4.8125,5.0,4.75],"rotation":0,"texture":"#0","tintindex":0},"down":{"uv":[5.125,4.8125,5.0,4.875],"rotation":0,"texture":"#0","tintindex":0}}},{"from":[6.6666665,4.0952377,6.6476192],"to":[8.952381,11.523809,8.933333],"rotation":{"angle":0.0,"axis":"y","origin":[7.8095236,7.8095236,7.7904763]},"faces":{"east":{"uv":[5.0,0.25,5.25,1.0625],"rotation":0,"texture":"#0","tintindex":0},"south":{"uv":[5.25,0.25,5.0,1.0625],"rotation":0,"texture":"#0","tintindex":0},"north":{"uv":[5.0,0.25,5.25,1.0625],"rotation":0,"texture":"#0","tintindex":0},"west":{"uv":[5.25,0.25,5.0,1.0625],"rotation":0,"texture":"#0","tintindex":0},"up":{"uv":[5.25,3.75,5.0,3.5],"rotation":0,"texture":"#0","tintindex":0},"down":{"uv":[5.25,3.5,5.0,3.75],"rotation":0,"texture":"#0","tintindex":0}}},{"from":[6.6666665,4.0952377,-12.780952],"to":[8.952381,11.523809,-10.495237],"rotation":{"angle":0.0,"axis":"y","origin":[7.8095236,7.8095236,-11.638096]},"faces":{"east":{"uv":[5.0,0.25,5.25,1.0625],"rotation":0,"texture":"#0","tintindex":0},"south":{"uv":[5.25,0.25,5.0,1.0625],"rotation":0,"texture":"#0","tintindex":0},"north":{"uv":[5.0,0.25,5.25,1.0625],"rotation":0,"texture":"#0","tintindex":0},"west":{"uv":[5.25,0.25,5.0,1.0625],"rotation":0,"texture":"#0","tintindex":0},"up":{"uv":[5.25,3.75,5.0,3.5],"rotation":0,"texture":"#0","tintindex":0},"down":{"uv":[5.25,3.5,5.0,3.75],"rotation":0,"texture":"#0","tintindex":0}}},{"from":[7.2380953,11.523809,-11.638096],"to":[8.380953,13.238096,-11.580954],"rotation":{"angle":-45.0,"axis":"y","origin":[7.8095236,12.380953,-11.609524]},"faces":{"east":{"uv":[5.0,4.375,5.0625,4.5625],"rotation":0,"texture":"#0","tintindex":0},"south":{"uv":[5.0,4.1875,5.125,4.375],"rotation":0,"texture":"#0","tintindex":0},"north":{"uv":[5.125,4.1875,5.0,4.375],"rotation":0,"texture":"#0","tintindex":0},"west":{"uv":[5.0,4.5625,5.0625,4.75],"rotation":0,"texture":"#0","tintindex":0},"up":{"uv":[5.125,4.8125,5.0,4.75],"rotation":0,"texture":"#0","tintindex":0},"down":{"uv":[5.125,4.8125,5.0,4.875],"rotation":0,"texture":"#0","tintindex":0}}},{"from":[7.2380953,11.523809,-11.638096],"to":[8.380953,13.238096,-11.580954],"rotation":{"angle":45.0,"axis":"y","origin":[7.8095236,12.380953,-11.609524]},"faces":{"east":{"uv":[5.0,4.375,5.0625,4.5625],"rotation":0,"texture":"#0","tintindex":0},"south":{"uv":[5.0,4.1875,5.125,4.375],"rotation":0,"texture":"#0","tintindex":0},"north":{"uv":[5.125,4.1875,5.0,4.375],"rotation":0,"texture":"#0","tintindex":0},"west":{"uv":[5.0,4.5625,5.0625,4.75],"rotation":0,"texture":"#0","tintindex":0},"up":{"uv":[5.125,4.8125,5.0,4.75],"rotation":0,"texture":"#0","tintindex":0},"down":{"uv":[5.125,4.8125,5.0,4.875],"rotation":0,"texture":"#0","tintindex":0}}},{"from":[19.238094,11.523809,23.790478],"to":[20.380953,13.238096,23.84762],"rotation":{"angle":-45.0,"axis":"y","origin":[19.809525,12.380953,23.819048]},"faces":{"east":{"uv":[5.0,4.375,5.0625,4.5625],"rotation":0,"texture":"#0","tintindex":0},"south":{"uv":[5.0,4.1875,5.125,4.375],"rotation":0,"texture":"#0","tintindex":0},"north":{"uv":[5.125,4.1875,5.0,4.375],"rotation":0,"texture":"#0","tintindex":0},"west":{"uv":[5.0,4.5625,5.0625,4.75],"rotation":0,"texture":"#0","tintindex":0},"up":{"uv":[5.125,4.8125,5.0,4.75],"rotation":0,"texture":"#0","tintindex":0},"down":{"uv":[5.125,4.8125,5.0,4.875],"rotation":0,"texture":"#0","tintindex":0}}},{"from":[19.238094,11.523809,23.790478],"to":[20.380953,13.238096,23.84762],"rotation":{"angle":45.0,"axis":"y","origin":[19.809525,12.380953,23.819048]},"faces":{"east":{"uv":[5.0,4.375,5.0625,4.5625],"rotation":0,"texture":"#0","tintindex":0},"south":{"uv":[5.0,4.1875,5.125,4.375],"rotation":0,"texture":"#0","tintindex":0},"north":{"uv":[5.125,4.1875,5.0,4.375],"rotation":0,"texture":"#0","tintindex":0},"west":{"uv":[5.0,4.5625,5.0625,4.75],"rotation":0,"texture":"#0","tintindex":0},"up":{"uv":[5.125,4.8125,5.0,4.75],"rotation":0,"texture":"#0","tintindex":0},"down":{"uv":[5.125,4.8125,5.0,4.875],"rotation":0,"texture":"#0","tintindex":0}}},{"from":[18.666668,4.0952377,22.64762],"to":[20.952381,11.523809,24.933334],"rotation":{"angle":0.0,"axis":"y","origin":[19.809525,7.8095236,23.790478]},"faces":{"east":{"uv":[5.0,0.25,5.25,1.0625],"rotation":0,"texture":"#0","tintindex":0},"south":{"uv":[5.25,0.25,5.0,1.0625],"rotation":0,"texture":"#0","tintindex":0},"north":{"uv":[5.0,0.25,5.25,1.0625],"rotation":0,"texture":"#0","tintindex":0},"west":{"uv":[5.25,0.25,5.0,1.0625],"rotation":0,"texture":"#0","tintindex":0},"up":{"uv":[5.25,3.75,5.0,3.5],"rotation":0,"texture":"#0","tintindex":0},"down":{"uv":[5.25,3.5,5.0,3.75],"rotation":0,"texture":"#0","tintindex":0}}},{"from":[-4.7619057,4.0952377,22.64762],"to":[-2.4761915,11.523809,24.933334],"rotation":{"angle":0.0,"axis":"y","origin":[-3.619048,7.8095236,23.790478]},"faces":{"east":{"uv":[5.0,0.25,5.25,1.0625],"rotation":0,"texture":"#0","tintindex":0},"south":{"uv":[5.0,0.25,5.25,1.0625],"rotation":0,"texture":"#0","tintindex":0},"north":{"uv":[5.25,0.25,5.0,1.0625],"rotation":0,"texture":"#0","tintindex":0},"west":{"uv":[5.25,0.25,5.0,1.0625],"rotation":0,"texture":"#0","tintindex":0},"up":{"uv":[5.0,3.75,5.25,3.5],"rotation":0,"texture":"#0","tintindex":0},"down":{"uv":[5.0,3.5,5.25,3.75],"rotation":0,"texture":"#0","tintindex":0}}},{"from":[-4.1904774,11.523809,23.790478],"to":[-3.0476198,13.238096,23.84762],"rotation":{"angle":45.0,"axis":"y","origin":[-3.619048,12.380953,23.819048]},"faces":{"east":{"uv":[5.0625,4.5625,5.0,4.75],"rotation":0,"texture":"#0","tintindex":0},"south":{"uv":[5.125,4.1875,5.0,4.375],"rotation":0,"texture":"#0","tintindex":0},"north":{"uv":[5.0,4.1875,5.125,4.375],"rotation":0,"texture":"#0","tintindex":0},"west":{"uv":[5.0625,4.375,5.0,4.5625],"rotation":0,"texture":"#0","tintindex":0},"up":{"uv":[5.0,4.8125,5.125,4.75],"rotation":0,"texture":"#0","tintindex":0},"down":{"uv":[5.0,4.8125,5.125,4.875],"rotation":0,"texture":"#0","tintindex":0}}},{"from":[-4.1904774,11.523809,23.790478],"to":[-3.0476198,13.238096,23.84762],"rotation":{"angle":-45.0,"axis":"y","origin":[-3.619048,12.380953,23.819048]},"faces":{"east":{"uv":[5.0625,4.5625,5.0,4.75],"rotation":0,"texture":"#0","tintindex":0},"south":{"uv":[5.125,4.1875,5.0,4.375],"rotation":0,"texture":"#0","tintindex":0},"north":{"uv":[5.0,4.1875,5.125,4.375],"rotation":0,"texture":"#0","tintindex":0},"west":{"uv":[5.0625,4.375,5.0,4.5625],"rotation":0,"texture":"#0","tintindex":0},"up":{"uv":[5.0,4.8125,5.125,4.75],"rotation":0,"texture":"#0","tintindex":0},"down":{"uv":[5.0,4.8125,5.125,4.875],"rotation":0,"texture":"#0","tintindex":0}}},{"from":[-11.047619,11.523809,2.07619],"to":[-9.904762,13.238096,2.1333332],"rotation":{"angle":-45.0,"axis":"y","origin":[-10.476191,12.380953,2.1047616]},