{"textures":{"0":"modelengine:entity/wolf"},"elements":[{"from":[5.438857,5.0005565,2.4215322],"to":[10.561143,10.976557,8.397532],"rotation":{"angle":0.0,"axis":"y","origin":[8.0,7.9976683,8.170247]},"faces":{"east":{"uv":[0.0,4.375,0.875,5.25],"rotation":0,"texture":"#0","tintindex":0},"south":{"uv":[5.375,0.0,6.125,0.875],"rotation":0,"texture":"#0","tintindex":0},"north":{"uv":[0.0,5.375,0.75,6.25],"rotation":0,"texture":"#0","tintindex":0},"west":{"uv":[4.375,0.0,5.25,0.875],"rotation":0,"texture":"#0","tintindex":0},"up":{"uv":[6.125,1.875,5.375,1.0],"rotation":0,"texture":"#0","tintindex":0},"down":{"uv":[6.375,2.0,5.625,2.875],"rotation":0,"texture":"#0","tintindex":0}}},{"from":[6.7194285,6.7079854,-1.8470402],"to":[9.280571,9.269129,2.4215322],"rotation":{"angle":0.0,"axis":"y","origin":[8.0,7.9976683,8.170247]},"faces":{"east":{"uv":[7.5,6.875,8.125,7.25],"rotation":0,"texture":"#0","tintindex":0},"south":{"uv":[4.5,8.0,4.875,8.375],"rotation":0,"texture":"#0","tintindex":0},"north":{"uv":[5.125,5.75,5.5,6.125],"rotation":0,"texture":"#0","tintindex":0},"west":{"uv":[7.5,7.375,8.125,7.75],"rotation":0,"texture":"#0","tintindex":0},"up":{"uv":[0.875,8.25,0.5,7.625],"rotation":0,"texture":"#0","tintindex":0},"down":{"uv":[1.375,7.625,1.0,8.25],"rotation":0,"texture":"#0","tintindex":0}}},{"from":[7.1462855,5.0005565,-1.8470402],"to":[8.853714,6.7079854,2.4215322],"rotation":{"angle":0.0,"axis":"y","origin":[8.0,7.9976683,8.170247]},"faces":{"east":{"uv":[6.875,7.875,7.5,8.125],"rotation":0,"texture":"#0","tintindex":0},"south":{"uv":[7.75,8.25,8.0,8.5],"rotation":0,"texture":"#0","tintindex":0},"north":{"uv":[8.25,7.375,8.5,7.625],"rotation":0,"texture":"#0","tintindex":0},"west":{"uv":[7.625,7.875,8.25,8.125],"rotation":0,"texture":"#0","tintindex":0},"up":{"uv":[3.5,8.625,3.25,8.0],"rotation":0,"texture":"#0","tintindex":0},"down":{"uv":[3.875,8.0,3.625,8.625],"rotation":0,"texture":"#0","tintindex":0}}},{"from":[7.1462855,7.7751284,-2.0604677],"to":[8.853714,9.482557,-0.3530388],"rotation":{"angle":0.0,"axis":"y","origin":[8.0,7.9976683,8.170247]},"faces":{"east":{"uv":[0.5,8.375,0.75,8.625],"rotation":0,"texture":"#0","tintindex":0},"south":{"uv":[0.875,8.375,1.125,8.625],"rotation":0,"texture":"#0","tintindex":0},"north":{"uv":[8.125,8.25,8.375,8.5],"rotation":0,"texture":"#0","tintindex":0},"west":{"uv":[8.375,1.125,8.625,1.375],"rotation":0,"texture":"#0","tintindex":0},"up":{"uv":[8.625,1.75,8.375,1.5],"rotation":0,"texture":"#0","tintindex":0},"down":{"uv":[8.625,1.875,8.375,2.125],"rotation":0,"texture":"#0","tintindex":0}}},{"from":[5.379106,10.608932,6.690104],"to":[8.793963,15.731217,6.690104],"rotation":{"angle":22.5,"axis":"z","origin":[8.0,7.9976683,8.170247]},"faces":{"east":{"uv":[2.75,8.125,2.75,8.875],"rotation":0,"texture":"#0","tintindex":0},"south":{"uv":[0.5,6.375,0.0,7.125],"rotation":0,"texture":"#0","tintindex":0},"north":{"uv":[0.0,6.375,0.5,7.125],"rotation":0,"texture":"#0","tintindex":0},"west":{"uv":[7.75,8.625,7.75,9.375],"rotation":0,"texture":"#0","tintindex":0},"up":{"uv":[8.25,1.25,7.75,1.25],"rotation":0,"texture":"#0","tintindex":0},"down":{"uv":[8.875,2.25,8.375,2.25],"rotation":0,"texture":"#0","tintindex":0}}},{"from":[6.932857,5.0005565,-1.8470402],"to":[6.932857,6.7079854,2.4215322],"rotation":{"angle":0.0,"axis":"y","origin":[8.0,7.9976683,8.170247]},"faces":{"east":{"uv":[8.625,5.0,8.0,5.25],"rotation":0,"texture":"#0","tintindex":0},"south":{"uv":[7.625,3.125,7.625,3.375],"rotation":0,"texture":"#0","tintindex":0},"north":{"uv":[0.5,7.25,0.5,7.5],"rotation":0,"texture":"#0","tintindex":0},"west":{"uv":[8.0,5.0,8.625,5.25],"rotation":0,"texture":"#0","tintindex":0},"up":{"uv":[8.375,9.25,8.375,8.625],"rotation":0,"texture":"#0","tintindex":0},"down":{"uv":[0.5,8.75,0.5,9.375],"rotation":0,"texture":"#0","tintindex":0}}},{"from":[7.1462855,6.7079854,-1.8470402],"to":[7.1462855,8.415414,2.4215322],"rotation":{"angle":0.0,"axis":"y","origin":[8.0,7.9976683,8.170247]},"faces":{"east":{"uv":[8.75,2.375,8.125,2.625],"rotation":0,"texture":"#0","tintindex":0},"south":{"uv":[8.75,1.875,8.75,2.125],"rotation":0,"texture":"#0","tintindex":0},"north":{"uv":[8.75,1.5,8.75,1.75],"rotation":0,"texture":"#0","tintindex":0},"west":{"uv":[8.125,2.375,8.75,2.625],"rotation":0,"texture":"#0","tintindex":0},"up":{"uv":[2.875,9.375,2.875,8.75],"rotation":0,"texture":"#0","tintindex":0},"down":{"uv":[3.0,8.75,3.0,9.375],"rotation":0,"texture":"#0","tintindex":0}}},{"from":[3.7314286,2.4394135,5.8363895],"to":[12.268572,9.269129,5.8363895],"rotation":{"angle":0.0,"axis":"y","origin":[8.0,7.9976683,8.170247]},"faces":{"east":{"uv":[3.125,8.75,3.125,9.75],"rotation":0,"texture":"#0","tintindex":0},"south":{"uv":[1.25,0.0,0.0,1.0],"rotation":0,"texture":"#0","tintindex":0},"north":{"uv":[0.0,0.0,1.25,1.0],"rotation":0,"texture":"#0","tintindex":0},"west":{"uv":[3.25,8.75,3.25,9.75],"rotation":0,"texture":"#0","tintindex":0},"up":{"uv":[10.0,0.125,8.75,0.125],"rotation":0,"texture":"#0","tintindex":0},"down":{"uv":[10.0,0.25,8.75,0.25],"rotation":0,"texture":"#0","tintindex":0}}},{"from":[7.2060366,10.608932,6.690104],"to":[10.6208935,15.731217,6.690104],"rotation":{"angle":-22.5,"axis":"z","origin":[8.0,7.9976683,8.170247]},"faces":{"east":{"uv":[7.75,8.625,7.75,9.375],"rotation":0,"texture":"#0","tintindex":0},"south":{"uv":[0.0,6.375,0.5,7.125],"rotation":0,"texture":"#0","tintindex":0},"north":{"uv":[0.5,6.375,0.0,7.125],"rotation":0,"texture":"#0","tintindex":0},"west":{"uv":[2.75,8.125,2.75,8.875],"rotation":0,"texture":"#0","tintindex":0},"up":{"uv":[7.75,1.25,8.25,1.25],"rotation":0,"texture":"#0","tintindex":0},"down":{"uv":[8.375,2.25,8.875,2.25],"rotation":0,"texture":"#0","tintindex":0}}},{"from":[8.853714,6.7079854,-1.8470402],"to":[8.853714,8.415414,2.4215322],"rotation":{"angle":0.0,"axis":"y","origin":[8.0,7.9976683,8.170247]},"faces":{"east":{"uv":[8.75,2.375,8.125,2.625],"rotation":0,"texture":"#0","tintindex":0},"south":{"uv":[8.75,1.875,8.75,2.125],"rotation":0,"texture":"#0","tintindex":0},"north":{"uv":[8.75,1.5,8.75,1.75],"rotation":0,"texture":"#0","tintindex":0},"west":{"uv":[8.125,2.375,8.75,2.625],"rotation":0,"texture":"#0","tintindex":0},"up":{"uv":[2.875,9.375,2.875,8.75],"rotation":0,"texture":"#0","tintindex":0},"down":{"uv":[3.0,8.75,3.0,9.375],"rotation":0,"texture":"#0","tintindex":0}}},{"from":[9.0671425,5.0005565,-1.8470402],"to":[9.0671425,6.7079854,2.4215322],"rotation":{"angle":0.0,"axis":"y","origin":[8.0,7.9976683,8.170247]},"faces":{"east":{"uv":[8.625,5.0,8.0,5.25],"rotation":0,"texture":"#0","tintindex":0},"south":{"uv":[7.625,3.125,7.625,3.375],"rotation":0,"texture":"#0","tintindex":0},"north":{"uv":[0.5,7.25,0.5,7.5],"rotation":0,"texture":"#0","tintindex":0},"west":{"uv":[8.0,5.0,8.625,5.25],"rotation":0,"texture":"#0","tintindex":0},"up":{"uv":[8.375,9.25,8.375,8.625],"rotation":0,"texture":"#0","tintindex":0},"down":{"uv":[0.5,8.75,0.5,9.375],"rotation":0,"texture":"#0","tintindex":0}}}],"display":{"head":{"translation":[0.0,-6.4,0.0],"scale":[4.0,4.0,4.0]}}}