{"textures":{"0":"modelengine:entity/wolf"},"elements":[{"from":[6.7140927,6.441505,5.415105],"to":[9.275236,8.148933,8.829962],"rotation":{"angle":0.0,"axis":"y","origin":[7.994664,8.003168,8.040845]},"faces":{"east":{"uv":[8.25,3.125,8.75,3.375],"rotation":0,"texture":"#0","tintindex":0},"south":{"uv":[7.25,8.25,7.625,8.5],"rotation":0,"texture":"#0","tintindex":0},"north":{"uv":[4.125,2.75,4.5,3.0],"rotation":0,"texture":"#0","tintindex":0},"west":{"uv":[8.25,3.5,8.75,3.75],"rotation":0,"texture":"#0","tintindex":0},"up":{"uv":[8.125,3.625,7.75,3.125],"rotation":0,"texture":"#0","tintindex":0},"down":{"uv":[8.125,3.75,7.75,4.25],"rotation":0,"texture":"#0","tintindex":0}}},{"from":[6.7354355,5.4137125,5.3066134],"to":[7.3757215,7.1211414,6.160328],"rotation":{"angle":22.5,"axis":"x","origin":[7.994664,8.003168,8.040845]},"faces":{"east":{"uv":[1.25,8.375,1.375,8.625],"rotation":0,"texture":"#0","tintindex":0},"south":{"uv":[6.625,8.375,6.75,8.625],"rotation":0,"texture":"#0","tintindex":0},"north":{"uv":[7.0,0.5,7.125,0.75],"rotation":0,"texture":"#0","tintindex":0},"west":{"uv":[1.5,8.5,1.625,8.75],"rotation":0,"texture":"#0","tintindex":0},"up":{"uv":[8.75,4.875,8.625,4.75],"rotation":0,"texture":"#0","tintindex":0},"down":{"uv":[5.125,8.625,5.0,8.75],"rotation":0,"texture":"#0","tintindex":0}}},{"from":[8.613607,5.4137125,5.3066134],"to":[9.253893,7.1211414,6.160328],"rotation":{"angle":22.5,"axis":"x","origin":[7.994664,8.003168,8.040845]},"faces":{"east":{"uv":[1.25,8.375,1.375,8.625],"rotation":0,"texture":"#0","tintindex":0},"south":{"uv":[6.625,8.375,6.75,8.625],"rotation":0,"texture":"#0","tintindex":0},"north":{"uv":[7.0,0.5,7.125,0.75],"rotation":0,"texture":"#0","tintindex":0},"west":{"uv":[1.5,8.5,1.625,8.75],"rotation":0,"texture":"#0","tintindex":0},"up":{"uv":[8.75,4.875,8.625,4.75],"rotation":0,"texture":"#0","tintindex":0},"down":{"uv":[5.125,8.625,5.0,8.75],"rotation":0,"texture":"#0","tintindex":0}}},{"from":[7.695864,5.4137125,5.3066134],"to":[8.33615,7.1211414,6.160328],"rotation":{"angle":22.5,"axis":"x","origin":[7.994664,8.003168,8.040845]},"faces":{"east":{"uv":[1.25,8.375,1.375,8.625],"rotation":0,"texture":"#0","tintindex":0},"south":{"uv":[6.625,8.375,6.75,8.625],"rotation":0,"texture":"#0","tintindex":0},"north":{"uv":[7.0,0.5,7.125,0.75],"rotation":0,"texture":"#0","tintindex":0},"west":{"uv":[1.5,8.5,1.625,8.75],"rotation":0,"texture":"#0","tintindex":0},"up":{"uv":[8.75,4.875,8.625,4.75],"rotation":0,"texture":"#0","tintindex":0},"down":{"uv":[5.125,8.625,5.0,8.75],"rotation":0,"texture":"#0","tintindex":0}}}],"display":{"head":{"translation":[0.0,-6.4,0.0],"scale":[4.0,4.0,4.0]}}}