{"textures":{"0":"modelengine:entity/wolf"},"elements":[{"from":[7.1462855,3.4864697,5.8047047],"to":[10.561143,8.608755,10.0732765],"rotation":{"angle":-22.5,"axis":"x","origin":[8.0426855,8.059354,7.931175]},"faces":{"east":{"uv":[6.25,0.0,6.875,0.75],"rotation":0,"texture":"#0","tintindex":0},"south":{"uv":[1.625,6.625,2.125,7.375],"rotation":0,"texture":"#0","tintindex":0},"north":{"uv":[6.5,4.125,7.0,4.875],"rotation":0,"texture":"#0","tintindex":0},"west":{"uv":[0.875,6.25,1.5,7.0],"rotation":0,"texture":"#0","tintindex":0},"up":{"uv":[7.625,4.125,7.125,3.5],"rotation":0,"texture":"#0","tintindex":0},"down":{"uv":[7.625,4.25,7.125,4.875],"rotation":0,"texture":"#0","tintindex":0}}},{"from":[7.1462855,3.4864697,10.0732765],"to":[7.1462855,8.608755,12.634419],"rotation":{"angle":-22.5,"axis":"x","origin":[8.0426855,8.059354,7.931175]},"faces":{"east":{"uv":[7.625,0.5,7.25,1.25],"rotation":0,"texture":"#0","tintindex":0},"south":{"uv":[5.0,6.375,5.0,7.125],"rotation":0,"texture":"#0","tintindex":0},"north":{"uv":[0.875,5.375,0.875,6.125],"rotation":0,"texture":"#0","tintindex":0},"west":{"uv":[7.25,0.5,7.625,1.25],"rotation":0,"texture":"#0","tintindex":0},"up":{"uv":[1.25,2.625,1.25,2.25],"rotation":0,"texture":"#0","tintindex":0},"down":{"uv":[1.125,3.375,1.125,3.75],"rotation":0,"texture":"#0","tintindex":0}}}],"display":{"head":{"translation":[0.0,-6.4,0.0],"scale":[4.0,4.0,4.0]}}}