{"textures":{"0":"modelengine:entity/wolf"},"elements":[{"from":[6.7247643,6.441505,5.415105],"to":[9.285908,8.148933,8.829962],"rotation":{"angle":0.0,"axis":"y","origin":[8.005336,8.003168,8.040845]},"faces":{"east":{"uv":[8.75,3.5,8.25,3.75],"rotation":0,"texture":"#0","tintindex":0},"south":{"uv":[7.625,8.25,7.25,8.5],"rotation":0,"texture":"#0","tintindex":0},"north":{"uv":[4.5,2.75,4.125,3.0],"rotation":0,"texture":"#0","tintindex":0},"west":{"uv":[8.75,3.125,8.25,3.375],"rotation":0,"texture":"#0","tintindex":0},"up":{"uv":[7.75,3.625,8.125,3.125],"rotation":0,"texture":"#0","tintindex":0},"down":{"uv":[7.75,3.75,8.125,4.25],"rotation":0,"texture":"#0","tintindex":0}}},{"from":[8.624279,5.4137125,5.3066134],"to":[9.2645645,7.1211414,6.160328],"rotation":{"angle":22.5,"axis":"x","origin":[8.005336,8.003168,8.040845]},"faces":{"east":{"uv":[1.625,8.5,1.5,8.75],"rotation":0,"texture":"#0","tintindex":0},"south":{"uv":[6.75,8.375,6.625,8.625],"rotation":0,"texture":"#0","tintindex":0},"north":{"uv":[7.125,0.5,7.0,0.75],"rotation":0,"texture":"#0","tintindex":0},"west":{"uv":[1.375,8.375,1.25,8.625],"rotation":0,"texture":"#0","tintindex":0},"up":{"uv":[8.625,4.875,8.75,4.75],"rotation":0,"texture":"#0","tintindex":0},"down":{"uv":[5.0,8.625,5.125,8.75],"rotation":0,"texture":"#0","tintindex":0}}},{"from":[6.746107,5.4137125,5.3066134],"to":[7.3863926,7.1211414,6.160328],"rotation":{"angle":22.5,"axis":"x","origin":[8.005336,8.003168,8.040845]},"faces":{"east":{"uv":[1.625,8.5,1.5,8.75],"rotation":0,"texture":"#0","tintindex":0},"south":{"uv":[6.75,8.375,6.625,8.625],"rotation":0,"texture":"#0","tintindex":0},"north":{"uv":[7.125,0.5,7.0,0.75],"rotation":0,"texture":"#0","tintindex":0},"west":{"uv":[1.375,8.375,1.25,8.625],"rotation":0,"texture":"#0","tintindex":0},"up":{"uv":[8.625,4.875,8.75,4.75],"rotation":0,"texture":"#0","tintindex":0},"down":{"uv":[5.0,8.625,5.125,8.75],"rotation":0,"texture":"#0","tintindex":0}}},{"from":[7.66385,5.4137125,5.3066134],"to":[8.304135,7.1211414,6.160328],"rotation":{"angle":22.5,"axis":"x","origin":[8.005336,8.003168,8.040845]},"faces":{"east":{"uv":[1.625,8.5,1.5,8.75],"rotation":0,"texture":"#0","tintindex":0},"south":{"uv":[6.75,8.375,6.625,8.625],"rotation":0,"texture":"#0","tintindex":0},"north":{"uv":[7.125,0.5,7.0,0.75],"rotation":0,"texture":"#0","tintindex":0},"west":{"uv":[1.375,8.375,1.25,8.625],"rotation":0,"texture":"#0","tintindex":0},"up":{"uv":[8.625,4.875,8.75,4.75],"rotation":0,"texture":"#0","tintindex":0},"down":{"uv":[5.0,8.625,5.125,8.75],"rotation":0,"texture":"#0","tintindex":0}}}],"display":{"head":{"translation":[0.0,-6.4,0.0],"scale":[4.0,4.0,4.0]}}}