{"textures":{"0":"modelengine:entity/mso_snakewarrior1"},"elements":[{"from":[5.714286,11.428572,6.857143],"to":[10.285714,14.857143,9.142858],"rotation":{"angle":0.0,"axis":"y","origin":[8.0,1.1428566,8.0]},"faces":{"east":{"uv":[4.5,5.125,5.0,5.875],"rotation":0,"texture":"#0","tintindex":0},"south":{"uv":[2.75,3.5,3.75,4.25],"rotation":0,"texture":"#0","tintindex":0},"north":{"uv":[3.375,2.625,4.375,3.375],"rotation":0,"texture":"#0","tintindex":0},"west":{"uv":[5.125,5.125,5.625,5.875],"rotation":0,"texture":"#0","tintindex":0},"up":{"uv":[2.125,4.625,1.125,4.125],"rotation":0,"texture":"#0","tintindex":0},"down":{"uv":[3.25,4.375,2.25,4.875],"rotation":0,"texture":"#0","tintindex":0}}},{"from":[5.8571424,8.0,6.857143],"to":[10.142858,11.428572,9.142858],"rotation":{"angle":0.0,"axis":"y","origin":[8.0,-2.8571434,8.0]},"faces":{"east":{"uv":[0.875,5.5,1.375,6.25],"rotation":0,"texture":"#0","tintindex":0},"south":{"uv":[3.875,3.5,4.8125,4.25],"rotation":0,"texture":"#0","tintindex":0},"north":{"uv":[3.875,0.0,4.8125,0.75],"rotation":0,"texture":"#0","tintindex":0},"west":{"uv":[1.5,5.5,2.0,6.25],"rotation":0,"texture":"#0","tintindex":0},"up":{"uv":[4.3125,4.875,3.375,4.375],"rotation":0,"texture":"#0","tintindex":0},"down":{"uv":[5.4375,2.625,4.5,3.125],"rotation":0,"texture":"#0","tintindex":0}}},{"from":[5.714286,8.285714,6.714286],"to":[10.285714,8.857143,9.285714],"rotation":{"angle":0.0,"axis":"y","origin":[8.0,-2.5714293,8.0]},"faces":{"east":{"uv":[4.75,2.375,5.3125,2.5],"rotation":0,"texture":"#0","tintindex":0},"south":{"uv":[8.125,2.25,9.125,2.375],"rotation":0,"texture":"#0","tintindex":0},"north":{"uv":[8.125,2.0,9.125,2.125],"rotation":0,"texture":"#0","tintindex":0},"west":{"uv":[8.125,5.625,8.6875,5.75],"rotation":0,"texture":"#0","tintindex":0},"up":{"uv":[1.0,4.6875,0.0,4.125],"rotation":0,"texture":"#0","tintindex":0},"down":{"uv":[5.125,0.875,4.125,1.4375],"rotation":0,"texture":"#0","tintindex":0}}},{"from":[10.285714,5.428571,6.285714],"to":[10.285714,8.285714,9.714286],"rotation":{"angle":22.5,"axis":"z","origin":[10.285714,8.285714,8.0]},"faces":{"east":{"uv":[4.5,4.375,5.25,5.0],"rotation":0,"texture":"#0","tintindex":0},"south":{"uv":[1.25,9.25,1.25,9.875],"rotation":0,"texture":"#0","tintindex":0},"north":{"uv":[1.125,9.25,1.125,9.875],"rotation":0,"texture":"#0","tintindex":0},"west":{"uv":[1.125,4.75,1.875,5.375],"rotation":0,"texture":"#0","tintindex":0},"up":{"uv":[1.375,10.0,1.375,9.25],"rotation":0,"texture":"#0","tintindex":0},"down":{"uv":[1.5,9.25,1.5,10.0],"rotation":0,"texture":"#0","tintindex":0}}},{"from":[5.714286,5.428571,6.285714],"to":[5.714286,8.285714,9.714286],"rotation":{"angle":-22.5,"axis":"z","origin":[5.714286,8.285714,8.0]},"faces":{"east":{"uv":[4.75,1.625,5.5,2.25],"rotation":0,"texture":"#0","tintindex":0},"south":{"uv":[3.875,9.25,3.875,9.875],"rotation":0,"texture":"#0","tintindex":0},"north":{"uv":[1.625,9.25,1.625,9.875],"rotation":0,"texture":"#0","tintindex":0},"west":{"uv":[0.0,4.875,0.75,5.5],"rotation":0,"texture":"#0","tintindex":0},"up":{"uv":[4.0,10.0,4.0,9.25],"rotation":0,"texture":"#0","tintindex":0},"down":{"uv":[4.125,9.25,4.125,10.0],"rotation":0,"texture":"#0","tintindex":0}}}],"display":{"head":{"translation":[0.0,-6.4,0.0],"scale":[4.0,4.0,4.0]}}}