{"textures":{"0":"modelengine:entity/mso_snakewarrior1"},"elements":[{"from":[5.714286,8.0,5.714286],"to":[10.285714,12.571428,10.285714],"rotation":{"angle":0.0,"axis":"y","origin":[8.0,-5.714287,8.0]},"faces":{"east":{"uv":[1.625,1.125,2.625,2.125],"rotation":0,"texture":"#0","tintindex":0},"south":{"uv":[0.0,2.25,1.0,3.25],"rotation":0,"texture":"#0","tintindex":0},"north":{"uv":[1.625,0.0,2.625,1.0],"rotation":0,"texture":"#0","tintindex":0},"west":{"uv":[1.125,2.25,2.125,3.25],"rotation":0,"texture":"#0","tintindex":0},"up":{"uv":[3.25,3.25,2.25,2.25],"rotation":0,"texture":"#0","tintindex":0},"down":{"uv":[3.75,0.0,2.75,1.0],"rotation":0,"texture":"#0","tintindex":0}}},{"from":[10.285714,10.285714,6.857143],"to":[10.857143,11.428572,7.428571],"rotation":{"angle":0.0,"axis":"y","origin":[8.571428,-6.285715,6.285714]},"faces":{"east":{"uv":[7.5,3.25,7.625,3.5],"rotation":0,"texture":"#0","tintindex":0},"south":{"uv":[7.5,5.875,7.625,6.125],"rotation":0,"texture":"#0","tintindex":0},"north":{"uv":[5.0,0.5,5.125,0.75],"rotation":0,"texture":"#0","tintindex":0},"west":{"uv":[0.875,8.625,1.0,8.875],"rotation":0,"texture":"#0","tintindex":0},"up":{"uv":[2.75,9.0,2.625,8.875],"rotation":0,"texture":"#0","tintindex":0},"down":{"uv":[9.0,2.75,8.875,2.875],"rotation":0,"texture":"#0","tintindex":0}}},{"from":[10.571428,10.285714,7.1142855],"to":[11.142858,10.428572,7.257143],"rotation":{"angle":0.0,"axis":"y","origin":[8.857143,-7.285715,6.1142855]},"faces":{"east":{"uv":[9.125,4.75,9.1875,4.8125],"rotation":0,"texture":"#0","tintindex":0},"south":{"uv":[6.375,9.0,6.5,9.0625],"rotation":0,"texture":"#0","tintindex":0},"north":{"uv":[9.0,6.25,9.125,6.3125],"rotation":0,"texture":"#0","tintindex":0},"west":{"uv":[4.875,9.125,4.9375,9.1875],"rotation":0,"texture":"#0","tintindex":0},"up":{"uv":[7.0,9.0625,6.875,9.0],"rotation":0,"texture":"#0","tintindex":0},"down":{"uv":[9.125,6.875,9.0,6.9375],"rotation":0,"texture":"#0","tintindex":0}}},{"from":[10.571428,9.857143,7.1142855],"to":[11.142858,10.0,7.257143],"rotation":{"angle":0.0,"axis":"y","origin":[8.857143,-7.714287,6.1142855]},"faces":{"east":{"uv":[9.125,5.0,9.1875,5.0625],"rotation":0,"texture":"#0","tintindex":0},"south":{"uv":[7.375,9.0,7.5,9.0625],"rotation":0,"texture":"#0","tintindex":0},"north":{"uv":[7.125,9.0,7.25,9.0625],"rotation":0,"texture":"#0","tintindex":0},"west":{"uv":[5.125,9.125,5.1875,9.1875],"rotation":0,"texture":"#0","tintindex":0},"up":{"uv":[8.0,9.0625,7.875,9.0],"rotation":0,"texture":"#0","tintindex":0},"down":{"uv":[8.875,9.0,8.75,9.0625],"rotation":0,"texture":"#0","tintindex":0}}},{"from":[11.0,10.0,7.1142855],"to":[11.142858,10.285714,7.257143],"rotation":{"angle":0.0,"axis":"y","origin":[8.857143,-7.4285717,6.1142855]},"faces":{"east":{"uv":[9.125,5.5,9.1875,5.5625],"rotation":0,"texture":"#0","tintindex":0},"south":{"uv":[5.625,9.125,5.6875,9.1875],"rotation":0,"texture":"#0","tintindex":0},"north":{"uv":[5.375,9.125,5.4375,9.1875],"rotation":0,"texture":"#0","tintindex":0},"west":{"uv":[9.125,5.75,9.1875,5.8125],"rotation":0,"texture":"#0","tintindex":0},"up":{"uv":[5.9375,9.1875,5.875,9.125],"rotation":0,"texture":"#0","tintindex":0},"down":{"uv":[9.1875,6.0,9.125,6.0625],"rotation":0,"texture":"#0","tintindex":0}}},{"from":[4.8571424,9.857143,7.1142855],"to":[5.428571,10.0,7.257143],"rotation":{"angle":0.0,"axis":"y","origin":[7.142857,-7.714287,6.1142855]},"faces":{"east":{"uv":[9.25,0.25,9.3125,0.3125],"rotation":0,"texture":"#0","tintindex":0},"south":{"uv":[9.125,1.5,9.25,1.5625],"rotation":0,"texture":"#0","tintindex":0},"north":{"uv":[9.125,1.25,9.25,1.3125],"rotation":0,"texture":"#0","tintindex":0},"west":{"uv":[0.5,9.25,0.5625,9.3125],"rotation":0,"texture":"#0","tintindex":0},"up":{"uv":[1.875,9.1875,1.75,9.125],"rotation":0,"texture":"#0","tintindex":0},"down":{"uv":[9.25,1.75,9.125,1.8125],"rotation":0,"texture":"#0","tintindex":0}}},{"from":[4.8571424,10.0,7.1142855],"to":[5.0,10.285714,7.257143],"rotation":{"angle":0.0,"axis":"y","origin":[7.142857,-7.4285717,6.1142855]},"faces":{"east":{"uv":[9.125,8.125,9.1875,8.1875],"rotation":0,"texture":"#0","tintindex":0},"south":{"uv":[8.375,9.125,8.4375,9.1875],"rotation":0,"texture":"#0","tintindex":0},"north":{"uv":[8.125,9.125,8.1875,9.1875],"rotation":0,"texture":"#0","tintindex":0},"west":{"uv":[9.125,8.375,9.1875,8.4375],"rotation":0,"texture":"#0","tintindex":0},"up":{"uv":[9.3125,0.0625,9.25,0.0],"rotation":0,"texture":"#0","tintindex":0},"down":{"uv":[0.3125,9.25,0.25,9.3125],"rotation":0,"texture":"#0","tintindex":0}}},{"from":[4.8571424,10.285714,7.1142855],"to":[5.428571,10.428572,7.257143],"rotation":{"angle":0.0,"axis":"y","origin":[7.142857,-7.285715,6.1142855]},"faces":{"east":{"uv":[9.125,7.625,9.1875,7.6875],"rotation":0,"texture":"#0","tintindex":0},"south":{"uv":[9.0,9.0,9.125,9.0625],"rotation":0,"texture":"#0","tintindex":0},"north":{"uv":[9.0,8.75,9.125,8.8125],"rotation":0,"texture":"#0","tintindex":0},"west":{"uv":[9.125,7.875,9.1875,7.9375],"rotation":0,"texture":"#0","tintindex":0},"up":{"uv":[0.125,9.1875,0.0,9.125],"rotation":0,"texture":"#0","tintindex":0},"down":{"uv":[9.25,1.0,9.125,1.0625],"rotation":0,"texture":"#0","tintindex":0}}},{"from":[10.571428,10.0,7.1142855],"to":[10.714286,10.285714,7.257143],"rotation":{"angle":0.0,"axis":"y","origin":[8.428572,-7.4285717,6.1142855]},"faces":{"east":{"uv":[9.125,6.5,9.1875,6.5625],"rotation":0,"texture":"#0","tintindex":0},"south":{"uv":[6.625,9.125,6.6875,9.1875],"rotation":0,"texture":"#0","tintindex":0},"north":{"uv":[6.125,9.125,6.1875,9.1875],"rotation":0,"texture":"#0","tintindex":0},"west":{"uv":[9.125,7.125,9.1875,7.1875],"rotation":0,"texture":"#0","tintindex":0},"up":{"uv":[9.1875,7.4375,9.125,7.375],"rotation":0,"texture":"#0","tintindex":0},"down":{"uv":[7.6875,9.125,7.625,9.1875],"rotation":0,"texture":"#0","tintindex":0}}},{"from":[5.142857,10.285714,6.857143],"to":[5.714286,11.428572,7.428571],"rotation":{"angle":0.0,"axis":"y","origin":[7.428571,-6.285715,6.285714]},"faces":{"east":{"uv":[1.375,8.625,1.5,8.875],"rotation":0,"texture":"#0","tintindex":0},"south":{"uv":[8.625,1.375,8.75,1.625],"rotation":0,"texture":"#0","tintindex":0},"north":{"uv":[1.125,8.625,1.25,8.875],"rotation":0,"texture":"#0","tintindex":0},"west":{"uv":[1.625,8.625,1.75,8.875],"rotation":0,"texture":"#0","tintindex":0},"up":{"uv":[3.0,9.0,2.875,8.875],"rotation":0,"texture":"#0","tintindex":0},"down":{"uv":[3.25,8.875,3.125,9.0],"rotation":0,"texture":"#0","tintindex":0}}},{"from":[7.428571,6.857143,4.8571424],"to":[8.571428,8.571428,5.428571],"rotation":{"angle":0.0,"axis":"y","origin":[8.0,-5.714287,3.142857]},"faces":{"east":{"uv":[4.0,8.25,4.125,8.625],"rotation":0,"texture":"#0","tintindex":0},"south":{"uv":[4.375,6.0,4.625,7.5],"rotation":0,"texture":"#0","tintindex":0},"north":{"uv":[4.0,6.625,4.25,7.0],"rotation":0,"texture":"#0","tintindex":0},"west":{"uv":[3.125,8.375,3.25,8.75],"rotation":0,"texture":"#0","tintindex":0},"up":{"uv":[5.5,1.5,5.25,1.375],"rotation":0,"texture":"#0","tintindex":0},"down":{"uv":[6.75,1.125,6.5,1.25],"rotation":0,"texture":"#0","tintindex":0}}},{"from":[7.428571,9.142858,4.8571424],"to":[8.571428,13.714286,5.428571],"rotation":{"angle":0.0,"axis":"y","origin":[8.0,-5.714287,3.142857]},"faces":{"east":{"uv":[4.0,7.125,4.125,8.125],"rotation":0,"texture":"#0","tintindex":0},"south":{"uv":[4.375,6.0,4.625,7.0],"rotation":0,"texture":"#0","tintindex":0},"north":{"uv":[4.0,5.5,4.25,6.5],"rotation":0,"texture":"#0","tintindex":0},"west":{"uv":[3.125,7.25,3.25,8.25],"rotation":0,"texture":"#0","tintindex":0},"up":{"uv":[5.5,1.5,5.25,1.375],"rotation":0,"texture":"#0","tintindex":0},"down":{"uv":[6.75,1.125,6.5,1.25],"rotation":0,"texture":"#0","tintindex":0}}},{"from":[10.142858,9.714286,5.5714283],"to":[10.714286,11.428572,5.8571424],"rotation":{"angle":0.0,"axis":"y","origin":[7.857143,-5.714287,3.4285712]},"faces":{"east":{"uv":[8.625,5.875,8.6875,6.25],"rotation":0,"texture":"#0","tintindex":0},