{"textures":{"0":"modelengine:entity/mso_snakewarrior1"},"elements":[{"from":[7.7141714,7.6380954,-0.8321371],"to":[8.2856,8.209524,10.025006],"rotation":{"angle":0.0,"axis":"y","origin":[4.8570285,0.20952368,11.453578]},"faces":{"east":{"uv":[6.25,0.0,8.625,0.125],"rotation":0,"texture":"#0","tintindex":0},"south":{"uv":[8.75,8.75,8.875,8.875],"rotation":0,"texture":"#0","tintindex":0},"north":{"uv":[4.0,8.75,4.125,8.875],"rotation":0,"texture":"#0","tintindex":0},"west":{"uv":[6.25,0.25,8.625,0.375],"rotation":0,"texture":"#0","tintindex":0},"up":{"uv":[5.5,8.375,5.375,6.0],"rotation":0,"texture":"#0","tintindex":0},"down":{"uv":[3.875,6.375,3.75,8.75],"rotation":0,"texture":"#0","tintindex":0}}},{"from":[7.692743,7.616667,7.1678634],"to":[8.307029,8.230952,8.88215],"rotation":{"angle":0.0,"axis":"y","origin":[4.8570285,0.20952368,10.31072]},"faces":{"east":{"uv":[7.75,8.375,8.125,8.5],"rotation":0,"texture":"#0","tintindex":0},"south":{"uv":[8.875,2.5,9.0,2.625],"rotation":0,"texture":"#0","tintindex":0},"north":{"uv":[2.125,8.875,2.25,9.0],"rotation":0,"texture":"#0","tintindex":0},"west":{"uv":[8.375,7.875,8.75,8.0],"rotation":0,"texture":"#0","tintindex":0},"up":{"uv":[3.5,8.75,3.375,8.375],"rotation":0,"texture":"#0","tintindex":0},"down":{"uv":[8.5,8.125,8.375,8.5],"rotation":0,"texture":"#0","tintindex":0}}},{"from":[7.7170286,7.7160077,-1.0196848],"to":[8.284457,8.2874365,-0.16254234],"rotation":{"angle":-22.5,"axis":"x","origin":[8.2856,8.144579,-0.73397064]},"faces":{"east":{"uv":[8.625,5.25,8.8125,5.375],"rotation":0,"texture":"#0","tintindex":0},"south":{"uv":[8.875,1.25,9.0,1.375],"rotation":0,"texture":"#0","tintindex":0},"north":{"uv":[0.0,8.875,0.125,9.0],"rotation":0,"texture":"#0","tintindex":0},"west":{"uv":[8.625,6.375,8.8125,6.5],"rotation":0,"texture":"#0","tintindex":0},"up":{"uv":[6.5,8.8125,6.375,8.625],"rotation":0,"texture":"#0","tintindex":0},"down":{"uv":[8.75,6.625,8.625,6.8125],"rotation":0,"texture":"#0","tintindex":0}}},{"from":[7.7170286,7.5601826,-1.0196848],"to":[8.284457,8.131612,-0.16254234],"rotation":{"angle":22.5,"axis":"x","origin":[8.2856,7.70304,-0.73397064]},"faces":{"east":{"uv":[8.625,7.0,8.8125,7.125],"rotation":0,"texture":"#0","tintindex":0},"south":{"uv":[1.875,8.875,2.0,9.0],"rotation":0,"texture":"#0","tintindex":0},"north":{"uv":[8.875,1.5,9.0,1.625],"rotation":0,"texture":"#0","tintindex":0},"west":{"uv":[7.625,8.625,7.8125,8.75],"rotation":0,"texture":"#0","tintindex":0},"up":{"uv":[8.125,8.8125,8.0,8.625],"rotation":0,"texture":"#0","tintindex":0},"down":{"uv":[8.75,8.125,8.625,8.3125],"rotation":0,"texture":"#0","tintindex":0}}},{"from":[7.7141714,8.066667,-1.1178513],"to":[8.2856,8.209524,-0.8321371],"rotation":{"angle":0.0,"axis":"y","origin":[4.8570285,0.20952368,11.453578]},"faces":{"east":{"uv":[2.5,9.125,2.5625,9.1875],"rotation":0,"texture":"#0","tintindex":0},"south":{"uv":[9.0,0.75,9.125,0.8125],"rotation":0,"texture":"#0","tintindex":0},"north":{"uv":[0.75,9.0,0.875,9.0625],"rotation":0,"texture":"#0","tintindex":0},"west":{"uv":[9.125,2.5,9.1875,2.5625],"rotation":0,"texture":"#0","tintindex":0},"up":{"uv":[1.125,9.0625,1.0,9.0],"rotation":0,"texture":"#0","tintindex":0},"down":{"uv":[1.375,9.0,1.25,9.0625],"rotation":0,"texture":"#0","tintindex":0}}},{"from":[7.7141714,7.6380954,-1.1178513],"to":[8.2856,7.7809525,-0.8321371],"rotation":{"angle":0.0,"axis":"y","origin":[4.8570285,0.20952368,11.453578]},"faces":{"east":{"uv":[2.75,9.125,2.8125,9.1875],"rotation":0,"texture":"#0","tintindex":0},"south":{"uv":[3.875,9.0,4.0,9.0625],"rotation":0,"texture":"#0","tintindex":0},"north":{"uv":[1.5,9.0,1.625,9.0625],"rotation":0,"texture":"#0","tintindex":0},"west":{"uv":[9.125,2.75,9.1875,2.8125],"rotation":0,"texture":"#0","tintindex":0},"up":{"uv":[4.25,9.0625,4.125,9.0],"rotation":0,"texture":"#0","tintindex":0},"down":{"uv":[9.125,5.25,9.0,5.3125],"rotation":0,"texture":"#0","tintindex":0}}},{"from":[8.142743,7.7809525,-1.1178513],"to":[8.2856,8.066667,-0.8321371],"rotation":{"angle":0.0,"axis":"y","origin":[4.8570285,0.20952368,11.453578]},"faces":{"east":{"uv":[9.125,3.0,9.1875,3.0625],"rotation":0,"texture":"#0","tintindex":0},"south":{"uv":[3.25,9.125,3.3125,9.1875],"rotation":0,"texture":"#0","tintindex":0},"north":{"uv":[3.0,9.125,3.0625,9.1875],"rotation":0,"texture":"#0","tintindex":0},"west":{"uv":[9.125,3.25,9.1875,3.3125],"rotation":0,"texture":"#0","tintindex":0},"up":{"uv":[3.5625,9.1875,3.5,9.125],"rotation":0,"texture":"#0","tintindex":0},"down":{"uv":[9.1875,3.5,9.125,3.5625],"rotation":0,"texture":"#0","tintindex":0}}},{"from":[7.7141714,7.7809525,-1.1178513],"to":[7.8570285,8.066667,-0.8321371],"rotation":{"angle":0.0,"axis":"y","origin":[4.8570285,0.20952368,11.453578]},"faces":{"east":{"uv":[9.125,4.0,9.1875,4.0625],"rotation":0,"texture":"#0","tintindex":0},"south":{"uv":[9.125,4.25,9.1875,4.3125],"rotation":0,"texture":"#0","tintindex":0},"north":{"uv":[9.125,3.75,9.1875,3.8125],"rotation":0,"texture":"#0","tintindex":0},"west":{"uv":[4.375,9.125,4.4375,9.1875],"rotation":0,"texture":"#0","tintindex":0},"up":{"uv":[9.1875,4.5625,9.125,4.5],"rotation":0,"texture":"#0","tintindex":0},"down":{"uv":[4.6875,9.125,4.625,9.1875],"rotation":0,"texture":"#0","tintindex":0}}},{"from":[7.5713143,7.4952383,2.0250063],"to":[8.428457,8.352381,3.7392921],"rotation":{"angle":0.0,"axis":"y","origin":[4.8570285,0.20952368,11.453578]},"faces":{"east":{"uv":[0.0,8.25,0.375,8.4375],"rotation":0,"texture":"#0","tintindex":0},"south":{"uv":[8.5,4.625,8.6875,4.8125],"rotation":0,"texture":"#0","tintindex":0},"north":{"uv":[4.5,8.5,4.6875,8.6875],"rotation":0,"texture":"#0","tintindex":0},"west":{"uv":[8.25,0.5,8.625,0.6875],"rotation":0,"texture":"#0","tintindex":0},"up":{"uv":[5.1875,4.125,5.0,3.75],"rotation":0,"texture":"#0","tintindex":0},"down":{"uv":[5.5625,4.625,5.375,5.0],"rotation":0,"texture":"#0","tintindex":0}}},{"from":[7.4284573,7.3523808,-0.26070786],"to":[8.571314,8.495238,0.88214874],"rotation":{"angle":0.0,"axis":"y","origin":[4.8570285,0.20952368,11.453578]},"faces":{"east":{"uv":[8.25,5.875,8.5,6.125],"rotation":0,"texture":"#0","tintindex":0},"south":{"uv":[8.25,6.25,8.5,6.5],"rotation":0,"texture":"#0","tintindex":0},"north":{"uv":[8.25,3.625,8.5,3.875],"rotation":0,"texture":"#0","tintindex":0},"west":{"uv":[8.25,6.625,8.5,6.875],"rotation":0,"texture":"#0","tintindex":0},"up":{"uv":[8.5,7.25,8.25,7.0],"rotation":0,"texture":"#0","tintindex":0},"down":{"uv":[0.75,8.375,0.5,8.625],"rotation":0,"texture":"#0","tintindex":0}}},{"from":[6.8570285,8.209524,0.88214874],"to":[9.142743,10.495238,0.88214874],"rotation":{"angle":45.0,"axis":"x","origin":[7.9998856,8.209524,0.88214874]},"faces":{"east":{"uv":[4.25,9.25,4.25,9.75],"rotation":0,"texture":"#0","tintindex":0},"south":{"uv":[7.125,6.375,6.625,6.875],"rotation":0,"texture":"#0","tintindex":0},"north":{"uv":[6.625,6.375,7.125,6.875],"rotation":0,"texture":"#0","tintindex":0},"west":{"uv":[6.375,9.25,6.375,9.75],"rotation":0,"texture":"#0","tintindex":0},"up":{"uv":[3.25,3.375,2.75,3.375],"rotation":0,"texture":"#0","tintindex":0},"down":{"uv":[6.125,3.125,5.625,3.125],"rotation":0,"texture":"#0","tintindex":0}}},{"from":[6.8570285,5.3523808,0.88214874],"to":[9.142743,7.6380954,0.88214874],"rotation":{"angle":-45.0,"axis":"x","origin":[7.9998856,7.6380954,0.88214874]},"faces":{"east":{"uv":[7.25,9.25,7.25,9.75],"rotation":0,"texture":"#0","tintindex":0},"south":{"uv":[5.25,6.875,4.75,7.375],"rotation":0,"texture":"#0","tintindex":0},"north":{"uv":[4.75,6.875,5.25,7.375],"rotation":0,"texture":"#0","tintindex":0},"west":{"uv":[7.375,9.25,7.375,9.75],"rotation":0,"texture":"#0","tintindex":0},"up":{"uv":[9.75,6.25,9.25,6.25],"rotation":0,"texture":"#0","tintindex":0},"down":{"uv":[9.75,6.375,9.25,6.375],"rotation":0,"texture":"#0","tintindex":0}}},{"from":[5.4284573,6.7809525,0.88214874],"to":[7.7141714,9.066667,0.88214874],"rotation":{"angle":45.0,"axis":"y","origin":[7.7141714,7.9238095,0.88214874]},