{"textures":{"0":"modelengine:entity/skeletonspear"},"elements":[{"from":[7.6887302,9.3714285,7.7714286],"to":[8.374444,10.4,8.4],"rotation":{"angle":0.0,"axis":"y","origin":[10.0,12.628572,7.428571]},"faces":{"east":{"uv":[15.25,12.25,15.5,12.6875],"rotation":0,"texture":"#0","tintindex":0},"south":{"uv":[7.0,15.25,7.3125,15.6875],"rotation":0,"texture":"#0","tintindex":0},"north":{"uv":[15.25,5.75,15.5625,6.1875],"rotation":0,"texture":"#0","tintindex":0},"west":{"uv":[15.25,13.25,15.5,13.6875],"rotation":0,"texture":"#0","tintindex":0},"up":{"uv":[8.5625,15.75,8.25,15.5],"rotation":0,"texture":"#0","tintindex":0},"down":{"uv":[15.8125,8.5,15.5,8.75],"rotation":0,"texture":"#0","tintindex":0}}},{"from":[7.4030156,9.6,7.6571426],"to":[8.660158,10.228572,8.514286],"rotation":{"angle":0.0,"axis":"y","origin":[10.0,11.828571,7.428571]},"faces":{"east":{"uv":[15.5,2.25,15.875,2.5],"rotation":0,"texture":"#0","tintindex":0},"south":{"uv":[15.25,2.5,15.8125,2.75],"rotation":0,"texture":"#0","tintindex":0},"north":{"uv":[2.25,15.25,2.8125,15.5],"rotation":0,"texture":"#0","tintindex":0},"west":{"uv":[4.0,15.5,4.375,15.75],"rotation":0,"texture":"#0","tintindex":0},"up":{"uv":[15.0625,9.625,14.5,9.25],"rotation":0,"texture":"#0","tintindex":0},"down":{"uv":[15.0625,11.0,14.5,11.375],"rotation":0,"texture":"#0","tintindex":0}}},{"from":[6.5458727,7.542857,7.2],"to":[9.517302,9.3714285,8.4],"rotation":{"angle":0.0,"axis":"y","origin":[10.0,12.628572,7.428571]},"faces":{"east":{"uv":[7.75,11.25,8.25,12.0625],"rotation":0,"texture":"#0","tintindex":0},"south":{"uv":[2.75,7.75,4.0625,8.5625],"rotation":0,"texture":"#0","tintindex":0},"north":{"uv":[0.25,7.0,1.5625,7.8125],"rotation":0,"texture":"#0","tintindex":0},"west":{"uv":[4.5,11.5,5.0,12.3125],"rotation":0,"texture":"#0","tintindex":0},"up":{"uv":[4.0625,9.25,2.75,8.75],"rotation":0,"texture":"#0","tintindex":0},"down":{"uv":[10.0625,4.5,8.75,5.0],"rotation":0,"texture":"#0","tintindex":0}}}],"display":{"head":{"translation":[0.0,-6.4,0.0],"scale":[4.0,4.0,4.0]}}}