{"textures":{"0":"modelengine:entity/skeletonspear"},"elements":[{"from":[6.748312,9.3714285,4.9142857],"to":[7.3197403,9.942858,5.485714],"rotation":{"angle":45.0,"axis":"z","origin":[8.691169,8.285714,6.742857]},"faces":{"east":{"uv":[1.5,11.0,1.75,11.25],"rotation":0,"texture":"#0","tintindex":0},"south":{"uv":[8.0,11.0,8.25,11.25],"rotation":0,"texture":"#0","tintindex":0},"north":{"uv":[3.25,10.0,3.5,10.25],"rotation":0,"texture":"#0","tintindex":0},"west":{"uv":[3.0,11.25,3.25,11.5],"rotation":0,"texture":"#0","tintindex":0},"up":{"uv":[5.25,11.75,5.0,11.5],"rotation":0,"texture":"#0","tintindex":0},"down":{"uv":[0.5,11.75,0.25,12.0],"rotation":0,"texture":"#0","tintindex":0}}},{"from":[6.717013,6.7693977,6.8],"to":[9.0027275,9.112255,7.4857144],"rotation":{"angle":22.5,"axis":"x","origin":[7.85987,7.512255,6.742857]},"faces":{"east":{"uv":[13.0,11.25,13.3125,12.25],"rotation":0,"texture":"#0","tintindex":0},"south":{"uv":[7.75,4.5,8.75,5.5],"rotation":0,"texture":"#0","tintindex":0},"north":{"uv":[4.25,2.0,5.25,3.0],"rotation":0,"texture":"#0","tintindex":0},"west":{"uv":[12.0,13.0,12.3125,14.0],"rotation":0,"texture":"#0","tintindex":0},"up":{"uv":[13.5,13.3125,12.5,13.0],"rotation":0,"texture":"#0","tintindex":0},"down":{"uv":[1.25,13.25,0.25,13.5625],"rotation":0,"texture":"#0","tintindex":0}}},{"from":[7.02113,6.540827,5.034718],"to":[8.69861,7.3408265,5.7204323],"rotation":{"angle":0.0,"axis":"y","origin":[7.8986106,7.512255,6.4632893]},"faces":{"east":{"uv":[7.5,15.25,7.8125,15.625],"rotation":0,"texture":"#0","tintindex":0},"south":{"uv":[13.25,8.0,14.0,8.375],"rotation":0,"texture":"#0","tintindex":0},"north":{"uv":[13.25,7.5,14.0,7.875],"rotation":0,"texture":"#0","tintindex":0},"west":{"uv":[15.25,7.5,15.5625,7.875],"rotation":0,"texture":"#0","tintindex":0},"up":{"uv":[6.25,14.8125,5.5,14.5],"rotation":0,"texture":"#0","tintindex":0},"down":{"uv":[15.25,5.75,14.5,6.0625],"rotation":0,"texture":"#0","tintindex":0}}},{"from":[6.717013,7.569398,4.971429],"to":[9.0027275,8.083684,5.714286],"rotation":{"angle":0.0,"axis":"y","origin":[7.85987,7.512255,6.4]},"faces":{"east":{"uv":[15.5,6.25,15.8125,6.5],"rotation":0,"texture":"#0","tintindex":0},"south":{"uv":[14.5,1.5,15.5,1.75],"rotation":0,"texture":"#0","tintindex":0},"north":{"uv":[6.75,3.5,7.75,3.75],"rotation":0,"texture":"#0","tintindex":0},"west":{"uv":[6.5,15.5,6.8125,15.75],"rotation":0,"texture":"#0","tintindex":0},"up":{"uv":[14.25,0.8125,13.25,0.5],"rotation":0,"texture":"#0","tintindex":0},"down":{"uv":[14.25,1.0,13.25,1.3125],"rotation":0,"texture":"#0","tintindex":0}}},{"from":[6.1455846,8.083684,5.028571],"to":[9.574156,10.940826,8.457143],"rotation":{"angle":0.0,"axis":"y","origin":[7.85987,7.512255,6.742857]},"faces":{"east":{"uv":[5.25,0.0,6.75,1.25],"rotation":0,"texture":"#0","tintindex":0},"south":{"uv":[5.25,1.25,6.75,2.5],"rotation":0,"texture":"#0","tintindex":0},"north":{"uv":[3.75,5.0,5.25,6.25],"rotation":0,"texture":"#0","tintindex":0},"west":{"uv":[5.25,2.5,6.75,3.75],"rotation":0,"texture":"#0","tintindex":0},"up":{"uv":[4.25,1.5,2.75,0.0],"rotation":0,"texture":"#0","tintindex":0},"down":{"uv":[4.25,1.5,2.75,3.0],"rotation":0,"texture":"#0","tintindex":0}}},{"from":[6.4312987,6.540827,5.485714],"to":[7.117013,7.0551124,7.542857],"rotation":{"angle":-22.5,"axis":"y","origin":[7.85987,7.512255,6.742857]},"faces":{"east":{"uv":[14.5,2.25,15.375,2.5],"rotation":0,"texture":"#0","tintindex":0},"south":{"uv":[15.5,6.75,15.8125,7.0],"rotation":0,"texture":"#0","tintindex":0},"north":{"uv":[15.5,6.5,15.8125,6.75],"rotation":0,"texture":"#0","tintindex":0},"west":{"uv":[14.5,6.25,15.375,6.5],"rotation":0,"texture":"#0","tintindex":0},"up":{"uv":[11.5625,14.875,11.25,14.0],"rotation":0,"texture":"#0","tintindex":0},"down":{"uv":[13.0625,14.0,12.75,14.875],"rotation":0,"texture":"#0","tintindex":0}}},{"from":[8.602727,6.540827,5.485714],"to":[9.288442,7.0551124,7.542857],"rotation":{"angle":22.5,"axis":"y","origin":[7.85987,7.512255,6.742857]},"faces":{"east":{"uv":[14.5,6.5,15.375,6.75],"rotation":0,"texture":"#0","tintindex":0},"south":{"uv":[15.5,7.25,15.8125,7.5],"rotation":0,"texture":"#0","tintindex":0},"north":{"uv":[15.5,7.0,15.8125,7.25],"rotation":0,"texture":"#0","tintindex":0},"west":{"uv":[14.5,7.25,15.375,7.5],"rotation":0,"texture":"#0","tintindex":0},"up":{"uv":[14.5625,3.375,14.25,2.5],"rotation":0,"texture":"#0","tintindex":0},"down":{"uv":[3.3125,14.25,3.0,15.125],"rotation":0,"texture":"#0","tintindex":0}}},{"from":[8.4,9.3714285,4.9142857],"to":[8.971429,9.942858,5.485714],"rotation":{"angle":-45.0,"axis":"z","origin":[7.028571,8.285714,6.742857]},"faces":{"east":{"uv":[1.25,12.5,1.5,12.75],"rotation":0,"texture":"#0","tintindex":0},"south":{"uv":[6.0,12.5,6.25,12.75],"rotation":0,"texture":"#0","tintindex":0},"north":{"uv":[5.5,11.75,5.75,12.0],"rotation":0,"texture":"#0","tintindex":0},"west":{"uv":[13.25,6.75,13.5,7.0],"rotation":0,"texture":"#0","tintindex":0},"up":{"uv":[13.75,12.25,13.5,12.0],"rotation":0,"texture":"#0","tintindex":0},"down":{"uv":[14.0,10.5,13.75,10.75],"rotation":0,"texture":"#0","tintindex":0}}}],"display":{"head":{"translation":[0.0,-6.4,0.0],"scale":[4.0,4.0,4.0]}}}