{"textures":{"0":"modelengine:entity/skeletonspear"},"elements":[{"from":[5.2539825,4.9254847,7.2],"to":[6.5111256,6.1826277,8.4],"rotation":{"angle":45.0,"axis":"z","origin":[8.0,7.142859,8.0]},"faces":{"east":{"uv":[9.75,13.25,10.25,13.8125],"rotation":0,"texture":"#0","tintindex":0},"south":{"uv":[12.25,9.25,12.8125,9.8125],"rotation":0,"texture":"#0","tintindex":0},"north":{"uv":[12.25,8.5,12.8125,9.0625],"rotation":0,"texture":"#0","tintindex":0},"west":{"uv":[13.25,10.0,13.75,10.5625],"rotation":0,"texture":"#0","tintindex":0},"up":{"uv":[10.8125,13.75,10.25,13.25],"rotation":0,"texture":"#0","tintindex":0},"down":{"uv":[13.8125,10.75,13.25,11.25],"rotation":0,"texture":"#0","tintindex":0}}},{"from":[7.054127,4.3428583,7.3714285],"to":[8.196984,6.742859,8.228572],"rotation":{"angle":0.0,"axis":"y","origin":[8.0,7.142859,8.0]},"faces":{"east":{"uv":[5.0,11.75,5.375,12.8125],"rotation":0,"texture":"#0","tintindex":0},"south":{"uv":[9.5,9.0,10.0,10.0625],"rotation":0,"texture":"#0","tintindex":0},"north":{"uv":[5.75,9.25,6.25,10.3125],"rotation":0,"texture":"#0","tintindex":0},"west":{"uv":[8.25,11.75,8.625,12.8125],"rotation":0,"texture":"#0","tintindex":0},"up":{"uv":[15.25,0.375,14.75,0.0],"rotation":0,"texture":"#0","tintindex":0},"down":{"uv":[3.0,14.75,2.5,15.125],"rotation":0,"texture":"#0","tintindex":0}}},{"from":[6.9682684,6.6969137,7.2],"to":[8.225411,7.9540567,8.4],"rotation":{"angle":45.0,"axis":"z","origin":[8.0,7.142859,8.0]},"faces":{"east":{"uv":[11.0,13.25,11.5,13.8125],"rotation":0,"texture":"#0","tintindex":0},"south":{"uv":[12.25,10.75,12.8125,11.3125],"rotation":0,"texture":"#0","tintindex":0},"north":{"uv":[12.25,10.0,12.8125,10.5625],"rotation":0,"texture":"#0","tintindex":0},"west":{"uv":[13.25,12.25,13.75,12.8125],"rotation":0,"texture":"#0","tintindex":0},"up":{"uv":[1.8125,14.0,1.25,13.5],"rotation":0,"texture":"#0","tintindex":0},"down":{"uv":[2.5625,13.5,2.0,14.0],"rotation":0,"texture":"#0","tintindex":0}}},{"from":[6.2213826,7.2528896,7.142857],"to":[8.507097,8.9671755,8.857143],"rotation":{"angle":22.5,"axis":"z","origin":[8.0,8.000002,8.0]},"faces":{"east":{"uv":[0.5,8.75,1.25,9.5],"rotation":0,"texture":"#0","tintindex":0},"south":{"uv":[7.75,5.5,8.75,6.25],"rotation":0,"texture":"#0","tintindex":0},"north":{"uv":[2.75,7.0,3.75,7.75],"rotation":0,"texture":"#0","tintindex":0},"west":{"uv":[8.75,9.0,9.5,9.75],"rotation":0,"texture":"#0","tintindex":0},"up":{"uv":[7.25,8.5,6.25,7.75],"rotation":0,"texture":"#0","tintindex":0},"down":{"uv":[8.75,6.25,7.75,7.0],"rotation":0,"texture":"#0","tintindex":0}}}],"display":{"head":{"translation":[0.0,-6.4,0.0],"scale":[4.0,4.0,4.0]}}}