{"textures":{"0":"modelengine:entity/skeletonspear"},"elements":[{"from":[6.996984,2.603712,4.9714284],"to":[7.568413,8.889427,11.257143],"rotation":{"angle":0.0,"axis":"y","origin":[7.2826986,-1.7962875,8.971429]},"faces":{"east":{"uv":[0.0,0.0,2.75,2.75],"rotation":0,"texture":"#0","tintindex":0},"south":{"uv":[2.0,8.5,2.25,11.25],"rotation":0,"texture":"#0","tintindex":0},"north":{"uv":[1.75,8.5,2.0,11.25],"rotation":0,"texture":"#0","tintindex":0},"west":{"uv":[0.0,2.75,2.75,5.5],"rotation":0,"texture":"#0","tintindex":0},"up":{"uv":[2.5,11.25,2.25,8.5],"rotation":0,"texture":"#0","tintindex":0},"down":{"uv":[6.5,8.5,6.25,11.25],"rotation":0,"texture":"#0","tintindex":0}}},{"from":[6.8826985,8.632945,6.519913],"to":[7.6826987,9.752945,9.7199135],"rotation":{"angle":0.0,"axis":"y","origin":[1.9097772,6.2956576,8.057316]},"faces":{"east":{"uv":[8.25,2.25,9.625,2.75],"rotation":0,"texture":"#0","tintindex":0},"south":{"uv":[14.75,3.0,15.125,3.5],"rotation":0,"texture":"#0","tintindex":0},"north":{"uv":[14.75,2.5,15.125,3.0],"rotation":0,"texture":"#0","tintindex":0},"west":{"uv":[6.5,8.5,7.875,9.0],"rotation":0,"texture":"#0","tintindex":0},"up":{"uv":[5.625,11.625,5.25,10.25],"rotation":0,"texture":"#0","tintindex":0},"down":{"uv":[8.625,10.25,8.25,11.625],"rotation":0,"texture":"#0","tintindex":0}}},{"from":[6.91127,9.035963,6.7882786],"to":[7.654127,9.915963,9.988279],"rotation":{"angle":45.0,"axis":"x","origin":[1.9097772,6.2956576,8.057316]},"faces":{"east":{"uv":[9.75,2.25,11.125,2.625],"rotation":0,"texture":"#0","tintindex":0},"south":{"uv":[8.75,15.25,9.0625,15.625],"rotation":0,"texture":"#0","tintindex":0},"north":{"uv":[15.25,8.0,15.5625,8.375],"rotation":0,"texture":"#0","tintindex":0},"west":{"uv":[10.0,0.0,11.375,0.375],"rotation":0,"texture":"#0","tintindex":0},"up":{"uv":[9.0625,12.375,8.75,11.0],"rotation":0,"texture":"#0","tintindex":0},"down":{"uv":[1.8125,11.25,1.5,12.625],"rotation":0,"texture":"#0","tintindex":0}}},{"from":[6.8826985,4.290203,11.102655],"to":[7.6826987,7.4902034,11.982656],"rotation":{"angle":0.0,"axis":"y","origin":[1.9097772,6.2956576,8.057316]},"faces":{"east":{"uv":[0.5,10.5,0.875,11.875],"rotation":0,"texture":"#0","tintindex":0},"south":{"uv":[1.0,10.5,1.375,11.875],"rotation":0,"texture":"#0","tintindex":0},"north":{"uv":[9.25,10.25,9.625,11.625],"rotation":0,"texture":"#0","tintindex":0},"west":{"uv":[10.5,3.5,10.875,4.875],"rotation":0,"texture":"#0","tintindex":0},"up":{"uv":[11.625,15.375,11.25,15.0],"rotation":0,"texture":"#0","tintindex":0},"down":{"uv":[12.125,15.0,11.75,15.375],"rotation":0,"texture":"#0","tintindex":0}}},{"from":[6.91127,2.101953,6.2148795],"to":[7.654127,2.9819531,9.41488],"rotation":{"angle":-45.0,"axis":"x","origin":[1.9097772,6.2956576,8.057316]},"faces":{"east":{"uv":[10.5,5.0,11.875,5.375],"rotation":0,"texture":"#0","tintindex":0},"south":{"uv":[9.75,15.25,10.0625,15.625],"rotation":0,"texture":"#0","tintindex":0},"north":{"uv":[15.25,9.25,15.5625,9.625],"rotation":0,"texture":"#0","tintindex":0},"west":{"uv":[10.5,5.5,11.875,5.875],"rotation":0,"texture":"#0","tintindex":0},"up":{"uv":[11.5625,2.875,11.25,1.5],"rotation":0,"texture":"#0","tintindex":0},"down":{"uv":[2.3125,11.25,2.0,12.625],"rotation":0,"texture":"#0","tintindex":0}}},{"from":[6.8826985,2.027461,6.519913],"to":[7.6826987,2.9874616,9.7199135],"rotation":{"angle":0.0,"axis":"y","origin":[1.9097772,6.2956576,8.057316]},"faces":{"east":{"uv":[9.0,4.0,10.375,4.4375],"rotation":0,"texture":"#0","tintindex":0},"south":{"uv":[8.25,15.0,8.625,15.4375],"rotation":0,"texture":"#0","tintindex":0},"north":{"uv":[6.5,15.0,6.875,15.4375],"rotation":0,"texture":"#0","tintindex":0},"west":{"uv":[6.5,9.0,7.875,9.4375],"rotation":0,"texture":"#0","tintindex":0},"up":{"uv":[6.125,11.875,5.75,10.5],"rotation":0,"texture":"#0","tintindex":0},"down":{"uv":[10.875,6.0,10.5,7.375],"rotation":0,"texture":"#0","tintindex":0}}},{"from":[6.91127,2.1904788,6.7882786],"to":[7.654127,3.070479,9.988279],"rotation":{"angle":45.0,"axis":"x","origin":[1.9097772,6.2956576,8.057316]},"faces":{"east":{"uv":[10.5,7.5,11.875,7.875],"rotation":0,"texture":"#0","tintindex":0},"south":{"uv":[10.75,15.25,11.0625,15.625],"rotation":0,"texture":"#0","tintindex":0},"north":{"uv":[15.25,10.5,15.5625,10.875],"rotation":0,"texture":"#0","tintindex":0},"west":{"uv":[10.5,8.0,11.875,8.375],"rotation":0,"texture":"#0","tintindex":0},"up":{"uv":[2.8125,12.625,2.5,11.25],"rotation":0,"texture":"#0","tintindex":0},"down":{"uv":[6.5625,11.25,6.25,12.625],"rotation":0,"texture":"#0","tintindex":0}}},{"from":[6.8826985,4.290203,4.2571716],"to":[7.6826987,7.4902034,5.057172],"rotation":{"angle":0.0,"axis":"y","origin":[1.9097772,6.2956576,8.057316]},"faces":{"east":{"uv":[10.5,10.0,10.875,11.375],"rotation":0,"texture":"#0","tintindex":0},"south":{"uv":[10.75,0.5,11.125,1.875],"rotation":0,"texture":"#0","tintindex":0},"north":{"uv":[10.5,8.5,10.875,9.875],"rotation":0,"texture":"#0","tintindex":0},"west":{"uv":[11.0,3.5,11.375,4.875],"rotation":0,"texture":"#0","tintindex":0},"up":{"uv":[13.125,15.375,12.75,15.0],"rotation":0,"texture":"#0","tintindex":0},"down":{"uv":[13.625,15.0,13.25,15.375],"rotation":0,"texture":"#0","tintindex":0}}},{"from":[6.91127,8.947437,6.2148795],"to":[7.654127,9.827436,9.41488],"rotation":{"angle":-45.0,"axis":"x","origin":[1.9097772,6.2956576,8.057316]},"faces":{"east":{"uv":[11.0,6.0,12.375,6.375],"rotation":0,"texture":"#0","tintindex":0},"south":{"uv":[15.25,11.75,15.5625,12.125],"rotation":0,"texture":"#0","tintindex":0},"north":{"uv":[15.25,11.0,15.5625,11.375],"rotation":0,"texture":"#0","tintindex":0},"west":{"uv":[11.0,6.5,12.375,6.875],"rotation":0,"texture":"#0","tintindex":0},"up":{"uv":[7.0625,12.625,6.75,11.25],"rotation":0,"texture":"#0","tintindex":0},"down":{"uv":[7.5625,11.25,7.25,12.625],"rotation":0,"texture":"#0","tintindex":0}}},{"from":[4.8798265,8.151327,7.142857],"to":[6.1369696,9.40847,8.342857],"rotation":{"angle":45.0,"axis":"z","origin":[8.457143,11.142858,8.228572]},"faces":{"east":{"uv":[3.0,13.5,3.5,14.0625],"rotation":0,"texture":"#0","tintindex":0},"south":{"uv":[11.75,12.25,12.3125,12.8125],"rotation":0,"texture":"#0","tintindex":0},"north":{"uv":[12.25,11.5,12.8125,12.0625],"rotation":0,"texture":"#0","tintindex":0},"west":{"uv":[3.5,13.5,4.0,14.0625],"rotation":0,"texture":"#0","tintindex":0},"up":{"uv":[14.0625,4.0,13.5,3.5],"rotation":0,"texture":"#0","tintindex":0},"down":{"uv":[14.0625,4.0,13.5,4.5],"rotation":0,"texture":"#0","tintindex":0}}},{"from":[7.51127,4.742857,7.3142858],"to":[8.654127,7.142857,8.171429],"rotation":{"angle":0.0,"axis":"y","origin":[8.457143,11.142858,8.228572]},"faces":{"east":{"uv":[11.75,8.5,12.125,9.5625],"rotation":0,"texture":"#0","tintindex":0},"south":{"uv":[2.75,10.0,3.25,11.0625],"rotation":0,"texture":"#0","tintindex":0},"north":{"uv":[8.75,9.75,9.25,10.8125],"rotation":0,"texture":"#0","tintindex":0},"west":{"uv":[9.25,11.75,9.625,12.8125],"rotation":0,"texture":"#0","tintindex":0},"up":{"uv":[4.0,15.125,3.5,14.75],"rotation":0,"texture":"#0","tintindex":0},"down":{"uv":[7.5,14.75,7.0,15.125],"rotation":0,"texture":"#0","tintindex":0}}},{"from":[7.6826987,3.485714,6.857143],"to":[9.225555,5.3142858,8.342857],"rotation":{"angle":0.0,"axis":"y","origin":[8.457143,11.142858,8.228572]},"faces":{"east":{"uv":[11.0,8.5,11.625,9.3125],"rotation":0,"texture":"#0","tintindex":0},"south":{"uv":[4.25,9.25,4.9375,10.0625],"rotation":0,"texture":"#0","tintindex":0},"north":{"uv":[3.5,9.25,4.1875,10.0625],"rotation":0,"texture":"#0","tintindex":0},"west":{"uv":[11.0,9.5,11.625,10.3125],"rotation":0,"texture":"#0","tintindex":0},"up":{"uv":[10.4375,11.875,9.75,11.25],"rotation":0,"texture":"#0","tintindex":0},"down":{"uv":[3.6875,11.5,3.0,12.125],"rotation":0,"texture":"#0","tintindex":0}}}],"display":{"head":{"translation":[0.0,-6.4,0.0],"scale":[4.0,4.0,4.0]}}}