{"textures":{"0":"modelengine:entity/skeletonspear"},"elements":[{"from":[3.3398414,7.9428573,7.542857],"to":[4.596984,9.2,8.742857],"rotation":{"angle":45.0,"axis":"z","origin":[7.2,12.914286,8.342857]},"faces":{"east":{"uv":[14.0,7.25,14.5,7.8125],"rotation":0,"texture":"#0","tintindex":0},"south":{"uv":[13.0,8.5,13.5625,9.0625],"rotation":0,"texture":"#0","tintindex":0},"north":{"uv":[8.25,13.0,8.8125,13.5625],"rotation":0,"texture":"#0","tintindex":0},"west":{"uv":[9.75,14.0,10.25,14.5625],"rotation":0,"texture":"#0","tintindex":0},"up":{"uv":[14.5625,8.5,14.0,8.0],"rotation":0,"texture":"#0","tintindex":0},"down":{"uv":[14.5625,10.5,14.0,11.0],"rotation":0,"texture":"#0","tintindex":0}}},{"from":[7.4541273,4.9142857,7.714286],"to":[8.596984,7.3142858,8.571428],"rotation":{"angle":0.0,"axis":"y","origin":[7.2,12.914286,8.342857]},"faces":{"east":{"uv":[3.0,12.25,3.375,13.3125],"rotation":0,"texture":"#0","tintindex":0},"south":{"uv":[4.75,10.25,5.25,11.3125],"rotation":0,"texture":"#0","tintindex":0},"north":{"uv":[4.25,10.25,4.75,11.3125],"rotation":0,"texture":"#0","tintindex":0},"west":{"uv":[3.5,12.25,3.875,13.3125],"rotation":0,"texture":"#0","tintindex":0},"up":{"uv":[6.0,15.375,5.5,15.0],"rotation":0,"texture":"#0","tintindex":0},"down":{"uv":[6.5,15.0,6.0,15.375],"rotation":0,"texture":"#0","tintindex":0}}},{"from":[1.6255555,6.1714287,7.542857],"to":[2.8826985,7.428571,8.742857],"rotation":{"angle":45.0,"axis":"z","origin":[7.2,12.914286,8.342857]},"faces":{"east":{"uv":[10.75,14.0,11.25,14.5625],"rotation":0,"texture":"#0","tintindex":0},"south":{"uv":[13.0,9.25,13.5625,9.8125],"rotation":0,"texture":"#0","tintindex":0},"north":{"uv":[9.0,13.0,9.5625,13.5625],"rotation":0,"texture":"#0","tintindex":0},"west":{"uv":[14.0,11.0,14.5,11.5625],"rotation":0,"texture":"#0","tintindex":0},"up":{"uv":[12.5625,14.5,12.0,14.0],"rotation":0,"texture":"#0","tintindex":0},"down":{"uv":[14.8125,0.5,14.25,1.0],"rotation":0,"texture":"#0","tintindex":0}}}],"display":{"head":{"translation":[0.0,-6.4,0.0],"scale":[4.0,4.0,4.0]}}}