{"textures":{"0":"modelengine:entity/skeletonspear"},"elements":[{"from":[3.3398414,7.7714286,7.4857144],"to":[4.596984,9.028571,8.685715],"rotation":{"angle":45.0,"axis":"z","origin":[7.2,12.742857,8.285714]},"faces":{"east":{"uv":[13.75,13.5,14.25,14.0625],"rotation":0,"texture":"#0","tintindex":0},"south":{"uv":[4.75,13.0,5.3125,13.5625],"rotation":0,"texture":"#0","tintindex":0},"north":{"uv":[13.0,2.25,13.5625,2.8125],"rotation":0,"texture":"#0","tintindex":0},"west":{"uv":[1.25,14.0,1.75,14.5625],"rotation":0,"texture":"#0","tintindex":0},"up":{"uv":[14.5625,0.5,14.0,0.0],"rotation":0,"texture":"#0","tintindex":0},"down":{"uv":[2.3125,14.0,1.75,14.5],"rotation":0,"texture":"#0","tintindex":0}}},{"from":[7.4541273,4.742857,7.6571426],"to":[8.596984,7.142857,8.514286],"rotation":{"angle":0.0,"axis":"y","origin":[7.2,12.742857,8.285714]},"faces":{"east":{"uv":[10.75,12.0,11.125,13.0625],"rotation":0,"texture":"#0","tintindex":0},"south":{"uv":[3.75,10.25,4.25,11.3125],"rotation":0,"texture":"#0","tintindex":0},"north":{"uv":[3.25,10.25,3.75,11.3125],"rotation":0,"texture":"#0","tintindex":0},"west":{"uv":[11.25,12.0,11.625,13.0625],"rotation":0,"texture":"#0","tintindex":0},"up":{"uv":[2.25,15.375,1.75,15.0],"rotation":0,"texture":"#0","tintindex":0},"down":{"uv":[4.5,15.0,4.0,15.375],"rotation":0,"texture":"#0","tintindex":0}}},{"from":[7.4255557,4.74257,6.5714283],"to":[8.625556,5.5997124,7.8285713],"rotation":{"angle":0.0,"axis":"y","origin":[7.2255554,12.482698,7.7714286]},"faces":{"east":{"uv":[14.5,12.5,15.0625,12.875],"rotation":0,"texture":"#0","tintindex":0},"south":{"uv":[5.0,15.0,5.5,15.375],"rotation":0,"texture":"#0","tintindex":0},"north":{"uv":[4.5,15.0,5.0,15.375],"rotation":0,"texture":"#0","tintindex":0},"west":{"uv":[13.25,14.5,13.8125,14.875],"rotation":0,"texture":"#0","tintindex":0},"up":{"uv":[3.0,14.5625,2.5,14.0],"rotation":0,"texture":"#0","tintindex":0},"down":{"uv":[7.5,14.0,7.0,14.5625],"rotation":0,"texture":"#0","tintindex":0}}},{"from":[7.3714285,5.714286,7.542857],"to":[8.685715,6.285714,8.571428],"rotation":{"angle":0.0,"axis":"y","origin":[8.0,8.0,8.0]},"faces":{"east":{"uv":[15.25,13.75,15.6875,14.0],"rotation":0,"texture":"#0","tintindex":0},"south":{"uv":[15.25,3.25,15.8125,3.5],"rotation":0,"texture":"#0","tintindex":0},"north":{"uv":[15.25,3.0,15.8125,3.25],"rotation":0,"texture":"#0","tintindex":0},"west":{"uv":[14.0,15.25,14.4375,15.5],"rotation":0,"texture":"#0","tintindex":0},"up":{"uv":[4.5625,14.9375,4.0,14.5],"rotation":0,"texture":"#0","tintindex":0},"down":{"uv":[5.3125,14.5,4.75,14.9375],"rotation":0,"texture":"#0","tintindex":0}}}],"display":{"head":{"translation":[0.0,-6.4,0.0],"scale":[4.0,4.0,4.0]}}}