{"textures":{"0":"modelengine:entity/skeletonspear"},"elements":[{"from":[9.285858,4.811199,7.3142858],"to":[10.543001,6.068342,8.514286],"rotation":{"angle":-45.0,"axis":"z","origin":[7.796984,7.028573,8.114285]},"faces":{"east":{"uv":[6.0,13.5,6.5,14.0625],"rotation":0,"texture":"#0","tintindex":0},"south":{"uv":[12.5,4.75,13.0625,5.3125],"rotation":0,"texture":"#0","tintindex":0},"north":{"uv":[4.0,12.5,4.5625,13.0625],"rotation":0,"texture":"#0","tintindex":0},"west":{"uv":[6.5,13.5,7.0,14.0625],"rotation":0,"texture":"#0","tintindex":0},"up":{"uv":[14.0625,7.25,13.5,6.75],"rotation":0,"texture":"#0","tintindex":0},"down":{"uv":[7.5625,13.5,7.0,14.0],"rotation":0,"texture":"#0","tintindex":0}}},{"from":[7.6,4.228573,7.4857144],"to":[8.742857,6.628573,8.342857],"rotation":{"angle":0.0,"axis":"y","origin":[7.796984,7.028573,8.114285]},"faces":{"east":{"uv":[11.75,9.75,12.125,10.8125],"rotation":0,"texture":"#0","tintindex":0},"south":{"uv":[10.0,6.25,10.5,7.3125],"rotation":0,"texture":"#0","tintindex":0},"north":{"uv":[10.0,5.0,10.5,6.0625],"rotation":0,"texture":"#0","tintindex":0},"west":{"uv":[11.75,11.0,12.125,12.0625],"rotation":0,"texture":"#0","tintindex":0},"up":{"uv":[8.0,15.125,7.5,14.75],"rotation":0,"texture":"#0","tintindex":0},"down":{"uv":[15.25,8.0,14.75,8.375],"rotation":0,"texture":"#0","tintindex":0}}},{"from":[7.571573,6.582628,7.3142858],"to":[8.828715,7.839771,8.514286],"rotation":{"angle":-45.0,"axis":"z","origin":[7.796984,7.028573,8.114285]},"faces":{"east":{"uv":[7.75,13.5,8.25,14.0625],"rotation":0,"texture":"#0","tintindex":0},"south":{"uv":[12.5,6.25,13.0625,6.8125],"rotation":0,"texture":"#0","tintindex":0},"north":{"uv":[12.5,5.5,13.0625,6.0625],"rotation":0,"texture":"#0","tintindex":0},"west":{"uv":[13.5,11.25,14.0,11.8125],"rotation":0,"texture":"#0","tintindex":0},"up":{"uv":[13.0625,14.0,12.5,13.5],"rotation":0,"texture":"#0","tintindex":0},"down":{"uv":[14.0625,13.0,13.5,13.5],"rotation":0,"texture":"#0","tintindex":0}}},{"from":[7.5184584,7.2528896,7.142857],"to":[9.8041725,8.9671755,8.914286],"rotation":{"angle":-22.5,"axis":"z","origin":[8.025556,8.000002,8.0]},"faces":{"east":{"uv":[9.25,0.0,10.0,0.75],"rotation":0,"texture":"#0","tintindex":0},"south":{"uv":[7.25,7.75,8.25,8.5],"rotation":0,"texture":"#0","tintindex":0},"north":{"uv":[7.75,7.0,8.75,7.75],"rotation":0,"texture":"#0","tintindex":0},"west":{"uv":[2.75,9.25,3.5,10.0],"rotation":0,"texture":"#0","tintindex":0},"up":{"uv":[1.25,8.75,0.25,8.0],"rotation":0,"texture":"#0","tintindex":0},"down":{"uv":[9.25,0.0,8.25,0.75],"rotation":0,"texture":"#0","tintindex":0}}}],"display":{"head":{"translation":[0.0,-6.4,0.0],"scale":[4.0,4.0,4.0]}}}