{"textures":{"0":"modelengine:entity/skeletonspear"},"elements":[{"from":[11.403016,7.7714286,7.4857144],"to":[12.660158,9.028571,8.685715],"rotation":{"angle":-45.0,"axis":"z","origin":[8.8,12.742857,8.285714]},"faces":{"east":{"uv":[0.75,13.75,1.25,14.3125],"rotation":0,"texture":"#0","tintindex":0},"south":{"uv":[12.75,4.0,13.3125,4.5625],"rotation":0,"texture":"#0","tintindex":0},"north":{"uv":[2.0,12.75,2.5625,13.3125],"rotation":0,"texture":"#0","tintindex":0},"west":{"uv":[13.75,2.5,14.25,3.0625],"rotation":0,"texture":"#0","tintindex":0},"up":{"uv":[5.0625,14.25,4.5,13.75],"rotation":0,"texture":"#0","tintindex":0},"down":{"uv":[14.3125,5.75,13.75,6.25],"rotation":0,"texture":"#0","tintindex":0}}},{"from":[7.4030156,4.742857,7.6571426],"to":[8.545873,7.142857,8.514286],"rotation":{"angle":0.0,"axis":"y","origin":[8.8,12.742857,8.285714]},"faces":{"east":{"uv":[12.0,4.75,12.375,5.8125],"rotation":0,"texture":"#0","tintindex":0},"south":{"uv":[10.0,7.5,10.5,8.5625],"rotation":0,"texture":"#0","tintindex":0},"north":{"uv":[7.5,10.0,8.0,11.0625],"rotation":0,"texture":"#0","tintindex":0},"west":{"uv":[5.5,12.0,5.875,13.0625],"rotation":0,"texture":"#0","tintindex":0},"up":{"uv":[11.25,15.125,10.75,14.75],"rotation":0,"texture":"#0","tintindex":0},"down":{"uv":[14.5,14.75,14.0,15.125],"rotation":0,"texture":"#0","tintindex":0}}},{"from":[7.3744445,4.74257,6.5714283],"to":[8.574445,5.5997124,7.8285713],"rotation":{"angle":0.0,"axis":"y","origin":[8.774445,12.482698,7.7714286]},"faces":{"east":{"uv":[11.75,14.5,12.3125,14.875],"rotation":0,"texture":"#0","tintindex":0},"south":{"uv":[0.0,15.0,0.5,15.375],"rotation":0,"texture":"#0","tintindex":0},"north":{"uv":[14.5,14.75,15.0,15.125],"rotation":0,"texture":"#0","tintindex":0},"west":{"uv":[14.5,12.0,15.0625,12.375],"rotation":0,"texture":"#0","tintindex":0},"up":{"uv":[8.75,14.3125,8.25,13.75],"rotation":0,"texture":"#0","tintindex":0},"down":{"uv":[14.25,8.5,13.75,9.0625],"rotation":0,"texture":"#0","tintindex":0}}},{"from":[7.3142858,5.714286,7.542857],"to":[8.6285715,6.285714,8.571428],"rotation":{"angle":0.0,"axis":"y","origin":[8.0,8.0,8.0]},"faces":{"east":{"uv":[13.75,3.25,14.1875,3.5],"rotation":0,"texture":"#0","tintindex":0},"south":{"uv":[3.0,15.25,3.5625,15.5],"rotation":0,"texture":"#0","tintindex":0},"north":{"uv":[15.25,2.75,15.8125,3.0],"rotation":0,"texture":"#0","tintindex":0},"west":{"uv":[15.25,12.75,15.6875,13.0],"rotation":0,"texture":"#0","tintindex":0},"up":{"uv":[2.3125,14.9375,1.75,14.5],"rotation":0,"texture":"#0","tintindex":0},"down":{"uv":[15.0625,1.75,14.5,2.1875],"rotation":0,"texture":"#0","tintindex":0}}}],"display":{"head":{"translation":[0.0,-6.4,0.0],"scale":[4.0,4.0,4.0]}}}