{"textures":{"0":"modelengine:entity/skeletonspear"},"elements":[{"from":[9.86303,8.151327,7.142857],"to":[11.120173,9.40847,8.342857],"rotation":{"angle":-45.0,"axis":"z","origin":[7.542857,11.142858,8.228572]},"faces":{"east":{"uv":[13.25,13.5,13.75,14.0625],"rotation":0,"texture":"#0","tintindex":0},"south":{"uv":[1.25,12.75,1.8125,13.3125],"rotation":0,"texture":"#0","tintindex":0},"north":{"uv":[12.5,12.25,13.0625,12.8125],"rotation":0,"texture":"#0","tintindex":0},"west":{"uv":[0.25,13.75,0.75,14.3125],"rotation":0,"texture":"#0","tintindex":0},"up":{"uv":[14.3125,2.0,13.75,1.5],"rotation":0,"texture":"#0","tintindex":0},"down":{"uv":[14.3125,2.0,13.75,2.5],"rotation":0,"texture":"#0","tintindex":0}}},{"from":[7.345873,4.742857,7.3142858],"to":[8.48873,7.142857,8.171429],"rotation":{"angle":0.0,"axis":"y","origin":[7.542857,11.142858,8.228572]},"faces":{"east":{"uv":[0.25,12.0,0.625,13.0625],"rotation":0,"texture":"#0","tintindex":0},"south":{"uv":[7.0,10.0,7.5,11.0625],"rotation":0,"texture":"#0","tintindex":0},"north":{"uv":[6.5,10.0,7.0,11.0625],"rotation":0,"texture":"#0","tintindex":0},"west":{"uv":[0.75,12.0,1.125,13.0625],"rotation":0,"texture":"#0","tintindex":0},"up":{"uv":[10.25,15.125,9.75,14.75],"rotation":0,"texture":"#0","tintindex":0},"down":{"uv":[15.25,10.5,14.75,10.875],"rotation":0,"texture":"#0","tintindex":0}}},{"from":[7.1173015,4.2608557,0.057142735],"to":[7.5744443,4.717998,13.200001],"rotation":{"angle":-22.5,"axis":"z","origin":[7.345873,4.4894266,7.257143]},"faces":{"east":{"uv":[6.75,3.0,12.5,3.1875],"rotation":0,"texture":"#0","tintindex":0},"south":{"uv":[15.5,10.0,15.6875,10.1875],"rotation":0,"texture":"#0","tintindex":0},"north":{"uv":[15.5,9.75,15.6875,9.9375],"rotation":0,"texture":"#0","tintindex":0},"west":{"uv":[6.75,3.25,12.5,3.4375],"rotation":0,"texture":"#0","tintindex":0},"up":{"uv":[2.6875,11.25,2.5,5.5],"rotation":0,"texture":"#0","tintindex":0},"down":{"uv":[0.1875,7.0,0.0,12.75],"rotation":0,"texture":"#0","tintindex":0}}},{"from":[7.0601587,3.9179978,-3.0857143],"to":[7.631587,5.060855,-0.17142868],"rotation":{"angle":0.0,"axis":"y","origin":[7.3744445,-4.0820026,6.628571]},"faces":{"east":{"uv":[8.75,8.5,10.0,9.0],"rotation":0,"texture":"#0","tintindex":0},"south":{"uv":[12.25,15.0,12.5,15.5],"rotation":0,"texture":"#0","tintindex":0},"north":{"uv":[9.5,15.0,9.75,15.5],"rotation":0,"texture":"#0","tintindex":0},"west":{"uv":[9.0,3.5,10.25,4.0],"rotation":0,"texture":"#0","tintindex":0},"up":{"uv":[4.25,14.5,4.0,13.25],"rotation":0,"texture":"#0","tintindex":0},"down":{"uv":[4.5,13.25,4.25,14.5],"rotation":0,"texture":"#0","tintindex":0}}},{"from":[7.031587,12.183408,0.39536142],"to":[7.6601586,12.991529,1.2034831],"rotation":{"angle":-45.0,"axis":"x","origin":[7.345873,3.848672,8.632055]},"faces":{"east":{"uv":[15.0,14.5,15.375,14.875],"rotation":0,"texture":"#0","tintindex":0},"south":{"uv":[2.25,15.5,2.5,15.875],"rotation":0,"texture":"#0","tintindex":0},"north":{"uv":[1.0,15.5,1.25,15.875],"rotation":0,"texture":"#0","tintindex":0},"west":{"uv":[15.0,15.0,15.375,15.375],"rotation":0,"texture":"#0","tintindex":0},"up":{"uv":[2.75,15.875,2.5,15.5],"rotation":0,"texture":"#0","tintindex":0},"down":{"uv":[3.0,15.5,2.75,15.875],"rotation":0,"texture":"#0","tintindex":0}}},{"from":[7.031587,12.183408,3.3096476],"to":[7.6601586,12.991529,4.1177692],"rotation":{"angle":-45.0,"axis":"x","origin":[7.2887297,3.848672,11.546341]},"faces":{"east":{"uv":[15.25,0.0,15.625,0.375],"rotation":0,"texture":"#0","tintindex":0},"south":{"uv":[3.25,15.5,3.5,15.875],"rotation":0,"texture":"#0","tintindex":0},"north":{"uv":[3.0,15.5,3.25,15.875],"rotation":0,"texture":"#0","tintindex":0},"west":{"uv":[15.25,1.75,15.625,2.125],"rotation":0,"texture":"#0","tintindex":0},"up":{"uv":[3.75,15.875,3.5,15.5],"rotation":0,"texture":"#0","tintindex":0},"down":{"uv":[15.75,3.5,15.5,3.875],"rotation":0,"texture":"#0","tintindex":0}}},{"from":[7.345873,4.2608557,-3.0857143],"to":[7.345873,6.3179984,0.34285688],"rotation":{"angle":0.0,"axis":"y","origin":[7.345873,-4.0820026,7.257143]},"faces":{"east":{"uv":[6.75,0.0,8.25,0.875],"rotation":0,"texture":"#0","tintindex":0},"south":{"uv":[0.0,0.0,0.0,0.875],"rotation":0,"texture":"#0","tintindex":0},"north":{"uv":[0.0,0.0,0.0,0.875],"rotation":0,"texture":"#0","tintindex":0},"west":{"uv":[8.25,0.0,6.75,0.875],"rotation":0,"texture":"#0","tintindex":0},"up":{"uv":[0.0,1.5,0.0,0.0],"rotation":0,"texture":"#0","tintindex":0},"down":{"uv":[0.0,0.0,0.0,1.5],"rotation":0,"texture":"#0","tintindex":0}}},{"from":[7.345873,2.6608553,-3.0857143],"to":[7.345873,4.717998,0.34285688],"rotation":{"angle":0.0,"axis":"y","origin":[7.345873,-4.0820026,7.257143]},"faces":{"east":{"uv":[6.75,2.0,8.25,2.875],"rotation":0,"texture":"#0","tintindex":0},"south":{"uv":[0.0,0.0,0.0,0.875],"rotation":0,"texture":"#0","tintindex":0},"north":{"uv":[0.0,0.0,0.0,0.875],"rotation":0,"texture":"#0","tintindex":0},"west":{"uv":[8.25,2.0,6.75,2.875],"rotation":0,"texture":"#0","tintindex":0},"up":{"uv":[0.0,1.5,0.0,0.0],"rotation":0,"texture":"#0","tintindex":0},"down":{"uv":[0.0,0.0,0.0,1.5],"rotation":0,"texture":"#0","tintindex":0}}},{"from":[6.774444,3.485714,6.857143],"to":[8.317302,5.3142858,8.342857],"rotation":{"angle":0.0,"axis":"y","origin":[7.542857,11.142858,8.228572]},"faces":{"east":{"uv":[11.0,10.5,11.625,11.3125],"rotation":0,"texture":"#0","tintindex":0},"south":{"uv":[0.5,9.5,1.1875,10.3125],"rotation":0,"texture":"#0","tintindex":0},"north":{"uv":[5.0,9.25,5.6875,10.0625],"rotation":0,"texture":"#0","tintindex":0},"west":{"uv":[11.25,0.5,11.875,1.3125],"rotation":0,"texture":"#0","tintindex":0},"up":{"uv":[12.1875,4.125,11.5,3.5],"rotation":0,"texture":"#0","tintindex":0},"down":{"uv":[4.4375,11.5,3.75,12.125],"rotation":0,"texture":"#0","tintindex":0}}}],"display":{"head":{"translation":[0.0,-6.4,0.0],"scale":[4.0,4.0,4.0]}}}