{"textures":{"0":"modelengine:entity/skeletonspear"},"elements":[{"from":[11.403016,7.9428573,7.542857],"to":[12.660158,9.2,8.742857],"rotation":{"angle":-45.0,"axis":"z","origin":[8.8,12.914286,8.342857]},"faces":{"east":{"uv":[8.75,13.75,9.25,14.3125],"rotation":0,"texture":"#0","tintindex":0},"south":{"uv":[6.75,12.75,7.3125,13.3125],"rotation":0,"texture":"#0","tintindex":0},"north":{"uv":[6.0,12.75,6.5625,13.3125],"rotation":0,"texture":"#0","tintindex":0},"west":{"uv":[9.25,13.75,9.75,14.3125],"rotation":0,"texture":"#0","tintindex":0},"up":{"uv":[14.3125,6.75,13.75,6.25],"rotation":0,"texture":"#0","tintindex":0},"down":{"uv":[14.3125,9.25,13.75,9.75],"rotation":0,"texture":"#0","tintindex":0}}},{"from":[7.4030156,4.9142857,7.714286],"to":[8.545873,7.3142858,8.571428],"rotation":{"angle":0.0,"axis":"y","origin":[8.8,12.914286,8.342857]},"faces":{"east":{"uv":[9.75,12.0,10.125,13.0625],"rotation":0,"texture":"#0","tintindex":0},"south":{"uv":[10.0,10.0,10.5,11.0625],"rotation":0,"texture":"#0","tintindex":0},"north":{"uv":[10.0,8.75,10.5,9.8125],"rotation":0,"texture":"#0","tintindex":0},"west":{"uv":[10.25,12.0,10.625,13.0625],"rotation":0,"texture":"#0","tintindex":0},"up":{"uv":[1.0,15.375,0.5,15.0],"rotation":0,"texture":"#0","tintindex":0},"down":{"uv":[15.5,0.5,15.0,0.875],"rotation":0,"texture":"#0","tintindex":0}}},{"from":[13.117302,6.1714287,7.542857],"to":[14.374445,7.428571,8.742857],"rotation":{"angle":-45.0,"axis":"z","origin":[8.8,12.914286,8.342857]},"faces":{"east":{"uv":[13.75,9.75,14.25,10.3125],"rotation":0,"texture":"#0","tintindex":0},"south":{"uv":[13.0,1.5,13.5625,2.0625],"rotation":0,"texture":"#0","tintindex":0},"north":{"uv":[7.5,12.75,8.0625,13.3125],"rotation":0,"texture":"#0","tintindex":0},"west":{"uv":[10.25,13.75,10.75,14.3125],"rotation":0,"texture":"#0","tintindex":0},"up":{"uv":[14.3125,12.5,13.75,12.0],"rotation":0,"texture":"#0","tintindex":0},"down":{"uv":[14.3125,12.5,13.75,13.0],"rotation":0,"texture":"#0","tintindex":0}}}],"display":{"head":{"translation":[0.0,-6.4,0.0],"scale":[4.0,4.0,4.0]}}}