{"textures":{"0":"modelengine:entity/mso_snakewarrior3"},"elements":[{"from":[5.692857,11.428572,6.857143],"to":[10.307143,14.857143,9.142858],"rotation":{"angle":0.0,"axis":"y","origin":[8.0,1.1428566,8.0]},"faces":{"east":{"uv":[6.5,2.75,7.0,3.5],"rotation":0,"texture":"#0","tintindex":0},"south":{"uv":[1.125,4.875,2.125,5.625],"rotation":0,"texture":"#0","tintindex":0},"north":{"uv":[4.875,0.75,5.875,1.5],"rotation":0,"texture":"#0","tintindex":0},"west":{"uv":[6.5,5.875,7.0,6.625],"rotation":0,"texture":"#0","tintindex":0},"up":{"uv":[5.875,2.125,4.875,1.625],"rotation":0,"texture":"#0","tintindex":0},"down":{"uv":[5.5,4.875,4.5,5.375],"rotation":0,"texture":"#0","tintindex":0}}},{"from":[5.8571424,7.714286,6.857143],"to":[10.142858,11.428572,9.142858],"rotation":{"angle":0.0,"axis":"y","origin":[8.0,-2.8571434,8.0]},"faces":{"east":{"uv":[5.875,2.875,6.375,3.6875],"rotation":0,"texture":"#0","tintindex":0},"south":{"uv":[0.0,4.875,0.9375,5.6875],"rotation":0,"texture":"#0","tintindex":0},"north":{"uv":[4.75,3.0,5.6875,3.8125],"rotation":0,"texture":"#0","tintindex":0},"west":{"uv":[6.0,0.75,6.5,1.5625],"rotation":0,"texture":"#0","tintindex":0},"up":{"uv":[5.9375,4.5,5.0,4.0],"rotation":0,"texture":"#0","tintindex":0},"down":{"uv":[6.0625,2.25,5.125,2.75],"rotation":0,"texture":"#0","tintindex":0}}},{"from":[5.6571426,8.0,6.714286],"to":[10.342857,8.571428,9.285714],"rotation":{"angle":0.0,"axis":"y","origin":[8.0,-2.8571434,8.0]},"faces":{"east":{"uv":[8.875,3.75,9.4375,3.875],"rotation":0,"texture":"#0","tintindex":0},"south":{"uv":[8.875,0.0,9.875,0.125],"rotation":0,"texture":"#0","tintindex":0},"north":{"uv":[8.75,3.0,9.75,3.125],"rotation":0,"texture":"#0","tintindex":0},"west":{"uv":[9.0,8.375,9.5625,8.5],"rotation":0,"texture":"#0","tintindex":0},"up":{"uv":[3.25,5.4375,2.25,4.875],"rotation":0,"texture":"#0","tintindex":0},"down":{"uv":[4.375,4.875,3.375,5.4375],"rotation":0,"texture":"#0","tintindex":0}}},{"from":[10.285714,5.428571,6.285714],"to":[10.285714,8.285714,9.714286],"rotation":{"angle":22.5,"axis":"z","origin":[10.285714,8.285714,8.0]},"faces":{"east":{"uv":[4.5,5.5,5.25,6.125],"rotation":0,"texture":"#0","tintindex":0},"south":{"uv":[7.25,10.75,7.25,11.375],"rotation":0,"texture":"#0","tintindex":0},"north":{"uv":[7.125,10.75,7.125,11.375],"rotation":0,"texture":"#0","tintindex":0},"west":{"uv":[5.375,5.5,6.125,6.125],"rotation":0,"texture":"#0","tintindex":0},"up":{"uv":[7.375,11.5,7.375,10.75],"rotation":0,"texture":"#0","tintindex":0},"down":{"uv":[7.5,10.75,7.5,11.5],"rotation":0,"texture":"#0","tintindex":0}}},{"from":[5.714286,5.428571,6.285714],"to":[5.714286,8.285714,9.714286],"rotation":{"angle":-22.5,"axis":"z","origin":[5.714286,8.285714,8.0]},"faces":{"east":{"uv":[2.25,5.625,3.0,6.25],"rotation":0,"texture":"#0","tintindex":0},"south":{"uv":[8.5,10.75,8.5,11.375],"rotation":0,"texture":"#0","tintindex":0},"north":{"uv":[10.75,7.75,10.75,8.375],"rotation":0,"texture":"#0","tintindex":0},"west":{"uv":[3.125,5.625,3.875,6.25],"rotation":0,"texture":"#0","tintindex":0},"up":{"uv":[10.75,9.25,10.75,8.5],"rotation":0,"texture":"#0","tintindex":0},"down":{"uv":[8.625,10.75,8.625,11.5],"rotation":0,"texture":"#0","tintindex":0}}}],"display":{"head":{"translation":[0.0,-6.4,0.0],"scale":[4.0,4.0,4.0]}}}