{"textures":{"0":"modelengine:entity/mso_snakewarrior3"},"elements":[{"from":[7.142857,6.285714,7.5714283],"to":[8.857143,8.285714,9.285714],"rotation":{"angle":0.0,"axis":"y","origin":[4.8571424,-2.285715,8.428572]},"faces":{"east":{"uv":[4.375,8.5,4.75,8.9375],"rotation":0,"texture":"#0","tintindex":0},"south":{"uv":[4.875,8.5,5.25,8.9375],"rotation":0,"texture":"#0","tintindex":0},"north":{"uv":[3.875,8.5,4.25,8.9375],"rotation":0,"texture":"#0","tintindex":0},"west":{"uv":[8.5,5.0,8.875,5.4375],"rotation":0,"texture":"#0","tintindex":0},"up":{"uv":[8.25,9.0,7.875,8.625],"rotation":0,"texture":"#0","tintindex":0},"down":{"uv":[8.75,8.625,8.375,9.0],"rotation":0,"texture":"#0","tintindex":0}}},{"from":[7.028571,4.0,7.457143],"to":[8.971429,5.714286,9.4],"rotation":{"angle":0.0,"axis":"y","origin":[4.8571424,-2.8571434,8.428572]},"faces":{"east":{"uv":[8.125,2.375,8.5625,2.75],"rotation":0,"texture":"#0","tintindex":0},"south":{"uv":[2.5,8.125,2.9375,8.5],"rotation":0,"texture":"#0","tintindex":0},"north":{"uv":[8.125,1.875,8.5625,2.25],"rotation":0,"texture":"#0","tintindex":0},"west":{"uv":[8.125,2.875,8.5625,3.25],"rotation":0,"texture":"#0","tintindex":0},"up":{"uv":[7.9375,1.3125,7.5,0.875],"rotation":0,"texture":"#0","tintindex":0},"down":{"uv":[7.9375,1.5,7.5,1.9375],"rotation":0,"texture":"#0","tintindex":0}}},{"from":[7.1,5.714286,7.5142856],"to":[8.9,6.285714,9.342857],"rotation":{"angle":0.0,"axis":"y","origin":[4.8571424,-1.1428576,8.428572]},"faces":{"east":{"uv":[3.875,9.5,4.25,9.625],"rotation":0,"texture":"#0","tintindex":0},"south":{"uv":[9.5,5.5,9.875,5.625],"rotation":0,"texture":"#0","tintindex":0},"north":{"uv":[2.125,9.5,2.5,9.625],"rotation":0,"texture":"#0","tintindex":0},"west":{"uv":[9.5,5.75,9.875,5.875],"rotation":0,"texture":"#0","tintindex":0},"up":{"uv":[7.875,5.375,7.5,5.0],"rotation":0,"texture":"#0","tintindex":0},"down":{"uv":[5.75,8.5,5.375,8.875],"rotation":0,"texture":"#0","tintindex":0}}},{"from":[7.0857143,6.242857,9.285714],"to":[8.914286,8.614285,9.285714],"rotation":{"angle":22.5,"axis":"x","origin":[5.714286,6.285714,9.285714]},"faces":{"east":{"uv":[0.375,10.875,0.375,11.375],"rotation":0,"texture":"#0","tintindex":0},"south":{"uv":[5.375,7.875,5.75,8.375],"rotation":0,"texture":"#0","tintindex":0},"north":{"uv":[4.875,7.875,5.25,8.375],"rotation":0,"texture":"#0","tintindex":0},"west":{"uv":[0.75,10.875,0.75,11.375],"rotation":0,"texture":"#0","tintindex":0},"up":{"uv":[11.25,0.75,10.875,0.75],"rotation":0,"texture":"#0","tintindex":0},"down":{"uv":[1.25,10.875,0.875,10.875],"rotation":0,"texture":"#0","tintindex":0}}},{"from":[7.0857143,6.242857,7.5714283],"to":[8.914286,8.614285,7.5714283],"rotation":{"angle":-22.5,"axis":"x","origin":[5.714286,6.285714,7.5714283]},"faces":{"east":{"uv":[0.125,10.875,0.125,11.375],"rotation":0,"texture":"#0","tintindex":0},"south":{"uv":[4.375,7.875,4.75,8.375],"rotation":0,"texture":"#0","tintindex":0},"north":{"uv":[3.875,7.875,4.25,8.375],"rotation":0,"texture":"#0","tintindex":0},"west":{"uv":[0.25,10.875,0.25,11.375],"rotation":0,"texture":"#0","tintindex":0},"up":{"uv":[11.25,0.5,10.875,0.5],"rotation":0,"texture":"#0","tintindex":0},"down":{"uv":[11.25,0.625,10.875,0.625],"rotation":0,"texture":"#0","tintindex":0}}},{"from":[8.857143,6.242857,7.5142856],"to":[8.857143,8.614285,9.342857],"rotation":{"angle":-22.5,"axis":"z","origin":[8.857143,6.285714,8.428572]},"faces":{"east":{"uv":[6.375,7.75,6.75,8.25],"rotation":0,"texture":"#0","tintindex":0},"south":{"uv":[10.75,10.625,10.75,11.125],"rotation":0,"texture":"#0","tintindex":0},"north":{"uv":[10.625,10.75,10.625,11.25],"rotation":0,"texture":"#0","tintindex":0},"west":{"uv":[7.875,3.375,8.25,3.875],"rotation":0,"texture":"#0","tintindex":0},"up":{"uv":[0.0,11.25,0.0,10.875],"rotation":0,"texture":"#0","tintindex":0},"down":{"uv":[10.875,0.0,10.875,0.375],"rotation":0,"texture":"#0","tintindex":0}}}],"display":{"head":{"translation":[0.0,-6.4,0.0],"scale":[4.0,4.0,4.0]}}}