{"textures":{"0":"modelengine:entity/wolfmob39phase2"},"elements":[{"from":[6.285714,2.6285715,6.857143],"to":[9.714286,5.485714,9.714286],"rotation":{"angle":0.0,"axis":"y","origin":[8.0,-12.800001,8.0]},"faces":{"east":{"uv":[7.0,0.375,7.3125,0.6875],"rotation":0,"texture":"#0","tintindex":0},"south":{"uv":[6.4375,3.3125,6.8125,3.625],"rotation":0,"texture":"#0","tintindex":0},"north":{"uv":[6.375,1.625,6.75,1.9375],"rotation":0,"texture":"#0","tintindex":0},"west":{"uv":[6.875,7.0625,7.1875,7.375],"rotation":0,"texture":"#0","tintindex":0},"up":{"uv":[1.125,6.8125,0.75,6.5],"rotation":0,"texture":"#0","tintindex":0},"down":{"uv":[6.875,0.875,6.5,1.1875],"rotation":0,"texture":"#0","tintindex":0}}},{"from":[6.285714,4.9142857,5.714286],"to":[9.714286,7.7714286,9.714286],"rotation":{"angle":-22.5,"axis":"x","origin":[8.0,6.0571427,8.571428]},"faces":{"east":{"uv":[5.75,2.1875,6.1875,2.5],"rotation":0,"texture":"#0","tintindex":0},"south":{"uv":[6.5625,2.5,6.9375,2.8125],"rotation":0,"texture":"#0","tintindex":0},"north":{"uv":[1.125,6.5,1.5,6.8125],"rotation":0,"texture":"#0","tintindex":0},"west":{"uv":[6.125,2.6875,6.5625,3.0],"rotation":0,"texture":"#0","tintindex":0},"up":{"uv":[5.5625,2.0625,5.1875,1.625],"rotation":0,"texture":"#0","tintindex":0},"down":{"uv":[5.75,2.0625,5.375,2.5],"rotation":0,"texture":"#0","tintindex":0}}},{"from":[5.714286,4.9142857,6.285714],"to":[10.285714,8.057143,10.285714],"rotation":{"angle":0.0,"axis":"y","origin":[8.0,8.342857,8.0]},"faces":{"east":{"uv":[5.25,3.625,5.6875,4.0],"rotation":0,"texture":"#0","tintindex":0},"south":{"uv":[4.875,0.0,5.375,0.375],"rotation":0,"texture":"#0","tintindex":0},"north":{"uv":[0.0,4.875,0.5,5.25],"rotation":0,"texture":"#0","tintindex":0},"west":{"uv":[5.375,0.0,5.8125,0.375],"rotation":0,"texture":"#0","tintindex":0},"up":{"uv":[4.75,2.6875,4.25,2.25],"rotation":0,"texture":"#0","tintindex":0},"down":{"uv":[3.25,4.4375,2.75,4.875],"rotation":0,"texture":"#0","tintindex":0}}},{"from":[2.8571424,3.1999998,6.9142857],"to":[4.5714283,6.342857,9.657143],"rotation":{"angle":45.0,"axis":"z","origin":[4.285714,7.3428574,8.285714]},"faces":{"east":{"uv":[4.125,6.4375,4.4375,6.8125],"rotation":0,"texture":"#0","tintindex":0},"south":{"uv":[0.4375,7.5,0.625,7.875],"rotation":0,"texture":"#0","tintindex":0},"north":{"uv":[5.8125,0.0,6.0,0.375],"rotation":0,"texture":"#0","tintindex":0},"west":{"uv":[6.5625,2.8125,6.875,3.1875],"rotation":0,"texture":"#0","tintindex":0},"up":{"uv":[8.0,1.3125,7.8125,1.0],"rotation":0,"texture":"#0","tintindex":0},"down":{"uv":[2.5,7.8125,2.3125,8.125],"rotation":0,"texture":"#0","tintindex":0}}},{"from":[3.5428567,5.942857,7.4857144],"to":[4.685714,7.3714285,9.085714],"rotation":{"angle":22.5,"axis":"z","origin":[4.285714,7.3428574,8.285714]},"faces":{"east":{"uv":[0.3125,4.0625,0.5,4.25],"rotation":0,"texture":"#0","tintindex":0},"south":{"uv":[6.4375,3.625,6.5625,3.8125],"rotation":0,"texture":"#0","tintindex":0},"north":{"uv":[4.625,5.8125,4.75,6.0],"rotation":0,"texture":"#0","tintindex":0},"west":{"uv":[4.3125,4.625,4.5,4.8125],"rotation":0,"texture":"#0","tintindex":0},"up":{"uv":[7.375,3.875,7.25,3.6875],"rotation":0,"texture":"#0","tintindex":0},"down":{"uv":[6.25,8.0625,6.125,8.25],"rotation":0,"texture":"#0","tintindex":0}}},{"from":[11.314286,5.942857,7.4857144],"to":[12.457144,7.3714285,9.085714],"rotation":{"angle":-22.5,"axis":"z","origin":[11.714286,7.3428574,8.285714]},"faces":{"east":{"uv":[5.1875,2.0625,5.375,2.25],"rotation":0,"texture":"#0","tintindex":0},"south":{"uv":[2.875,8.125,3.0,8.3125],"rotation":0,"texture":"#0","tintindex":0},"north":{"uv":[2.3125,8.125,2.4375,8.3125],"rotation":0,"texture":"#0","tintindex":0},"west":{"uv":[2.875,6.75,3.0625,6.9375],"rotation":0,"texture":"#0","tintindex":0},"up":{"uv":[8.25,3.0625,8.125,2.875],"rotation":0,"texture":"#0","tintindex":0},"down":{"uv":[3.125,8.125,3.0,8.3125],"rotation":0,"texture":"#0","tintindex":0}}},{"from":[11.428572,3.1999998,6.9142857],"to":[13.142858,6.342857,9.657143],"rotation":{"angle":-45.0,"axis":"z","origin":[11.714286,7.3428574,8.285714]},"faces":{"east":{"uv":[3.3125,6.5625,3.625,6.9375],"rotation":0,"texture":"#0","tintindex":0},"south":{"uv":[7.5625,6.875,7.75,7.25],"rotation":0,"texture":"#0","tintindex":0},"north":{"uv":[7.5625,5.3125,7.75,5.6875],"rotation":0,"texture":"#0","tintindex":0},"west":{"uv":[3.625,6.5625,3.9375,6.9375],"rotation":0,"texture":"#0","tintindex":0},"up":{"uv":[3.0625,8.125,2.875,7.8125],"rotation":0,"texture":"#0","tintindex":0},"down":{"uv":[3.25,7.8125,3.0625,8.125],"rotation":0,"texture":"#0","tintindex":0}}}],"display":{"head":{"translation":[0.0,-6.4,0.0],"scale":[4.0,4.0,4.0]}}}