{"textures":{"0":"modelengine:entity/wolfmob39phase2"},"elements":[{"from":[5.142857,7.833075,6.857143],"to":[10.857143,10.690218,9.714286],"rotation":{"angle":0.0,"axis":"y","origin":[8.0,7.547361,8.0]},"faces":{"east":{"uv":[7.125,3.125,7.4375,3.4375],"rotation":0,"texture":"#0","tintindex":0},"south":{"uv":[4.5,3.375,5.125,3.6875],"rotation":0,"texture":"#0","tintindex":0},"north":{"uv":[3.9375,1.0625,4.5625,1.375],"rotation":0,"texture":"#0","tintindex":0},"west":{"uv":[4.25,7.125,4.5625,7.4375],"rotation":0,"texture":"#0","tintindex":0},"up":{"uv":[5.1875,1.9375,4.5625,1.625],"rotation":0,"texture":"#0","tintindex":0},"down":{"uv":[5.1875,1.9375,4.5625,2.25],"rotation":0,"texture":"#0","tintindex":0}}},{"from":[6.285714,7.833075,6.285714],"to":[9.714286,10.690218,6.857143],"rotation":{"angle":0.0,"axis":"y","origin":[8.0,7.547361,8.0]},"faces":{"east":{"uv":[0.0,8.1875,0.0625,8.5],"rotation":0,"texture":"#0","tintindex":0},"south":{"uv":[6.625,4.3125,7.0,4.625],"rotation":0,"texture":"#0","tintindex":0},"north":{"uv":[6.625,4.0,7.0,4.3125],"rotation":0,"texture":"#0","tintindex":0},"west":{"uv":[0.0625,8.1875,0.125,8.5],"rotation":0,"texture":"#0","tintindex":0},"up":{"uv":[4.3125,1.0625,3.9375,1.0],"rotation":0,"texture":"#0","tintindex":0},"down":{"uv":[3.625,4.4375,3.25,4.5],"rotation":0,"texture":"#0","tintindex":0}}}],"display":{"head":{"translation":[0.0,-6.4,0.0],"scale":[4.0,4.0,4.0]}}}