{"textures":{"0":"modelengine:entity/wolfmob39phase2"},"elements":[{"from":[6.285714,2.6285715,6.857143],"to":[9.714286,5.485714,9.714286],"rotation":{"angle":0.0,"axis":"y","origin":[8.0,-12.800001,8.0]},"faces":{"east":{"uv":[12.444445,0.6666667,13.0,1.2222222],"rotation":0,"texture":"#0","tintindex":0},"south":{"uv":[11.444445,5.888889,12.111111,6.4444447],"rotation":0,"texture":"#0","tintindex":0},"north":{"uv":[11.333333,2.8888888,12.0,3.4444444],"rotation":0,"texture":"#0","tintindex":0},"west":{"uv":[12.222222,12.555555,12.777778,13.111111],"rotation":0,"texture":"#0","tintindex":0},"up":{"uv":[2.0,12.111111,1.3333334,11.555555],"rotation":0,"texture":"#0","tintindex":0},"down":{"uv":[12.222222,1.5555556,11.555555,2.1111112],"rotation":0,"texture":"#0","tintindex":0}}},{"from":[6.285714,4.9142857,5.714286],"to":[9.714286,7.7714286,9.714286],"rotation":{"angle":-22.5,"axis":"x","origin":[8.0,6.0571427,8.571428]},"faces":{"east":{"uv":[10.222222,3.8888888,11.0,4.4444447],"rotation":0,"texture":"#0","tintindex":0},"south":{"uv":[11.666667,4.4444447,12.333333,5.0],"rotation":0,"texture":"#0","tintindex":0},"north":{"uv":[2.0,11.555555,2.6666667,12.111111],"rotation":0,"texture":"#0","tintindex":0},"west":{"uv":[10.888889,4.7777777,11.666667,5.3333335],"rotation":0,"texture":"#0","tintindex":0},"up":{"uv":[9.888889,3.6666667,9.222222,2.8888888],"rotation":0,"texture":"#0","tintindex":0},"down":{"uv":[10.222222,3.6666667,9.555555,4.4444447],"rotation":0,"texture":"#0","tintindex":0}}},{"from":[5.714286,4.9142857,6.285714],"to":[10.285714,8.057143,10.285714],"rotation":{"angle":0.0,"axis":"y","origin":[8.0,8.342857,8.0]},"faces":{"east":{"uv":[9.333333,6.4444447,10.111111,7.111111],"rotation":0,"texture":"#0","tintindex":0},"south":{"uv":[8.666667,0.0,9.555555,0.6666667],"rotation":0,"texture":"#0","tintindex":0},"north":{"uv":[0.0,8.666667,0.8888889,9.333333],"rotation":0,"texture":"#0","tintindex":0},"west":{"uv":[9.555555,0.0,10.333333,0.6666667],"rotation":0,"texture":"#0","tintindex":0},"up":{"uv":[8.444445,4.7777777,7.5555553,4.0],"rotation":0,"texture":"#0","tintindex":0},"down":{"uv":[5.7777777,7.888889,4.888889,8.666667],"rotation":0,"texture":"#0","tintindex":0}}},{"from":[2.8571424,3.1999998,6.9142857],"to":[4.5714283,6.342857,9.657143],"rotation":{"angle":45.0,"axis":"z","origin":[4.285714,7.3428574,8.285714]},"faces":{"east":{"uv":[7.3333335,11.444445,7.888889,12.111111],"rotation":0,"texture":"#0","tintindex":0},"south":{"uv":[0.7777778,13.333333,1.1111112,14.0],"rotation":0,"texture":"#0","tintindex":0},"north":{"uv":[10.333333,0.0,10.666667,0.6666667],"rotation":0,"texture":"#0","tintindex":0},"west":{"uv":[11.666667,5.0,12.222222,5.6666665],"rotation":0,"texture":"#0","tintindex":0},"up":{"uv":[14.222222,2.3333333,13.888889,1.7777778],"rotation":0,"texture":"#0","tintindex":0},"down":{"uv":[4.4444447,13.888889,4.111111,14.444445],"rotation":0,"texture":"#0","tintindex":0}}},{"from":[3.5428567,5.942857,7.4857144],"to":[4.685714,7.3714285,9.085714],"rotation":{"angle":22.5,"axis":"z","origin":[4.285714,7.3428574,8.285714]},"faces":{"east":{"uv":[0.5555556,7.2222223,0.8888889,7.5555553],"rotation":0,"texture":"#0","tintindex":0},"south":{"uv":[11.444445,6.4444447,11.666667,6.7777777],"rotation":0,"texture":"#0","tintindex":0},"north":{"uv":[8.222222,10.333333,8.444445,10.666667],"rotation":0,"texture":"#0","tintindex":0},"west":{"uv":[7.6666665,8.222222,8.0,8.555555],"rotation":0,"texture":"#0","tintindex":0},"up":{"uv":[13.111111,6.888889,12.888889,6.5555553],"rotation":0,"texture":"#0","tintindex":0},"down":{"uv":[11.111111,14.333333,10.888889,14.666667],"rotation":0,"texture":"#0","tintindex":0}}},{"from":[11.314286,5.942857,7.4857144],"to":[12.457144,7.3714285,9.085714],"rotation":{"angle":-22.5,"axis":"z","origin":[11.714286,7.3428574,8.285714]},"faces":{"east":{"uv":[9.222222,3.6666667,9.555555,4.0],"rotation":0,"texture":"#0","tintindex":0},"south":{"uv":[5.111111,14.444445,5.3333335,14.777778],"rotation":0,"texture":"#0","tintindex":0},"north":{"uv":[4.111111,14.444445,4.3333335,14.777778],"rotation":0,"texture":"#0","tintindex":0},"west":{"uv":[5.111111,12.0,5.4444447,12.333333],"rotation":0,"texture":"#0","tintindex":0},"up":{"uv":[14.666667,5.4444447,14.444445,5.111111],"rotation":0,"texture":"#0","tintindex":0},"down":{"uv":[5.5555553,14.444445,5.3333335,14.777778],"rotation":0,"texture":"#0","tintindex":0}}},{"from":[11.428572,3.1999998,6.9142857],"to":[13.142858,6.342857,9.657143],"rotation":{"angle":-45.0,"axis":"z","origin":[11.714286,7.3428574,8.285714]},"faces":{"east":{"uv":[5.888889,11.666667,6.4444447,12.333333],"rotation":0,"texture":"#0","tintindex":0},"south":{"uv":[13.444445,12.222222,13.777778,12.888889],"rotation":0,"texture":"#0","tintindex":0},"north":{"uv":[13.444445,9.444445,13.777778,10.111111],"rotation":0,"texture":"#0","tintindex":0},"west":{"uv":[6.4444447,11.666667,7.0,12.333333],"rotation":0,"texture":"#0","tintindex":0},"up":{"uv":[5.4444447,14.444445,5.111111,13.888889],"rotation":0,"texture":"#0","tintindex":0},"down":{"uv":[5.7777777,13.888889,5.4444447,14.444445],"rotation":0,"texture":"#0","tintindex":0}}}],"display":{"head":{"translation":[0.0,-6.4,0.0],"scale":[4.0,4.0,4.0]}}}