{"textures":{"0":"modelengine:entity/wolfmob39phase2"},"elements":[{"from":[5.142857,7.833075,6.857143],"to":[10.857143,10.690218,9.714286],"rotation":{"angle":0.0,"axis":"y","origin":[8.0,7.547361,8.0]},"faces":{"east":{"uv":[12.666667,5.5555553,13.222222,6.111111],"rotation":0,"texture":"#0","tintindex":0},"south":{"uv":[8.0,6.0,9.111111,6.5555553],"rotation":0,"texture":"#0","tintindex":0},"north":{"uv":[7.0,1.8888888,8.111111,2.4444444],"rotation":0,"texture":"#0","tintindex":0},"west":{"uv":[7.5555553,12.666667,8.111111,13.222222],"rotation":0,"texture":"#0","tintindex":0},"up":{"uv":[9.222222,3.4444444,8.111111,2.8888888],"rotation":0,"texture":"#0","tintindex":0},"down":{"uv":[9.222222,3.4444444,8.111111,4.0],"rotation":0,"texture":"#0","tintindex":0}}},{"from":[6.285714,7.833075,6.285714],"to":[9.714286,10.690218,6.857143],"rotation":{"angle":0.0,"axis":"y","origin":[8.0,7.547361,8.0]},"faces":{"east":{"uv":[0.0,14.555555,0.11111111,15.111111],"rotation":0,"texture":"#0","tintindex":0},"south":{"uv":[11.777778,7.6666665,12.444445,8.222222],"rotation":0,"texture":"#0","tintindex":0},"north":{"uv":[11.777778,7.111111,12.444445,7.6666665],"rotation":0,"texture":"#0","tintindex":0},"west":{"uv":[0.11111111,14.555555,0.22222222,15.111111],"rotation":0,"texture":"#0","tintindex":0},"up":{"uv":[7.6666665,1.8888888,7.0,1.7777778],"rotation":0,"texture":"#0","tintindex":0},"down":{"uv":[6.4444447,7.888889,5.7777777,8.0],"rotation":0,"texture":"#0","tintindex":0}}}],"display":{"head":{"translation":[0.0,-6.4,0.0],"scale":[4.0,4.0,4.0]}}}