{"textures":{"0":"modelengine:entity/wolfmob39phase2"},"elements":[{"from":[4.0,7.2557187,5.258314],"to":[12.0,12.970005,8.115458],"rotation":{"angle":22.5,"axis":"x","origin":[8.0,3.5414324,8.686886]},"faces":{"east":{"uv":[4.0,4.625,4.3125,5.25],"rotation":0,"texture":"#0","tintindex":0},"south":{"uv":[2.375,2.625,3.25,3.25],"rotation":0,"texture":"#0","tintindex":0},"north":{"uv":[1.5,2.625,2.375,3.25],"rotation":0,"texture":"#0","tintindex":0},"west":{"uv":[2.0,4.6875,2.3125,5.3125],"rotation":0,"texture":"#0","tintindex":0},"up":{"uv":[4.625,4.0,3.75,3.6875],"rotation":0,"texture":"#0","tintindex":0},"down":{"uv":[4.8125,0.0,3.9375,0.3125],"rotation":0,"texture":"#0","tintindex":0}}},{"from":[11.428572,11.541433,7.086886],"to":[15.428572,14.970005,10.515457],"rotation":{"angle":22.5,"axis":"z","origin":[14.857143,12.68429,8.515457]},"faces":{"east":{"uv":[5.75,2.9375,6.125,3.3125],"rotation":0,"texture":"#0","tintindex":0},"south":{"uv":[5.5,4.375,5.9375,4.75],"rotation":0,"texture":"#0","tintindex":0},"north":{"uv":[5.4375,4.0,5.875,4.375],"rotation":0,"texture":"#0","tintindex":0},"west":{"uv":[6.0,0.5,6.375,0.875],"rotation":0,"texture":"#0","tintindex":0},"up":{"uv":[5.9375,5.125,5.5,4.75],"rotation":0,"texture":"#0","tintindex":0},"down":{"uv":[6.0,0.375,5.5625,0.75],"rotation":0,"texture":"#0","tintindex":0}}},{"from":[0.5714283,11.541433,7.086886],"to":[4.5714283,14.970005,10.515457],"rotation":{"angle":-22.5,"axis":"z","origin":[1.1428566,12.68429,8.515457]},"faces":{"east":{"uv":[6.0,1.625,6.375,2.0],"rotation":0,"texture":"#0","tintindex":0},"south":{"uv":[5.5625,1.625,6.0,2.0],"rotation":0,"texture":"#0","tintindex":0},"north":{"uv":[5.5625,0.75,6.0,1.125],"rotation":0,"texture":"#0","tintindex":0},"west":{"uv":[4.625,6.0,5.0,6.375],"rotation":0,"texture":"#0","tintindex":0},"up":{"uv":[3.125,6.0,2.6875,5.625],"rotation":0,"texture":"#0","tintindex":0},"down":{"uv":[5.1875,5.625,4.75,6.0],"rotation":0,"texture":"#0","tintindex":0}}},{"from":[5.714286,6.1128616,9.258314],"to":[10.285714,10.112862,10.9726],"rotation":{"angle":0.0,"axis":"y","origin":[8.0,3.5414324,8.686886]},"faces":{"east":{"uv":[1.0625,5.25,1.25,5.6875],"rotation":0,"texture":"#0","tintindex":0},"south":{"uv":[3.25,4.5,3.75,4.9375],"rotation":0,"texture":"#0","tintindex":0},"north":{"uv":[4.5,2.9375,5.0,3.375],"rotation":0,"texture":"#0","tintindex":0},"west":{"uv":[2.3125,7.375,2.5,7.8125],"rotation":0,"texture":"#0","tintindex":0},"up":{"uv":[5.0625,1.3125,4.5625,1.125],"rotation":0,"texture":"#0","tintindex":0},"down":{"uv":[1.25,7.1875,0.75,7.375],"rotation":0,"texture":"#0","tintindex":0}}},{"from":[4.5714283,7.5985756,5.944029],"to":[11.428572,13.884291,9.372601],"rotation":{"angle":0.0,"axis":"y","origin":[8.0,3.5414324,8.229743]},"faces":{"east":{"uv":[3.9375,0.3125,4.3125,1.0],"rotation":0,"texture":"#0","tintindex":0},"south":{"uv":[3.1875,0.6875,3.9375,1.375],"rotation":0,"texture":"#0","tintindex":0},"north":{"uv":[3.1875,0.0,3.9375,0.6875],"rotation":0,"texture":"#0","tintindex":0},"west":{"uv":[1.75,3.9375,2.125,4.625],"rotation":0,"texture":"#0","tintindex":0},"up":{"uv":[1.25,3.8125,0.5,3.4375],"rotation":0,"texture":"#0","tintindex":0},"down":{"uv":[2.5,3.5625,1.75,3.9375],"rotation":0,"texture":"#0","tintindex":0}}},{"from":[9.142858,9.88429,4.8011713],"to":[13.142858,12.741433,7.6583147],"rotation":{"angle":22.5,"axis":"z","origin":[8.857143,11.598576,5.086886]},"faces":{"east":{"uv":[4.875,7.125,5.1875,7.4375],"rotation":0,"texture":"#0","tintindex":0},"south":{"uv":[6.1875,4.0,6.625,4.3125],"rotation":0,"texture":"#0","tintindex":0},"north":{"uv":[6.1875,2.1875,6.625,2.5],"rotation":0,"texture":"#0","tintindex":0},"west":{"uv":[5.4375,7.125,5.75,7.4375],"rotation":0,"texture":"#0","tintindex":0},"up":{"uv":[6.625,4.625,6.1875,4.3125],"rotation":0,"texture":"#0","tintindex":0},"down":{"uv":[6.625,5.125,6.1875,5.4375],"rotation":0,"texture":"#0","tintindex":0}}},{"from":[10.285714,12.170005,4.229743],"to":[13.714286,13.312861,5.944029],"rotation":{"angle":22.5,"axis":"z","origin":[8.857143,11.598576,5.086886]},"faces":{"east":{"uv":[6.875,1.0625,7.0625,1.1875],"rotation":0,"texture":"#0","tintindex":0},"south":{"uv":[7.8125,5.1875,8.1875,5.3125],"rotation":0,"texture":"#0","tintindex":0},"north":{"uv":[7.75,6.125,8.125,6.25],"rotation":0,"texture":"#0","tintindex":0},"west":{"uv":[7.4375,6.25,7.625,6.375],"rotation":0,"texture":"#0","tintindex":0},"up":{"uv":[8.0,2.9375,7.625,2.75],"rotation":0,"texture":"#0","tintindex":0},"down":{"uv":[8.0,3.375,7.625,3.5625],"rotation":0,"texture":"#0","tintindex":0}}},{"from":[2.2857141,12.170005,4.229743],"to":[5.714286,13.312861,5.944029],"rotation":{"angle":-22.5,"axis":"z","origin":[7.142857,11.598576,5.086886]},"faces":{"east":{"uv":[7.5625,5.875,7.75,6.0],"rotation":0,"texture":"#0","tintindex":0},"south":{"uv":[7.9375,7.625,8.3125,7.75],"rotation":0,"texture":"#0","tintindex":0},"north":{"uv":[7.9375,5.6875,8.3125,5.8125],"rotation":0,"texture":"#0","tintindex":0},"west":{"uv":[7.75,7.125,7.9375,7.25],"rotation":0,"texture":"#0","tintindex":0},"up":{"uv":[8.0,6.4375,7.625,6.25],"rotation":0,"texture":"#0","tintindex":0},"down":{"uv":[8.0,6.4375,7.625,6.625],"rotation":0,"texture":"#0","tintindex":0}}},{"from":[8.0,8.741433,5.2011714],"to":[11.428572,11.027147,6.9154572],"rotation":{"angle":22.5,"axis":"z","origin":[8.857143,11.598576,5.086886]},"faces":{"east":{"uv":[7.9375,1.5,8.125,1.75],"rotation":0,"texture":"#0","tintindex":0},"south":{"uv":[7.1875,5.0,7.5625,5.25],"rotation":0,"texture":"#0","tintindex":0},"north":{"uv":[7.1875,4.75,7.5625,5.0],"rotation":0,"texture":"#0","tintindex":0},"west":{"uv":[2.125,7.9375,2.3125,8.1875],"rotation":0,"texture":"#0","tintindex":0},"up":{"uv":[6.625,5.125,6.25,4.9375],"rotation":0,"texture":"#0","tintindex":0},"down":{"uv":[7.9375,1.5625,7.5625,1.75],"rotation":0,"texture":"#0","tintindex":0}}},{"from":[2.8571424,9.88429,4.8011713],"to":[6.857143,12.741433,7.6583147],"rotation":{"angle":-22.5,"axis":"z","origin":[7.142857,11.598576,5.086886]},"faces":{"east":{"uv":[6.5625,7.125,6.875,7.4375],"rotation":0,"texture":"#0","tintindex":0},"south":{"uv":[6.1875,5.75,6.625,6.0625],"rotation":0,"texture":"#0","tintindex":0},"north":{"uv":[6.1875,5.4375,6.625,5.75],"rotation":0,"texture":"#0","tintindex":0},"west":{"uv":[0.25,7.1875,0.5625,7.5],"rotation":0,"texture":"#0","tintindex":0},"up":{"uv":[6.625,6.375,6.1875,6.0625],"rotation":0,"texture":"#0","tintindex":0},"down":{"uv":[6.6875,4.625,6.25,4.9375],"rotation":0,"texture":"#0","tintindex":0}}},{"from":[4.5714283,8.741433,5.2011714],"to":[8.0,11.027147,6.9154572],"rotation":{"angle":-22.5,"axis":"z","origin":[7.142857,11.598576,5.086886]},"faces":{"east":{"uv":[7.9375,7.125,8.125,7.375],"rotation":0,"texture":"#0","tintindex":0},"south":{"uv":[7.1875,5.5,7.5625,5.75],"rotation":0,"texture":"#0","tintindex":0},"north":{"uv":[7.1875,5.25,7.5625,5.5],"rotation":0,"texture":"#0","tintindex":0},"west":{"uv":[7.9375,7.375,8.125,7.625],"rotation":0,"texture":"#0","tintindex":0},"up":{"uv":[7.9375,5.875,7.5625,5.6875],"rotation":0,"texture":"#0","tintindex":0},"down":{"uv":[8.0,2.5625,7.625,2.75],"rotation":0,"texture":"#0","tintindex":0}}},{"from":[11.428572,8.741433,7.6583147],"to":[14.857143,12.741433,9.944029],"rotation":{"angle":-45.0,"axis":"z","origin":[12.571428,12.170005,7.3726]},"faces":{"east":{"uv":[4.625,6.875,4.875,7.3125],"rotation":0,"texture":"#0","tintindex":0},"south":{"uv":[5.25,5.375,5.625,5.8125],"rotation":0,"texture":"#0","tintindex":0},"north":{"uv":[5.375,2.9375,5.75,3.375],"rotation":0,"texture":"#0","tintindex":0},"west":{"uv":[0.0,6.9375,0.25,7.375],"rotation":0,"texture":"#0","tintindex":0},"up":{"uv":[7.5625,1.3125,7.1875,1.0625],"rotation":0,"texture":"#0","tintindex":0},"down":{"uv":[1.625,7.1875,1.25,7.4375],"rotation":0,"texture":"#0","tintindex":0}}},{"from":[1.1428566,8.741433,7.6583147],"to":[4.5714283,12.741433,9.944029],"rotation":{"angle":45.0,"axis":"z",