{"textures":{"0":"modelengine:entity/wolfmob39phase2"},"elements":[{"from":[4.0,7.2557187,5.258314],"to":[12.0,12.970005,8.115458],"rotation":{"angle":22.5,"axis":"x","origin":[8.0,3.5414324,8.686886]},"faces":{"east":{"uv":[7.111111,8.222222,7.6666665,9.333333],"rotation":0,"texture":"#0","tintindex":0},"south":{"uv":[4.2222223,4.6666665,5.7777777,5.7777777],"rotation":0,"texture":"#0","tintindex":0},"north":{"uv":[2.6666667,4.6666665,4.2222223,5.7777777],"rotation":0,"texture":"#0","tintindex":0},"west":{"uv":[3.5555556,8.333333,4.111111,9.444445],"rotation":0,"texture":"#0","tintindex":0},"up":{"uv":[8.222222,7.111111,6.6666665,6.5555553],"rotation":0,"texture":"#0","tintindex":0},"down":{"uv":[8.555555,0.0,7.0,0.5555556],"rotation":0,"texture":"#0","tintindex":0}}},{"from":[11.428572,11.541433,7.086886],"to":[15.428572,14.970005,10.515457],"rotation":{"angle":22.5,"axis":"z","origin":[14.857143,12.68429,8.515457]},"faces":{"east":{"uv":[10.222222,5.2222223,10.888889,5.888889],"rotation":0,"texture":"#0","tintindex":0},"south":{"uv":[9.777778,7.7777777,10.555555,8.444445],"rotation":0,"texture":"#0","tintindex":0},"north":{"uv":[9.666667,7.111111,10.444445,7.7777777],"rotation":0,"texture":"#0","tintindex":0},"west":{"uv":[10.666667,0.8888889,11.333333,1.5555556],"rotation":0,"texture":"#0","tintindex":0},"up":{"uv":[10.555555,9.111111,9.777778,8.444445],"rotation":0,"texture":"#0","tintindex":0},"down":{"uv":[10.666667,0.6666667,9.888889,1.3333334],"rotation":0,"texture":"#0","tintindex":0}}},{"from":[0.5714283,11.541433,7.086886],"to":[4.5714283,14.970005,10.515457],"rotation":{"angle":-22.5,"axis":"z","origin":[1.1428566,12.68429,8.515457]},"faces":{"east":{"uv":[10.666667,2.8888888,11.333333,3.5555556],"rotation":0,"texture":"#0","tintindex":0},"south":{"uv":[9.888889,2.8888888,10.666667,3.5555556],"rotation":0,"texture":"#0","tintindex":0},"north":{"uv":[9.888889,1.3333334,10.666667,2.0],"rotation":0,"texture":"#0","tintindex":0},"west":{"uv":[8.222222,10.666667,8.888889,11.333333],"rotation":0,"texture":"#0","tintindex":0},"up":{"uv":[5.5555553,10.666667,4.7777777,10.0],"rotation":0,"texture":"#0","tintindex":0},"down":{"uv":[9.222222,10.0,8.444445,10.666667],"rotation":0,"texture":"#0","tintindex":0}}},{"from":[5.714286,6.1128616,9.258314],"to":[10.285714,10.112862,10.9726],"rotation":{"angle":0.0,"axis":"y","origin":[8.0,3.5414324,8.686886]},"faces":{"east":{"uv":[1.8888888,9.333333,2.2222223,10.111111],"rotation":0,"texture":"#0","tintindex":0},"south":{"uv":[5.7777777,8.0,6.6666665,8.777778],"rotation":0,"texture":"#0","tintindex":0},"north":{"uv":[8.0,5.2222223,8.888889,6.0],"rotation":0,"texture":"#0","tintindex":0},"west":{"uv":[4.111111,13.111111,4.4444447,13.888889],"rotation":0,"texture":"#0","tintindex":0},"up":{"uv":[9.0,2.3333333,8.111111,2.0],"rotation":0,"texture":"#0","tintindex":0},"down":{"uv":[2.2222223,12.777778,1.3333334,13.111111],"rotation":0,"texture":"#0","tintindex":0}}},{"from":[4.5714283,7.5985756,5.944029],"to":[11.428572,13.884291,9.372601],"rotation":{"angle":0.0,"axis":"y","origin":[8.0,3.5414324,8.229743]},"faces":{"east":{"uv":[7.0,0.5555556,7.6666665,1.7777778],"rotation":0,"texture":"#0","tintindex":0},"south":{"uv":[5.6666665,1.2222222,7.0,2.4444444],"rotation":0,"texture":"#0","tintindex":0},"north":{"uv":[5.6666665,0.0,7.0,1.2222222],"rotation":0,"texture":"#0","tintindex":0},"west":{"uv":[3.1111112,7.0,3.7777777,8.222222],"rotation":0,"texture":"#0","tintindex":0},"up":{"uv":[2.2222223,6.7777777,0.8888889,6.111111],"rotation":0,"texture":"#0","tintindex":0},"down":{"uv":[4.4444447,6.3333335,3.1111112,7.0],"rotation":0,"texture":"#0","tintindex":0}}},{"from":[9.142858,9.88429,4.8011713],"to":[13.142858,12.741433,7.6583147],"rotation":{"angle":22.5,"axis":"z","origin":[8.857143,11.598576,5.086886]},"faces":{"east":{"uv":[8.666667,12.666667,9.222222,13.222222],"rotation":0,"texture":"#0","tintindex":0},"south":{"uv":[11.0,7.111111,11.777778,7.6666665],"rotation":0,"texture":"#0","tintindex":0},"north":{"uv":[11.0,3.8888888,11.777778,4.4444447],"rotation":0,"texture":"#0","tintindex":0},"west":{"uv":[9.666667,12.666667,10.222222,13.222222],"rotation":0,"texture":"#0","tintindex":0},"up":{"uv":[11.777778,8.222222,11.0,7.6666665],"rotation":0,"texture":"#0","tintindex":0},"down":{"uv":[11.777778,9.111111,11.0,9.666667],"rotation":0,"texture":"#0","tintindex":0}}},{"from":[10.285714,12.170005,4.229743],"to":[13.714286,13.312861,5.944029],"rotation":{"angle":22.5,"axis":"z","origin":[8.857143,11.598576,5.086886]},"faces":{"east":{"uv":[12.222222,1.8888888,12.555555,2.1111112],"rotation":0,"texture":"#0","tintindex":0},"south":{"uv":[13.888889,9.222222,14.555555,9.444445],"rotation":0,"texture":"#0","tintindex":0},"north":{"uv":[13.777778,10.888889,14.444445,11.111111],"rotation":0,"texture":"#0","tintindex":0},"west":{"uv":[13.222222,11.111111,13.555555,11.333333],"rotation":0,"texture":"#0","tintindex":0},"up":{"uv":[14.222222,5.2222223,13.555555,4.888889],"rotation":0,"texture":"#0","tintindex":0},"down":{"uv":[14.222222,6.0,13.555555,6.3333335],"rotation":0,"texture":"#0","tintindex":0}}},{"from":[2.2857141,12.170005,4.229743],"to":[5.714286,13.312861,5.944029],"rotation":{"angle":-22.5,"axis":"z","origin":[7.142857,11.598576,5.086886]},"faces":{"east":{"uv":[13.444445,10.444445,13.777778,10.666667],"rotation":0,"texture":"#0","tintindex":0},"south":{"uv":[14.111111,13.555555,14.777778,13.777778],"rotation":0,"texture":"#0","tintindex":0},"north":{"uv":[14.111111,10.111111,14.777778,10.333333],"rotation":0,"texture":"#0","tintindex":0},"west":{"uv":[13.777778,12.666667,14.111111,12.888889],"rotation":0,"texture":"#0","tintindex":0},"up":{"uv":[14.222222,11.444445,13.555555,11.111111],"rotation":0,"texture":"#0","tintindex":0},"down":{"uv":[14.222222,11.444445,13.555555,11.777778],"rotation":0,"texture":"#0","tintindex":0}}},{"from":[8.0,8.741433,5.2011714],"to":[11.428572,11.027147,6.9154572],"rotation":{"angle":22.5,"axis":"z","origin":[8.857143,11.598576,5.086886]},"faces":{"east":{"uv":[14.111111,2.6666667,14.444445,3.1111112],"rotation":0,"texture":"#0","tintindex":0},"south":{"uv":[12.777778,8.888889,13.444445,9.333333],"rotation":0,"texture":"#0","tintindex":0},"north":{"uv":[12.777778,8.444445,13.444445,8.888889],"rotation":0,"texture":"#0","tintindex":0},"west":{"uv":[3.7777777,14.111111,4.111111,14.555555],"rotation":0,"texture":"#0","tintindex":0},"up":{"uv":[11.777778,9.111111,11.111111,8.777778],"rotation":0,"texture":"#0","tintindex":0},"down":{"uv":[14.111111,2.7777777,13.444445,3.1111112],"rotation":0,"texture":"#0","tintindex":0}}},{"from":[2.8571424,9.88429,4.8011713],"to":[6.857143,12.741433,7.6583147],"rotation":{"angle":-22.5,"axis":"z","origin":[7.142857,11.598576,5.086886]},"faces":{"east":{"uv":[11.666667,12.666667,12.222222,13.222222],"rotation":0,"texture":"#0","tintindex":0},"south":{"uv":[11.0,10.222222,11.777778,10.777778],"rotation":0,"texture":"#0","tintindex":0},"north":{"uv":[11.0,9.666667,11.777778,10.222222],"rotation":0,"texture":"#0","tintindex":0},"west":{"uv":[0.44444445,12.777778,1.0,13.333333],"rotation":0,"texture":"#0","tintindex":0},"up":{"uv":[11.777778,11.333333,11.0,10.777778],"rotation":0,"texture":"#0","tintindex":0},"down":{"uv":[11.888889,8.222222,11.111111,8.777778],"rotation":0,"texture":"#0","tintindex":0}}},{"from":[4.5714283,8.741433,5.2011714],"to":[8.0,11.027147,6.9154572],"rotation":{"angle":-22.5,"axis":"z","origin":[7.142857,11.598576,5.086886]},"faces":{"east":{"uv":[14.111111,12.666667,14.444445,13.111111],"rotation":0,"texture":"#0","tintindex":0},"south":{"uv":[12.777778,9.777778,13.444445,10.222222],"rotation":0,"texture":"#0","tintindex":0},"north":{"uv":[12.777778,9.333333,13.444445,9.777778],"rotation":0,"texture":"#0","tintindex":0},"west":{"uv":[14.111111,13.111111,14.444445,13.555555],"rotation":0,"texture":"#0","tintindex":0},"up":{"uv":[14.111111,10.444445,13.444445,10.111111],"rotation":0,"texture":"#0","tintindex":0},