{"textures":{"0":"modelengine:entity/wolfmob39phase2"},"elements":[{"from":[9.577143,9.758095,5.5009522],"to":[12.205715,9.758095,8.918096],"rotation":{"angle":0.0,"axis":"y","origin":[9.577143,9.758095,7.2095237]},"faces":{"east":{"uv":[0.0,0.0,0.375,0.0],"rotation":0,"texture":"#0","tintindex":0},"south":{"uv":[0.0,0.0,0.3125,0.0],"rotation":0,"texture":"#0","tintindex":0},"north":{"uv":[0.0,0.0,0.3125,0.0],"rotation":0,"texture":"#0","tintindex":0},"west":{"uv":[0.0,0.0,0.375,0.0],"rotation":0,"texture":"#0","tintindex":0},"up":{"uv":[7.1875,7.0625,6.875,6.6875],"rotation":0,"texture":"#0","tintindex":0},"down":{"uv":[7.25,0.0,6.9375,0.375],"rotation":0,"texture":"#0","tintindex":0}}},{"from":[6.4228573,8.158095,6.815238],"to":[9.577143,11.049524,8.918096],"rotation":{"angle":0.0,"axis":"y","origin":[8.0,12.855238,6.2895236]},"faces":{"east":{"uv":[0.1875,7.5,0.4375,7.8125],"rotation":0,"texture":"#0","tintindex":0},"south":{"uv":[0.25,6.875,0.625,7.1875],"rotation":0,"texture":"#0","tintindex":0},"north":{"uv":[4.25,6.8125,4.625,7.125],"rotation":0,"texture":"#0","tintindex":0},"west":{"uv":[3.0625,7.5,3.3125,7.8125],"rotation":0,"texture":"#0","tintindex":0},"up":{"uv":[7.625,6.625,7.25,6.375],"rotation":0,"texture":"#0","tintindex":0},"down":{"uv":[7.6875,0.375,7.3125,0.625],"rotation":0,"texture":"#0","tintindex":0}}},{"from":[3.7942853,9.758095,5.5009522],"to":[6.4228573,9.758095,8.918096],"rotation":{"angle":0.0,"axis":"y","origin":[6.4228573,9.758095,7.2095237]},"faces":{"east":{"uv":[0.0,0.0,0.375,0.0],"rotation":0,"texture":"#0","tintindex":0},"south":{"uv":[0.0,0.0,0.3125,0.0],"rotation":0,"texture":"#0","tintindex":0},"north":{"uv":[0.0,0.0,0.3125,0.0],"rotation":0,"texture":"#0","tintindex":0},"west":{"uv":[0.0,0.0,0.375,0.0],"rotation":0,"texture":"#0","tintindex":0},"up":{"uv":[7.25,2.3125,6.9375,1.9375],"rotation":0,"texture":"#0","tintindex":0},"down":{"uv":[7.25,2.3125,6.9375,2.6875],"rotation":0,"texture":"#0","tintindex":0}}}],"display":{"head":{"translation":[0.0,-6.4,0.0],"scale":[4.0,4.0,4.0]}}}