{"textures":{"0":"modelengine:entity/wolfmob39phase2"},"elements":[{"from":[9.577143,9.758095,5.558095],"to":[12.205715,9.758095,8.975238],"rotation":{"angle":0.0,"axis":"y","origin":[9.577143,9.758095,7.2666664]},"faces":{"east":{"uv":[0.0,0.0,0.6666667,0.0],"rotation":0,"texture":"#0","tintindex":0},"south":{"uv":[0.0,0.0,0.5555556,0.0],"rotation":0,"texture":"#0","tintindex":0},"north":{"uv":[0.0,0.0,0.5555556,0.0],"rotation":0,"texture":"#0","tintindex":0},"west":{"uv":[0.0,0.0,0.6666667,0.0],"rotation":0,"texture":"#0","tintindex":0},"up":{"uv":[1.8888888,12.777778,1.3333334,12.111111],"rotation":0,"texture":"#0","tintindex":0},"down":{"uv":[2.4444444,12.111111,1.8888888,12.777778],"rotation":0,"texture":"#0","tintindex":0}}},{"from":[3.7942853,9.758095,5.558095],"to":[6.4228573,9.758095,8.975238],"rotation":{"angle":0.0,"axis":"y","origin":[6.4228573,9.758095,7.2666664]},"faces":{"east":{"uv":[0.0,0.0,0.6666667,0.0],"rotation":0,"texture":"#0","tintindex":0},"south":{"uv":[0.0,0.0,0.5555556,0.0],"rotation":0,"texture":"#0","tintindex":0},"north":{"uv":[0.0,0.0,0.5555556,0.0],"rotation":0,"texture":"#0","tintindex":0},"west":{"uv":[0.0,0.0,0.6666667,0.0],"rotation":0,"texture":"#0","tintindex":0},"up":{"uv":[3.0,12.777778,2.4444444,12.111111],"rotation":0,"texture":"#0","tintindex":0},"down":{"uv":[3.5555556,12.111111,3.0,12.777778],"rotation":0,"texture":"#0","tintindex":0}}},{"from":[6.4228573,8.135238,6.8723807],"to":[9.577143,11.026667,8.975238],"rotation":{"angle":0.0,"axis":"y","origin":[8.0,15.746667,6.3466663]},"faces":{"east":{"uv":[5.888889,13.333333,6.3333335,13.888889],"rotation":0,"texture":"#0","tintindex":0},"south":{"uv":[12.222222,5.0,12.888889,5.5555553],"rotation":0,"texture":"#0","tintindex":0},"north":{"uv":[12.222222,1.3333334,12.888889,1.8888888],"rotation":0,"texture":"#0","tintindex":0},"west":{"uv":[6.3333335,13.333333,6.7777777,13.888889],"rotation":0,"texture":"#0","tintindex":0},"up":{"uv":[13.777778,3.6666667,13.111111,3.2222223],"rotation":0,"texture":"#0","tintindex":0},"down":{"uv":[13.777778,3.6666667,13.111111,4.111111],"rotation":0,"texture":"#0","tintindex":0}}}],"display":{"head":{"translation":[0.0,-6.4,0.0],"scale":[4.0,4.0,4.0]}}}