{"textures":{"0":"modelengine:entity/wolfmob39phase2"},"elements":[{"from":[6.948571,6.248133,6.948571],"to":[9.051429,7.8252764,9.051429],"rotation":{"angle":0.0,"axis":"y","origin":[8.0,6.7738476,6.4228573]},"faces":{"east":{"uv":[14.222222,4.111111,14.666667,4.4444447],"rotation":0,"texture":"#0","tintindex":0},"south":{"uv":[14.222222,4.4444447,14.666667,4.7777777],"rotation":0,"texture":"#0","tintindex":0},"north":{"uv":[14.222222,3.7777777,14.666667,4.111111],"rotation":0,"texture":"#0","tintindex":0},"west":{"uv":[14.222222,4.7777777,14.666667,5.111111],"rotation":0,"texture":"#0","tintindex":0},"up":{"uv":[14.333333,1.3333334,13.888889,0.8888889],"rotation":0,"texture":"#0","tintindex":0},"down":{"uv":[14.333333,1.3333334,13.888889,1.7777778],"rotation":0,"texture":"#0","tintindex":0}}},{"from":[7.737143,3.3567047,7.4742856],"to":[7.737143,6.248133,8.525714],"rotation":{"angle":-22.5,"axis":"z","origin":[8.0,6.7738476,6.4228573]},"faces":{"east":{"uv":[14.222222,6.7777777,14.444445,7.3333335],"rotation":0,"texture":"#0","tintindex":0},"south":{"uv":[0.0,0.0,0.0,0.5555556],"rotation":0,"texture":"#0","tintindex":0},"north":{"uv":[0.0,0.0,0.0,0.5555556],"rotation":0,"texture":"#0","tintindex":0},"west":{"uv":[14.222222,7.3333335,14.444445,7.888889],"rotation":0,"texture":"#0","tintindex":0},"up":{"uv":[0.0,0.22222222,0.0,0.0],"rotation":0,"texture":"#0","tintindex":0},"down":{"uv":[0.0,0.0,0.0,0.22222222],"rotation":0,"texture":"#0","tintindex":0}}},{"from":[8.262857,3.3567047,7.4742856],"to":[8.262857,6.248133,8.525714],"rotation":{"angle":22.5,"axis":"z","origin":[8.0,6.7738476,6.4228573]},"faces":{"east":{"uv":[14.222222,7.888889,14.444445,8.444445],"rotation":0,"texture":"#0","tintindex":0},"south":{"uv":[0.0,0.0,0.0,0.5555556],"rotation":0,"texture":"#0","tintindex":0},"north":{"uv":[0.0,0.0,0.0,0.5555556],"rotation":0,"texture":"#0","tintindex":0},"west":{"uv":[14.222222,8.444445,14.444445,9.0],"rotation":0,"texture":"#0","tintindex":0},"up":{"uv":[0.0,0.22222222,0.0,0.0],"rotation":0,"texture":"#0","tintindex":0},"down":{"uv":[0.0,0.0,0.0,0.22222222],"rotation":0,"texture":"#0","tintindex":0}}}],"display":{"head":{"translation":[0.0,-6.4,0.0],"scale":[4.0,4.0,4.0]}}}