{"textures":{"0":"modelengine:entity/wolfmob39phase2"},"elements":[{"from":[6.365714,8.0391245,6.9619665],"to":[9.634286,11.19341,8.801967],"rotation":{"angle":0.0,"axis":"y","origin":[8.0,6.9876957,6.357395]},"faces":{"east":{"uv":[13.666667,5.2222223,14.0,5.888889],"rotation":0,"texture":"#0","tintindex":0},"south":{"uv":[4.111111,10.777778,4.7777777,11.444445],"rotation":0,"texture":"#0","tintindex":0},"north":{"uv":[10.333333,10.666667,11.0,11.333333],"rotation":0,"texture":"#0","tintindex":0},"west":{"uv":[9.888889,13.666667,10.222222,14.333333],"rotation":0,"texture":"#0","tintindex":0},"up":{"uv":[10.888889,14.0,10.222222,13.666667],"rotation":0,"texture":"#0","tintindex":0},"down":{"uv":[11.555555,13.666667,10.888889,14.0],"rotation":0,"texture":"#0","tintindex":0}}},{"from":[4.582857,0.33523798,9.971225],"to":[11.417143,7.9580956,9.971225],"rotation":{"angle":0.0,"axis":"y","origin":[8.0,9.535238,10.49694]},"faces":{"east":{"uv":[0.0,0.0,0.0,1.4444444],"rotation":0,"texture":"#0","tintindex":0},"south":{"uv":[1.3333334,4.6666665,2.6666667,6.111111],"rotation":0,"texture":"#0","tintindex":0},"north":{"uv":[0.0,4.6666665,1.3333334,6.111111],"rotation":0,"texture":"#0","tintindex":0},"west":{"uv":[0.0,0.0,0.0,1.4444444],"rotation":0,"texture":"#0","tintindex":0},"up":{"uv":[1.3333334,0.0,0.0,0.0],"rotation":0,"texture":"#0","tintindex":0},"down":{"uv":[1.3333334,0.0,0.0,0.0],"rotation":0,"texture":"#0","tintindex":0}}},{"from":[4.582857,8.0391245,9.327681],"to":[11.417143,11.19341,9.327681],"rotation":{"angle":-22.5,"axis":"x","origin":[8.0,9.616267,9.853395]},"faces":{"east":{"uv":[0.0,0.0,0.0,0.6666667],"rotation":0,"texture":"#0","tintindex":0},"south":{"uv":[6.6666665,5.888889,8.0,6.5555553],"rotation":0,"texture":"#0","tintindex":0},"north":{"uv":[6.6666665,5.2222223,8.0,5.888889],"rotation":0,"texture":"#0","tintindex":0},"west":{"uv":[0.0,0.0,0.0,0.6666667],"rotation":0,"texture":"#0","tintindex":0},"up":{"uv":[1.3333334,0.0,0.0,0.0],"rotation":0,"texture":"#0","tintindex":0},"down":{"uv":[1.3333334,0.0,0.0,0.0],"rotation":0,"texture":"#0","tintindex":0}}},{"from":[5.8971424,11.19341,7.7505383],"to":[10.102858,15.136267,7.7505383],"rotation":{"angle":0.0,"axis":"y","origin":[8.0,13.559124,8.197395]},"faces":{"east":{"uv":[0.0,0.0,0.0,0.7777778],"rotation":0,"texture":"#0","tintindex":0},"south":{"uv":[8.444445,7.888889,9.222222,8.666667],"rotation":0,"texture":"#0","tintindex":0},"north":{"uv":[8.444445,7.111111,9.222222,7.888889],"rotation":0,"texture":"#0","tintindex":0},"west":{"uv":[0.0,0.0,0.0,0.7777778],"rotation":0,"texture":"#0","tintindex":0},"up":{"uv":[0.7777778,0.0,0.0,0.0],"rotation":0,"texture":"#0","tintindex":0},"down":{"uv":[0.7777778,0.0,0.0,0.0],"rotation":0,"texture":"#0","tintindex":0}}}],"display":{"head":{"translation":[0.0,-6.4,0.0],"scale":[4.0,4.0,4.0]}}}