{"textures":{"0":"modelengine:entity/wolfmob39phase2"},"elements":[{"from":[6.4228573,5.948571,6.948571],"to":[9.577143,8.84,9.051429],"rotation":{"angle":0.0,"axis":"y","origin":[8.0,19.331429,6.4228573]},"faces":{"east":{"uv":[13.444445,8.333333,13.888889,8.888889],"rotation":0,"texture":"#0","tintindex":0},"south":{"uv":[12.222222,11.333333,12.888889,11.888889],"rotation":0,"texture":"#0","tintindex":0},"north":{"uv":[11.0,12.222222,11.666667,12.777778],"rotation":0,"texture":"#0","tintindex":0},"west":{"uv":[13.444445,8.888889,13.888889,9.444445],"rotation":0,"texture":"#0","tintindex":0},"up":{"uv":[13.777778,7.4444447,13.111111,7.0],"rotation":0,"texture":"#0","tintindex":0},"down":{"uv":[13.777778,11.777778,13.111111,12.222222],"rotation":0,"texture":"#0","tintindex":0}}}],"display":{"head":{"translation":[0.0,-6.4,0.0],"scale":[4.0,4.0,4.0]}}}