{"textures":{"0":"modelengine:entity/wolfmob39phase2"},"elements":[{"from":[9.577143,9.758095,5.558095],"to":[12.205715,9.758095,8.975238],"rotation":{"angle":0.0,"axis":"y","origin":[9.577143,9.758095,7.2666664]},"faces":{"east":{"uv":[0.0,0.0,0.375,0.0],"rotation":0,"texture":"#0","tintindex":0},"south":{"uv":[0.0,0.0,0.3125,0.0],"rotation":0,"texture":"#0","tintindex":0},"north":{"uv":[0.0,0.0,0.3125,0.0],"rotation":0,"texture":"#0","tintindex":0},"west":{"uv":[0.0,0.0,0.375,0.0],"rotation":0,"texture":"#0","tintindex":0},"up":{"uv":[1.0625,7.1875,0.75,6.8125],"rotation":0,"texture":"#0","tintindex":0},"down":{"uv":[1.375,6.8125,1.0625,7.1875],"rotation":0,"texture":"#0","tintindex":0}}},{"from":[3.7942853,9.758095,5.558095],"to":[6.4228573,9.758095,8.975238],"rotation":{"angle":0.0,"axis":"y","origin":[6.4228573,9.758095,7.2666664]},"faces":{"east":{"uv":[0.0,0.0,0.375,0.0],"rotation":0,"texture":"#0","tintindex":0},"south":{"uv":[0.0,0.0,0.3125,0.0],"rotation":0,"texture":"#0","tintindex":0},"north":{"uv":[0.0,0.0,0.3125,0.0],"rotation":0,"texture":"#0","tintindex":0},"west":{"uv":[0.0,0.0,0.375,0.0],"rotation":0,"texture":"#0","tintindex":0},"up":{"uv":[1.6875,7.1875,1.375,6.8125],"rotation":0,"texture":"#0","tintindex":0},"down":{"uv":[2.0,6.8125,1.6875,7.1875],"rotation":0,"texture":"#0","tintindex":0}}},{"from":[6.4228573,8.135238,6.8723807],"to":[9.577143,11.026667,8.975238],"rotation":{"angle":0.0,"axis":"y","origin":[8.0,15.746667,6.3466663]},"faces":{"east":{"uv":[3.3125,7.5,3.5625,7.8125],"rotation":0,"texture":"#0","tintindex":0},"south":{"uv":[6.875,2.8125,7.25,3.125],"rotation":0,"texture":"#0","tintindex":0},"north":{"uv":[6.875,0.75,7.25,1.0625],"rotation":0,"texture":"#0","tintindex":0},"west":{"uv":[3.5625,7.5,3.8125,7.8125],"rotation":0,"texture":"#0","tintindex":0},"up":{"uv":[7.75,2.0625,7.375,1.8125],"rotation":0,"texture":"#0","tintindex":0},"down":{"uv":[7.75,2.0625,7.375,2.3125],"rotation":0,"texture":"#0","tintindex":0}}}],"display":{"head":{"translation":[0.0,-6.4,0.0],"scale":[4.0,4.0,4.0]}}}