{"textures":{"0":"modelengine:entity/wolfmob39phase2"},"elements":[{"from":[6.365714,8.0391245,6.9619665],"to":[9.634286,11.19341,8.801967],"rotation":{"angle":0.0,"axis":"y","origin":[8.0,6.9876957,6.357395]},"faces":{"east":{"uv":[7.6875,2.9375,7.875,3.3125],"rotation":0,"texture":"#0","tintindex":0},"south":{"uv":[2.3125,6.0625,2.6875,6.4375],"rotation":0,"texture":"#0","tintindex":0},"north":{"uv":[5.8125,6.0,6.1875,6.375],"rotation":0,"texture":"#0","tintindex":0},"west":{"uv":[5.5625,7.6875,5.75,8.0625],"rotation":0,"texture":"#0","tintindex":0},"up":{"uv":[6.125,7.875,5.75,7.6875],"rotation":0,"texture":"#0","tintindex":0},"down":{"uv":[6.5,7.6875,6.125,7.875],"rotation":0,"texture":"#0","tintindex":0}}},{"from":[4.582857,0.33523798,9.971225],"to":[11.417143,7.9580956,9.971225],"rotation":{"angle":0.0,"axis":"y","origin":[8.0,9.535238,10.49694]},"faces":{"east":{"uv":[0.0,0.0,0.0,0.8125],"rotation":0,"texture":"#0","tintindex":0},"south":{"uv":[0.75,2.625,1.5,3.4375],"rotation":0,"texture":"#0","tintindex":0},"north":{"uv":[0.0,2.625,0.75,3.4375],"rotation":0,"texture":"#0","tintindex":0},"west":{"uv":[0.0,0.0,0.0,0.8125],"rotation":0,"texture":"#0","tintindex":0},"up":{"uv":[0.75,0.0,0.0,0.0],"rotation":0,"texture":"#0","tintindex":0},"down":{"uv":[0.75,0.0,0.0,0.0],"rotation":0,"texture":"#0","tintindex":0}}},{"from":[4.582857,8.0391245,9.327681],"to":[11.417143,11.19341,9.327681],"rotation":{"angle":-22.5,"axis":"x","origin":[8.0,9.616267,9.853395]},"faces":{"east":{"uv":[0.0,0.0,0.0,0.375],"rotation":0,"texture":"#0","tintindex":0},"south":{"uv":[3.75,3.3125,4.5,3.6875],"rotation":0,"texture":"#0","tintindex":0},"north":{"uv":[3.75,2.9375,4.5,3.3125],"rotation":0,"texture":"#0","tintindex":0},"west":{"uv":[0.0,0.0,0.0,0.375],"rotation":0,"texture":"#0","tintindex":0},"up":{"uv":[0.75,0.0,0.0,0.0],"rotation":0,"texture":"#0","tintindex":0},"down":{"uv":[0.75,0.0,0.0,0.0],"rotation":0,"texture":"#0","tintindex":0}}},{"from":[5.8971424,11.19341,7.7505383],"to":[10.102858,15.136267,7.7505383],"rotation":{"angle":0.0,"axis":"y","origin":[8.0,13.559124,8.197395]},"faces":{"east":{"uv":[0.0,0.0,0.0,0.4375],"rotation":0,"texture":"#0","tintindex":0},"south":{"uv":[4.75,4.4375,5.1875,4.875],"rotation":0,"texture":"#0","tintindex":0},"north":{"uv":[4.75,4.0,5.1875,4.4375],"rotation":0,"texture":"#0","tintindex":0},"west":{"uv":[0.0,0.0,0.0,0.4375],"rotation":0,"texture":"#0","tintindex":0},"up":{"uv":[0.4375,0.0,0.0,0.0],"rotation":0,"texture":"#0","tintindex":0},"down":{"uv":[0.4375,0.0,0.0,0.0],"rotation":0,"texture":"#0","tintindex":0}}}],"display":{"head":{"translation":[0.0,-6.4,0.0],"scale":[4.0,4.0,4.0]}}}