{"textures":{"0":"modelengine:entity/wolfmob39phase2"},"elements":[{"from":[6.4228573,8.009523,6.8723807],"to":[9.577143,10.900952,8.975238],"rotation":{"angle":0.0,"axis":"y","origin":[8.0,9.849524,6.3466663]},"faces":{"east":{"uv":[6.5,7.4375,6.75,7.75],"rotation":0,"texture":"#0","tintindex":0},"south":{"uv":[6.6875,4.625,7.0625,4.9375],"rotation":0,"texture":"#0","tintindex":0},"north":{"uv":[6.625,6.0625,7.0,6.375],"rotation":0,"texture":"#0","tintindex":0},"west":{"uv":[7.5,0.0,7.75,0.3125],"rotation":0,"texture":"#0","tintindex":0},"up":{"uv":[7.625,3.0625,7.25,2.8125],"rotation":0,"texture":"#0","tintindex":0},"down":{"uv":[7.625,3.4375,7.25,3.6875],"rotation":0,"texture":"#0","tintindex":0}}},{"from":[9.577143,9.586667,5.558095],"to":[12.205715,9.586667,8.975238],"rotation":{"angle":0.0,"axis":"y","origin":[9.577143,9.586667,7.2666664]},"faces":{"east":{"uv":[0.0,0.0,0.375,0.0],"rotation":0,"texture":"#0","tintindex":0},"south":{"uv":[0.0,0.0,0.3125,0.0],"rotation":0,"texture":"#0","tintindex":0},"north":{"uv":[0.0,0.0,0.3125,0.0],"rotation":0,"texture":"#0","tintindex":0},"west":{"uv":[0.0,0.0,0.375,0.0],"rotation":0,"texture":"#0","tintindex":0},"up":{"uv":[7.0625,1.9375,6.75,1.5625],"rotation":0,"texture":"#0","tintindex":0},"down":{"uv":[5.1875,6.75,4.875,7.125],"rotation":0,"texture":"#0","tintindex":0}}},{"from":[3.7942853,9.586667,5.558095],"to":[6.4228573,9.586667,8.975238],"rotation":{"angle":0.0,"axis":"y","origin":[6.4228573,9.586667,7.2666664]},"faces":{"east":{"uv":[0.0,0.0,0.375,0.0],"rotation":0,"texture":"#0","tintindex":0},"south":{"uv":[0.0,0.0,0.3125,0.0],"rotation":0,"texture":"#0","tintindex":0},"north":{"uv":[0.0,0.0,0.3125,0.0],"rotation":0,"texture":"#0","tintindex":0},"west":{"uv":[0.0,0.0,0.375,0.0],"rotation":0,"texture":"#0","tintindex":0},"up":{"uv":[5.8125,7.125,5.5,6.75],"rotation":0,"texture":"#0","tintindex":0},"down":{"uv":[6.875,6.75,6.5625,7.125],"rotation":0,"texture":"#0","tintindex":0}}}],"display":{"head":{"translation":[0.0,-6.4,0.0],"scale":[4.0,4.0,4.0]}}}