{"textures":{"0":"modelengine:entity/wolfmob39phase2"},"elements":[{"from":[9.577143,9.758095,5.5009522],"to":[12.205715,9.758095,8.918096],"rotation":{"angle":0.0,"axis":"y","origin":[9.577143,9.758095,7.2095237]},"faces":{"east":{"uv":[0.0,0.0,0.6666667,0.0],"rotation":0,"texture":"#0","tintindex":0},"south":{"uv":[0.0,0.0,0.5555556,0.0],"rotation":0,"texture":"#0","tintindex":0},"north":{"uv":[0.0,0.0,0.5555556,0.0],"rotation":0,"texture":"#0","tintindex":0},"west":{"uv":[0.0,0.0,0.6666667,0.0],"rotation":0,"texture":"#0","tintindex":0},"up":{"uv":[12.777778,12.555555,12.222222,11.888889],"rotation":0,"texture":"#0","tintindex":0},"down":{"uv":[12.888889,0.0,12.333333,0.6666667],"rotation":0,"texture":"#0","tintindex":0}}},{"from":[6.4228573,8.158095,6.815238],"to":[9.577143,11.049524,8.918096],"rotation":{"angle":0.0,"axis":"y","origin":[8.0,12.855238,6.2895236]},"faces":{"east":{"uv":[0.33333334,13.333333,0.7777778,13.888889],"rotation":0,"texture":"#0","tintindex":0},"south":{"uv":[0.44444445,12.222222,1.1111112,12.777778],"rotation":0,"texture":"#0","tintindex":0},"north":{"uv":[7.5555553,12.111111,8.222222,12.666667],"rotation":0,"texture":"#0","tintindex":0},"west":{"uv":[5.4444447,13.333333,5.888889,13.888889],"rotation":0,"texture":"#0","tintindex":0},"up":{"uv":[13.555555,11.777778,12.888889,11.333333],"rotation":0,"texture":"#0","tintindex":0},"down":{"uv":[13.666667,0.6666667,13.0,1.1111112],"rotation":0,"texture":"#0","tintindex":0}}},{"from":[3.7942853,9.758095,5.5009522],"to":[6.4228573,9.758095,8.918096],"rotation":{"angle":0.0,"axis":"y","origin":[6.4228573,9.758095,7.2095237]},"faces":{"east":{"uv":[0.0,0.0,0.6666667,0.0],"rotation":0,"texture":"#0","tintindex":0},"south":{"uv":[0.0,0.0,0.5555556,0.0],"rotation":0,"texture":"#0","tintindex":0},"north":{"uv":[0.0,0.0,0.5555556,0.0],"rotation":0,"texture":"#0","tintindex":0},"west":{"uv":[0.0,0.0,0.6666667,0.0],"rotation":0,"texture":"#0","tintindex":0},"up":{"uv":[12.888889,4.111111,12.333333,3.4444444],"rotation":0,"texture":"#0","tintindex":0},"down":{"uv":[12.888889,4.111111,12.333333,4.7777777],"rotation":0,"texture":"#0","tintindex":0}}}],"display":{"head":{"translation":[0.0,-6.4,0.0],"scale":[4.0,4.0,4.0]}}}