{"textures":{"0":"modelengine:entity/wolfmob39phase2"},"elements":[{"from":[6.4228573,8.009523,6.8723807],"to":[9.577143,10.900952,8.975238],"rotation":{"angle":0.0,"axis":"y","origin":[8.0,9.849524,6.3466663]},"faces":{"east":{"uv":[11.555555,13.222222,12.0,13.777778],"rotation":0,"texture":"#0","tintindex":0},"south":{"uv":[11.888889,8.222222,12.555555,8.777778],"rotation":0,"texture":"#0","tintindex":0},"north":{"uv":[11.777778,10.777778,12.444445,11.333333],"rotation":0,"texture":"#0","tintindex":0},"west":{"uv":[13.333333,0.0,13.777778,0.5555556],"rotation":0,"texture":"#0","tintindex":0},"up":{"uv":[13.555555,5.4444447,12.888889,5.0],"rotation":0,"texture":"#0","tintindex":0},"down":{"uv":[13.555555,6.111111,12.888889,6.5555553],"rotation":0,"texture":"#0","tintindex":0}}},{"from":[9.577143,9.586667,5.558095],"to":[12.205715,9.586667,8.975238],"rotation":{"angle":0.0,"axis":"y","origin":[9.577143,9.586667,7.2666664]},"faces":{"east":{"uv":[0.0,0.0,0.6666667,0.0],"rotation":0,"texture":"#0","tintindex":0},"south":{"uv":[0.0,0.0,0.5555556,0.0],"rotation":0,"texture":"#0","tintindex":0},"north":{"uv":[0.0,0.0,0.5555556,0.0],"rotation":0,"texture":"#0","tintindex":0},"west":{"uv":[0.0,0.0,0.6666667,0.0],"rotation":0,"texture":"#0","tintindex":0},"up":{"uv":[12.555555,3.4444444,12.0,2.7777777],"rotation":0,"texture":"#0","tintindex":0},"down":{"uv":[9.222222,12.0,8.666667,12.666667],"rotation":0,"texture":"#0","tintindex":0}}},{"from":[3.7942853,9.586667,5.558095],"to":[6.4228573,9.586667,8.975238],"rotation":{"angle":0.0,"axis":"y","origin":[6.4228573,9.586667,7.2666664]},"faces":{"east":{"uv":[0.0,0.0,0.6666667,0.0],"rotation":0,"texture":"#0","tintindex":0},"south":{"uv":[0.0,0.0,0.5555556,0.0],"rotation":0,"texture":"#0","tintindex":0},"north":{"uv":[0.0,0.0,0.5555556,0.0],"rotation":0,"texture":"#0","tintindex":0},"west":{"uv":[0.0,0.0,0.6666667,0.0],"rotation":0,"texture":"#0","tintindex":0},"up":{"uv":[10.333333,12.666667,9.777778,12.0],"rotation":0,"texture":"#0","tintindex":0},"down":{"uv":[12.222222,12.0,11.666667,12.666667],"rotation":0,"texture":"#0","tintindex":0}}}],"display":{"head":{"translation":[0.0,-6.4,0.0],"scale":[4.0,4.0,4.0]}}}