{"textures":{"0":"modelengine:entity/wolfmob39phase2"},"elements":[{"from":[6.857143,-1.4285717,7.428571],"to":[8.571428,7.714286,9.142858],"rotation":{"angle":0.0,"axis":"y","origin":[5.428571,15.428572,7.9428573]},"faces":{"east":{"uv":[4.111111,9.0,4.4444447,10.777778],"rotation":0,"texture":"#0","tintindex":0},"south":{"uv":[4.4444447,9.0,4.7777777,10.777778],"rotation":0,"texture":"#0","tintindex":0},"north":{"uv":[1.5555556,8.666667,1.8888888,10.444445],"rotation":0,"texture":"#0","tintindex":0},"west":{"uv":[9.111111,0.6666667,9.444445,2.4444444],"rotation":0,"texture":"#0","tintindex":0},"up":{"uv":[13.111111,14.555555,12.777778,14.222222],"rotation":0,"texture":"#0","tintindex":0},"down":{"uv":[14.0,14.222222,13.666667,14.555555],"rotation":0,"texture":"#0","tintindex":0}}},{"from":[6.857143,4.285714,6.857143],"to":[8.0,7.714286,7.428571],"rotation":{"angle":0.0,"axis":"y","origin":[5.428571,15.428572,7.9428573]},"faces":{"east":{"uv":[14.444445,12.666667,14.555555,13.333333],"rotation":0,"texture":"#0","tintindex":0},"south":{"uv":[2.6666667,14.222222,2.8888888,14.888889],"rotation":0,"texture":"#0","tintindex":0},"north":{"uv":[2.4444444,14.222222,2.6666667,14.888889],"rotation":0,"texture":"#0","tintindex":0},"west":{"uv":[13.222222,14.444445,13.333333,15.111111],"rotation":0,"texture":"#0","tintindex":0},"up":{"uv":[2.2222223,13.222222,2.0,13.111111],"rotation":0,"texture":"#0","tintindex":0},"down":{"uv":[13.444445,8.333333,13.222222,8.444445],"rotation":0,"texture":"#0","tintindex":0}}},{"from":[6.285714,1.4285712,7.428571],"to":[6.857143,8.285714,9.142858],"rotation":{"angle":0.0,"axis":"y","origin":[5.428571,15.428572,7.9428573]},"faces":{"east":{"uv":[10.666667,9.111111,11.0,10.444445],"rotation":0,"texture":"#0","tintindex":0},"south":{"uv":[9.555555,14.0,9.666667,15.333333],"rotation":0,"texture":"#0","tintindex":0},"north":{"uv":[13.555555,13.888889,13.666667,15.222222],"rotation":0,"texture":"#0","tintindex":0},"west":{"uv":[10.0,10.666667,10.333333,12.0],"rotation":0,"texture":"#0","tintindex":0},"up":{"uv":[4.111111,10.666667,4.0,10.333333],"rotation":0,"texture":"#0","tintindex":0},"down":{"uv":[8.222222,12.666667,8.111111,13.0],"rotation":0,"texture":"#0","tintindex":0}}},{"from":[7.428571,2.5714283,8.0],"to":[9.142858,7.142857,9.714286],"rotation":{"angle":0.0,"axis":"y","origin":[5.428571,15.428572,7.9428573]},"faces":{"east":{"uv":[0.0,13.111111,0.33333334,14.0],"rotation":0,"texture":"#0","tintindex":0},"south":{"uv":[1.3333334,13.111111,1.6666666,14.0],"rotation":0,"texture":"#0","tintindex":0},"north":{"uv":[8.333333,13.0,8.666667,13.888889],"rotation":0,"texture":"#0","tintindex":0},"west":{"uv":[1.6666666,13.111111,2.0,14.0],"rotation":0,"texture":"#0","tintindex":0},"up":{"uv":[0.6666667,14.666667,0.33333334,14.333333],"rotation":0,"texture":"#0","tintindex":0},"down":{"uv":[14.666667,0.44444445,14.333333,0.7777778],"rotation":0,"texture":"#0","tintindex":0}}},{"from":[7.428571,7.142857,8.0],"to":[9.714286,9.428572,9.714286],"rotation":{"angle":0.0,"axis":"y","origin":[5.428571,15.428572,7.9428573]},"faces":{"east":{"uv":[14.222222,0.0,14.555555,0.44444445],"rotation":0,"texture":"#0","tintindex":0},"south":{"uv":[13.666667,13.777778,14.111111,14.222222],"rotation":0,"texture":"#0","tintindex":0},"north":{"uv":[12.777778,13.777778,13.222222,14.222222],"rotation":0,"texture":"#0","tintindex":0},"west":{"uv":[14.222222,1.7777778,14.555555,2.2222223],"rotation":0,"texture":"#0","tintindex":0},"up":{"uv":[14.666667,3.4444444,14.222222,3.1111112],"rotation":0,"texture":"#0","tintindex":0},"down":{"uv":[14.666667,3.4444444,14.222222,3.7777777],"rotation":0,"texture":"#0","tintindex":0}}}],"display":{"head":{"translation":[0.0,-6.4,0.0],"scale":[4.0,4.0,4.0]}}}