{"textures":{"0":"modelengine:entity/wolfmob39phase2"},"elements":[{"from":[6.857143,-1.4285717,7.428571],"to":[8.571428,7.714286,9.142858],"rotation":{"angle":0.0,"axis":"y","origin":[5.428571,15.428572,7.9428573]},"faces":{"east":{"uv":[2.3125,5.0625,2.5,6.0625],"rotation":0,"texture":"#0","tintindex":0},"south":{"uv":[2.5,5.0625,2.6875,6.0625],"rotation":0,"texture":"#0","tintindex":0},"north":{"uv":[0.875,4.875,1.0625,5.875],"rotation":0,"texture":"#0","tintindex":0},"west":{"uv":[5.125,0.375,5.3125,1.375],"rotation":0,"texture":"#0","tintindex":0},"up":{"uv":[7.375,8.1875,7.1875,8.0],"rotation":0,"texture":"#0","tintindex":0},"down":{"uv":[7.875,8.0,7.6875,8.1875],"rotation":0,"texture":"#0","tintindex":0}}},{"from":[6.857143,4.285714,6.857143],"to":[8.0,7.714286,7.428571],"rotation":{"angle":0.0,"axis":"y","origin":[5.428571,15.428572,7.9428573]},"faces":{"east":{"uv":[8.125,7.125,8.1875,7.5],"rotation":0,"texture":"#0","tintindex":0},"south":{"uv":[1.5,8.0,1.625,8.375],"rotation":0,"texture":"#0","tintindex":0},"north":{"uv":[1.375,8.0,1.5,8.375],"rotation":0,"texture":"#0","tintindex":0},"west":{"uv":[7.4375,8.125,7.5,8.5],"rotation":0,"texture":"#0","tintindex":0},"up":{"uv":[1.25,7.4375,1.125,7.375],"rotation":0,"texture":"#0","tintindex":0},"down":{"uv":[7.5625,4.6875,7.4375,4.75],"rotation":0,"texture":"#0","tintindex":0}}},{"from":[6.285714,1.4285712,7.428571],"to":[6.857143,8.285714,9.142858],"rotation":{"angle":0.0,"axis":"y","origin":[5.428571,15.428572,7.9428573]},"faces":{"east":{"uv":[6.0,5.125,6.1875,5.875],"rotation":0,"texture":"#0","tintindex":0},"south":{"uv":[5.375,7.875,5.4375,8.625],"rotation":0,"texture":"#0","tintindex":0},"north":{"uv":[7.625,7.8125,7.6875,8.5625],"rotation":0,"texture":"#0","tintindex":0},"west":{"uv":[5.625,6.0,5.8125,6.75],"rotation":0,"texture":"#0","tintindex":0},"up":{"uv":[2.3125,6.0,2.25,5.8125],"rotation":0,"texture":"#0","tintindex":0},"down":{"uv":[4.625,7.125,4.5625,7.3125],"rotation":0,"texture":"#0","tintindex":0}}},{"from":[7.428571,2.5714283,8.0],"to":[9.142858,7.142857,9.714286],"rotation":{"angle":0.0,"axis":"y","origin":[5.428571,15.428572,7.9428573]},"faces":{"east":{"uv":[0.0,7.375,0.1875,7.875],"rotation":0,"texture":"#0","tintindex":0},"south":{"uv":[0.75,7.375,0.9375,7.875],"rotation":0,"texture":"#0","tintindex":0},"north":{"uv":[4.6875,7.3125,4.875,7.8125],"rotation":0,"texture":"#0","tintindex":0},"west":{"uv":[0.9375,7.375,1.125,7.875],"rotation":0,"texture":"#0","tintindex":0},"up":{"uv":[0.375,8.25,0.1875,8.0625],"rotation":0,"texture":"#0","tintindex":0},"down":{"uv":[8.25,0.25,8.0625,0.4375],"rotation":0,"texture":"#0","tintindex":0}}},{"from":[7.428571,7.142857,8.0],"to":[9.714286,9.428572,9.714286],"rotation":{"angle":0.0,"axis":"y","origin":[5.428571,15.428572,7.9428573]},"faces":{"east":{"uv":[8.0,0.0,8.1875,0.25],"rotation":0,"texture":"#0","tintindex":0},"south":{"uv":[7.6875,7.75,7.9375,8.0],"rotation":0,"texture":"#0","tintindex":0},"north":{"uv":[7.1875,7.75,7.4375,8.0],"rotation":0,"texture":"#0","tintindex":0},"west":{"uv":[8.0,1.0,8.1875,1.25],"rotation":0,"texture":"#0","tintindex":0},"up":{"uv":[8.25,1.9375,8.0,1.75],"rotation":0,"texture":"#0","tintindex":0},"down":{"uv":[8.25,1.9375,8.0,2.125],"rotation":0,"texture":"#0","tintindex":0}}}],"display":{"head":{"translation":[0.0,-6.4,0.0],"scale":[4.0,4.0,4.0]}}}