{"textures":{"0":"modelengine:entity/wolfmob39phase2"},"elements":[{"from":[5.105775,5.38338,6.2265882],"to":[7.9629183,9.38338,9.5408745],"rotation":{"angle":22.5,"axis":"z","origin":[5.3914895,9.097666,7.8837314]},"faces":{"east":{"uv":[5.6875,3.375,6.0625,3.8125],"rotation":0,"texture":"#0","tintindex":0},"south":{"uv":[6.375,0.4375,6.6875,0.875],"rotation":0,"texture":"#0","tintindex":0},"north":{"uv":[6.3125,0.0,6.625,0.4375],"rotation":0,"texture":"#0","tintindex":0},"west":{"uv":[3.5,5.6875,3.875,6.125],"rotation":0,"texture":"#0","tintindex":0},"up":{"uv":[6.9375,6.0625,6.625,5.6875],"rotation":0,"texture":"#0","tintindex":0},"down":{"uv":[7.0,0.375,6.6875,0.75],"rotation":0,"texture":"#0","tintindex":0}}},{"from":[6.2486324,8.240523,6.798017],"to":[9.105776,10.5262375,10.112303],"rotation":{"angle":22.5,"axis":"z","origin":[5.3914895,9.097666,7.8837314]},"faces":{"east":{"uv":[7.25,0.6875,7.625,0.9375],"rotation":0,"texture":"#0","tintindex":0},"south":{"uv":[5.4375,7.4375,5.75,7.6875],"rotation":0,"texture":"#0","tintindex":0},"north":{"uv":[4.875,7.4375,5.1875,7.6875],"rotation":0,"texture":"#0","tintindex":0},"west":{"uv":[7.25,2.5625,7.625,2.8125],"rotation":0,"texture":"#0","tintindex":0},"up":{"uv":[5.5,7.0625,5.1875,6.6875],"rotation":0,"texture":"#0","tintindex":0},"down":{"uv":[7.0625,1.1875,6.75,1.5625],"rotation":0,"texture":"#0","tintindex":0}}},{"from":[6.8200607,1.3833795,6.798017],"to":[9.105776,7.669094,9.083732],"rotation":{"angle":0.0,"axis":"y","origin":[5.3914895,9.097666,7.8837314]},"faces":{"east":{"uv":[5.25,4.6875,5.5,5.375],"rotation":0,"texture":"#0","tintindex":0},"south":{"uv":[5.3125,0.375,5.5625,1.0625],"rotation":0,"texture":"#0","tintindex":0},"north":{"uv":[4.0,5.25,4.25,5.9375],"rotation":0,"texture":"#0","tintindex":0},"west":{"uv":[2.0,5.3125,2.25,6.0],"rotation":0,"texture":"#0","tintindex":0},"up":{"uv":[8.0,6.875,7.75,6.625],"rotation":0,"texture":"#0","tintindex":0},"down":{"uv":[8.0,6.875,7.75,7.125],"rotation":0,"texture":"#0","tintindex":0}}},{"from":[9.105776,3.0976653,6.798017],"to":[9.848633,7.669094,9.65516],"rotation":{"angle":0.0,"axis":"y","origin":[5.3914895,9.097666,7.8837314]},"faces":{"east":{"uv":[5.9375,4.625,6.25,5.125],"rotation":0,"texture":"#0","tintindex":0},"south":{"uv":[7.375,8.0,7.4375,8.5],"rotation":0,"texture":"#0","tintindex":0},"north":{"uv":[1.9375,5.4375,2.0,5.9375],"rotation":0,"texture":"#0","tintindex":0},"west":{"uv":[6.0,0.0,6.3125,0.5],"rotation":0,"texture":"#0","tintindex":0},"up":{"uv":[0.5625,8.5,0.5,8.1875],"rotation":0,"texture":"#0","tintindex":0},"down":{"uv":[0.625,8.1875,0.5625,8.5],"rotation":0,"texture":"#0","tintindex":0}}},{"from":[6.8200607,13.38338,10.7980175],"to":[7.9629183,15.669094,11.369446],"rotation":{"angle":22.5,"axis":"x","origin":[5.3914895,9.097666,7.8837314]},"faces":{"east":{"uv":[8.1875,6.375,8.25,6.625],"rotation":0,"texture":"#0","tintindex":0},"south":{"uv":[6.0,2.6875,6.125,2.9375],"rotation":0,"texture":"#0","tintindex":0},"north":{"uv":[3.875,5.6875,4.0,5.9375],"rotation":0,"texture":"#0","tintindex":0},"west":{"uv":[6.5,8.1875,6.5625,8.4375],"rotation":0,"texture":"#0","tintindex":0},"up":{"uv":[4.25,6.4375,4.125,6.375],"rotation":0,"texture":"#0","tintindex":0},"down":{"uv":[5.625,6.6875,5.5,6.75],"rotation":0,"texture":"#0","tintindex":0}}},{"from":[6.8200607,11.669094,10.226588],"to":[7.9629183,14.5262375,10.7980175],"rotation":{"angle":22.5,"axis":"x","origin":[5.3914895,9.097666,7.8837314]},"faces":{"east":{"uv":[2.125,8.1875,2.1875,8.5],"rotation":0,"texture":"#0","tintindex":0},"south":{"uv":[8.0,3.5,8.125,3.8125],"rotation":0,"texture":"#0","tintindex":0},"north":{"uv":[8.0,3.1875,8.125,3.5],"rotation":0,"texture":"#0","tintindex":0},"west":{"uv":[2.1875,8.1875,2.25,8.5],"rotation":0,"texture":"#0","tintindex":0},"up":{"uv":[7.1875,6.375,7.0625,6.3125],"rotation":0,"texture":"#0","tintindex":0},"down":{"uv":[7.375,6.625,7.25,6.6875],"rotation":0,"texture":"#0","tintindex":0}}},{"from":[6.8200607,8.240523,10.7980175],"to":[8.534347,13.38338,11.940874],"rotation":{"angle":22.5,"axis":"x","origin":[5.3914895,9.097666,7.8837314]},"faces":{"east":{"uv":[5.0,7.6875,5.125,8.25],"rotation":0,"texture":"#0","tintindex":0},"south":{"uv":[3.6875,6.9375,3.875,7.5],"rotation":0,"texture":"#0","tintindex":0},"north":{"uv":[3.5,6.9375,3.6875,7.5],"rotation":0,"texture":"#0","tintindex":0},"west":{"uv":[5.4375,7.6875,5.5625,8.25],"rotation":0,"texture":"#0","tintindex":0},"up":{"uv":[8.3125,6.25,8.125,6.125],"rotation":0,"texture":"#0","tintindex":0},"down":{"uv":[7.0625,8.125,6.875,8.25],"rotation":0,"texture":"#0","tintindex":0}}},{"from":[6.8200607,1.9548082,6.2265882],"to":[8.534347,4.8119516,6.798017],"rotation":{"angle":0.0,"axis":"y","origin":[5.3914895,11.954809,7.8837314]},"faces":{"east":{"uv":[2.25,8.1875,2.3125,8.5],"rotation":0,"texture":"#0","tintindex":0},"south":{"uv":[7.4375,7.8125,7.625,8.125],"rotation":0,"texture":"#0","tintindex":0},"north":{"uv":[6.875,7.8125,7.0625,8.125],"rotation":0,"texture":"#0","tintindex":0},"west":{"uv":[8.1875,3.0625,8.25,3.375],"rotation":0,"texture":"#0","tintindex":0},"up":{"uv":[7.625,3.4375,7.4375,3.375],"rotation":0,"texture":"#0","tintindex":0},"down":{"uv":[7.6875,0.3125,7.5,0.375],"rotation":0,"texture":"#0","tintindex":0}}}],"display":{"head":{"translation":[0.0,-6.4,0.0],"scale":[4.0,4.0,4.0]}}}