{"textures":{"0":"modelengine:entity/wolfmob39phase2"},"elements":[{"from":[5.105775,5.38338,6.2265882],"to":[7.9629183,9.38338,9.5408745],"rotation":{"angle":22.5,"axis":"z","origin":[5.3914895,9.097666,7.8837314]},"faces":{"east":{"uv":[10.111111,6.0,10.777778,6.7777777],"rotation":0,"texture":"#0","tintindex":0},"south":{"uv":[11.333333,0.7777778,11.888889,1.5555556],"rotation":0,"texture":"#0","tintindex":0},"north":{"uv":[11.222222,0.0,11.777778,0.7777778],"rotation":0,"texture":"#0","tintindex":0},"west":{"uv":[6.2222223,10.111111,6.888889,10.888889],"rotation":0,"texture":"#0","tintindex":0},"up":{"uv":[12.333333,10.777778,11.777778,10.111111],"rotation":0,"texture":"#0","tintindex":0},"down":{"uv":[12.444445,0.6666667,11.888889,1.3333334],"rotation":0,"texture":"#0","tintindex":0}}},{"from":[6.2486324,8.240523,6.798017],"to":[9.105776,10.5262375,10.112303],"rotation":{"angle":22.5,"axis":"z","origin":[5.3914895,9.097666,7.8837314]},"faces":{"east":{"uv":[12.888889,1.2222222,13.555555,1.6666666],"rotation":0,"texture":"#0","tintindex":0},"south":{"uv":[9.666667,13.222222,10.222222,13.666667],"rotation":0,"texture":"#0","tintindex":0},"north":{"uv":[8.666667,13.222222,9.222222,13.666667],"rotation":0,"texture":"#0","tintindex":0},"west":{"uv":[12.888889,4.5555553,13.555555,5.0],"rotation":0,"texture":"#0","tintindex":0},"up":{"uv":[9.777778,12.555555,9.222222,11.888889],"rotation":0,"texture":"#0","tintindex":0},"down":{"uv":[12.555555,2.1111112,12.0,2.7777777],"rotation":0,"texture":"#0","tintindex":0}}},{"from":[6.8200607,1.3833795,6.798017],"to":[9.105776,7.669094,9.083732],"rotation":{"angle":0.0,"axis":"y","origin":[5.3914895,9.097666,7.8837314]},"faces":{"east":{"uv":[9.333333,8.333333,9.777778,9.555555],"rotation":0,"texture":"#0","tintindex":0},"south":{"uv":[9.444445,0.6666667,9.888889,1.8888888],"rotation":0,"texture":"#0","tintindex":0},"north":{"uv":[7.111111,9.333333,7.5555553,10.555555],"rotation":0,"texture":"#0","tintindex":0},"west":{"uv":[3.5555556,9.444445,4.0,10.666667],"rotation":0,"texture":"#0","tintindex":0},"up":{"uv":[14.222222,12.222222,13.777778,11.777778],"rotation":0,"texture":"#0","tintindex":0},"down":{"uv":[14.222222,12.222222,13.777778,12.666667],"rotation":0,"texture":"#0","tintindex":0}}},{"from":[9.105776,3.0976653,6.798017],"to":[9.848633,7.669094,9.65516],"rotation":{"angle":0.0,"axis":"y","origin":[5.3914895,9.097666,7.8837314]},"faces":{"east":{"uv":[10.555555,8.222222,11.111111,9.111111],"rotation":0,"texture":"#0","tintindex":0},"south":{"uv":[13.111111,14.222222,13.222222,15.111111],"rotation":0,"texture":"#0","tintindex":0},"north":{"uv":[3.4444444,9.666667,3.5555556,10.555555],"rotation":0,"texture":"#0","tintindex":0},"west":{"uv":[10.666667,0.0,11.222222,0.8888889],"rotation":0,"texture":"#0","tintindex":0},"up":{"uv":[1.0,15.111111,0.8888889,14.555555],"rotation":0,"texture":"#0","tintindex":0},"down":{"uv":[1.1111112,14.555555,1.0,15.111111],"rotation":0,"texture":"#0","tintindex":0}}},{"from":[6.8200607,13.38338,10.7980175],"to":[7.9629183,15.669094,11.369446],"rotation":{"angle":22.5,"axis":"x","origin":[5.3914895,9.097666,7.8837314]},"faces":{"east":{"uv":[14.555555,11.333333,14.666667,11.777778],"rotation":0,"texture":"#0","tintindex":0},"south":{"uv":[10.666667,4.7777777,10.888889,5.2222223],"rotation":0,"texture":"#0","tintindex":0},"north":{"uv":[6.888889,10.111111,7.111111,10.555555],"rotation":0,"texture":"#0","tintindex":0},"west":{"uv":[11.555555,14.555555,11.666667,15.0],"rotation":0,"texture":"#0","tintindex":0},"up":{"uv":[7.5555553,11.444445,7.3333335,11.333333],"rotation":0,"texture":"#0","tintindex":0},"down":{"uv":[10.0,11.888889,9.777778,12.0],"rotation":0,"texture":"#0","tintindex":0}}},{"from":[6.8200607,11.669094,10.226588],"to":[7.9629183,14.5262375,10.7980175],"rotation":{"angle":22.5,"axis":"x","origin":[5.3914895,9.097666,7.8837314]},"faces":{"east":{"uv":[3.7777777,14.555555,3.8888888,15.111111],"rotation":0,"texture":"#0","tintindex":0},"south":{"uv":[14.222222,6.2222223,14.444445,6.7777777],"rotation":0,"texture":"#0","tintindex":0},"north":{"uv":[14.222222,5.6666665,14.444445,6.2222223],"rotation":0,"texture":"#0","tintindex":0},"west":{"uv":[3.8888888,14.555555,4.0,15.111111],"rotation":0,"texture":"#0","tintindex":0},"up":{"uv":[12.777778,11.333333,12.555555,11.222222],"rotation":0,"texture":"#0","tintindex":0},"down":{"uv":[13.111111,11.777778,12.888889,11.888889],"rotation":0,"texture":"#0","tintindex":0}}},{"from":[6.8200607,8.240523,10.7980175],"to":[8.534347,13.38338,11.940874],"rotation":{"angle":22.5,"axis":"x","origin":[5.3914895,9.097666,7.8837314]},"faces":{"east":{"uv":[8.888889,13.666667,9.111111,14.666667],"rotation":0,"texture":"#0","tintindex":0},"south":{"uv":[6.5555553,12.333333,6.888889,13.333333],"rotation":0,"texture":"#0","tintindex":0},"north":{"uv":[6.2222223,12.333333,6.5555553,13.333333],"rotation":0,"texture":"#0","tintindex":0},"west":{"uv":[9.666667,13.666667,9.888889,14.666667],"rotation":0,"texture":"#0","tintindex":0},"up":{"uv":[14.777778,11.111111,14.444445,10.888889],"rotation":0,"texture":"#0","tintindex":0},"down":{"uv":[12.555555,14.444445,12.222222,14.666667],"rotation":0,"texture":"#0","tintindex":0}}},{"from":[6.8200607,1.9548082,6.2265882],"to":[8.534347,4.8119516,6.798017],"rotation":{"angle":0.0,"axis":"y","origin":[5.3914895,11.954809,7.8837314]},"faces":{"east":{"uv":[4.0,14.555555,4.111111,15.111111],"rotation":0,"texture":"#0","tintindex":0},"south":{"uv":[13.222222,13.888889,13.555555,14.444445],"rotation":0,"texture":"#0","tintindex":0},"north":{"uv":[12.222222,13.888889,12.555555,14.444445],"rotation":0,"texture":"#0","tintindex":0},"west":{"uv":[14.555555,5.4444447,14.666667,6.0],"rotation":0,"texture":"#0","tintindex":0},"up":{"uv":[13.555555,6.111111,13.222222,6.0],"rotation":0,"texture":"#0","tintindex":0},"down":{"uv":[13.666667,0.5555556,13.333333,0.6666667],"rotation":0,"texture":"#0","tintindex":0}}}],"display":{"head":{"translation":[0.0,-6.4,0.0],"scale":[4.0,4.0,4.0]}}}