{"textures":{"0":"modelengine:entity/wolfmob39phase2"},"elements":[{"from":[6.9353714,-0.9525337,6.5049043],"to":[9.221086,6.476038,8.21919],"rotation":{"angle":0.0,"axis":"y","origin":[10.363943,-6.6668196,7.6477613]},"faces":{"east":{"uv":[2.125,6.0,2.3125,6.8125],"rotation":0,"texture":"#0","tintindex":0},"south":{"uv":[1.75,4.625,2.0,5.4375],"rotation":0,"texture":"#0","tintindex":0},"north":{"uv":[4.625,0.3125,4.875,1.125],"rotation":0,"texture":"#0","tintindex":0},"west":{"uv":[2.6875,6.0,2.875,6.8125],"rotation":0,"texture":"#0","tintindex":0},"up":{"uv":[8.1875,7.9375,7.9375,7.75],"rotation":0,"texture":"#0","tintindex":0},"down":{"uv":[8.1875,7.9375,7.9375,8.125],"rotation":0,"texture":"#0","tintindex":0}}},{"from":[5.792514,3.0474668,6.6191897],"to":[8.078229,7.618895,8.904904],"rotation":{"angle":45.0,"axis":"z","origin":[5.5067997,5.3331804,6.7906184]},"faces":{"east":{"uv":[0.0,6.4375,0.25,6.9375],"rotation":0,"texture":"#0","tintindex":0},"south":{"uv":[2.3125,6.4375,2.5625,6.9375],"rotation":0,"texture":"#0","tintindex":0},"north":{"uv":[6.3125,6.375,6.5625,6.875],"rotation":0,"texture":"#0","tintindex":0},"west":{"uv":[3.0625,6.4375,3.3125,6.9375],"rotation":0,"texture":"#0","tintindex":0},"up":{"uv":[8.0,6.125,7.75,5.875],"rotation":0,"texture":"#0","tintindex":0},"down":{"uv":[6.75,7.75,6.5,8.0],"rotation":0,"texture":"#0","tintindex":0}}},{"from":[5.2210855,0.7617521,6.847761],"to":[6.9353714,5.3331804,8.562047],"rotation":{"angle":22.5,"axis":"z","origin":[5.5067997,5.3331804,6.7906184]},"faces":{"east":{"uv":[6.3125,7.1875,6.5,7.6875],"rotation":0,"texture":"#0","tintindex":0},"south":{"uv":[7.1875,6.6875,7.375,7.1875],"rotation":0,"texture":"#0","tintindex":0},"north":{"uv":[6.125,7.1875,6.3125,7.6875],"rotation":0,"texture":"#0","tintindex":0},"west":{"uv":[7.1875,7.1875,7.375,7.6875],"rotation":0,"texture":"#0","tintindex":0},"up":{"uv":[6.875,8.1875,6.6875,8.0],"rotation":0,"texture":"#0","tintindex":0},"down":{"uv":[8.1875,6.8125,8.0,7.0],"rotation":0,"texture":"#0","tintindex":0}}},{"from":[6.3639426,3.618895,6.5049043],"to":[8.649657,9.333181,9.9334755],"rotation":{"angle":22.5,"axis":"x","origin":[6.6496572,6.476038,6.7906184]},"faces":{"east":{"uv":[0.3125,4.25,0.6875,4.875],"rotation":0,"texture":"#0","tintindex":0},"south":{"uv":[5.9375,4.0,6.1875,4.625],"rotation":0,"texture":"#0","tintindex":0},"north":{"uv":[3.875,5.9375,4.125,6.5625],"rotation":0,"texture":"#0","tintindex":0},"west":{"uv":[0.6875,4.25,1.0625,4.875],"rotation":0,"texture":"#0","tintindex":0},"up":{"uv":[7.4375,6.375,7.1875,6.0],"rotation":0,"texture":"#0","tintindex":0},"down":{"uv":[7.5,0.0,7.25,0.375],"rotation":0,"texture":"#0","tintindex":0}}},{"from":[7.5068,-0.9525337,8.21919],"to":[9.792515,5.9046097,9.362047],"rotation":{"angle":0.0,"axis":"y","origin":[10.363943,-6.6668196,7.6477613]},"faces":{"east":{"uv":[7.25,1.8125,7.375,2.5625],"rotation":0,"texture":"#0","tintindex":0},"south":{"uv":[3.25,4.9375,3.5,5.6875],"rotation":0,"texture":"#0","tintindex":0},"north":{"uv":[4.75,4.875,5.0,5.625],"rotation":0,"texture":"#0","tintindex":0},"west":{"uv":[4.5625,7.3125,4.6875,8.0625],"rotation":0,"texture":"#0","tintindex":0},"up":{"uv":[8.25,6.125,8.0,6.0],"rotation":0,"texture":"#0","tintindex":0},"down":{"uv":[8.25,7.0,8.0,7.125],"rotation":0,"texture":"#0","tintindex":0}}}],"display":{"head":{"translation":[0.0,-6.4,0.0],"scale":[4.0,4.0,4.0]}}}