{"textures":{"0":"modelengine:entity/wolfmob39phase2"},"elements":[{"from":[6.9353714,-0.9525337,6.5049043],"to":[9.221086,6.476038,8.21919],"rotation":{"angle":0.0,"axis":"y","origin":[10.363943,-6.6668196,7.6477613]},"faces":{"east":{"uv":[3.7777777,10.666667,4.111111,12.111111],"rotation":0,"texture":"#0","tintindex":0},"south":{"uv":[3.1111112,8.222222,3.5555556,9.666667],"rotation":0,"texture":"#0","tintindex":0},"north":{"uv":[8.222222,0.5555556,8.666667,2.0],"rotation":0,"texture":"#0","tintindex":0},"west":{"uv":[4.7777777,10.666667,5.111111,12.111111],"rotation":0,"texture":"#0","tintindex":0},"up":{"uv":[14.555555,14.111111,14.111111,13.777778],"rotation":0,"texture":"#0","tintindex":0},"down":{"uv":[14.555555,14.111111,14.111111,14.444445],"rotation":0,"texture":"#0","tintindex":0}}},{"from":[5.792514,3.0474668,6.6191897],"to":[8.078229,7.618895,8.904904],"rotation":{"angle":45.0,"axis":"z","origin":[5.5067997,5.3331804,6.7906184]},"faces":{"east":{"uv":[0.0,11.444445,0.44444445,12.333333],"rotation":0,"texture":"#0","tintindex":0},"south":{"uv":[4.111111,11.444445,4.5555553,12.333333],"rotation":0,"texture":"#0","tintindex":0},"north":{"uv":[11.222222,11.333333,11.666667,12.222222],"rotation":0,"texture":"#0","tintindex":0},"west":{"uv":[5.4444447,11.444445,5.888889,12.333333],"rotation":0,"texture":"#0","tintindex":0},"up":{"uv":[14.222222,10.888889,13.777778,10.444445],"rotation":0,"texture":"#0","tintindex":0},"down":{"uv":[12.0,13.777778,11.555555,14.222222],"rotation":0,"texture":"#0","tintindex":0}}},{"from":[5.2210855,0.7617521,6.847761],"to":[6.9353714,5.3331804,8.562047],"rotation":{"angle":22.5,"axis":"z","origin":[5.5067997,5.3331804,6.7906184]},"faces":{"east":{"uv":[11.222222,12.777778,11.555555,13.666667],"rotation":0,"texture":"#0","tintindex":0},"south":{"uv":[12.777778,11.888889,13.111111,12.777778],"rotation":0,"texture":"#0","tintindex":0},"north":{"uv":[10.888889,12.777778,11.222222,13.666667],"rotation":0,"texture":"#0","tintindex":0},"west":{"uv":[12.777778,12.777778,13.111111,13.666667],"rotation":0,"texture":"#0","tintindex":0},"up":{"uv":[12.222222,14.555555,11.888889,14.222222],"rotation":0,"texture":"#0","tintindex":0},"down":{"uv":[14.555555,12.111111,14.222222,12.444445],"rotation":0,"texture":"#0","tintindex":0}}},{"from":[6.3639426,3.618895,6.5049043],"to":[8.649657,9.333181,9.9334755],"rotation":{"angle":22.5,"axis":"x","origin":[6.6496572,6.476038,6.7906184]},"faces":{"east":{"uv":[0.5555556,7.5555553,1.2222222,8.666667],"rotation":0,"texture":"#0","tintindex":0},"south":{"uv":[10.555555,7.111111,11.0,8.222222],"rotation":0,"texture":"#0","tintindex":0},"north":{"uv":[6.888889,10.555555,7.3333335,11.666667],"rotation":0,"texture":"#0","tintindex":0},"west":{"uv":[1.2222222,7.5555553,1.8888888,8.666667],"rotation":0,"texture":"#0","tintindex":0},"up":{"uv":[13.222222,11.333333,12.777778,10.666667],"rotation":0,"texture":"#0","tintindex":0},"down":{"uv":[13.333333,0.0,12.888889,0.6666667],"rotation":0,"texture":"#0","tintindex":0}}},{"from":[7.5068,-0.9525337,8.21919],"to":[9.792515,5.9046097,9.362047],"rotation":{"angle":0.0,"axis":"y","origin":[10.363943,-6.6668196,7.6477613]},"faces":{"east":{"uv":[12.888889,3.2222223,13.111111,4.5555553],"rotation":0,"texture":"#0","tintindex":0},"south":{"uv":[5.7777777,8.777778,6.2222223,10.111111],"rotation":0,"texture":"#0","tintindex":0},"north":{"uv":[8.444445,8.666667,8.888889,10.0],"rotation":0,"texture":"#0","tintindex":0},"west":{"uv":[8.111111,13.0,8.333333,14.333333],"rotation":0,"texture":"#0","tintindex":0},"up":{"uv":[14.666667,10.888889,14.222222,10.666667],"rotation":0,"texture":"#0","tintindex":0},"down":{"uv":[14.666667,12.444445,14.222222,12.666667],"rotation":0,"texture":"#0","tintindex":0}}}],"display":{"head":{"translation":[0.0,-6.4,0.0],"scale":[4.0,4.0,4.0]}}}