{"textures":{"0":"modelengine:entity/wolfmob39phase2"},"elements":[{"from":[7.3142858,3.6,6.9142857],"to":[8.457143,8.742857,8.057143],"rotation":{"angle":0.0,"axis":"y","origin":[10.114286,1.3142858,7.4857144]},"faces":{"east":{"uv":[3.8125,7.6875,3.9375,8.25],"rotation":0,"texture":"#0","tintindex":0},"south":{"uv":[3.9375,7.6875,4.0625,8.25],"rotation":0,"texture":"#0","tintindex":0},"north":{"uv":[2.625,7.6875,2.75,8.25],"rotation":0,"texture":"#0","tintindex":0},"west":{"uv":[4.0625,7.6875,4.1875,8.25],"rotation":0,"texture":"#0","tintindex":0},"up":{"uv":[8.3125,3.5,8.1875,3.375],"rotation":0,"texture":"#0","tintindex":0},"down":{"uv":[8.3125,3.5,8.1875,3.625],"rotation":0,"texture":"#0","tintindex":0}}},{"from":[7.3142858,-3.8285723,6.9142857],"to":[8.457143,3.6,8.057143],"rotation":{"angle":0.0,"axis":"y","origin":[10.114286,1.3142858,7.4857144]},"faces":{"east":{"uv":[5.1875,7.0625,5.3125,7.875],"rotation":0,"texture":"#0","tintindex":0},"south":{"uv":[5.3125,7.0625,5.4375,7.875],"rotation":0,"texture":"#0","tintindex":0},"north":{"uv":[7.0625,4.6875,7.1875,5.5],"rotation":0,"texture":"#0","tintindex":0},"west":{"uv":[7.0625,5.5,7.1875,6.3125],"rotation":0,"texture":"#0","tintindex":0},"up":{"uv":[8.3125,3.75,8.1875,3.625],"rotation":0,"texture":"#0","tintindex":0},"down":{"uv":[8.3125,3.75,8.1875,3.875],"rotation":0,"texture":"#0","tintindex":0}}},{"from":[6.742857,1.885714,8.057143],"to":[8.457143,4.742857,8.6285715],"rotation":{"angle":0.0,"axis":"y","origin":[10.114286,1.3142858,7.4857144]},"faces":{"east":{"uv":[0.125,8.1875,0.1875,8.5],"rotation":0,"texture":"#0","tintindex":0},"south":{"uv":[7.8125,4.875,8.0,5.1875],"rotation":0,"texture":"#0","tintindex":0},"north":{"uv":[4.6875,7.8125,4.875,8.125],"rotation":0,"texture":"#0","tintindex":0},"west":{"uv":[0.4375,8.1875,0.5,8.5],"rotation":0,"texture":"#0","tintindex":0},"up":{"uv":[7.4375,3.125,7.25,3.0625],"rotation":0,"texture":"#0","tintindex":0},"down":{"uv":[7.5,0.625,7.3125,0.6875],"rotation":0,"texture":"#0","tintindex":0}}},{"from":[6.742857,4.742857,7.4857144],"to":[7.3142858,8.171429,8.057143],"rotation":{"angle":0.0,"axis":"y","origin":[10.114286,1.3142858,7.4857144]},"faces":{"east":{"uv":[3.75,8.125,3.8125,8.5],"rotation":0,"texture":"#0","tintindex":0},"south":{"uv":[8.125,3.8125,8.1875,4.1875],"rotation":0,"texture":"#0","tintindex":0},"north":{"uv":[3.6875,8.125,3.75,8.5],"rotation":0,"texture":"#0","tintindex":0},"west":{"uv":[8.125,4.1875,8.1875,4.5625],"rotation":0,"texture":"#0","tintindex":0},"up":{"uv":[5.8125,7.1875,5.75,7.125],"rotation":0,"texture":"#0","tintindex":0},"down":{"uv":[7.25,0.6875,7.1875,0.75],"rotation":0,"texture":"#0","tintindex":0}}},{"from":[8.457143,4.742857,8.057143],"to":[9.028571,8.171429,8.6285715],"rotation":{"angle":0.0,"axis":"y","origin":[10.114286,1.3142858,7.4857144]},"faces":{"east":{"uv":[4.6875,8.125,4.75,8.5],"rotation":0,"texture":"#0","tintindex":0},"south":{"uv":[4.75,8.125,4.8125,8.5],"rotation":0,"texture":"#0","tintindex":0},"north":{"uv":[8.125,4.5625,8.1875,4.9375],"rotation":0,"texture":"#0","tintindex":0},"west":{"uv":[4.8125,8.125,4.875,8.5],"rotation":0,"texture":"#0","tintindex":0},"up":{"uv":[7.25,1.875,7.1875,1.8125],"rotation":0,"texture":"#0","tintindex":0},"down":{"uv":[7.4375,4.3125,7.375,4.375],"rotation":0,"texture":"#0","tintindex":0}}},{"from":[7.3142858,-0.40000057,8.057143],"to":[7.885714,1.885714,8.6285715],"rotation":{"angle":0.0,"axis":"y","origin":[10.114286,1.3142858,7.4857144]},"faces":{"east":{"uv":[8.1875,4.125,8.25,4.375],"rotation":0,"texture":"#0","tintindex":0},"south":{"uv":[8.1875,4.375,8.25,4.625],"rotation":0,"texture":"#0","tintindex":0},"north":{"uv":[8.1875,3.875,8.25,4.125],"rotation":0,"texture":"#0","tintindex":0},"west":{"uv":[8.1875,4.625,8.25,4.875],"rotation":0,"texture":"#0","tintindex":0},"up":{"uv":[7.5625,0.6875,7.5,0.625],"rotation":0,"texture":"#0","tintindex":0},"down":{"uv":[7.625,0.625,7.5625,0.6875],"rotation":0,"texture":"#0","tintindex":0}}},{"from":[6.742857,4.742857,8.057143],"to":[8.457143,8.742857,9.2],"rotation":{"angle":0.0,"axis":"y","origin":[10.114286,1.3142858,7.4857144]},"faces":{"east":{"uv":[0.875,7.875,1.0,8.3125],"rotation":0,"texture":"#0","tintindex":0},"south":{"uv":[7.375,7.3125,7.5625,7.75],"rotation":0,"texture":"#0","tintindex":0},"north":{"uv":[7.375,6.875,7.5625,7.3125],"rotation":0,"texture":"#0","tintindex":0},"west":{"uv":[1.0,7.875,1.125,8.3125],"rotation":0,"texture":"#0","tintindex":0},"up":{"uv":[8.3125,5.0625,8.125,4.9375],"rotation":0,"texture":"#0","tintindex":0},"down":{"uv":[8.3125,5.5,8.125,5.625],"rotation":0,"texture":"#0","tintindex":0}}},{"from":[8.457143,4.742857,6.9142857],"to":[9.028571,8.742857,8.057143],"rotation":{"angle":0.0,"axis":"y","origin":[10.114286,1.3142858,7.4857144]},"faces":{"east":{"uv":[7.875,2.9375,8.0,3.375],"rotation":0,"texture":"#0","tintindex":0},"south":{"uv":[6.0625,8.0625,6.125,8.5],"rotation":0,"texture":"#0","tintindex":0},"north":{"uv":[0.375,8.0625,0.4375,8.5],"rotation":0,"texture":"#0","tintindex":0},"west":{"uv":[5.125,7.875,5.25,8.3125],"rotation":0,"texture":"#0","tintindex":0},"up":{"uv":[5.1875,7.8125,5.125,7.6875],"rotation":0,"texture":"#0","tintindex":0},"down":{"uv":[7.8125,4.5625,7.75,4.6875],"rotation":0,"texture":"#0","tintindex":0}}},{"from":[5.6,4.1714287,6.9142857],"to":[6.742857,7.6,8.057143],"rotation":{"angle":22.5,"axis":"x","origin":[10.114286,1.3142858,7.4857144]},"faces":{"east":{"uv":[7.0625,7.9375,7.1875,8.3125],"rotation":0,"texture":"#0","tintindex":0},"south":{"uv":[1.125,8.0,1.25,8.375],"rotation":0,"texture":"#0","tintindex":0},"north":{"uv":[2.75,7.9375,2.875,8.3125],"rotation":0,"texture":"#0","tintindex":0},"west":{"uv":[1.25,8.0,1.375,8.375],"rotation":0,"texture":"#0","tintindex":0},"up":{"uv":[8.3125,5.3125,8.1875,5.1875],"rotation":0,"texture":"#0","tintindex":0},"down":{"uv":[8.3125,5.3125,8.1875,5.4375],"rotation":0,"texture":"#0","tintindex":0}}},{"from":[6.1714287,0.742857,7.4857144],"to":[7.3142858,5.885714,8.6285715],"rotation":{"angle":22.5,"axis":"x","origin":[10.114286,1.3142858,7.4857144]},"faces":{"east":{"uv":[4.3125,7.6875,4.4375,8.25],"rotation":0,"texture":"#0","tintindex":0},"south":{"uv":[4.4375,7.6875,4.5625,8.25],"rotation":0,"texture":"#0","tintindex":0},"north":{"uv":[4.1875,7.6875,4.3125,8.25],"rotation":0,"texture":"#0","tintindex":0},"west":{"uv":[4.875,7.6875,5.0,8.25],"rotation":0,"texture":"#0","tintindex":0},"up":{"uv":[8.3125,5.9375,8.1875,5.8125],"rotation":0,"texture":"#0","tintindex":0},"down":{"uv":[8.3125,6.25,8.1875,6.375],"rotation":0,"texture":"#0","tintindex":0}}}],"display":{"head":{"translation":[0.0,-6.4,0.0],"scale":[4.0,4.0,4.0]}}}