{"textures":{"0":"modelengine:entity/wolfmob39phase2"},"elements":[{"from":[7.3142858,3.6,6.9142857],"to":[8.457143,8.742857,8.057143],"rotation":{"angle":0.0,"axis":"y","origin":[10.114286,1.3142858,7.4857144]},"faces":{"east":{"uv":[6.7777777,13.666667,7.0,14.666667],"rotation":0,"texture":"#0","tintindex":0},"south":{"uv":[7.0,13.666667,7.2222223,14.666667],"rotation":0,"texture":"#0","tintindex":0},"north":{"uv":[4.6666665,13.666667,4.888889,14.666667],"rotation":0,"texture":"#0","tintindex":0},"west":{"uv":[7.2222223,13.666667,7.4444447,14.666667],"rotation":0,"texture":"#0","tintindex":0},"up":{"uv":[14.777778,6.2222223,14.555555,6.0],"rotation":0,"texture":"#0","tintindex":0},"down":{"uv":[14.777778,6.2222223,14.555555,6.4444447],"rotation":0,"texture":"#0","tintindex":0}}},{"from":[7.3142858,-3.8285723,6.9142857],"to":[8.457143,3.6,8.057143],"rotation":{"angle":0.0,"axis":"y","origin":[10.114286,1.3142858,7.4857144]},"faces":{"east":{"uv":[9.222222,12.555555,9.444445,14.0],"rotation":0,"texture":"#0","tintindex":0},"south":{"uv":[9.444445,12.555555,9.666667,14.0],"rotation":0,"texture":"#0","tintindex":0},"north":{"uv":[12.555555,8.333333,12.777778,9.777778],"rotation":0,"texture":"#0","tintindex":0},"west":{"uv":[12.555555,9.777778,12.777778,11.222222],"rotation":0,"texture":"#0","tintindex":0},"up":{"uv":[14.777778,6.6666665,14.555555,6.4444447],"rotation":0,"texture":"#0","tintindex":0},"down":{"uv":[14.777778,6.6666665,14.555555,6.888889],"rotation":0,"texture":"#0","tintindex":0}}},{"from":[6.742857,1.885714,8.057143],"to":[8.457143,4.742857,8.6285715],"rotation":{"angle":0.0,"axis":"y","origin":[10.114286,1.3142858,7.4857144]},"faces":{"east":{"uv":[0.22222222,14.555555,0.33333334,15.111111],"rotation":0,"texture":"#0","tintindex":0},"south":{"uv":[13.888889,8.666667,14.222222,9.222222],"rotation":0,"texture":"#0","tintindex":0},"north":{"uv":[8.333333,13.888889,8.666667,14.444445],"rotation":0,"texture":"#0","tintindex":0},"west":{"uv":[0.7777778,14.555555,0.8888889,15.111111],"rotation":0,"texture":"#0","tintindex":0},"up":{"uv":[13.222222,5.5555553,12.888889,5.4444447],"rotation":0,"texture":"#0","tintindex":0},"down":{"uv":[13.333333,1.1111112,13.0,1.2222222],"rotation":0,"texture":"#0","tintindex":0}}},{"from":[6.742857,4.742857,7.4857144],"to":[7.3142858,8.171429,8.057143],"rotation":{"angle":0.0,"axis":"y","origin":[10.114286,1.3142858,7.4857144]},"faces":{"east":{"uv":[6.6666665,14.444445,6.7777777,15.111111],"rotation":0,"texture":"#0","tintindex":0},"south":{"uv":[14.444445,6.7777777,14.555555,7.4444447],"rotation":0,"texture":"#0","tintindex":0},"north":{"uv":[6.5555553,14.444445,6.6666665,15.111111],"rotation":0,"texture":"#0","tintindex":0},"west":{"uv":[14.444445,7.4444447,14.555555,8.111111],"rotation":0,"texture":"#0","tintindex":0},"up":{"uv":[10.333333,12.777778,10.222222,12.666667],"rotation":0,"texture":"#0","tintindex":0},"down":{"uv":[12.888889,1.2222222,12.777778,1.3333334],"rotation":0,"texture":"#0","tintindex":0}}},{"from":[8.457143,4.742857,8.057143],"to":[9.028571,8.171429,8.6285715],"rotation":{"angle":0.0,"axis":"y","origin":[10.114286,1.3142858,7.4857144]},"faces":{"east":{"uv":[8.333333,14.444445,8.444445,15.111111],"rotation":0,"texture":"#0","tintindex":0},"south":{"uv":[8.444445,14.444445,8.555555,15.111111],"rotation":0,"texture":"#0","tintindex":0},"north":{"uv":[14.444445,8.111111,14.555555,8.777778],"rotation":0,"texture":"#0","tintindex":0},"west":{"uv":[8.555555,14.444445,8.666667,15.111111],"rotation":0,"texture":"#0","tintindex":0},"up":{"uv":[12.888889,3.3333333,12.777778,3.2222223],"rotation":0,"texture":"#0","tintindex":0},"down":{"uv":[13.222222,7.6666665,13.111111,7.7777777],"rotation":0,"texture":"#0","tintindex":0}}},{"from":[7.3142858,-0.40000057,8.057143],"to":[7.885714,1.885714,8.6285715],"rotation":{"angle":0.0,"axis":"y","origin":[10.114286,1.3142858,7.4857144]},"faces":{"east":{"uv":[14.555555,7.3333335,14.666667,7.7777777],"rotation":0,"texture":"#0","tintindex":0},"south":{"uv":[14.555555,7.7777777,14.666667,8.222222],"rotation":0,"texture":"#0","tintindex":0},"north":{"uv":[14.555555,6.888889,14.666667,7.3333335],"rotation":0,"texture":"#0","tintindex":0},"west":{"uv":[14.555555,8.222222,14.666667,8.666667],"rotation":0,"texture":"#0","tintindex":0},"up":{"uv":[13.444445,1.2222222,13.333333,1.1111112],"rotation":0,"texture":"#0","tintindex":0},"down":{"uv":[13.555555,1.1111112,13.444445,1.2222222],"rotation":0,"texture":"#0","tintindex":0}}},{"from":[6.742857,4.742857,8.057143],"to":[8.457143,8.742857,9.2],"rotation":{"angle":0.0,"axis":"y","origin":[10.114286,1.3142858,7.4857144]},"faces":{"east":{"uv":[1.5555556,14.0,1.7777778,14.777778],"rotation":0,"texture":"#0","tintindex":0},"south":{"uv":[13.111111,13.0,13.444445,13.777778],"rotation":0,"texture":"#0","tintindex":0},"north":{"uv":[13.111111,12.222222,13.444445,13.0],"rotation":0,"texture":"#0","tintindex":0},"west":{"uv":[1.7777778,14.0,2.0,14.777778],"rotation":0,"texture":"#0","tintindex":0},"up":{"uv":[14.777778,9.0,14.444445,8.777778],"rotation":0,"texture":"#0","tintindex":0},"down":{"uv":[14.777778,9.777778,14.444445,10.0],"rotation":0,"texture":"#0","tintindex":0}}},{"from":[8.457143,4.742857,6.9142857],"to":[9.028571,8.742857,8.057143],"rotation":{"angle":0.0,"axis":"y","origin":[10.114286,1.3142858,7.4857144]},"faces":{"east":{"uv":[14.0,5.2222223,14.222222,6.0],"rotation":0,"texture":"#0","tintindex":0},"south":{"uv":[10.777778,14.333333,10.888889,15.111111],"rotation":0,"texture":"#0","tintindex":0},"north":{"uv":[0.6666667,14.333333,0.7777778,15.111111],"rotation":0,"texture":"#0","tintindex":0},"west":{"uv":[9.111111,14.0,9.333333,14.777778],"rotation":0,"texture":"#0","tintindex":0},"up":{"uv":[9.222222,13.888889,9.111111,13.666667],"rotation":0,"texture":"#0","tintindex":0},"down":{"uv":[13.888889,8.111111,13.777778,8.333333],"rotation":0,"texture":"#0","tintindex":0}}},{"from":[5.6,4.1714287,6.9142857],"to":[6.742857,7.6,8.057143],"rotation":{"angle":22.5,"axis":"x","origin":[10.114286,1.3142858,7.4857144]},"faces":{"east":{"uv":[12.555555,14.111111,12.777778,14.777778],"rotation":0,"texture":"#0","tintindex":0},"south":{"uv":[2.0,14.222222,2.2222223,14.888889],"rotation":0,"texture":"#0","tintindex":0},"north":{"uv":[4.888889,14.111111,5.111111,14.777778],"rotation":0,"texture":"#0","tintindex":0},"west":{"uv":[2.2222223,14.222222,2.4444444,14.888889],"rotation":0,"texture":"#0","tintindex":0},"up":{"uv":[14.777778,9.444445,14.555555,9.222222],"rotation":0,"texture":"#0","tintindex":0},"down":{"uv":[14.777778,9.444445,14.555555,9.666667],"rotation":0,"texture":"#0","tintindex":0}}},{"from":[6.1714287,0.742857,7.4857144],"to":[7.3142858,5.885714,8.6285715],"rotation":{"angle":22.5,"axis":"x","origin":[10.114286,1.3142858,7.4857144]},"faces":{"east":{"uv":[7.6666665,13.666667,7.888889,14.666667],"rotation":0,"texture":"#0","tintindex":0},"south":{"uv":[7.888889,13.666667,8.111111,14.666667],"rotation":0,"texture":"#0","tintindex":0},"north":{"uv":[7.4444447,13.666667,7.6666665,14.666667],"rotation":0,"texture":"#0","tintindex":0},"west":{"uv":[8.666667,13.666667,8.888889,14.666667],"rotation":0,"texture":"#0","tintindex":0},"up":{"uv":[14.777778,10.555555,14.555555,10.333333],"rotation":0,"texture":"#0","tintindex":0},"down":{"uv":[14.777778,11.111111,14.555555,11.333333],"rotation":0,"texture":"#0","tintindex":0}}}],"display":{"head":{"translation":[0.0,-6.4,0.0],"scale":[4.0,4.0,4.0]}}}