{"textures":{"0":"modelengine:entity/wolfmob39phase2"},"elements":[{"from":[9.577143,9.529524,5.5009522],"to":[12.205715,9.529524,8.918096],"rotation":{"angle":0.0,"axis":"y","origin":[9.577143,9.529524,7.2095237]},"faces":{"east":{"uv":[0.0,0.0,0.6666667,0.0],"rotation":0,"texture":"#0","tintindex":0},"south":{"uv":[0.0,0.0,0.5555556,0.0],"rotation":0,"texture":"#0","tintindex":0},"north":{"uv":[0.0,0.0,0.5555556,0.0],"rotation":0,"texture":"#0","tintindex":0},"west":{"uv":[0.0,0.0,0.6666667,0.0],"rotation":0,"texture":"#0","tintindex":0},"up":{"uv":[4.111111,12.777778,3.5555556,12.111111],"rotation":0,"texture":"#0","tintindex":0},"down":{"uv":[5.111111,12.111111,4.5555553,12.777778],"rotation":0,"texture":"#0","tintindex":0}}},{"from":[6.4228573,7.8838096,6.815238],"to":[9.577143,10.775238,8.918096],"rotation":{"angle":0.0,"axis":"y","origin":[8.0,18.352383,6.2895236]},"faces":{"east":{"uv":[13.444445,1.6666666,13.888889,2.2222223],"rotation":0,"texture":"#0","tintindex":0},"south":{"uv":[10.333333,12.222222,11.0,12.777778],"rotation":0,"texture":"#0","tintindex":0},"north":{"uv":[12.222222,6.3333335,12.888889,6.888889],"rotation":0,"texture":"#0","tintindex":0},"west":{"uv":[13.444445,2.2222223,13.888889,2.7777777],"rotation":0,"texture":"#0","tintindex":0},"up":{"uv":[13.777778,4.5555553,13.111111,4.111111],"rotation":0,"texture":"#0","tintindex":0},"down":{"uv":[13.777778,6.5555553,13.111111,7.0],"rotation":0,"texture":"#0","tintindex":0}}},{"from":[3.7942853,9.529524,5.5009522],"to":[6.4228573,9.529524,8.918096],"rotation":{"angle":0.0,"axis":"y","origin":[6.4228573,9.529524,7.2095237]},"faces":{"east":{"uv":[0.0,0.0,0.6666667,0.0],"rotation":0,"texture":"#0","tintindex":0},"south":{"uv":[0.0,0.0,0.5555556,0.0],"rotation":0,"texture":"#0","tintindex":0},"north":{"uv":[0.0,0.0,0.5555556,0.0],"rotation":0,"texture":"#0","tintindex":0},"west":{"uv":[0.0,0.0,0.6666667,0.0],"rotation":0,"texture":"#0","tintindex":0},"up":{"uv":[12.666667,6.3333335,12.111111,5.6666665],"rotation":0,"texture":"#0","tintindex":0},"down":{"uv":[7.5555553,12.111111,7.0,12.777778],"rotation":0,"texture":"#0","tintindex":0}}}],"display":{"head":{"translation":[0.0,-6.4,0.0],"scale":[4.0,4.0,4.0]}}}