{"textures":{"0":"modelengine:entity/wolfmob39phase2"},"elements":[{"from":[9.577143,9.529524,5.5009522],"to":[12.205715,9.529524,8.918096],"rotation":{"angle":0.0,"axis":"y","origin":[9.577143,9.529524,7.2095237]},"faces":{"east":{"uv":[0.0,0.0,0.375,0.0],"rotation":0,"texture":"#0","tintindex":0},"south":{"uv":[0.0,0.0,0.3125,0.0],"rotation":0,"texture":"#0","tintindex":0},"north":{"uv":[0.0,0.0,0.3125,0.0],"rotation":0,"texture":"#0","tintindex":0},"west":{"uv":[0.0,0.0,0.375,0.0],"rotation":0,"texture":"#0","tintindex":0},"up":{"uv":[2.3125,7.1875,2.0,6.8125],"rotation":0,"texture":"#0","tintindex":0},"down":{"uv":[2.875,6.8125,2.5625,7.1875],"rotation":0,"texture":"#0","tintindex":0}}},{"from":[6.4228573,7.8838096,6.815238],"to":[9.577143,10.775238,8.918096],"rotation":{"angle":0.0,"axis":"y","origin":[8.0,18.352383,6.2895236]},"faces":{"east":{"uv":[7.5625,0.9375,7.8125,1.25],"rotation":0,"texture":"#0","tintindex":0},"south":{"uv":[5.8125,6.875,6.1875,7.1875],"rotation":0,"texture":"#0","tintindex":0},"north":{"uv":[6.875,3.5625,7.25,3.875],"rotation":0,"texture":"#0","tintindex":0},"west":{"uv":[7.5625,1.25,7.8125,1.5625],"rotation":0,"texture":"#0","tintindex":0},"up":{"uv":[7.75,2.5625,7.375,2.3125],"rotation":0,"texture":"#0","tintindex":0},"down":{"uv":[7.75,3.6875,7.375,3.9375],"rotation":0,"texture":"#0","tintindex":0}}},{"from":[3.7942853,9.529524,5.5009522],"to":[6.4228573,9.529524,8.918096],"rotation":{"angle":0.0,"axis":"y","origin":[6.4228573,9.529524,7.2095237]},"faces":{"east":{"uv":[0.0,0.0,0.375,0.0],"rotation":0,"texture":"#0","tintindex":0},"south":{"uv":[0.0,0.0,0.3125,0.0],"rotation":0,"texture":"#0","tintindex":0},"north":{"uv":[0.0,0.0,0.3125,0.0],"rotation":0,"texture":"#0","tintindex":0},"west":{"uv":[0.0,0.0,0.375,0.0],"rotation":0,"texture":"#0","tintindex":0},"up":{"uv":[7.125,3.5625,6.8125,3.1875],"rotation":0,"texture":"#0","tintindex":0},"down":{"uv":[4.25,6.8125,3.9375,7.1875],"rotation":0,"texture":"#0","tintindex":0}}}],"display":{"head":{"translation":[0.0,-6.4,0.0],"scale":[4.0,4.0,4.0]}}}