{"textures":{"0":"modelengine:entity/wolfmob39phase2"},"elements":[{"from":[8.037082,5.38338,6.2265882],"to":[10.894225,9.38338,9.5408745],"rotation":{"angle":-22.5,"axis":"z","origin":[10.608511,9.097666,7.8837314]},"faces":{"east":{"uv":[10.0,9.111111,10.666667,9.888889],"rotation":0,"texture":"#0","tintindex":0},"south":{"uv":[11.0,1.5555556,11.555555,2.3333333],"rotation":0,"texture":"#0","tintindex":0},"north":{"uv":[6.2222223,10.888889,6.7777777,11.666667],"rotation":0,"texture":"#0","tintindex":0},"west":{"uv":[10.0,9.888889,10.666667,10.666667],"rotation":0,"texture":"#0","tintindex":0},"up":{"uv":[12.222222,7.111111,11.666667,6.4444447],"rotation":0,"texture":"#0","tintindex":0},"down":{"uv":[12.222222,11.333333,11.666667,12.0],"rotation":0,"texture":"#0","tintindex":0}}},{"from":[6.8942246,8.240523,6.798017],"to":[9.751368,10.5262375,10.112303],"rotation":{"angle":-22.5,"axis":"z","origin":[10.608511,9.097666,7.8837314]},"faces":{"east":{"uv":[12.777778,2.3333333,13.444445,2.7777777],"rotation":0,"texture":"#0","tintindex":0},"south":{"uv":[13.222222,7.4444447,13.777778,7.888889],"rotation":0,"texture":"#0","tintindex":0},"north":{"uv":[9.555555,6.0,10.111111,6.4444447],"rotation":0,"texture":"#0","tintindex":0},"west":{"uv":[12.777778,2.7777777,13.444445,3.2222223],"rotation":0,"texture":"#0","tintindex":0},"up":{"uv":[12.333333,0.6666667,11.777778,0.0],"rotation":0,"texture":"#0","tintindex":0},"down":{"uv":[12.333333,3.4444444,11.777778,4.111111],"rotation":0,"texture":"#0","tintindex":0}}},{"from":[6.8942246,1.3833795,6.798017],"to":[9.179939,7.669094,9.083732],"rotation":{"angle":0.0,"axis":"y","origin":[10.608511,9.097666,7.8837314]},"faces":{"east":{"uv":[9.222222,7.111111,9.666667,8.333333],"rotation":0,"texture":"#0","tintindex":0},"south":{"uv":[0.0,9.333333,0.44444445,10.555555],"rotation":0,"texture":"#0","tintindex":0},"north":{"uv":[9.111111,5.2222223,9.555555,6.4444447],"rotation":0,"texture":"#0","tintindex":0},"west":{"uv":[0.44444445,9.333333,0.8888889,10.555555],"rotation":0,"texture":"#0","tintindex":0},"up":{"uv":[14.222222,4.4444447,13.777778,4.0],"rotation":0,"texture":"#0","tintindex":0},"down":{"uv":[14.222222,6.3333335,13.777778,6.7777777],"rotation":0,"texture":"#0","tintindex":0}}},{"from":[6.151367,3.0976653,6.798017],"to":[6.8942246,7.669094,9.65516],"rotation":{"angle":0.0,"axis":"y","origin":[10.608511,9.097666,7.8837314]},"faces":{"east":{"uv":[0.8888889,10.444445,1.4444444,11.333333],"rotation":0,"texture":"#0","tintindex":0},"south":{"uv":[4.0,9.444445,4.111111,10.333333],"rotation":0,"texture":"#0","tintindex":0},"north":{"uv":[4.7777777,9.0,4.888889,9.888889],"rotation":0,"texture":"#0","tintindex":0},"west":{"uv":[0.0,10.555555,0.5555556,11.444445],"rotation":0,"texture":"#0","tintindex":0},"up":{"uv":[8.666667,0.5555556,8.555555,0.0],"rotation":0,"texture":"#0","tintindex":0},"down":{"uv":[7.6666665,9.333333,7.5555553,9.888889],"rotation":0,"texture":"#0","tintindex":0}}},{"from":[6.8942246,4.8119516,9.083732],"to":[9.751368,11.669094,11.369446],"rotation":{"angle":22.5,"axis":"x","origin":[10.608511,9.097666,7.8837314]},"faces":{"east":{"uv":[7.6666665,8.555555,8.111111,9.888889],"rotation":0,"texture":"#0","tintindex":0},"south":{"uv":[0.0,7.2222223,0.5555556,8.555555],"rotation":0,"texture":"#0","tintindex":0},"north":{"uv":[3.7777777,7.0,4.3333335,8.333333],"rotation":0,"texture":"#0","tintindex":0},"west":{"uv":[8.666667,0.6666667,9.111111,2.0],"rotation":0,"texture":"#0","tintindex":0},"up":{"uv":[8.111111,13.666667,7.5555553,13.222222],"rotation":0,"texture":"#0","tintindex":0},"down":{"uv":[13.777778,7.888889,13.222222,8.333333],"rotation":0,"texture":"#0","tintindex":0}}},{"from":[8.037082,13.38338,10.7980175],"to":[9.179939,15.669094,11.369446],"rotation":{"angle":22.5,"axis":"x","origin":[10.608511,9.097666,7.8837314]},"faces":{"east":{"uv":[5.6666665,4.2222223,5.7777777,4.6666665],"rotation":0,"texture":"#0","tintindex":0},"south":{"uv":[7.888889,9.888889,8.111111,10.333333],"rotation":0,"texture":"#0","tintindex":0},"north":{"uv":[9.777778,9.111111,10.0,9.555555],"rotation":0,"texture":"#0","tintindex":0},"west":{"uv":[9.0,2.0,9.111111,2.4444444],"rotation":0,"texture":"#0","tintindex":0},"up":{"uv":[3.7777777,8.333333,3.5555556,8.222222],"rotation":0,"texture":"#0","tintindex":0},"down":{"uv":[9.0,2.3333333,8.777778,2.4444444],"rotation":0,"texture":"#0","tintindex":0}}},{"from":[8.037082,11.669094,10.226588],"to":[9.179939,14.5262375,10.7980175],"rotation":{"angle":22.5,"axis":"x","origin":[10.608511,9.097666,7.8837314]},"faces":{"east":{"uv":[12.444445,10.777778,12.555555,11.333333],"rotation":0,"texture":"#0","tintindex":0},"south":{"uv":[14.222222,5.111111,14.444445,5.6666665],"rotation":0,"texture":"#0","tintindex":0},"north":{"uv":[12.333333,10.222222,12.555555,10.777778],"rotation":0,"texture":"#0","tintindex":0},"west":{"uv":[1.0,12.777778,1.1111112,13.333333],"rotation":0,"texture":"#0","tintindex":0},"up":{"uv":[9.333333,6.5555553,9.111111,6.4444447],"rotation":0,"texture":"#0","tintindex":0},"down":{"uv":[5.7777777,10.0,5.5555553,10.111111],"rotation":0,"texture":"#0","tintindex":0}}},{"from":[7.4656534,8.240523,10.7980175],"to":[9.179939,13.38338,11.940874],"rotation":{"angle":22.5,"axis":"x","origin":[10.608511,9.097666,7.8837314]},"faces":{"east":{"uv":[12.555555,13.111111,12.777778,14.111111],"rotation":0,"texture":"#0","tintindex":0},"south":{"uv":[5.888889,12.333333,6.2222223,13.333333],"rotation":0,"texture":"#0","tintindex":0},"north":{"uv":[5.5555553,12.333333,5.888889,13.333333],"rotation":0,"texture":"#0","tintindex":0},"west":{"uv":[12.0,13.222222,12.222222,14.222222],"rotation":0,"texture":"#0","tintindex":0},"up":{"uv":[11.0,10.666667,10.666667,10.444445],"rotation":0,"texture":"#0","tintindex":0},"down":{"uv":[6.2222223,11.444445,5.888889,11.666667],"rotation":0,"texture":"#0","tintindex":0}}},{"from":[7.4656534,1.9548082,6.2265882],"to":[9.179939,4.8119516,6.798017],"rotation":{"angle":0.0,"axis":"y","origin":[10.608511,11.954809,7.8837314]},"faces":{"east":{"uv":[9.666667,7.7777777,9.777778,8.333333],"rotation":0,"texture":"#0","tintindex":0},"south":{"uv":[6.111111,13.888889,6.4444447,14.444445],"rotation":0,"texture":"#0","tintindex":0},"north":{"uv":[5.7777777,13.888889,6.111111,14.444445],"rotation":0,"texture":"#0","tintindex":0},"west":{"uv":[0.44444445,11.444445,0.5555556,12.0],"rotation":0,"texture":"#0","tintindex":0},"up":{"uv":[10.222222,3.6666667,9.888889,3.5555556],"rotation":0,"texture":"#0","tintindex":0},"down":{"uv":[12.555555,5.5555553,12.222222,5.6666665],"rotation":0,"texture":"#0","tintindex":0}}}],"display":{"head":{"translation":[0.0,-6.4,0.0],"scale":[4.0,4.0,4.0]}}}