{"textures":{"0":"modelengine:entity/wolfmob39phase2"},"elements":[{"from":[7.428571,-1.4285717,7.428571],"to":[9.142858,7.714286,9.142858],"rotation":{"angle":0.0,"axis":"y","origin":[10.571428,15.428572,7.9428573]},"faces":{"east":{"uv":[8.111111,8.555555,8.444445,10.333333],"rotation":0,"texture":"#0","tintindex":0},"south":{"uv":[0.8888889,8.666667,1.2222222,10.444445],"rotation":0,"texture":"#0","tintindex":0},"north":{"uv":[1.8888888,7.5555553,2.2222223,9.333333],"rotation":0,"texture":"#0","tintindex":0},"west":{"uv":[1.2222222,8.666667,1.5555556,10.444445],"rotation":0,"texture":"#0","tintindex":0},"up":{"uv":[14.555555,9.777778,14.222222,9.444445],"rotation":0,"texture":"#0","tintindex":0},"down":{"uv":[14.555555,10.333333,14.222222,10.666667],"rotation":0,"texture":"#0","tintindex":0}}},{"from":[8.0,4.285714,6.857143],"to":[9.142858,7.714286,7.428571],"rotation":{"angle":0.0,"axis":"y","origin":[10.571428,15.428572,7.9428573]},"faces":{"east":{"uv":[5.5555553,14.444445,5.6666665,15.111111],"rotation":0,"texture":"#0","tintindex":0},"south":{"uv":[8.666667,11.333333,8.888889,12.0],"rotation":0,"texture":"#0","tintindex":0},"north":{"uv":[4.111111,8.333333,4.3333335,9.0],"rotation":0,"texture":"#0","tintindex":0},"west":{"uv":[5.6666665,14.444445,5.7777777,15.111111],"rotation":0,"texture":"#0","tintindex":0},"up":{"uv":[5.7777777,7.0,5.5555553,6.888889],"rotation":0,"texture":"#0","tintindex":0},"down":{"uv":[6.6666665,7.0,6.4444447,7.111111],"rotation":0,"texture":"#0","tintindex":0}}},{"from":[9.142858,1.4285712,7.428571],"to":[9.714286,8.285714,9.142858],"rotation":{"angle":0.0,"axis":"y","origin":[10.571428,15.428572,7.9428573]},"faces":{"east":{"uv":[5.111111,10.666667,5.4444447,12.0],"rotation":0,"texture":"#0","tintindex":0},"south":{"uv":[12.444445,6.888889,12.555555,8.222222],"rotation":0,"texture":"#0","tintindex":0},"north":{"uv":[2.5555556,10.111111,2.6666667,11.444445],"rotation":0,"texture":"#0","tintindex":0},"west":{"uv":[8.888889,10.666667,9.222222,12.0],"rotation":0,"texture":"#0","tintindex":0},"up":{"uv":[9.333333,8.666667,9.222222,8.333333],"rotation":0,"texture":"#0","tintindex":0},"down":{"uv":[9.333333,10.0,9.222222,10.333333],"rotation":0,"texture":"#0","tintindex":0}}},{"from":[6.857143,2.5714283,8.0],"to":[8.571428,7.142857,9.714286],"rotation":{"angle":0.0,"axis":"y","origin":[10.571428,15.428572,7.9428573]},"faces":{"east":{"uv":[2.8888888,12.777778,3.2222223,13.666667],"rotation":0,"texture":"#0","tintindex":0},"south":{"uv":[3.2222223,12.777778,3.5555556,13.666667],"rotation":0,"texture":"#0","tintindex":0},"north":{"uv":[3.1111112,11.222222,3.4444444,12.111111],"rotation":0,"texture":"#0","tintindex":0},"west":{"uv":[3.5555556,12.777778,3.8888888,13.666667],"rotation":0,"texture":"#0","tintindex":0},"up":{"uv":[14.555555,11.444445,14.222222,11.111111],"rotation":0,"texture":"#0","tintindex":0},"down":{"uv":[14.555555,11.444445,14.222222,11.777778],"rotation":0,"texture":"#0","tintindex":0}}},{"from":[6.285714,7.142857,8.0],"to":[8.571428,9.428572,9.714286],"rotation":{"angle":0.0,"axis":"y","origin":[10.571428,15.428572,7.9428573]},"faces":{"east":{"uv":[10.666667,1.5555556,11.0,2.0],"rotation":0,"texture":"#0","tintindex":0},"south":{"uv":[13.777778,7.2222223,14.222222,7.6666665],"rotation":0,"texture":"#0","tintindex":0},"north":{"uv":[13.777778,6.7777777,14.222222,7.2222223],"rotation":0,"texture":"#0","tintindex":0},"west":{"uv":[7.0,11.666667,7.3333335,12.111111],"rotation":0,"texture":"#0","tintindex":0},"up":{"uv":[12.0,2.4444444,11.555555,2.1111112],"rotation":0,"texture":"#0","tintindex":0},"down":{"uv":[14.333333,2.3333333,13.888889,2.6666667],"rotation":0,"texture":"#0","tintindex":0}}}],"display":{"head":{"translation":[0.0,-6.4,0.0],"scale":[4.0,4.0,4.0]}}}