{"textures":{"0":"modelengine:entity/wolfmob39phase2"},"elements":[{"from":[7.428571,-1.4285717,7.428571],"to":[9.142858,7.714286,9.142858],"rotation":{"angle":0.0,"axis":"y","origin":[10.571428,15.428572,7.9428573]},"faces":{"east":{"uv":[4.5625,4.8125,4.75,5.8125],"rotation":0,"texture":"#0","tintindex":0},"south":{"uv":[0.5,4.875,0.6875,5.875],"rotation":0,"texture":"#0","tintindex":0},"north":{"uv":[1.0625,4.25,1.25,5.25],"rotation":0,"texture":"#0","tintindex":0},"west":{"uv":[0.6875,4.875,0.875,5.875],"rotation":0,"texture":"#0","tintindex":0},"up":{"uv":[8.1875,5.5,8.0,5.3125],"rotation":0,"texture":"#0","tintindex":0},"down":{"uv":[8.1875,5.8125,8.0,6.0],"rotation":0,"texture":"#0","tintindex":0}}},{"from":[8.0,4.285714,6.857143],"to":[9.142858,7.714286,7.428571],"rotation":{"angle":0.0,"axis":"y","origin":[10.571428,15.428572,7.9428573]},"faces":{"east":{"uv":[3.125,8.125,3.1875,8.5],"rotation":0,"texture":"#0","tintindex":0},"south":{"uv":[4.875,6.375,5.0,6.75],"rotation":0,"texture":"#0","tintindex":0},"north":{"uv":[2.3125,4.6875,2.4375,5.0625],"rotation":0,"texture":"#0","tintindex":0},"west":{"uv":[3.1875,8.125,3.25,8.5],"rotation":0,"texture":"#0","tintindex":0},"up":{"uv":[3.25,3.9375,3.125,3.875],"rotation":0,"texture":"#0","tintindex":0},"down":{"uv":[3.75,3.9375,3.625,4.0],"rotation":0,"texture":"#0","tintindex":0}}},{"from":[9.142858,1.4285712,7.428571],"to":[9.714286,8.285714,9.142858],"rotation":{"angle":0.0,"axis":"y","origin":[10.571428,15.428572,7.9428573]},"faces":{"east":{"uv":[2.875,6.0,3.0625,6.75],"rotation":0,"texture":"#0","tintindex":0},"south":{"uv":[7.0,3.875,7.0625,4.625],"rotation":0,"texture":"#0","tintindex":0},"north":{"uv":[1.4375,5.6875,1.5,6.4375],"rotation":0,"texture":"#0","tintindex":0},"west":{"uv":[5.0,6.0,5.1875,6.75],"rotation":0,"texture":"#0","tintindex":0},"up":{"uv":[5.25,4.875,5.1875,4.6875],"rotation":0,"texture":"#0","tintindex":0},"down":{"uv":[5.25,5.625,5.1875,5.8125],"rotation":0,"texture":"#0","tintindex":0}}},{"from":[6.857143,2.5714283,8.0],"to":[8.571428,7.142857,9.714286],"rotation":{"angle":0.0,"axis":"y","origin":[10.571428,15.428572,7.9428573]},"faces":{"east":{"uv":[1.625,7.1875,1.8125,7.6875],"rotation":0,"texture":"#0","tintindex":0},"south":{"uv":[1.8125,7.1875,2.0,7.6875],"rotation":0,"texture":"#0","tintindex":0},"north":{"uv":[1.75,6.3125,1.9375,6.8125],"rotation":0,"texture":"#0","tintindex":0},"west":{"uv":[2.0,7.1875,2.1875,7.6875],"rotation":0,"texture":"#0","tintindex":0},"up":{"uv":[8.1875,6.4375,8.0,6.25],"rotation":0,"texture":"#0","tintindex":0},"down":{"uv":[8.1875,6.4375,8.0,6.625],"rotation":0,"texture":"#0","tintindex":0}}},{"from":[6.285714,7.142857,8.0],"to":[8.571428,9.428572,9.714286],"rotation":{"angle":0.0,"axis":"y","origin":[10.571428,15.428572,7.9428573]},"faces":{"east":{"uv":[6.0,0.875,6.1875,1.125],"rotation":0,"texture":"#0","tintindex":0},"south":{"uv":[7.75,4.0625,8.0,4.3125],"rotation":0,"texture":"#0","tintindex":0},"north":{"uv":[7.75,3.8125,8.0,4.0625],"rotation":0,"texture":"#0","tintindex":0},"west":{"uv":[3.9375,6.5625,4.125,6.8125],"rotation":0,"texture":"#0","tintindex":0},"up":{"uv":[6.75,1.375,6.5,1.1875],"rotation":0,"texture":"#0","tintindex":0},"down":{"uv":[8.0625,1.3125,7.8125,1.5],"rotation":0,"texture":"#0","tintindex":0}}}],"display":{"head":{"translation":[0.0,-6.4,0.0],"scale":[4.0,4.0,4.0]}}}