{"textures":{"0":"modelengine:entity/wolfmob39phase2"},"elements":[{"from":[7.542857,3.6,6.9142857],"to":[8.685715,8.742857,8.057143],"rotation":{"angle":0.0,"axis":"y","origin":[5.885714,1.3142858,7.4857144]},"faces":{"east":{"uv":[13.666667,0.5555556,13.888889,1.5555556],"rotation":0,"texture":"#0","tintindex":0},"south":{"uv":[1.1111112,13.666667,1.3333334,14.666667],"rotation":0,"texture":"#0","tintindex":0},"north":{"uv":[13.444445,12.888889,13.666667,13.888889],"rotation":0,"texture":"#0","tintindex":0},"west":{"uv":[2.8888888,13.666667,3.1111112,14.666667],"rotation":0,"texture":"#0","tintindex":0},"up":{"uv":[7.3333335,8.222222,7.111111,8.0],"rotation":0,"texture":"#0","tintindex":0},"down":{"uv":[12.444445,6.888889,12.222222,7.111111],"rotation":0,"texture":"#0","tintindex":0}}},{"from":[7.542857,-3.8285723,6.9142857],"to":[8.685715,3.6,8.057143],"rotation":{"angle":0.0,"axis":"y","origin":[5.885714,1.3142858,7.4857144]},"faces":{"east":{"uv":[12.333333,8.777778,12.555555,10.222222],"rotation":0,"texture":"#0","tintindex":0},"south":{"uv":[12.555555,1.8888888,12.777778,3.3333333],"rotation":0,"texture":"#0","tintindex":0},"north":{"uv":[1.1111112,12.222222,1.3333334,13.666667],"rotation":0,"texture":"#0","tintindex":0},"west":{"uv":[12.555555,6.888889,12.777778,8.333333],"rotation":0,"texture":"#0","tintindex":0},"up":{"uv":[12.888889,6.3333335,12.666667,6.111111],"rotation":0,"texture":"#0","tintindex":0},"down":{"uv":[13.777778,6.3333335,13.555555,6.5555553],"rotation":0,"texture":"#0","tintindex":0}}},{"from":[7.542857,1.885714,8.057143],"to":[9.257143,4.742857,8.6285715],"rotation":{"angle":0.0,"axis":"y","origin":[5.885714,1.3142858,7.4857144]},"faces":{"east":{"uv":[4.4444447,13.111111,4.5555553,13.666667],"rotation":0,"texture":"#0","tintindex":0},"south":{"uv":[13.888889,8.111111,14.222222,8.666667],"rotation":0,"texture":"#0","tintindex":0},"north":{"uv":[6.4444447,13.888889,6.7777777,14.444445],"rotation":0,"texture":"#0","tintindex":0},"west":{"uv":[13.555555,1.1111112,13.666667,1.6666666],"rotation":0,"texture":"#0","tintindex":0},"up":{"uv":[12.777778,1.3333334,12.444445,1.2222222],"rotation":0,"texture":"#0","tintindex":0},"down":{"uv":[12.888889,3.3333333,12.555555,3.4444444],"rotation":0,"texture":"#0","tintindex":0}}},{"from":[8.685715,4.742857,7.4857144],"to":[9.257143,8.171429,8.057143],"rotation":{"angle":0.0,"axis":"y","origin":[5.885714,1.3142858,7.4857144]},"faces":{"east":{"uv":[5.888889,14.444445,6.0,15.111111],"rotation":0,"texture":"#0","tintindex":0},"south":{"uv":[6.0,14.444445,6.111111,15.111111],"rotation":0,"texture":"#0","tintindex":0},"north":{"uv":[5.7777777,14.444445,5.888889,15.111111],"rotation":0,"texture":"#0","tintindex":0},"west":{"uv":[6.111111,14.444445,6.2222223,15.111111],"rotation":0,"texture":"#0","tintindex":0},"up":{"uv":[11.555555,2.4444444,11.444445,2.3333333],"rotation":0,"texture":"#0","tintindex":0},"down":{"uv":[2.6666667,11.444445,2.5555556,11.555555],"rotation":0,"texture":"#0","tintindex":0}}},{"from":[6.9714284,4.742857,8.057143],"to":[7.542857,8.171429,8.6285715],"rotation":{"angle":0.0,"axis":"y","origin":[5.885714,1.3142858,7.4857144]},"faces":{"east":{"uv":[6.2222223,14.444445,6.3333335,15.111111],"rotation":0,"texture":"#0","tintindex":0},"south":{"uv":[6.3333335,14.444445,6.4444447,15.111111],"rotation":0,"texture":"#0","tintindex":0},"north":{"uv":[14.444445,6.111111,14.555555,6.7777777],"rotation":0,"texture":"#0","tintindex":0},"west":{"uv":[6.4444447,14.444445,6.5555553,15.111111],"rotation":0,"texture":"#0","tintindex":0},"up":{"uv":[11.888889,0.7777778,11.777778,0.6666667],"rotation":0,"texture":"#0","tintindex":0},"down":{"uv":[12.222222,6.3333335,12.111111,6.4444447],"rotation":0,"texture":"#0","tintindex":0}}},{"from":[8.114285,-0.40000057,8.057143],"to":[8.685715,1.885714,8.6285715],"rotation":{"angle":0.0,"axis":"y","origin":[5.885714,1.3142858,7.4857144]},"faces":{"east":{"uv":[11.555555,12.777778,11.666667,13.222222],"rotation":0,"texture":"#0","tintindex":0},"south":{"uv":[10.777778,13.222222,10.888889,13.666667],"rotation":0,"texture":"#0","tintindex":0},"north":{"uv":[6.888889,12.333333,7.0,12.777778],"rotation":0,"texture":"#0","tintindex":0},"west":{"uv":[3.7777777,13.666667,3.8888888,14.111111],"rotation":0,"texture":"#0","tintindex":0},"up":{"uv":[12.666667,5.6666665,12.555555,5.5555553],"rotation":0,"texture":"#0","tintindex":0},"down":{"uv":[9.777778,12.555555,9.666667,12.666667],"rotation":0,"texture":"#0","tintindex":0}}},{"from":[7.542857,4.742857,8.057143],"to":[9.257143,8.742857,9.2],"rotation":{"angle":0.0,"axis":"y","origin":[5.885714,1.3142858,7.4857144]},"faces":{"east":{"uv":[2.0,6.7777777,2.2222223,7.5555553],"rotation":0,"texture":"#0","tintindex":0},"south":{"uv":[12.222222,13.111111,12.555555,13.888889],"rotation":0,"texture":"#0","tintindex":0},"north":{"uv":[5.111111,13.111111,5.4444447,13.888889],"rotation":0,"texture":"#0","tintindex":0},"west":{"uv":[8.888889,5.2222223,9.111111,6.0],"rotation":0,"texture":"#0","tintindex":0},"up":{"uv":[12.222222,1.5555556,11.888889,1.3333334],"rotation":0,"texture":"#0","tintindex":0},"down":{"uv":[8.222222,11.888889,7.888889,12.111111],"rotation":0,"texture":"#0","tintindex":0}}},{"from":[6.9714284,4.742857,6.9142857],"to":[7.542857,8.742857,8.057143],"rotation":{"angle":0.0,"axis":"y","origin":[5.885714,1.3142858,7.4857144]},"faces":{"east":{"uv":[7.3333335,10.555555,7.5555553,11.333333],"rotation":0,"texture":"#0","tintindex":0},"south":{"uv":[14.0,14.222222,14.111111,15.0],"rotation":0,"texture":"#0","tintindex":0},"north":{"uv":[6.7777777,10.888889,6.888889,11.666667],"rotation":0,"texture":"#0","tintindex":0},"west":{"uv":[1.3333334,14.0,1.5555556,14.777778],"rotation":0,"texture":"#0","tintindex":0},"up":{"uv":[6.888889,13.555555,6.7777777,13.333333],"rotation":0,"texture":"#0","tintindex":0},"down":{"uv":[13.666667,5.2222223,13.555555,5.4444447],"rotation":0,"texture":"#0","tintindex":0}}},{"from":[9.257143,4.1714287,6.9142857],"to":[10.4,7.6,8.057143],"rotation":{"angle":22.5,"axis":"x","origin":[5.885714,1.3142858,7.4857144]},"faces":{"east":{"uv":[9.333333,14.0,9.555555,14.666667],"rotation":0,"texture":"#0","tintindex":0},"south":{"uv":[11.111111,14.0,11.333333,14.666667],"rotation":0,"texture":"#0","tintindex":0},"north":{"uv":[4.5555553,11.444445,4.7777777,12.111111],"rotation":0,"texture":"#0","tintindex":0},"west":{"uv":[11.333333,14.0,11.555555,14.666667],"rotation":0,"texture":"#0","tintindex":0},"up":{"uv":[14.777778,0.22222222,14.555555,0.0],"rotation":0,"texture":"#0","tintindex":0},"down":{"uv":[14.777778,0.22222222,14.555555,0.44444445],"rotation":0,"texture":"#0","tintindex":0}}},{"from":[8.685715,0.742857,7.4857144],"to":[9.828571,5.885714,8.6285715],"rotation":{"angle":22.5,"axis":"x","origin":[5.885714,1.3142858,7.4857144]},"faces":{"east":{"uv":[3.3333333,13.666667,3.5555556,14.666667],"rotation":0,"texture":"#0","tintindex":0},"south":{"uv":[3.5555556,13.666667,3.7777777,14.666667],"rotation":0,"texture":"#0","tintindex":0},"north":{"uv":[3.1111112,13.666667,3.3333333,14.666667],"rotation":0,"texture":"#0","tintindex":0},"west":{"uv":[4.4444447,13.666667,4.6666665,14.666667],"rotation":0,"texture":"#0","tintindex":0},"up":{"uv":[14.777778,2.0,14.555555,1.7777778],"rotation":0,"texture":"#0","tintindex":0},"down":{"uv":[14.777778,2.0,14.555555,2.2222223],"rotation":0,"texture":"#0","tintindex":0}}}],"display":{"head":{"translation":[0.0,-6.4,0.0],"scale":[4.0,4.0,4.0]}}}