{"textures":{"0":"modelengine:entity/wolfmob39phase2"},"elements":[{"from":[6.778906,-0.9525337,6.5049043],"to":[9.06462,6.476038,8.21919],"rotation":{"angle":0.0,"axis":"y","origin":[5.6360483,-6.6668196,7.6477613]},"faces":{"east":{"uv":[0.3125,5.9375,0.5,6.75],"rotation":0,"texture":"#0","tintindex":0},"south":{"uv":[4.5,4.0,4.75,4.8125],"rotation":0,"texture":"#0","tintindex":0},"north":{"uv":[3.75,4.5,4.0,5.3125],"rotation":0,"texture":"#0","tintindex":0},"west":{"uv":[1.9375,6.0,2.125,6.8125],"rotation":0,"texture":"#0","tintindex":0},"up":{"uv":[6.0,8.0625,5.75,7.875],"rotation":0,"texture":"#0","tintindex":0},"down":{"uv":[6.25,7.875,6.0,8.0625],"rotation":0,"texture":"#0","tintindex":0}}},{"from":[7.921763,3.0474668,6.6191897],"to":[10.207478,7.618895,8.904904],"rotation":{"angle":-45.0,"axis":"z","origin":[10.493192,5.3331804,6.7906184]},"faces":{"east":{"uv":[4.625,6.375,4.875,6.875],"rotation":0,"texture":"#0","tintindex":0},"south":{"uv":[5.8125,6.375,6.0625,6.875],"rotation":0,"texture":"#0","tintindex":0},"north":{"uv":[0.5,6.375,0.75,6.875],"rotation":0,"texture":"#0","tintindex":0},"west":{"uv":[6.0625,6.375,6.3125,6.875],"rotation":0,"texture":"#0","tintindex":0},"up":{"uv":[8.0,4.5625,7.75,4.3125],"rotation":0,"texture":"#0","tintindex":0},"down":{"uv":[8.0,5.3125,7.75,5.5625],"rotation":0,"texture":"#0","tintindex":0}}},{"from":[9.06462,0.7617521,6.847761],"to":[10.778906,5.3331804,8.562047],"rotation":{"angle":-22.5,"axis":"z","origin":[10.493192,5.3331804,6.7906184]},"faces":{"east":{"uv":[3.875,7.1875,4.0625,7.6875],"rotation":0,"texture":"#0","tintindex":0},"south":{"uv":[7.1875,3.875,7.375,4.375],"rotation":0,"texture":"#0","tintindex":0},"north":{"uv":[2.5625,7.1875,2.75,7.6875],"rotation":0,"texture":"#0","tintindex":0},"west":{"uv":[4.0625,7.1875,4.25,7.6875],"rotation":0,"texture":"#0","tintindex":0},"up":{"uv":[6.6875,8.1875,6.5,8.0],"rotation":0,"texture":"#0","tintindex":0},"down":{"uv":[8.1875,6.625,8.0,6.8125],"rotation":0,"texture":"#0","tintindex":0}}},{"from":[7.350334,3.618895,6.5049043],"to":[9.636049,9.333181,9.9334755],"rotation":{"angle":22.5,"axis":"x","origin":[9.350334,6.476038,6.7906184]},"faces":{"east":{"uv":[4.125,4.0,4.5,4.625],"rotation":0,"texture":"#0","tintindex":0},"south":{"uv":[0.8125,5.875,1.0625,6.5],"rotation":0,"texture":"#0","tintindex":0},"north":{"uv":[5.375,5.8125,5.625,6.4375],"rotation":0,"texture":"#0","tintindex":0},"west":{"uv":[4.1875,1.625,4.5625,2.25],"rotation":0,"texture":"#0","tintindex":0},"up":{"uv":[4.0,5.6875,3.75,5.3125],"rotation":0,"texture":"#0","tintindex":0},"down":{"uv":[7.4375,4.375,7.1875,4.75],"rotation":0,"texture":"#0","tintindex":0}}},{"from":[6.207477,-0.9525337,8.21919],"to":[8.493192,5.9046097,9.362047],"rotation":{"angle":0.0,"axis":"y","origin":[5.6360483,-6.6668196,7.6477613]},"faces":{"east":{"uv":[2.1875,7.1875,2.3125,7.9375],"rotation":0,"texture":"#0","tintindex":0},"south":{"uv":[3.0,4.875,3.25,5.625],"rotation":0,"texture":"#0","tintindex":0},"north":{"uv":[2.75,4.875,3.0,5.625],"rotation":0,"texture":"#0","tintindex":0},"west":{"uv":[2.75,7.1875,2.875,7.9375],"rotation":0,"texture":"#0","tintindex":0},"up":{"uv":[7.5,1.0625,7.25,0.9375],"rotation":0,"texture":"#0","tintindex":0},"down":{"uv":[8.25,5.0625,8.0,5.1875],"rotation":0,"texture":"#0","tintindex":0}}}],"display":{"head":{"translation":[0.0,-6.4,0.0],"scale":[4.0,4.0,4.0]}}}