{"textures":{"0":"modelengine:entity/wolfmob39phase2"},"elements":[{"from":[7.542857,3.6,6.9142857],"to":[8.685715,8.742857,8.057143],"rotation":{"angle":0.0,"axis":"y","origin":[5.885714,1.3142858,7.4857144]},"faces":{"east":{"uv":[7.6875,0.3125,7.8125,0.875],"rotation":0,"texture":"#0","tintindex":0},"south":{"uv":[0.625,7.6875,0.75,8.25],"rotation":0,"texture":"#0","tintindex":0},"north":{"uv":[7.5625,7.25,7.6875,7.8125],"rotation":0,"texture":"#0","tintindex":0},"west":{"uv":[1.625,7.6875,1.75,8.25],"rotation":0,"texture":"#0","tintindex":0},"up":{"uv":[4.125,4.625,4.0,4.5],"rotation":0,"texture":"#0","tintindex":0},"down":{"uv":[7.0,3.875,6.875,4.0],"rotation":0,"texture":"#0","tintindex":0}}},{"from":[7.542857,-3.8285723,6.9142857],"to":[8.685715,3.6,8.057143],"rotation":{"angle":0.0,"axis":"y","origin":[5.885714,1.3142858,7.4857144]},"faces":{"east":{"uv":[6.9375,4.9375,7.0625,5.75],"rotation":0,"texture":"#0","tintindex":0},"south":{"uv":[7.0625,1.0625,7.1875,1.875],"rotation":0,"texture":"#0","tintindex":0},"north":{"uv":[0.625,6.875,0.75,7.6875],"rotation":0,"texture":"#0","tintindex":0},"west":{"uv":[7.0625,3.875,7.1875,4.6875],"rotation":0,"texture":"#0","tintindex":0},"up":{"uv":[7.25,3.5625,7.125,3.4375],"rotation":0,"texture":"#0","tintindex":0},"down":{"uv":[7.75,3.5625,7.625,3.6875],"rotation":0,"texture":"#0","tintindex":0}}},{"from":[7.542857,1.885714,8.057143],"to":[9.257143,4.742857,8.6285715],"rotation":{"angle":0.0,"axis":"y","origin":[5.885714,1.3142858,7.4857144]},"faces":{"east":{"uv":[2.5,7.375,2.5625,7.6875],"rotation":0,"texture":"#0","tintindex":0},"south":{"uv":[7.8125,4.5625,8.0,4.875],"rotation":0,"texture":"#0","tintindex":0},"north":{"uv":[3.625,7.8125,3.8125,8.125],"rotation":0,"texture":"#0","tintindex":0},"west":{"uv":[7.625,0.625,7.6875,0.9375],"rotation":0,"texture":"#0","tintindex":0},"up":{"uv":[7.1875,0.75,7.0,0.6875],"rotation":0,"texture":"#0","tintindex":0},"down":{"uv":[7.25,1.875,7.0625,1.9375],"rotation":0,"texture":"#0","tintindex":0}}},{"from":[8.685715,4.742857,7.4857144],"to":[9.257143,8.171429,8.057143],"rotation":{"angle":0.0,"axis":"y","origin":[5.885714,1.3142858,7.4857144]},"faces":{"east":{"uv":[3.3125,8.125,3.375,8.5],"rotation":0,"texture":"#0","tintindex":0},"south":{"uv":[3.375,8.125,3.4375,8.5],"rotation":0,"texture":"#0","tintindex":0},"north":{"uv":[3.25,8.125,3.3125,8.5],"rotation":0,"texture":"#0","tintindex":0},"west":{"uv":[3.4375,8.125,3.5,8.5],"rotation":0,"texture":"#0","tintindex":0},"up":{"uv":[6.5,1.375,6.4375,1.3125],"rotation":0,"texture":"#0","tintindex":0},"down":{"uv":[1.5,6.4375,1.4375,6.5],"rotation":0,"texture":"#0","tintindex":0}}},{"from":[6.9714284,4.742857,8.057143],"to":[7.542857,8.171429,8.6285715],"rotation":{"angle":0.0,"axis":"y","origin":[5.885714,1.3142858,7.4857144]},"faces":{"east":{"uv":[3.5,8.125,3.5625,8.5],"rotation":0,"texture":"#0","tintindex":0},"south":{"uv":[3.5625,8.125,3.625,8.5],"rotation":0,"texture":"#0","tintindex":0},"north":{"uv":[8.125,3.4375,8.1875,3.8125],"rotation":0,"texture":"#0","tintindex":0},"west":{"uv":[3.625,8.125,3.6875,8.5],"rotation":0,"texture":"#0","tintindex":0},"up":{"uv":[6.6875,0.4375,6.625,0.375],"rotation":0,"texture":"#0","tintindex":0},"down":{"uv":[6.875,3.5625,6.8125,3.625],"rotation":0,"texture":"#0","tintindex":0}}},{"from":[8.114285,-0.40000057,8.057143],"to":[8.685715,1.885714,8.6285715],"rotation":{"angle":0.0,"axis":"y","origin":[5.885714,1.3142858,7.4857144]},"faces":{"east":{"uv":[6.5,7.1875,6.5625,7.4375],"rotation":0,"texture":"#0","tintindex":0},"south":{"uv":[6.0625,7.4375,6.125,7.6875],"rotation":0,"texture":"#0","tintindex":0},"north":{"uv":[3.875,6.9375,3.9375,7.1875],"rotation":0,"texture":"#0","tintindex":0},"west":{"uv":[2.125,7.6875,2.1875,7.9375],"rotation":0,"texture":"#0","tintindex":0},"up":{"uv":[7.125,3.1875,7.0625,3.125],"rotation":0,"texture":"#0","tintindex":0},"down":{"uv":[5.5,7.0625,5.4375,7.125],"rotation":0,"texture":"#0","tintindex":0}}},{"from":[7.542857,4.742857,8.057143],"to":[9.257143,8.742857,9.2],"rotation":{"angle":0.0,"axis":"y","origin":[5.885714,1.3142858,7.4857144]},"faces":{"east":{"uv":[1.125,3.8125,1.25,4.25],"rotation":0,"texture":"#0","tintindex":0},"south":{"uv":[6.875,7.375,7.0625,7.8125],"rotation":0,"texture":"#0","tintindex":0},"north":{"uv":[2.875,7.375,3.0625,7.8125],"rotation":0,"texture":"#0","tintindex":0},"west":{"uv":[5.0,2.9375,5.125,3.375],"rotation":0,"texture":"#0","tintindex":0},"up":{"uv":[6.875,0.875,6.6875,0.75],"rotation":0,"texture":"#0","tintindex":0},"down":{"uv":[4.625,6.6875,4.4375,6.8125],"rotation":0,"texture":"#0","tintindex":0}}},{"from":[6.9714284,4.742857,6.9142857],"to":[7.542857,8.742857,8.057143],"rotation":{"angle":0.0,"axis":"y","origin":[5.885714,1.3142858,7.4857144]},"faces":{"east":{"uv":[4.125,5.9375,4.25,6.375],"rotation":0,"texture":"#0","tintindex":0},"south":{"uv":[7.875,8.0,7.9375,8.4375],"rotation":0,"texture":"#0","tintindex":0},"north":{"uv":[3.8125,6.125,3.875,6.5625],"rotation":0,"texture":"#0","tintindex":0},"west":{"uv":[0.75,7.875,0.875,8.3125],"rotation":0,"texture":"#0","tintindex":0},"up":{"uv":[3.875,7.625,3.8125,7.5],"rotation":0,"texture":"#0","tintindex":0},"down":{"uv":[7.6875,2.9375,7.625,3.0625],"rotation":0,"texture":"#0","tintindex":0}}},{"from":[9.257143,4.1714287,6.9142857],"to":[10.4,7.6,8.057143],"rotation":{"angle":22.5,"axis":"x","origin":[5.885714,1.3142858,7.4857144]},"faces":{"east":{"uv":[5.25,7.875,5.375,8.25],"rotation":0,"texture":"#0","tintindex":0},"south":{"uv":[6.25,7.875,6.375,8.25],"rotation":0,"texture":"#0","tintindex":0},"north":{"uv":[2.5625,6.4375,2.6875,6.8125],"rotation":0,"texture":"#0","tintindex":0},"west":{"uv":[6.375,7.875,6.5,8.25],"rotation":0,"texture":"#0","tintindex":0},"up":{"uv":[8.3125,0.125,8.1875,0.0],"rotation":0,"texture":"#0","tintindex":0},"down":{"uv":[8.3125,0.125,8.1875,0.25],"rotation":0,"texture":"#0","tintindex":0}}},{"from":[8.685715,0.742857,7.4857144],"to":[9.828571,5.885714,8.6285715],"rotation":{"angle":22.5,"axis":"x","origin":[5.885714,1.3142858,7.4857144]},"faces":{"east":{"uv":[1.875,7.6875,2.0,8.25],"rotation":0,"texture":"#0","tintindex":0},"south":{"uv":[2.0,7.6875,2.125,8.25],"rotation":0,"texture":"#0","tintindex":0},"north":{"uv":[1.75,7.6875,1.875,8.25],"rotation":0,"texture":"#0","tintindex":0},"west":{"uv":[2.5,7.6875,2.625,8.25],"rotation":0,"texture":"#0","tintindex":0},"up":{"uv":[8.3125,1.125,8.1875,1.0],"rotation":0,"texture":"#0","tintindex":0},"down":{"uv":[8.3125,1.125,8.1875,1.25],"rotation":0,"texture":"#0","tintindex":0}}}],"display":{"head":{"translation":[0.0,-6.4,0.0],"scale":[4.0,4.0,4.0]}}}