{"textures":{"0":"modelengine:entity/wolfmob39phase2"},"elements":[{"from":[6.778906,-0.9525337,6.5049043],"to":[9.06462,6.476038,8.21919],"rotation":{"angle":0.0,"axis":"y","origin":[5.6360483,-6.6668196,7.6477613]},"faces":{"east":{"uv":[0.5555556,10.555555,0.8888889,12.0],"rotation":0,"texture":"#0","tintindex":0},"south":{"uv":[8.0,7.111111,8.444445,8.555555],"rotation":0,"texture":"#0","tintindex":0},"north":{"uv":[6.6666665,8.0,7.111111,9.444445],"rotation":0,"texture":"#0","tintindex":0},"west":{"uv":[3.4444444,10.666667,3.7777777,12.111111],"rotation":0,"texture":"#0","tintindex":0},"up":{"uv":[10.666667,14.333333,10.222222,14.0],"rotation":0,"texture":"#0","tintindex":0},"down":{"uv":[11.111111,14.0,10.666667,14.333333],"rotation":0,"texture":"#0","tintindex":0}}},{"from":[7.921763,3.0474668,6.6191897],"to":[10.207478,7.618895,8.904904],"rotation":{"angle":-45.0,"axis":"z","origin":[10.493192,5.3331804,6.7906184]},"faces":{"east":{"uv":[8.222222,11.333333,8.666667,12.222222],"rotation":0,"texture":"#0","tintindex":0},"south":{"uv":[10.333333,11.333333,10.777778,12.222222],"rotation":0,"texture":"#0","tintindex":0},"north":{"uv":[0.8888889,11.333333,1.3333334,12.222222],"rotation":0,"texture":"#0","tintindex":0},"west":{"uv":[10.777778,11.333333,11.222222,12.222222],"rotation":0,"texture":"#0","tintindex":0},"up":{"uv":[14.222222,8.111111,13.777778,7.6666665],"rotation":0,"texture":"#0","tintindex":0},"down":{"uv":[14.222222,9.444445,13.777778,9.888889],"rotation":0,"texture":"#0","tintindex":0}}},{"from":[9.06462,0.7617521,6.847761],"to":[10.778906,5.3331804,8.562047],"rotation":{"angle":-22.5,"axis":"z","origin":[10.493192,5.3331804,6.7906184]},"faces":{"east":{"uv":[6.888889,12.777778,7.2222223,13.666667],"rotation":0,"texture":"#0","tintindex":0},"south":{"uv":[12.777778,6.888889,13.111111,7.7777777],"rotation":0,"texture":"#0","tintindex":0},"north":{"uv":[4.5555553,12.777778,4.888889,13.666667],"rotation":0,"texture":"#0","tintindex":0},"west":{"uv":[7.2222223,12.777778,7.5555553,13.666667],"rotation":0,"texture":"#0","tintindex":0},"up":{"uv":[11.888889,14.555555,11.555555,14.222222],"rotation":0,"texture":"#0","tintindex":0},"down":{"uv":[14.555555,11.777778,14.222222,12.111111],"rotation":0,"texture":"#0","tintindex":0}}},{"from":[7.350334,3.618895,6.5049043],"to":[9.636049,9.333181,9.9334755],"rotation":{"angle":22.5,"axis":"x","origin":[9.350334,6.476038,6.7906184]},"faces":{"east":{"uv":[7.3333335,7.111111,8.0,8.222222],"rotation":0,"texture":"#0","tintindex":0},"south":{"uv":[1.4444444,10.444445,1.8888888,11.555555],"rotation":0,"texture":"#0","tintindex":0},"north":{"uv":[9.555555,10.333333,10.0,11.444445],"rotation":0,"texture":"#0","tintindex":0},"west":{"uv":[7.4444447,2.8888888,8.111111,4.0],"rotation":0,"texture":"#0","tintindex":0},"up":{"uv":[7.111111,10.111111,6.6666665,9.444445],"rotation":0,"texture":"#0","tintindex":0},"down":{"uv":[13.222222,7.7777777,12.777778,8.444445],"rotation":0,"texture":"#0","tintindex":0}}},{"from":[6.207477,-0.9525337,8.21919],"to":[8.493192,5.9046097,9.362047],"rotation":{"angle":0.0,"axis":"y","origin":[5.6360483,-6.6668196,7.6477613]},"faces":{"east":{"uv":[3.8888888,12.777778,4.111111,14.111111],"rotation":0,"texture":"#0","tintindex":0},"south":{"uv":[5.3333335,8.666667,5.7777777,10.0],"rotation":0,"texture":"#0","tintindex":0},"north":{"uv":[4.888889,8.666667,5.3333335,10.0],"rotation":0,"texture":"#0","tintindex":0},"west":{"uv":[4.888889,12.777778,5.111111,14.111111],"rotation":0,"texture":"#0","tintindex":0},"up":{"uv":[13.333333,1.8888888,12.888889,1.6666666],"rotation":0,"texture":"#0","tintindex":0},"down":{"uv":[14.666667,9.0,14.222222,9.222222],"rotation":0,"texture":"#0","tintindex":0}}}],"display":{"head":{"translation":[0.0,-6.4,0.0],"scale":[4.0,4.0,4.0]}}}