{"textures":{"0":"modelengine:entity/wolfmob39phase2"},"elements":[{"from":[7.6,7.6,-10.0],"to":[8.44,8.44,4.400001],"rotation":{"angle":0.0,"axis":"y","origin":[7.64,7.6,15.200001]},"faces":{"east":{"uv":[6.6666665,4.7777777,10.666667,5.0],"rotation":0,"texture":"#0","tintindex":0},"south":{"uv":[14.555555,11.777778,14.777778,12.0],"rotation":0,"texture":"#0","tintindex":0},"north":{"uv":[11.666667,14.555555,11.888889,14.777778],"rotation":0,"texture":"#0","tintindex":0},"west":{"uv":[6.6666665,5.0,10.666667,5.2222223],"rotation":0,"texture":"#0","tintindex":0},"up":{"uv":[2.4444444,10.111111,2.2222223,6.111111],"rotation":0,"texture":"#0","tintindex":0},"down":{"uv":[2.6666667,6.111111,2.4444444,10.111111],"rotation":0,"texture":"#0","tintindex":0}}},{"from":[8.04,4.3999996,-16.0],"to":[8.04,12.84,4.400001],"rotation":{"angle":0.0,"axis":"y","origin":[7.64,7.6,15.200001]},"faces":{"east":{"uv":[0.0,0.0,5.6666665,2.3333333],"rotation":0,"texture":"#0","tintindex":0},"south":{"uv":[0.0,0.0,0.0,2.3333333],"rotation":0,"texture":"#0","tintindex":0},"north":{"uv":[0.0,0.0,0.0,2.3333333],"rotation":0,"texture":"#0","tintindex":0},"west":{"uv":[0.0,2.3333333,5.6666665,4.6666665],"rotation":0,"texture":"#0","tintindex":0},"up":{"uv":[0.0,5.6666665,0.0,0.0],"rotation":0,"texture":"#0","tintindex":0},"down":{"uv":[0.0,0.0,0.0,5.6666665],"rotation":0,"texture":"#0","tintindex":0}}},{"from":[7.6,7.6,4.400001],"to":[8.44,8.44,27.2],"rotation":{"angle":0.0,"axis":"y","origin":[7.64,7.6,15.200001]},"faces":{"east":{"uv":[5.6666665,2.4444444,12.0,2.6666667],"rotation":0,"texture":"#0","tintindex":0},"south":{"uv":[14.555555,12.0,14.777778,12.222222],"rotation":0,"texture":"#0","tintindex":0},"north":{"uv":[11.888889,14.555555,12.111111,14.777778],"rotation":0,"texture":"#0","tintindex":0},"west":{"uv":[5.6666665,2.6666667,12.0,2.8888888],"rotation":0,"texture":"#0","tintindex":0},"up":{"uv":[2.8888888,12.111111,2.6666667,5.7777777],"rotation":0,"texture":"#0","tintindex":0},"down":{"uv":[3.1111112,5.7777777,2.8888888,12.111111],"rotation":0,"texture":"#0","tintindex":0}}},{"from":[7.2,7.2,4.400001],"to":[8.84,8.84,5.000001],"rotation":{"angle":0.0,"axis":"y","origin":[7.64,7.6,9.200001]},"faces":{"east":{"uv":[8.111111,14.333333,8.333333,14.777778],"rotation":0,"texture":"#0","tintindex":0},"south":{"uv":[13.888889,0.44444445,14.333333,0.8888889],"rotation":0,"texture":"#0","tintindex":0},"north":{"uv":[0.33333334,13.888889,0.7777778,14.333333],"rotation":0,"texture":"#0","tintindex":0},"west":{"uv":[10.555555,14.333333,10.777778,14.777778],"rotation":0,"texture":"#0","tintindex":0},"up":{"uv":[14.888889,2.7777777,14.444445,2.5555556],"rotation":0,"texture":"#0","tintindex":0},"down":{"uv":[14.888889,2.7777777,14.444445,3.0],"rotation":0,"texture":"#0","tintindex":0}}},{"from":[7.48,7.76,2.4000006],"to":[8.56,9.0,4.560001],"rotation":{"angle":22.5,"axis":"x","origin":[8.02,7.82,3.400001]},"faces":{"east":{"uv":[11.111111,4.4444447,11.666667,4.7777777],"rotation":0,"texture":"#0","tintindex":0},"south":{"uv":[14.333333,1.1111112,14.666667,1.4444444],"rotation":0,"texture":"#0","tintindex":0},"north":{"uv":[14.333333,0.7777778,14.666667,1.1111112],"rotation":0,"texture":"#0","tintindex":0},"west":{"uv":[11.777778,4.111111,12.333333,4.4444447],"rotation":0,"texture":"#0","tintindex":0},"up":{"uv":[0.33333334,14.555555,0.0,14.0],"rotation":0,"texture":"#0","tintindex":0},"down":{"uv":[1.1111112,14.0,0.7777778,14.555555],"rotation":0,"texture":"#0","tintindex":0}}},{"from":[7.56,7.56,25.600002],"to":[8.48,8.48,26.800001],"rotation":{"angle":0.0,"axis":"y","origin":[7.64,7.6,15.200001]},"faces":{"east":{"uv":[14.444445,13.333333,14.777778,13.555555],"rotation":0,"texture":"#0","tintindex":0},"south":{"uv":[14.555555,12.666667,14.777778,12.888889],"rotation":0,"texture":"#0","tintindex":0},"north":{"uv":[14.555555,12.222222,14.777778,12.444445],"rotation":0,"texture":"#0","tintindex":0},"west":{"uv":[14.111111,14.444445,14.444445,14.666667],"rotation":0,"texture":"#0","tintindex":0},"up":{"uv":[13.555555,14.777778,13.333333,14.444445],"rotation":0,"texture":"#0","tintindex":0},"down":{"uv":[14.666667,14.444445,14.444445,14.777778],"rotation":0,"texture":"#0","tintindex":0}}},{"from":[7.48,7.48,4.800001],"to":[8.56,8.56,10.400002],"rotation":{"angle":0.0,"axis":"y","origin":[7.64,7.6,14.000001]},"faces":{"east":{"uv":[9.444445,2.0,11.0,2.3333333],"rotation":0,"texture":"#0","tintindex":0},"south":{"uv":[14.333333,2.2222223,14.666667,2.5555556],"rotation":0,"texture":"#0","tintindex":0},"north":{"uv":[14.333333,1.4444444,14.666667,1.7777778],"rotation":0,"texture":"#0","tintindex":0},"west":{"uv":[9.555555,4.4444447,11.111111,4.7777777],"rotation":0,"texture":"#0","tintindex":0},"up":{"uv":[3.4444444,11.222222,3.1111112,9.666667],"rotation":0,"texture":"#0","tintindex":0},"down":{"uv":[7.888889,9.888889,7.5555553,11.444445],"rotation":0,"texture":"#0","tintindex":0}}},{"from":[7.48,7.48,20.0],"to":[8.56,8.56,25.600002],"rotation":{"angle":0.0,"axis":"y","origin":[7.64,7.6,14.000001]},"faces":{"east":{"uv":[10.111111,6.7777777,11.666667,7.111111],"rotation":0,"texture":"#0","tintindex":0},"south":{"uv":[10.222222,14.333333,10.555555,14.666667],"rotation":0,"texture":"#0","tintindex":0},"north":{"uv":[9.888889,14.333333,10.222222,14.666667],"rotation":0,"texture":"#0","tintindex":0},"west":{"uv":[10.222222,3.5555556,11.777778,3.8888888],"rotation":0,"texture":"#0","tintindex":0},"up":{"uv":[8.222222,11.888889,7.888889,10.333333],"rotation":0,"texture":"#0","tintindex":0},"down":{"uv":[9.555555,10.333333,9.222222,11.888889],"rotation":0,"texture":"#0","tintindex":0}}}],"display":{"head":{"translation":[0.0,-6.4,-11.200005],"scale":[4.0,4.0,4.0]}}}