{"textures":{"2":"modelengine:entity/chest_brute","6":"modelengine:entity/em_corruptedbrute"},"elements":[{"from":[7.424381,7.6642385,9.653987],"to":[8.560381,9.943096,10.789987],"rotation":{"angle":22.5,"axis":"x","origin":[7.992381,8.803667,10.507701]},"faces":{"east":{"uv":[7.3125,8.3125,7.4375,8.5625],"rotation":0,"texture":"#6","tintindex":0},"south":{"uv":[7.5,8.3125,7.625,8.5625],"rotation":0,"texture":"#6","tintindex":0},"north":{"uv":[6.5625,8.3125,6.6875,8.5625],"rotation":0,"texture":"#6","tintindex":0},"west":{"uv":[8.3125,7.875,8.4375,8.125],"rotation":0,"texture":"#6","tintindex":0},"up":{"uv":[8.6875,7.8125,8.5625,7.6875],"rotation":0,"texture":"#6","tintindex":0},"down":{"uv":[8.75,0.0,8.625,0.125],"rotation":0,"texture":"#6","tintindex":0}}},{"from":[1.7066665,8.428572,5.8063827],"to":[14.278095,15.285715,10.94924],"rotation":{"angle":0.0,"axis":"y","origin":[7.992381,-2.4285717,6.9492397]},"faces":{"east":{"uv":[0.0,2.75,0.5625,3.5],"rotation":0,"texture":"#6","tintindex":0},"south":{"uv":[0.0,0.8125,1.375,1.5625],"rotation":0,"texture":"#6","tintindex":0},"north":{"uv":[0.0,0.0,1.375,0.75],"rotation":0,"texture":"#6","tintindex":0},"west":{"uv":[2.75,0.0,3.3125,0.75],"rotation":0,"texture":"#6","tintindex":0},"up":{"uv":[2.8125,1.9375,1.4375,1.375],"rotation":0,"texture":"#6","tintindex":0},"down":{"uv":[1.375,1.625,0.0,2.1875],"rotation":0,"texture":"#6","tintindex":0}}},{"from":[2.2780948,9.0,6.3778114],"to":[13.706667,14.714286,10.377811],"rotation":{"angle":0.0,"axis":"y","origin":[7.992381,-2.4285717,6.9492397]},"faces":{"east":{"uv":[0.5,4.3125,0.9375,4.9375],"rotation":0,"texture":"#6","tintindex":0},"south":{"uv":[1.4375,0.6875,2.6875,1.3125],"rotation":0,"texture":"#6","tintindex":0},"north":{"uv":[1.4375,0.0,2.6875,0.625],"rotation":0,"texture":"#6","tintindex":0},"west":{"uv":[0.0,4.4375,0.4375,5.0625],"rotation":0,"texture":"#6","tintindex":0},"up":{"uv":[2.6875,2.4375,1.4375,2.0],"rotation":0,"texture":"#6","tintindex":0},"down":{"uv":[1.25,2.25,0.0,2.6875],"rotation":0,"texture":"#6","tintindex":0}}},{"from":[2.283238,8.433714,5.8115253],"to":[4.5586667,14.137714,10.9440975],"rotation":{"angle":0.0,"axis":"y","origin":[7.992381,-2.4285717,6.9492397]},"faces":{"east":{"uv":[3.5625,0.875,4.125,1.5],"rotation":0,"texture":"#6","tintindex":0},"south":{"uv":[6.1875,5.625,6.4375,6.25],"rotation":0,"texture":"#6","tintindex":0},"north":{"uv":[1.25,6.125,1.5,6.75],"rotation":0,"texture":"#6","tintindex":0},"west":{"uv":[2.0,3.5625,2.5625,4.1875],"rotation":0,"texture":"#6","tintindex":0},"up":{"uv":[5.75,7.0625,5.5,6.5],"rotation":0,"texture":"#6","tintindex":0},"down":{"uv":[6.75,5.625,6.5,6.1875],"rotation":0,"texture":"#6","tintindex":0}}},{"from":[11.426095,8.433714,5.8115253],"to":[13.701525,14.137714,10.9440975],"rotation":{"angle":0.0,"axis":"y","origin":[7.992381,-2.4285717,6.9492397]},"faces":{"east":{"uv":[2.625,3.5625,3.1875,4.1875],"rotation":0,"texture":"#6","tintindex":0},"south":{"uv":[2.0,6.25,2.25,6.875],"rotation":0,"texture":"#6","tintindex":0},"north":{"uv":[0.0,6.25,0.25,6.875],"rotation":0,"texture":"#6","tintindex":0},"west":{"uv":[3.25,3.5625,3.8125,4.1875],"rotation":0,"texture":"#6","tintindex":0},"up":{"uv":[6.0625,7.0625,5.8125,6.5],"rotation":0,"texture":"#6","tintindex":0},"down":{"uv":[6.75,6.25,6.5,6.8125],"rotation":0,"texture":"#6","tintindex":0}}},{"from":[8.741402,13.273387,7.177811],"to":[12.855688,15.101959,9.577811],"rotation":{"angle":-22.5,"axis":"z","origin":[13.469974,14.616244,8.377811]},"faces":{"east":{"uv":[0.0,6.9375,0.25,7.125],"rotation":0,"texture":"#6","tintindex":0},"south":{"uv":[7.375,6.6875,7.8125,6.875],"rotation":0,"texture":"#6","tintindex":0},"north":{"uv":[6.1875,2.0,6.625,2.1875],"rotation":0,"texture":"#6","tintindex":0},"west":{"uv":[8.0625,5.9375,8.3125,6.125],"rotation":0,"texture":"#6","tintindex":0},"up":{"uv":[7.625,3.5,7.1875,3.25],"rotation":0,"texture":"#6","tintindex":0},"down":{"uv":[7.625,3.5625,7.1875,3.8125],"rotation":0,"texture":"#6","tintindex":0}}},{"from":[3.129074,13.273387,7.177811],"to":[7.24336,15.101959,9.577811],"rotation":{"angle":22.5,"axis":"z","origin":[2.5147882,14.616244,8.377811]},"faces":{"east":{"uv":[7.0625,8.0625,7.3125,8.25],"rotation":0,"texture":"#6","tintindex":0},"south":{"uv":[7.6875,4.5,8.125,4.6875],"rotation":0,"texture":"#6","tintindex":0},"north":{"uv":[7.6875,1.3125,8.125,1.5],"rotation":0,"texture":"#6","tintindex":0},"west":{"uv":[7.375,8.0625,7.625,8.25],"rotation":0,"texture":"#6","tintindex":0},"up":{"uv":[7.625,4.125,7.1875,3.875],"rotation":0,"texture":"#6","tintindex":0},"down":{"uv":[7.625,5.125,7.1875,5.375],"rotation":0,"texture":"#6","tintindex":0}}},{"from":[8.56781,10.718286,3.5246682],"to":[11.988381,15.281714,5.8023825],"rotation":{"angle":-22.5,"axis":"y","origin":[7.4209523,13.0,4.6635256]},"faces":{"east":{"uv":[6.75,4.25,7.0,4.75],"rotation":0,"texture":"#6","tintindex":0},"south":{"uv":[2.0625,5.6875,2.4375,6.1875],"rotation":0,"texture":"#6","tintindex":0},"north":{"uv":[0.0,5.6875,0.375,6.1875],"rotation":0,"texture":"#6","tintindex":0},"west":{"uv":[1.1875,6.8125,1.4375,7.3125],"rotation":0,"texture":"#6","tintindex":0},"up":{"uv":[3.125,2.4375,2.75,2.1875],"rotation":0,"texture":"#6","tintindex":0},"down":{"uv":[1.5,7.375,1.125,7.625],"rotation":0,"texture":"#6","tintindex":0}}},{"from":[8.853524,7.8611426,3.8103828],"to":[12.274096,10.710286,6.088097],"rotation":{"angle":-22.5,"axis":"y","origin":[7.4209523,7.285714,4.6635256]},"faces":{"east":{"uv":[7.6875,7.3125,7.9375,7.625],"rotation":0,"texture":"#6","tintindex":0},"south":{"uv":[1.5,7.0,1.875,7.3125],"rotation":0,"texture":"#6","tintindex":0},"north":{"uv":[7.0,0.0,7.375,0.3125],"rotation":0,"texture":"#6","tintindex":0},"west":{"uv":[7.5,7.6875,7.75,8.0],"rotation":0,"texture":"#6","tintindex":0},"up":{"uv":[7.8125,0.25,7.4375,0.0],"rotation":0,"texture":"#6","tintindex":0},"down":{"uv":[2.25,7.4375,1.875,7.6875],"rotation":0,"texture":"#6","tintindex":0}}},{"from":[3.9963808,10.718286,3.5246682],"to":[7.416952,15.281714,5.8023825],"rotation":{"angle":22.5,"axis":"y","origin":[8.563809,13.0,4.6635256]},"faces":{"east":{"uv":[6.8125,5.5,7.0625,6.0],"rotation":0,"texture":"#6","tintindex":0},"south":{"uv":[5.75,0.5,6.125,1.0],"rotation":0,"texture":"#6","tintindex":0},"north":{"uv":[5.6875,5.3125,6.0625,5.8125],"rotation":0,"texture":"#6","tintindex":0},"west":{"uv":[6.8125,6.0625,7.0625,6.5625],"rotation":0,"texture":"#6","tintindex":0},"up":{"uv":[4.625,7.6875,4.25,7.4375],"rotation":0,"texture":"#6","tintindex":0},"down":{"uv":[1.0625,7.5,0.6875,7.75],"rotation":0,"texture":"#6","tintindex":0}}},{"from":[3.7106667,7.8611426,3.8103828],"to":[7.131238,10.710286,6.088097],"rotation":{"angle":22.5,"axis":"y","origin":[8.563809,7.285714,4.6635256]},"faces":{"east":{"uv":[7.75,0.3125,8.0,0.625],"rotation":0,"texture":"#6","tintindex":0},"south":{"uv":[3.0625,7.0625,3.4375,7.375],"rotation":0,"texture":"#6","tintindex":0},"north":{"uv":[7.0625,1.875,7.4375,2.1875],"rotation":0,"texture":"#6","tintindex":0},"west":{"uv":[1.875,7.75,2.125,8.0625],"rotation":0,"texture":"#6","tintindex":0},"up":{"uv":[3.375,7.6875,3.0,7.4375],"rotation":0,"texture":"#6","tintindex":0},"down":{"uv":[7.8125,4.1875,7.4375,4.4375],"rotation":0,"texture":"#6","tintindex":0}}},{"from":[4.5638094,7.2,7.092097],"to":[11.420953,14.628572,9.377811],"rotation":{"angle":0.0,"axis":"y","origin":[7.992381,0.5714283,8.377811]},"faces":{"east":{"uv":[0.0,0.0,4.0,13.0],"rotation":0,"texture":"#2","tintindex":0},"south":{"uv":[0.0,0.0,12.0,13.0],"rotation":0,"texture":"#2","tintindex":0},"north":{"uv":[0.0,0.0,12.0,13.0],"rotation":0,"texture":"#2","tintindex":0},"west":{"uv":[8.0,0.0,12.0,13.0],"rotation":0,"texture":"#2","tintindex":0},"up":{"uv":[0.0,0.0,12.0,4.0],"rotation":0,"texture":"#2","tintindex":0},"down":{"uv":[0.0,9.0,12.0,13.0],"rotation":0,"texture":"#2","tintindex":0}}},{"from":[4.5638094,8.914286,5.9492397],"to":[11.420953,14.628572,7.092097],