{"textures":{"0":"modelengine:entity/eyeshading_corlurker","4":"modelengine:entity/rest_fire","6":"modelengine:entity/em_corruptedbrute"},"elements":[{"from":[5.714286,9.5683,2.9353538],"to":[10.285714,14.1397295,6.9353538],"rotation":{"angle":0.0,"axis":"y","origin":[8.0,-4.717414,4.6496396]},"faces":{"east":{"uv":[4.8125,1.25,5.25,1.75],"rotation":0,"texture":"#6","tintindex":0},"south":{"uv":[1.0,4.5,1.5,5.0],"rotation":0,"texture":"#6","tintindex":0},"north":{"uv":[4.4375,3.3125,4.9375,3.8125],"rotation":0,"texture":"#6","tintindex":0},"west":{"uv":[1.5625,4.9375,2.0,5.4375],"rotation":0,"texture":"#6","tintindex":0},"up":{"uv":[5.5,3.75,5.0,3.3125],"rotation":0,"texture":"#6","tintindex":0},"down":{"uv":[4.5625,5.0,4.0625,5.4375],"rotation":0,"texture":"#6","tintindex":0}}},{"from":[5.771428,9.625443,2.992497],"to":[10.228572,14.082586,6.878211],"rotation":{"angle":0.0,"axis":"y","origin":[8.092857,-6.8602715,8.506783]},"faces":{"east":{"uv":[0.0,2.0,7.0,10.0],"rotation":0,"texture":"#4","tintindex":0},"south":{"uv":[0.0,2.0,8.0,10.0],"rotation":0,"texture":"#4","tintindex":0},"north":{"uv":[0.0,3.0,8.0,11.0],"rotation":0,"texture":"#4","tintindex":0},"west":{"uv":[0.0,2.0,7.0,10.0],"rotation":0,"texture":"#4","tintindex":0},"up":{"uv":[0.0,2.0,8.0,9.0],"rotation":0,"texture":"#4","tintindex":0},"down":{"uv":[0.0,2.0,8.0,9.0],"rotation":0,"texture":"#4","tintindex":0}}},{"from":[5.714286,10.1397295,2.363925],"to":[10.285714,14.1397295,2.9353538],"rotation":{"angle":0.0,"axis":"y","origin":[8.0,-4.717414,4.6496396]},"faces":{"east":{"uv":[2.75,0.8125,2.8125,1.25],"rotation":0,"texture":"#6","tintindex":0},"south":{"uv":[0.5,5.0625,1.0,5.5],"rotation":0,"texture":"#6","tintindex":0},"north":{"uv":[4.625,5.0,5.125,5.4375],"rotation":0,"texture":"#6","tintindex":0},"west":{"uv":[0.5,3.5625,0.5625,4.0],"rotation":0,"texture":"#6","tintindex":0},"up":{"uv":[8.8125,4.8125,8.3125,4.75],"rotation":0,"texture":"#6","tintindex":0},"down":{"uv":[8.8125,4.875,8.3125,4.9375],"rotation":0,"texture":"#6","tintindex":0}}},{"from":[6.857143,8.996872,2.363925],"to":[9.142858,10.1397295,2.363925],"rotation":{"angle":0.0,"axis":"y","origin":[8.0,-4.717414,4.6496396]},"faces":{"east":{"uv":[4.1875,1.375,4.1875,1.5],"rotation":0,"texture":"#6","tintindex":0},"south":{"uv":[8.3125,5.5625,8.5625,5.6875],"rotation":0,"texture":"#6","tintindex":0},"north":{"uv":[4.625,8.3125,4.875,8.4375],"rotation":0,"texture":"#6","tintindex":0},"west":{"uv":[4.4375,3.875,4.4375,4.0],"rotation":0,"texture":"#6","tintindex":0},"up":{"uv":[3.4375,3.0625,3.1875,3.0625],"rotation":0,"texture":"#6","tintindex":0},"down":{"uv":[0.75,5.0,0.5,5.0],"rotation":0,"texture":"#6","tintindex":0}}},{"from":[6.857143,5.9111576,4.7067823],"to":[9.142858,11.054015,7.5639253],"rotation":{"angle":-22.5,"axis":"x","origin":[8.0,11.282586,4.6496396]},"faces":{"east":{"uv":[5.8125,1.0625,6.125,1.625],"rotation":0,"texture":"#6","tintindex":0},"south":{"uv":[3.1875,6.4375,3.4375,7.0],"rotation":0,"texture":"#6","tintindex":0},"north":{"uv":[6.1875,6.3125,6.4375,6.875],"rotation":0,"texture":"#6","tintindex":0},"west":{"uv":[3.375,5.8125,3.6875,6.375],"rotation":0,"texture":"#6","tintindex":0},"up":{"uv":[4.9375,8.0,4.6875,7.6875],"rotation":0,"texture":"#6","tintindex":0},"down":{"uv":[7.9375,4.75,7.6875,5.0625],"rotation":0,"texture":"#6","tintindex":0}}},{"from":[9.714286,12.425444,2.9353538],"to":[8.571428,11.282586,2.363925],"rotation":{"angle":0.0,"axis":"y","origin":[8.0,-4.717414,4.6496396]},"faces":{"east":{"uv":[2.75,2.0,2.8125,2.125],"rotation":0,"texture":"#6","tintindex":0},"south":{"uv":[7.9375,2.1875,8.0625,2.3125],"rotation":0,"texture":"#6","tintindex":0},"north":{"uv":[7.6875,1.5625,7.8125,1.6875],"rotation":0,"texture":"#6","tintindex":0},"west":{"uv":[3.5625,2.0,3.625,2.125],"rotation":0,"texture":"#6","tintindex":0},"up":{"uv":[3.5,5.75,3.375,5.6875],"rotation":0,"texture":"#6","tintindex":0},"down":{"uv":[4.4375,6.9375,4.3125,7.0],"rotation":0,"texture":"#6","tintindex":0}}},{"from":[7.428571,12.425444,2.9353538],"to":[6.285714,11.282586,2.363925],"rotation":{"angle":0.0,"axis":"y","origin":[8.0,-4.717414,4.6496396]},"faces":{"east":{"uv":[4.0625,0.6875,4.125,0.8125],"rotation":0,"texture":"#6","tintindex":0},"south":{"uv":[8.5625,0.8125,8.6875,0.9375],"rotation":0,"texture":"#6","tintindex":0},"north":{"uv":[8.4375,7.3125,8.5625,7.4375],"rotation":0,"texture":"#6","tintindex":0},"west":{"uv":[1.0,4.3125,1.0625,4.4375],"rotation":0,"texture":"#6","tintindex":0},"up":{"uv":[7.4375,1.8125,7.3125,1.75],"rotation":0,"texture":"#6","tintindex":0},"down":{"uv":[7.8125,4.0625,7.6875,4.125],"rotation":0,"texture":"#6","tintindex":0}}},{"from":[8.571428,11.285714,2.7071428],"to":[9.714286,12.428572,2.7071428],"rotation":{"angle":0.0,"axis":"y","origin":[9.142858,6.714286,4.4214287]},"faces":{"east":{"uv":[1.0,3.0,3.0,5.0],"rotation":0,"texture":"#0","tintindex":0},"south":{"uv":[1.0,3.0,3.0,5.0],"rotation":0,"texture":"#0","tintindex":0},"north":{"uv":[1.0,3.0,3.0,5.0],"rotation":0,"texture":"#0","tintindex":0},"west":{"uv":[1.0,3.0,3.0,5.0],"rotation":0,"texture":"#0","tintindex":0},"up":{"uv":[1.0,3.0,3.0,5.0],"rotation":0,"texture":"#0","tintindex":0},"down":{"uv":[1.0,3.0,3.0,5.0],"rotation":0,"texture":"#0","tintindex":0}}},{"from":[6.285714,11.285714,2.7071428],"to":[7.428571,12.428572,2.7071428],"rotation":{"angle":0.0,"axis":"y","origin":[6.857143,6.714286,4.4214287]},"faces":{"east":{"uv":[5.0,3.0,7.0,5.0],"rotation":0,"texture":"#0","tintindex":0},"south":{"uv":[5.0,3.0,7.0,5.0],"rotation":0,"texture":"#0","tintindex":0},"north":{"uv":[5.0,3.0,7.0,5.0],"rotation":0,"texture":"#0","tintindex":0},"west":{"uv":[5.0,3.0,7.0,5.0],"rotation":0,"texture":"#0","tintindex":0},"up":{"uv":[5.0,3.0,7.0,5.0],"rotation":0,"texture":"#0","tintindex":0},"down":{"uv":[5.0,3.0,7.0,5.0],"rotation":0,"texture":"#0","tintindex":0}}},{"from":[10.285714,14.1397295,6.9353538],"to":[5.714286,9.5683,2.9353538],"rotation":{"angle":0.0,"axis":"y","origin":[8.0,-4.717414,4.6496396]},"faces":{"east":{"uv":[1.0625,5.0625,1.5,5.5625],"rotation":0,"texture":"#6","tintindex":0},"south":{"uv":[4.5,4.4375,5.0,4.9375],"rotation":0,"texture":"#6","tintindex":0},"north":{"uv":[4.5,3.875,5.0,4.375],"rotation":0,"texture":"#6","tintindex":0},"west":{"uv":[5.0625,2.6875,5.5,3.1875],"rotation":0,"texture":"#6","tintindex":0},"up":{"uv":[5.5625,4.25,5.0625,3.8125],"rotation":0,"texture":"#6","tintindex":0},"down":{"uv":[5.5625,4.3125,5.0625,4.75],"rotation":0,"texture":"#6","tintindex":0}}}],"display":{"head":{"translation":[0.0,-6.4,0.0],"scale":[4.0,4.0,4.0]}}}