{"textures":{"6":"modelengine:entity/em_corruptedbrute"},"elements":[{"from":[3.9619045,8.428572,6.5714283],"to":[11.961905,13.571428,9.428572],"rotation":{"angle":0.0,"axis":"y","origin":[7.9619045,0.42857122,6.5714283]},"faces":{"east":{"uv":[5.0625,5.875,5.375,6.4375],"rotation":0,"texture":"#6","tintindex":0},"south":{"uv":[2.25,2.5,3.125,3.0625],"rotation":0,"texture":"#6","tintindex":0},"north":{"uv":[1.3125,2.5,2.1875,3.0625],"rotation":0,"texture":"#6","tintindex":0},"west":{"uv":[5.4375,5.875,5.75,6.4375],"rotation":0,"texture":"#6","tintindex":0},"up":{"uv":[5.0,3.25,4.125,2.9375],"rotation":0,"texture":"#6","tintindex":0},"down":{"uv":[4.4375,4.25,3.5625,4.5625],"rotation":0,"texture":"#6","tintindex":0}}},{"from":[7.390476,8.428572,8.857143],"to":[8.533334,14.714286,10.0],"rotation":{"angle":0.0,"axis":"y","origin":[7.9619045,0.42857122,7.142857]},"faces":{"east":{"uv":[1.125,7.6875,1.25,8.375],"rotation":0,"texture":"#6","tintindex":0},"south":{"uv":[1.3125,7.6875,1.4375,8.375],"rotation":0,"texture":"#6","tintindex":0},"north":{"uv":[3.375,0.0,3.5,0.6875],"rotation":0,"texture":"#6","tintindex":0},"west":{"uv":[7.6875,2.8125,7.8125,3.5],"rotation":0,"texture":"#6","tintindex":0},"up":{"uv":[2.1875,5.0625,2.0625,4.9375],"rotation":0,"texture":"#6","tintindex":0},"down":{"uv":[3.3125,6.25,3.1875,6.375],"rotation":0,"texture":"#6","tintindex":0}}},{"from":[6.247619,7.857143,6.5714283],"to":[9.67619,8.428572,9.428572],"rotation":{"angle":0.0,"axis":"y","origin":[7.9619045,0.42857122,6.5714283]},"faces":{"east":{"uv":[6.3125,5.125,6.625,5.1875],"rotation":0,"texture":"#6","tintindex":0},"south":{"uv":[8.375,0.6875,8.75,0.75],"rotation":0,"texture":"#6","tintindex":0},"north":{"uv":[5.3125,1.6875,5.6875,1.75],"rotation":0,"texture":"#6","tintindex":0},"west":{"uv":[8.4375,0.375,8.75,0.4375],"rotation":0,"texture":"#6","tintindex":0},"up":{"uv":[5.25,7.25,4.875,6.9375],"rotation":0,"texture":"#6","tintindex":0},"down":{"uv":[6.5,6.9375,6.125,7.25],"rotation":0,"texture":"#6","tintindex":0}}},{"from":[6.815619,6.1394286,6.568],"to":[9.108191,7.8605714,9.432],"rotation":{"angle":0.0,"axis":"y","origin":[7.9619045,-0.14285755,6.5714283]},"faces":{"east":{"uv":[8.0625,5.0625,8.375,5.25],"rotation":0,"texture":"#6","tintindex":0},"south":{"uv":[3.75,5.8125,4.0,6.0],"rotation":0,"texture":"#6","tintindex":0},"north":{"uv":[4.125,3.3125,4.375,3.5],"rotation":0,"texture":"#6","tintindex":0},"west":{"uv":[8.0625,5.3125,8.375,5.5],"rotation":0,"texture":"#6","tintindex":0},"up":{"uv":[7.9375,7.25,7.6875,6.9375],"rotation":0,"texture":"#6","tintindex":0},"down":{"uv":[7.4375,7.6875,7.1875,8.0],"rotation":0,"texture":"#6","tintindex":0}}},{"from":[3.6476188,7.257143,6.542857],"to":[6.561905,9.028571,9.457143],"rotation":{"angle":-22.5,"axis":"z","origin":[4.8190475,8.142858,8.0]},"faces":{"east":{"uv":[4.8125,1.8125,5.125,2.0],"rotation":0,"texture":"#6","tintindex":0},"south":{"uv":[8.0625,0.25,8.375,0.4375],"rotation":0,"texture":"#6","tintindex":0},"north":{"uv":[4.6875,2.6875,5.0,2.875],"rotation":0,"texture":"#6","tintindex":0},"west":{"uv":[8.0625,1.0,8.375,1.1875],"rotation":0,"texture":"#6","tintindex":0},"up":{"uv":[5.5,2.625,5.1875,2.3125],"rotation":0,"texture":"#6","tintindex":0},"down":{"uv":[7.5625,1.0,7.25,1.3125],"rotation":0,"texture":"#6","tintindex":0}}},{"from":[9.361905,7.257143,6.542857],"to":[12.276191,9.028571,9.457143],"rotation":{"angle":22.5,"axis":"z","origin":[11.104762,8.142858,8.0]},"faces":{"east":{"uv":[3.3125,8.0625,3.625,8.25],"rotation":0,"texture":"#6","tintindex":0},"south":{"uv":[4.0625,8.0625,4.375,8.25],"rotation":0,"texture":"#6","tintindex":0},"north":{"uv":[2.9375,8.0625,3.25,8.25],"rotation":0,"texture":"#6","tintindex":0},"west":{"uv":[4.625,8.0625,4.9375,8.25],"rotation":0,"texture":"#6","tintindex":0},"up":{"uv":[7.625,1.6875,7.3125,1.375],"rotation":0,"texture":"#6","tintindex":0},"down":{"uv":[7.625,2.8125,7.3125,3.125],"rotation":0,"texture":"#6","tintindex":0}}},{"from":[3.3904762,13.0,6.142857],"to":[12.533334,14.714286,9.571428],"rotation":{"angle":0.0,"axis":"y","origin":[7.9619045,0.42857122,6.5714283]},"faces":{"east":{"uv":[7.0625,2.25,7.4375,2.4375],"rotation":0,"texture":"#6","tintindex":0},"south":{"uv":[5.625,4.0625,6.625,4.25],"rotation":0,"texture":"#6","tintindex":0},"north":{"uv":[5.625,3.8125,6.625,4.0],"rotation":0,"texture":"#6","tintindex":0},"west":{"uv":[3.375,7.8125,3.75,8.0],"rotation":0,"texture":"#6","tintindex":0},"up":{"uv":[3.0,3.5,2.0,3.125],"rotation":0,"texture":"#6","tintindex":0},"down":{"uv":[4.0625,3.125,3.0625,3.5],"rotation":0,"texture":"#6","tintindex":0}}}],"display":{"head":{"translation":[0.0,-6.4,0.0],"scale":[4.0,4.0,4.0]}}}