{"textures":{"6":"modelengine:entity/em_corruptedbrute"},"elements":[{"from":[7.5754285,7.5754285,5.289714],"to":[11.567429,12.138857,9.281714],"rotation":{"angle":-22.5,"axis":"y","origin":[9.714286,8.0,8.0]},"faces":{"east":{"uv":[5.25,0.5625,5.6875,1.0625],"rotation":0,"texture":"#6","tintindex":0},"south":{"uv":[3.5625,5.25,4.0,5.75],"rotation":0,"texture":"#6","tintindex":0},"north":{"uv":[3.0625,5.125,3.5,5.625],"rotation":0,"texture":"#6","tintindex":0},"west":{"uv":[5.3125,1.125,5.75,1.625],"rotation":0,"texture":"#6","tintindex":0},"up":{"uv":[6.0,3.25,5.5625,2.8125],"rotation":0,"texture":"#6","tintindex":0},"down":{"uv":[6.0,3.3125,5.5625,3.75],"rotation":0,"texture":"#6","tintindex":0}}},{"from":[7.2897143,4.7182856,5.0039997],"to":[11.853143,7.5674286,8.996],"rotation":{"angle":-22.5,"axis":"y","origin":[9.714286,8.0,8.0]},"faces":{"east":{"uv":[6.6875,5.125,7.125,5.4375],"rotation":0,"texture":"#6","tintindex":0},"south":{"uv":[6.1875,1.25,6.6875,1.5625],"rotation":0,"texture":"#6","tintindex":0},"north":{"uv":[6.1875,0.875,6.6875,1.1875],"rotation":0,"texture":"#6","tintindex":0},"west":{"uv":[6.75,0.4375,7.1875,0.75],"rotation":0,"texture":"#6","tintindex":0},"up":{"uv":[5.6875,2.25,5.1875,1.8125],"rotation":0,"texture":"#6","tintindex":0},"down":{"uv":[5.6875,4.8125,5.1875,5.25],"rotation":0,"texture":"#6","tintindex":0}}},{"from":[11.567429,12.138857,9.281714],"to":[7.5754285,7.5754285,5.289714],"rotation":{"angle":-22.5,"axis":"y","origin":[9.714286,8.0,8.0]},"faces":{"east":{"uv":[5.3125,1.625,5.75,1.125],"rotation":0,"texture":"#6","tintindex":0},"south":{"uv":[3.0625,5.625,3.5,5.125],"rotation":0,"texture":"#6","tintindex":0},"north":{"uv":[3.5625,5.75,4.0,5.25],"rotation":0,"texture":"#6","tintindex":0},"west":{"uv":[5.25,1.0625,5.6875,0.5625],"rotation":0,"texture":"#6","tintindex":0},"up":{"uv":[5.5625,3.3125,6.0,3.75],"rotation":0,"texture":"#6","tintindex":0},"down":{"uv":[5.5625,3.25,6.0,2.8125],"rotation":0,"texture":"#6","tintindex":0}}},{"from":[11.853143,7.5674286,8.996],"to":[7.2897143,4.7182856,5.0039997],"rotation":{"angle":-22.5,"axis":"y","origin":[9.714286,8.0,8.0]},"faces":{"east":{"uv":[6.75,0.75,7.1875,0.4375],"rotation":0,"texture":"#6","tintindex":0},"south":{"uv":[6.1875,1.1875,6.6875,0.875],"rotation":0,"texture":"#6","tintindex":0},"north":{"uv":[6.1875,1.5625,6.6875,1.25],"rotation":0,"texture":"#6","tintindex":0},"west":{"uv":[6.6875,5.4375,7.125,5.125],"rotation":0,"texture":"#6","tintindex":0},"up":{"uv":[5.1875,4.8125,5.6875,5.25],"rotation":0,"texture":"#6","tintindex":0},"down":{"uv":[5.1875,2.25,5.6875,1.8125],"rotation":0,"texture":"#6","tintindex":0}}}],"display":{"head":{"translation":[0.0,-6.4,0.0],"scale":[4.0,4.0,4.0]}}}