{"textures":{"6":"modelengine:entity/em_corruptedbrute"},"elements":[{"from":[3.3989172,1.1141186,5.142857],"to":[7.9703465,6.8284044,10.857143],"rotation":{"angle":0.0,"axis":"y","origin":[7.4626484,0.44970798,8.071428]},"faces":{"east":{"uv":[0.625,2.75,1.25,3.375],"rotation":0,"texture":"#6","tintindex":0},"south":{"uv":[3.6875,2.25,4.1875,2.875],"rotation":0,"texture":"#6","tintindex":0},"north":{"uv":[3.6875,1.5625,4.1875,2.1875],"rotation":0,"texture":"#6","tintindex":0},"west":{"uv":[2.875,0.8125,3.5,1.4375],"rotation":0,"texture":"#6","tintindex":0},"up":{"uv":[1.625,4.4375,1.125,3.8125],"rotation":0,"texture":"#6","tintindex":0},"down":{"uv":[4.375,3.5625,3.875,4.1875],"rotation":0,"texture":"#6","tintindex":0}}},{"from":[5.097447,7.979526,6.2285714],"to":[7.497447,11.522384,9.771429],"rotation":{"angle":-45.0,"axis":"z","origin":[6.8688755,8.608098,8.0]},"faces":{"east":{"uv":[6.3125,4.6875,6.6875,5.0625],"rotation":0,"texture":"#6","tintindex":0},"south":{"uv":[1.5625,7.375,1.8125,7.75],"rotation":0,"texture":"#6","tintindex":0},"north":{"uv":[1.6875,3.8125,1.9375,4.1875],"rotation":0,"texture":"#6","tintindex":0},"west":{"uv":[6.5,2.625,6.875,3.0],"rotation":0,"texture":"#6","tintindex":0},"up":{"uv":[3.75,7.75,3.5,7.375],"rotation":0,"texture":"#6","tintindex":0},"down":{"uv":[7.125,7.375,6.875,7.75],"rotation":0,"texture":"#6","tintindex":0}}},{"from":[3.9545898,6.2652407,5.6571426],"to":[8.068875,9.23667,10.342857],"rotation":{"angle":0.0,"axis":"y","origin":[11.15459,-5.106189,6.5714283]},"faces":{"east":{"uv":[5.75,4.875,6.25,5.1875],"rotation":0,"texture":"#6","tintindex":0},"south":{"uv":[4.0,6.5625,4.4375,6.875],"rotation":0,"texture":"#6","tintindex":0},"north":{"uv":[3.5,6.5625,3.9375,6.875],"rotation":0,"texture":"#6","tintindex":0},"west":{"uv":[6.125,2.25,6.625,2.5625],"rotation":0,"texture":"#6","tintindex":0},"up":{"uv":[0.4375,5.625,0.0,5.125],"rotation":0,"texture":"#6","tintindex":0},"down":{"uv":[5.5625,0.0,5.125,0.5],"rotation":0,"texture":"#6","tintindex":0}}}],"display":{"head":{"translation":[0.0,-6.4,0.0],"scale":[4.0,4.0,4.0]}}}