{"textures":{"4":"modelengine:entity/rest_fire","6":"modelengine:entity/em_corruptedbrute"},"elements":[{"from":[6.4842567,5.568205,5.8131495],"to":[10.027114,7.968205,10.498864],"rotation":{"angle":0.0,"axis":"y","origin":[13.6842575,0.48249054,6.727435]},"faces":{"east":{"uv":[6.75,1.5625,7.25,1.8125],"rotation":0,"texture":"#6","tintindex":0},"south":{"uv":[6.4375,7.375,6.8125,7.625],"rotation":0,"texture":"#6","tintindex":0},"north":{"uv":[7.375,6.375,7.75,6.625],"rotation":0,"texture":"#6","tintindex":0},"west":{"uv":[6.75,4.8125,7.25,5.0625],"rotation":0,"texture":"#6","tintindex":0},"up":{"uv":[2.875,6.1875,2.5,5.6875],"rotation":0,"texture":"#6","tintindex":0},"down":{"uv":[3.3125,5.6875,2.9375,6.1875],"rotation":0,"texture":"#6","tintindex":0}}},{"from":[6.8842564,1.6824908,6.4988637],"to":[9.627114,5.568205,9.813149],"rotation":{"angle":0.0,"axis":"y","origin":[13.398542,0.48249054,6.727435]},"faces":{"east":{"uv":[6.0625,3.3125,6.4375,3.75],"rotation":0,"texture":"#6","tintindex":0},"south":{"uv":[0.8125,6.625,1.125,7.0625],"rotation":0,"texture":"#6","tintindex":0},"north":{"uv":[4.5,6.5625,4.8125,7.0],"rotation":0,"texture":"#6","tintindex":0},"west":{"uv":[3.75,6.0625,4.125,6.5],"rotation":0,"texture":"#6","tintindex":0},"up":{"uv":[6.875,7.3125,6.5625,6.9375],"rotation":0,"texture":"#6","tintindex":0},"down":{"uv":[7.25,6.9375,6.9375,7.3125],"rotation":0,"texture":"#6","tintindex":0}}},{"from":[6.5794945,5.653919,6.298864],"to":[8.86521,7.939634,10.298864],"rotation":{"angle":0.0,"axis":"y","origin":[16.86521,2.3396335,8.156007]},"faces":{"east":{"uv":[0.0,6.0,7.0,10.0],"rotation":0,"texture":"#4","tintindex":0},"south":{"uv":[0.0,6.0,4.0,10.0],"rotation":0,"texture":"#4","tintindex":0},"north":{"uv":[0.0,6.0,4.0,10.0],"rotation":0,"texture":"#4","tintindex":0},"west":{"uv":[0.0,6.0,7.0,10.0],"rotation":0,"texture":"#4","tintindex":0},"up":{"uv":[0.0,6.0,4.0,13.0],"rotation":0,"texture":"#4","tintindex":0},"down":{"uv":[0.0,6.0,4.0,13.0],"rotation":0,"texture":"#4","tintindex":0}}},{"from":[7.208066,1.8253484,6.927435],"to":[9.379495,5.7110624,9.670293],"rotation":{"angle":0.0,"axis":"y","origin":[16.86521,2.3396335,8.156007]},"faces":{"east":{"uv":[0.0,6.0,5.0,13.0],"rotation":0,"texture":"#4","tintindex":0},"south":{"uv":[0.0,6.0,5.0,13.0],"rotation":0,"texture":"#4","tintindex":0},"north":{"uv":[0.0,6.0,5.0,13.0],"rotation":0,"texture":"#4","tintindex":0},"west":{"uv":[0.0,6.0,5.0,13.0],"rotation":0,"texture":"#4","tintindex":0},"up":{"uv":[0.0,6.0,5.0,11.0],"rotation":0,"texture":"#4","tintindex":0},"down":{"uv":[0.0,6.0,5.0,11.0],"rotation":0,"texture":"#4","tintindex":0}}},{"from":[9.558907,-4.8303432,9.298864],"to":[9.9064,-4.482851,9.298864],"rotation":{"angle":22.5,"axis":"z","origin":[7.5626807,-1.0388508,9.464579]},"faces":{"east":{"uv":[8.1875,3.1875,8.1875,3.25],"rotation":0,"texture":"#6","tintindex":0},"south":{"uv":[8.8125,3.0625,8.875,3.125],"rotation":0,"texture":"#6","tintindex":0},"north":{"uv":[5.4375,8.75,5.5,8.8125],"rotation":0,"texture":"#6","tintindex":0},"west":{"uv":[5.875,8.1875,5.875,8.25],"rotation":0,"texture":"#6","tintindex":0},"up":{"uv":[7.9375,6.875,7.875,6.875],"rotation":0,"texture":"#6","tintindex":0},"down":{"uv":[7.125,8.0,7.0625,8.0],"rotation":0,"texture":"#6","tintindex":0}}},{"from":[9.689502,-2.3082952,9.298864],"to":[11.655216,-1.8168678,9.298864],"rotation":{"angle":-22.5,"axis":"z","origin":[7.5626807,-1.0388508,9.464579]},"faces":{"east":{"uv":[6.5625,8.0625,6.5625,8.125],"rotation":0,"texture":"#6","tintindex":0},"south":{"uv":[8.8125,2.9375,9.0,3.0],"rotation":0,"texture":"#6","tintindex":0},"north":{"uv":[8.8125,2.0625,9.0,2.125],"rotation":0,"texture":"#6","tintindex":0},"west":{"uv":[8.125,4.375,8.125,4.4375],"rotation":0,"texture":"#6","tintindex":0},"up":{"uv":[9.0,5.5625,8.8125,5.5625],"rotation":0,"texture":"#6","tintindex":0},"down":{"uv":[9.0,5.625,8.8125,5.625],"rotation":0,"texture":"#6","tintindex":0}}},{"from":[9.364393,-3.777811,9.298864],"to":[10.857895,-3.3829832,9.298864],"rotation":{"angle":0.0,"axis":"y","origin":[7.5626807,-1.0388508,9.464579]},"faces":{"east":{"uv":[2.9375,7.9375,2.9375,8.0],"rotation":0,"texture":"#6","tintindex":0},"south":{"uv":[8.8125,1.9375,9.0,2.0],"rotation":0,"texture":"#6","tintindex":0},"north":{"uv":[8.8125,0.6875,9.0,0.75],"rotation":0,"texture":"#6","tintindex":0},"west":{"uv":[8.0625,0.5,8.0625,0.5625],"rotation":0,"texture":"#6","tintindex":0},"up":{"uv":[9.0,4.0,8.8125,4.0],"rotation":0,"texture":"#6","tintindex":0},"down":{"uv":[9.0,4.0625,8.8125,4.0625],"rotation":0,"texture":"#6","tintindex":0}}},{"from":[8.490495,-2.6173801,9.116007],"to":[10.661923,-1.588809,10.144578],"rotation":{"angle":-22.5,"axis":"z","origin":[7.855538,-0.92456436,9.464579]},"faces":{"east":{"uv":[8.75,1.75,8.875,1.875],"rotation":0,"texture":"#6","tintindex":0},"south":{"uv":[8.4375,5.1875,8.6875,5.3125],"rotation":0,"texture":"#6","tintindex":0},"north":{"uv":[8.4375,5.0,8.6875,5.125],"rotation":0,"texture":"#6","tintindex":0},"west":{"uv":[8.75,3.1875,8.875,3.3125],"rotation":0,"texture":"#6","tintindex":0},"up":{"uv":[8.6875,5.5,8.4375,5.375],"rotation":0,"texture":"#6","tintindex":0},"down":{"uv":[6.125,8.4375,5.875,8.5625],"rotation":0,"texture":"#6","tintindex":0}}},{"from":[7.0267067,-2.570548,9.058864],"to":[8.0781355,-0.94769096,10.110292],"rotation":{"angle":22.5,"axis":"z","origin":[7.855538,-0.92456436,9.464579]},"faces":{"east":{"uv":[8.625,2.9375,8.75,3.125],"rotation":0,"texture":"#6","tintindex":0},"south":{"uv":[3.6875,8.625,3.8125,8.8125],"rotation":0,"texture":"#6","tintindex":0},"north":{"uv":[2.625,8.625,2.75,8.8125],"rotation":0,"texture":"#6","tintindex":0},"west":{"uv":[3.875,8.625,4.0,8.8125],"rotation":0,"texture":"#6","tintindex":0},"up":{"uv":[8.875,1.5,8.75,1.375],"rotation":0,"texture":"#6","tintindex":0},"down":{"uv":[8.875,1.5625,8.75,1.6875],"rotation":0,"texture":"#6","tintindex":0}}},{"from":[9.773192,-4.6732006,7.870292],"to":[10.120686,-4.3257084,7.870292],"rotation":{"angle":22.5,"axis":"z","origin":[8.981457,-3.580533,7.870292]},"faces":{"east":{"uv":[5.9375,7.875,5.9375,7.9375],"rotation":0,"texture":"#6","tintindex":0},"south":{"uv":[4.875,8.75,4.9375,8.8125],"rotation":0,"texture":"#6","tintindex":0},"north":{"uv":[0.75,8.75,0.8125,8.8125],"rotation":0,"texture":"#6","tintindex":0},"west":{"uv":[1.8125,7.9375,1.8125,8.0],"rotation":0,"texture":"#6","tintindex":0},"up":{"uv":[4.125,7.6875,4.0625,7.6875],"rotation":0,"texture":"#6","tintindex":0},"down":{"uv":[7.9375,0.25,7.875,0.25],"rotation":0,"texture":"#6","tintindex":0}}},{"from":[8.348217,-3.7933235,7.870292],"to":[10.313931,-3.301896,7.870292],"rotation":{"angle":-22.5,"axis":"z","origin":[8.981457,-3.580533,7.870292]},"faces":{"east":{"uv":[7.875,3.4375,7.875,3.5],"rotation":0,"texture":"#6","tintindex":0},"south":{"uv":[8.8125,0.375,9.0,0.4375],"rotation":0,"texture":"#6","tintindex":0},"north":{"uv":[8.8125,0.0,9.0,0.0625],"rotation":0,"texture":"#6","tintindex":0},"west":{"uv":[4.625,7.875,4.625,7.9375],"rotation":0,"texture":"#6","tintindex":0},"up":{"uv":[9.0,0.125,8.8125,0.125],"rotation":0,"texture":"#6","tintindex":0},"down":{"uv":[9.0,3.9375,8.8125,3.9375],"rotation":0,"texture":"#6","tintindex":0}}},{"from":[8.63757,-4.2870426,7.870292],"to":[10.131071,-3.8922148,7.870292],"rotation":{"angle":0.0,"axis":"y","origin":[8.981457,-3.580533,7.870292]},"faces":{"east":{"uv":[7.875,1.5625,7.875,1.625],"rotation":0,"texture":"#6","tintindex":0},"south":{"uv":[8.625,8.75,8.8125,8.8125],"rotation":0,"texture":"#6","tintindex":0},"north":{"uv":[8.75,7.75,8.9375,7.8125],"rotation":0,"texture":"#6","tintindex":0},"west":{"uv":[7.875,3.3125,7.875,3.375],"rotation":0,"texture":"#6","tintindex":0},"up":{"uv":[8.9375,4.6875,8.75,4.6875],"rotation":0,"texture":"#6","tintindex":0},"down":{"uv":[8.9375,5.5,8.75,5.5],"rotation":0,"texture":"#6","tintindex":0}}},{"from":[8.490495,-2.6173801,7.687435],"to":[10.661923,-1.588809,8.716006],"rotation":{"angle":-45.0,