{"textures":{"6":"modelengine:entity/em_corruptedbrute"},"elements":[{"from":[6.285714,5.2789264,6.914407],"to":[9.142858,8.136069,10.3429785],"rotation":{"angle":0.0,"axis":"y","origin":[8.0,10.993213,7.7715497]},"faces":{"east":{"uv":[4.3125,7.0625,4.6875,7.375],"rotation":0,"texture":"#6","tintindex":0},"south":{"uv":[7.3125,4.6875,7.625,5.0],"rotation":0,"texture":"#6","tintindex":0},"north":{"uv":[3.875,7.3125,4.1875,7.625],"rotation":0,"texture":"#6","tintindex":0},"west":{"uv":[0.6875,7.125,1.0625,7.4375],"rotation":0,"texture":"#6","tintindex":0},"up":{"uv":[5.625,7.5,5.3125,7.125],"rotation":0,"texture":"#6","tintindex":0},"down":{"uv":[7.4375,5.5,7.125,5.875],"rotation":0,"texture":"#6","tintindex":0}}},{"from":[6.6285715,1.0289264,6.9715495],"to":[8.8,3.2003546,9.142979],"rotation":{"angle":0.0,"axis":"y","origin":[8.0,11.107498,7.7715497]},"faces":{"east":{"uv":[7.9375,1.5625,8.1875,1.8125],"rotation":0,"texture":"#6","tintindex":0},"south":{"uv":[7.9375,1.875,8.1875,2.125],"rotation":0,"texture":"#6","tintindex":0},"north":{"uv":[7.875,6.5625,8.125,6.8125],"rotation":0,"texture":"#6","tintindex":0},"west":{"uv":[7.9375,3.3125,8.1875,3.5625],"rotation":0,"texture":"#6","tintindex":0},"up":{"uv":[8.1875,3.875,7.9375,3.625],"rotation":0,"texture":"#6","tintindex":0},"down":{"uv":[8.0625,7.9375,7.8125,8.1875],"rotation":0,"texture":"#6","tintindex":0}}},{"from":[6.6285715,3.2003555,6.9715495],"to":[8.8,5.3717837,9.714407],"rotation":{"angle":0.0,"axis":"y","origin":[8.0,10.993213,7.7715497]},"faces":{"east":{"uv":[3.0,7.75,3.3125,8.0],"rotation":0,"texture":"#6","tintindex":0},"south":{"uv":[8.0,4.75,8.25,5.0],"rotation":0,"texture":"#6","tintindex":0},"north":{"uv":[0.0,8.0,0.25,8.25],"rotation":0,"texture":"#6","tintindex":0},"west":{"uv":[4.0625,7.75,4.375,8.0],"rotation":0,"texture":"#6","tintindex":0},"up":{"uv":[0.5625,8.125,0.3125,7.8125],"rotation":0,"texture":"#6","tintindex":0},"down":{"uv":[0.875,7.8125,0.625,8.125],"rotation":0,"texture":"#6","tintindex":0}}}],"display":{"head":{"translation":[0.0,-6.4,0.0],"scale":[4.0,4.0,4.0]}}}