{"textures":{"6":"modelengine:entity/em_corruptedbrute"},"elements":[{"from":[5.972886,5.568205,5.8131495],"to":[9.515743,7.968205,10.498864],"rotation":{"angle":0.0,"axis":"y","origin":[2.315743,0.48249054,6.727435]},"faces":{"east":{"uv":[6.8125,6.625,7.3125,6.875],"rotation":0,"texture":"#6","tintindex":0},"south":{"uv":[7.5,2.0625,7.875,2.3125],"rotation":0,"texture":"#6","tintindex":0},"north":{"uv":[7.5,1.75,7.875,2.0],"rotation":0,"texture":"#6","tintindex":0},"west":{"uv":[6.9375,2.5,7.4375,2.75],"rotation":0,"texture":"#6","tintindex":0},"up":{"uv":[6.125,2.1875,5.75,1.6875],"rotation":0,"texture":"#6","tintindex":0},"down":{"uv":[6.125,4.3125,5.75,4.8125],"rotation":0,"texture":"#6","tintindex":0}}},{"from":[6.372886,1.6824908,6.4988637],"to":[9.115744,5.568205,9.813149],"rotation":{"angle":0.0,"axis":"y","origin":[2.601457,0.48249054,6.727435]},"faces":{"east":{"uv":[4.1875,6.0625,4.5625,6.5],"rotation":0,"texture":"#6","tintindex":0},"south":{"uv":[2.6875,6.6875,3.0,7.125],"rotation":0,"texture":"#6","tintindex":0},"north":{"uv":[2.3125,6.6875,2.625,7.125],"rotation":0,"texture":"#6","tintindex":0},"west":{"uv":[4.625,6.0625,5.0,6.5],"rotation":0,"texture":"#6","tintindex":0},"up":{"uv":[2.25,7.375,1.9375,7.0],"rotation":0,"texture":"#6","tintindex":0},"down":{"uv":[7.375,4.25,7.0625,4.625],"rotation":0,"texture":"#6","tintindex":0}}},{"from":[7.3829966,-0.111273766,6.384578],"to":[9.211568,2.2887273,9.927435],"rotation":{"angle":22.5,"axis":"z","origin":[8.297282,1.088727,8.156007]},"faces":{"east":{"uv":[2.3125,7.5625,2.6875,7.8125],"rotation":0,"texture":"#6","tintindex":0},"south":{"uv":[1.8125,8.125,2.0,8.375],"rotation":0,"texture":"#6","tintindex":0},"north":{"uv":[8.125,0.5,8.3125,0.75],"rotation":0,"texture":"#6","tintindex":0},"west":{"uv":[5.125,7.5625,5.5,7.8125],"rotation":0,"texture":"#6","tintindex":0},"up":{"uv":[8.0,5.8125,7.8125,5.4375],"rotation":0,"texture":"#6","tintindex":0},"down":{"uv":[8.0,5.875,7.8125,6.25],"rotation":0,"texture":"#6","tintindex":0}}},{"from":[8.142148,-1.0294952,6.3731494],"to":[9.422148,0.82193327,9.938864],"rotation":{"angle":-22.5,"axis":"z","origin":[8.350542,0.22410107,7.656007]},"faces":{"east":{"uv":[7.8125,6.3125,8.1875,6.5],"rotation":0,"texture":"#6","tintindex":0},"south":{"uv":[7.125,6.375,7.25,6.5625],"rotation":0,"texture":"#6","tintindex":0},"north":{"uv":[6.9375,3.25,7.0625,3.4375],"rotation":0,"texture":"#6","tintindex":0},"west":{"uv":[7.8125,7.6875,8.1875,7.875],"rotation":0,"texture":"#6","tintindex":0},"up":{"uv":[8.25,2.5625,8.125,2.1875],"rotation":0,"texture":"#6","tintindex":0},"down":{"uv":[8.25,7.9375,8.125,8.3125],"rotation":0,"texture":"#6","tintindex":0}}},{"from":[8.023304,-1.4939823,6.441721],"to":[9.166162,-0.35112476,9.870293],"rotation":{"angle":-45.0,"axis":"z","origin":[7.7791133,-0.34732723,7.656007]},"faces":{"east":{"uv":[3.6875,2.9375,4.0625,3.0625],"rotation":0,"texture":"#6","tintindex":0},"south":{"uv":[8.625,6.125,8.75,6.25],"rotation":0,"texture":"#6","tintindex":0},"north":{"uv":[8.625,3.9375,8.75,4.0625],"rotation":0,"texture":"#6","tintindex":0},"west":{"uv":[8.125,0.8125,8.5,0.9375],"rotation":0,"texture":"#6","tintindex":0},"up":{"uv":[0.4375,8.5625,0.3125,8.1875],"rotation":0,"texture":"#6","tintindex":0},"down":{"uv":[0.625,8.1875,0.5,8.5625],"rotation":0,"texture":"#6","tintindex":0}}},{"from":[6.880447,-0.9582672,6.441721],"to":[8.023304,0.18458939,7.584578],"rotation":{"angle":-22.5,"axis":"x","origin":[7.7791133,-0.34732723,9.227435]},"faces":{"east":{"uv":[8.625,6.6875,8.75,6.8125],"rotation":0,"texture":"#6","tintindex":0},"south":{"uv":[6.75,8.625,6.875,8.75],"rotation":0,"texture":"#6","tintindex":0},"north":{"uv":[6.5625,8.625,6.6875,8.75],"rotation":0,"texture":"#6","tintindex":0},"west":{"uv":[8.625,6.875,8.75,7.0],"rotation":0,"texture":"#6","tintindex":0},"up":{"uv":[8.75,7.1875,8.625,7.0625],"rotation":0,"texture":"#6","tintindex":0},"down":{"uv":[7.3125,8.625,7.1875,8.75],"rotation":0,"texture":"#6","tintindex":0}}},{"from":[7.3018775,-2.756713,6.684578],"to":[8.330449,-1.1567135,7.7131495],"rotation":{"angle":-45.0,"axis":"z","origin":[7.7433987,-0.39018536,8.041721]},"faces":{"east":{"uv":[8.4375,7.0625,8.5625,7.25],"rotation":0,"texture":"#6","tintindex":0},"south":{"uv":[7.6875,8.4375,7.8125,8.625],"rotation":0,"texture":"#6","tintindex":0},"north":{"uv":[5.125,7.3125,5.25,7.5],"rotation":0,"texture":"#6","tintindex":0},"west":{"uv":[7.875,8.4375,8.0,8.625],"rotation":0,"texture":"#6","tintindex":0},"up":{"uv":[8.75,7.375,8.625,7.25],"rotation":0,"texture":"#6","tintindex":0},"down":{"uv":[7.5,8.625,7.375,8.75],"rotation":0,"texture":"#6","tintindex":0}}},{"from":[5.569119,-3.0801907,7.2560067],"to":[6.031976,-1.2287626,7.2560067],"rotation":{"angle":-22.5,"axis":"z","origin":[6.027278,-1.7502813,7.2560067]},"faces":{"east":{"uv":[0.4375,5.6875,0.4375,5.875],"rotation":0,"texture":"#6","tintindex":0},"south":{"uv":[0.5,4.0625,0.5625,4.25],"rotation":0,"texture":"#6","tintindex":0},"north":{"uv":[1.3125,2.25,1.375,2.4375],"rotation":0,"texture":"#6","tintindex":0},"west":{"uv":[6.125,5.625,6.125,5.8125],"rotation":0,"texture":"#6","tintindex":0},"up":{"uv":[2.8125,1.3125,2.75,1.3125],"rotation":0,"texture":"#6","tintindex":0},"down":{"uv":[3.4375,0.75,3.375,0.75],"rotation":0,"texture":"#6","tintindex":0}}},{"from":[6.1686807,-2.9771595,7.2560067],"to":[6.5405526,-1.5704899,7.2560067],"rotation":{"angle":-45.0,"axis":"z","origin":[6.027278,-1.7502813,7.2560067]},"faces":{"east":{"uv":[4.4375,4.0625,4.4375,4.1875],"rotation":0,"texture":"#6","tintindex":0},"south":{"uv":[6.1875,4.6875,6.25,4.8125],"rotation":0,"texture":"#6","tintindex":0},"north":{"uv":[5.0625,4.8125,5.125,4.9375],"rotation":0,"texture":"#6","tintindex":0},"west":{"uv":[2.0,6.0625,2.0,6.1875],"rotation":0,"texture":"#6","tintindex":0},"up":{"uv":[3.5625,3.0625,3.5,3.0625],"rotation":0,"texture":"#6","tintindex":0},"down":{"uv":[4.6875,0.625,4.625,0.625],"rotation":0,"texture":"#6","tintindex":0}}},{"from":[4.762923,-2.6939917,7.2560067],"to":[5.090212,-2.366702,7.2560067],"rotation":{"angle":22.5,"axis":"z","origin":[6.027278,-1.7502813,7.2560067]},"faces":{"east":{"uv":[4.75,1.25,4.75,1.3125],"rotation":0,"texture":"#6","tintindex":0},"south":{"uv":[3.0625,6.9375,3.125,7.0],"rotation":0,"texture":"#6","tintindex":0},"north":{"uv":[6.6875,5.5,6.75,5.5625],"rotation":0,"texture":"#6","tintindex":0},"west":{"uv":[5.25,1.125,5.25,1.1875],"rotation":0,"texture":"#6","tintindex":0},"up":{"uv":[0.875,5.0,0.8125,5.0],"rotation":0,"texture":"#6","tintindex":0},"down":{"uv":[5.125,3.25,5.0625,3.25],"rotation":0,"texture":"#6","tintindex":0}}},{"from":[8.064722,-2.8562632,6.4874353],"to":[9.11615,-1.2334051,7.5388637],"rotation":{"angle":0.0,"axis":"y","origin":[8.287319,-1.2102795,6.8931494]},"faces":{"east":{"uv":[8.5,2.1875,8.625,2.375],"rotation":0,"texture":"#6","tintindex":0},"south":{"uv":[8.5,2.4375,8.625,2.625],"rotation":0,"texture":"#6","tintindex":0},"north":{"uv":[0.6875,8.5,0.8125,8.6875],"rotation":0,"texture":"#6","tintindex":0},"west":{"uv":[8.5,2.6875,8.625,2.875],"rotation":0,"texture":"#6","tintindex":0},"up":{"uv":[8.75,7.5625,8.625,7.4375],"rotation":0,"texture":"#6","tintindex":0},"down":{"uv":[8.75,8.125,8.625,8.25],"rotation":0,"texture":"#6","tintindex":0}}},{"from":[5.480934,-2.9030943,6.544578],"to":[7.652363,-1.8745232,7.573149],"rotation":{"angle":45.0,"axis":"z","origin":[8.287319,-1.2102795,6.8931494]},"faces":{"east":{"uv":[8.625,8.5625,8.75,8.6875],"rotation":0,"texture":"#6","tintindex":0},"south":{"uv":[8.375,0.5,8.625,0.625],"rotation":0,"texture":"#6","tintindex":0},"north":{"uv":[8.3125,8.1875,8.5625,8.3125],"rotation":0,"texture":"#6","tintindex":0},"west":{"uv":[0.0,8.6875,0.125,8.8125],"rotation":0,"texture":"#6","tintindex":0},"up":{"uv":[8.625,4.25,8.375,4.125],"rotation":0,"texture":"#6","tintindex":0},"down":{"uv":[8.625,4.3125,8.375,4.4375],"rotation":0,"texture":"#6",