{"textures":{"6":"modelengine:entity/em_corruptedbrute"},"elements":[{"from":[4.4325714,7.5754285,5.289714],"to":[8.424571,12.138857,9.281714],"rotation":{"angle":22.5,"axis":"y","origin":[6.285714,8.0,8.0]},"faces":{"east":{"uv":[1.5625,5.5,2.0,6.0],"rotation":0,"texture":"#6","tintindex":0},"south":{"uv":[4.0625,5.5,4.5,6.0],"rotation":0,"texture":"#6","tintindex":0},"north":{"uv":[5.1875,5.3125,5.625,5.8125],"rotation":0,"texture":"#6","tintindex":0},"west":{"uv":[4.5625,5.5,5.0,6.0],"rotation":0,"texture":"#6","tintindex":0},"up":{"uv":[6.0625,0.4375,5.625,0.0],"rotation":0,"texture":"#6","tintindex":0},"down":{"uv":[1.5,5.625,1.0625,6.0625],"rotation":0,"texture":"#6","tintindex":0}}},{"from":[4.1468573,4.7182856,5.0039997],"to":[8.710286,7.5674286,8.996],"rotation":{"angle":22.5,"axis":"y","origin":[6.285714,8.0,8.0]},"faces":{"east":{"uv":[6.75,0.8125,7.1875,1.125],"rotation":0,"texture":"#6","tintindex":0},"south":{"uv":[6.1875,4.3125,6.6875,4.625],"rotation":0,"texture":"#6","tintindex":0},"north":{"uv":[6.1875,1.625,6.6875,1.9375],"rotation":0,"texture":"#6","tintindex":0},"west":{"uv":[6.75,1.1875,7.1875,1.5],"rotation":0,"texture":"#6","tintindex":0},"up":{"uv":[1.0,6.0,0.5,5.5625],"rotation":0,"texture":"#6","tintindex":0},"down":{"uv":[6.0625,2.3125,5.5625,2.75],"rotation":0,"texture":"#6","tintindex":0}}},{"from":[8.424571,12.138857,9.281714],"to":[4.4325714,7.5754285,5.289714],"rotation":{"angle":22.5,"axis":"y","origin":[6.285714,8.0,8.0]},"faces":{"east":{"uv":[4.5625,6.0,5.0,5.5],"rotation":0,"texture":"#6","tintindex":0},"south":{"uv":[5.1875,5.8125,5.625,5.3125],"rotation":0,"texture":"#6","tintindex":0},"north":{"uv":[4.0625,6.0,4.5,5.5],"rotation":0,"texture":"#6","tintindex":0},"west":{"uv":[1.5625,6.0,2.0,5.5],"rotation":0,"texture":"#6","tintindex":0},"up":{"uv":[1.0625,5.625,1.5,6.0625],"rotation":0,"texture":"#6","tintindex":0},"down":{"uv":[5.625,0.4375,6.0625,0.0],"rotation":0,"texture":"#6","tintindex":0}}},{"from":[8.710286,7.5674286,8.996],"to":[4.1468573,4.7182856,5.0039997],"rotation":{"angle":22.5,"axis":"y","origin":[6.285714,8.0,8.0]},"faces":{"east":{"uv":[6.75,1.5,7.1875,1.1875],"rotation":0,"texture":"#6","tintindex":0},"south":{"uv":[6.1875,1.9375,6.6875,1.625],"rotation":0,"texture":"#6","tintindex":0},"north":{"uv":[6.1875,4.625,6.6875,4.3125],"rotation":0,"texture":"#6","tintindex":0},"west":{"uv":[6.75,1.125,7.1875,0.8125],"rotation":0,"texture":"#6","tintindex":0},"up":{"uv":[5.5625,2.3125,6.0625,2.75],"rotation":0,"texture":"#6","tintindex":0},"down":{"uv":[0.5,6.0,1.0,5.5625],"rotation":0,"texture":"#6","tintindex":0}}}],"display":{"head":{"translation":[0.0,-6.4,0.0],"scale":[4.0,4.0,4.0]}}}