{"textures":{"4":"modelengine:entity/rest_fire","6":"modelengine:entity/em_corruptedbrute"},"elements":[{"from":[8.053119,1.1141186,5.142857],"to":[12.624548,6.8284044,10.857143],"rotation":{"angle":0.0,"axis":"y","origin":[8.560817,0.44970798,8.071428]},"faces":{"east":{"uv":[2.875,1.5,3.5,2.125],"rotation":0,"texture":"#6","tintindex":0},"south":{"uv":[4.1875,0.6875,4.6875,1.3125],"rotation":0,"texture":"#6","tintindex":0},"north":{"uv":[4.0625,0.0,4.5625,0.625],"rotation":0,"texture":"#6","tintindex":0},"west":{"uv":[1.3125,3.125,1.9375,3.75],"rotation":0,"texture":"#6","tintindex":0},"up":{"uv":[4.75,2.0,4.25,1.375],"rotation":0,"texture":"#6","tintindex":0},"down":{"uv":[2.1875,4.25,1.6875,4.875],"rotation":0,"texture":"#6","tintindex":0}}},{"from":[9.099828,1.3223829,5.5714283],"to":[12.528399,6.4652405,10.714286],"rotation":{"angle":0.0,"axis":"y","origin":[1.764113,-4.391903,8.0]},"faces":{"east":{"uv":[0.0,2.0,9.0,11.0],"rotation":0,"texture":"#4","tintindex":0},"south":{"uv":[0.0,2.0,6.0,11.0],"rotation":0,"texture":"#4","tintindex":0},"north":{"uv":[0.0,6.0,5.0,13.0],"rotation":0,"texture":"#4","tintindex":0},"west":{"uv":[0.0,2.0,9.0,11.0],"rotation":0,"texture":"#4","tintindex":0},"up":{"uv":[0.0,2.0,6.0,11.0],"rotation":0,"texture":"#4","tintindex":0},"down":{"uv":[0.0,2.0,6.0,11.0],"rotation":0,"texture":"#4","tintindex":0}}},{"from":[7.95459,6.2652407,5.6571426],"to":[12.068876,9.23667,10.342857],"rotation":{"angle":0.0,"axis":"y","origin":[4.8688755,-5.106189,6.5714283]},"faces":{"east":{"uv":[6.125,5.25,6.625,5.5625],"rotation":0,"texture":"#6","tintindex":0},"south":{"uv":[6.6875,3.875,7.125,4.1875],"rotation":0,"texture":"#6","tintindex":0},"north":{"uv":[6.6875,3.5,7.125,3.8125],"rotation":0,"texture":"#6","tintindex":0},"west":{"uv":[6.1875,0.5,6.6875,0.8125],"rotation":0,"texture":"#6","tintindex":0},"up":{"uv":[2.5,5.625,2.0625,5.125],"rotation":0,"texture":"#6","tintindex":0},"down":{"uv":[3.0,5.125,2.5625,5.625],"rotation":0,"texture":"#6","tintindex":0}}},{"from":[8.526018,7.979526,6.2285714],"to":[10.926019,11.522384,9.771429],"rotation":{"angle":45.0,"axis":"z","origin":[9.15459,8.608098,8.0]},"faces":{"east":{"uv":[6.5,3.0625,6.875,3.4375],"rotation":0,"texture":"#6","tintindex":0},"south":{"uv":[7.5,5.4375,7.75,5.8125],"rotation":0,"texture":"#6","tintindex":0},"north":{"uv":[7.5,2.375,7.75,2.75],"rotation":0,"texture":"#6","tintindex":0},"west":{"uv":[5.0625,6.5,5.4375,6.875],"rotation":0,"texture":"#6","tintindex":0},"up":{"uv":[7.75,6.25,7.5,5.875],"rotation":0,"texture":"#6","tintindex":0},"down":{"uv":[0.25,7.5625,0.0,7.9375],"rotation":0,"texture":"#6","tintindex":0}}}],"display":{"head":{"translation":[0.0,-6.4,0.0],"scale":[4.0,4.0,4.0]}}}