{"textures":{"4":"modelengine:entity/rest_fire","6":"modelengine:entity/em_corruptedbrute"},"elements":[{"from":[8.0,5.2789264,6.914407],"to":[9.714286,8.136069,7.485835],"rotation":{"angle":0.0,"axis":"y","origin":[8.0,10.993213,7.7715497]},"faces":{"east":{"uv":[5.0625,5.5,5.125,5.8125],"rotation":0,"texture":"#6","tintindex":0},"south":{"uv":[8.0,7.25,8.1875,7.5625],"rotation":0,"texture":"#6","tintindex":0},"north":{"uv":[8.0,6.875,8.1875,7.1875],"rotation":0,"texture":"#6","tintindex":0},"west":{"uv":[0.6875,6.6875,0.75,7.0],"rotation":0,"texture":"#6","tintindex":0},"up":{"uv":[3.6875,6.5,3.5,6.4375],"rotation":0,"texture":"#6","tintindex":0},"down":{"uv":[6.875,2.5,6.6875,2.5625],"rotation":0,"texture":"#6","tintindex":0}}},{"from":[6.857143,5.2789264,8.628693],"to":[9.714286,8.136069,9.771549],"rotation":{"angle":0.0,"axis":"y","origin":[8.0,10.993213,7.7715497]},"faces":{"east":{"uv":[6.8125,8.25,6.9375,8.5625],"rotation":0,"texture":"#6","tintindex":0},"south":{"uv":[7.3125,7.3125,7.625,7.625],"rotation":0,"texture":"#6","tintindex":0},"north":{"uv":[7.3125,6.9375,7.625,7.25],"rotation":0,"texture":"#6","tintindex":0},"west":{"uv":[8.25,7.125,8.375,7.4375],"rotation":0,"texture":"#6","tintindex":0},"up":{"uv":[8.5625,7.625,8.25,7.5],"rotation":0,"texture":"#6","tintindex":0},"down":{"uv":[8.0,8.25,7.6875,8.375],"rotation":0,"texture":"#6","tintindex":0}}},{"from":[7.3809524,4.16208,8.274826],"to":[8.980952,8.047794,9.303397],"rotation":{"angle":0.0,"axis":"y","origin":[5.466666,14.390652,8.646255]},"faces":{"east":{"uv":[0.0,6.0,2.0,13.0],"rotation":0,"texture":"#4","tintindex":0},"south":{"uv":[0.0,6.0,3.0,13.0],"rotation":0,"texture":"#4","tintindex":0},"north":{"uv":[0.0,6.0,3.0,13.0],"rotation":0,"texture":"#4","tintindex":0},"west":{"uv":[0.0,6.0,2.0,13.0],"rotation":0,"texture":"#4","tintindex":0},"up":{"uv":[0.0,6.0,3.0,8.0],"rotation":0,"texture":"#4","tintindex":0},"down":{"uv":[0.0,6.0,3.0,8.0],"rotation":0,"texture":"#4","tintindex":0}}},{"from":[8.571428,5.2789264,7.485835],"to":[9.714286,8.136069,9.200121],"rotation":{"angle":0.0,"axis":"y","origin":[8.0,10.993213,7.7715497]},"faces":{"east":{"uv":[8.0625,5.5625,8.25,5.875],"rotation":0,"texture":"#6","tintindex":0},"south":{"uv":[2.0625,8.3125,2.1875,8.625],"rotation":0,"texture":"#6","tintindex":0},"north":{"uv":[0.0,8.3125,0.125,8.625],"rotation":0,"texture":"#6","tintindex":0},"west":{"uv":[5.9375,8.0625,6.125,8.375],"rotation":0,"texture":"#6","tintindex":0},"up":{"uv":[5.6875,8.8125,5.5625,8.625],"rotation":0,"texture":"#6","tintindex":0},"down":{"uv":[8.75,5.5625,8.625,5.75],"rotation":0,"texture":"#6","tintindex":0}}},{"from":[7.2,1.0289264,6.9715495],"to":[9.3714285,3.2003546,9.142979],"rotation":{"angle":0.0,"axis":"y","origin":[8.0,11.107498,7.7715497]},"faces":{"east":{"uv":[7.875,3.0,8.125,3.25],"rotation":0,"texture":"#6","tintindex":0},"south":{"uv":[7.875,4.0625,8.125,4.3125],"rotation":0,"texture":"#6","tintindex":0},"north":{"uv":[2.4375,7.875,2.6875,8.125],"rotation":0,"texture":"#6","tintindex":0},"west":{"uv":[5.0,7.875,5.25,8.125],"rotation":0,"texture":"#6","tintindex":0},"up":{"uv":[5.5625,8.125,5.3125,7.875],"rotation":0,"texture":"#6","tintindex":0},"down":{"uv":[5.875,7.875,5.625,8.125],"rotation":0,"texture":"#6","tintindex":0}}},{"from":[8.285714,3.2003555,6.9715495],"to":[9.3714285,5.3717837,9.714407],"rotation":{"angle":0.0,"axis":"y","origin":[8.0,10.993213,7.7715497]},"faces":{"east":{"uv":[7.6875,5.125,8.0,5.375],"rotation":0,"texture":"#6","tintindex":0},"south":{"uv":[4.25,8.3125,4.375,8.5625],"rotation":0,"texture":"#6","tintindex":0},"north":{"uv":[6.5,3.5,6.625,3.75],"rotation":0,"texture":"#6","tintindex":0},"west":{"uv":[7.75,0.6875,8.0625,0.9375],"rotation":0,"texture":"#6","tintindex":0},"up":{"uv":[1.25,3.75,1.125,3.4375],"rotation":0,"texture":"#6","tintindex":0},"down":{"uv":[5.0,6.5625,4.875,6.875],"rotation":0,"texture":"#6","tintindex":0}}},{"from":[7.2,3.2003555,8.114407],"to":[8.285714,5.3717837,9.714407],"rotation":{"angle":0.0,"axis":"y","origin":[8.0,10.993213,7.7715497]},"faces":{"east":{"uv":[5.1875,8.1875,5.375,8.4375],"rotation":0,"texture":"#6","tintindex":0},"south":{"uv":[8.4375,6.75,8.5625,7.0],"rotation":0,"texture":"#6","tintindex":0},"north":{"uv":[8.4375,6.125,8.5625,6.375],"rotation":0,"texture":"#6","tintindex":0},"west":{"uv":[5.4375,8.1875,5.625,8.4375],"rotation":0,"texture":"#6","tintindex":0},"up":{"uv":[5.875,8.8125,5.75,8.625],"rotation":0,"texture":"#6","tintindex":0},"down":{"uv":[6.0625,8.625,5.9375,8.8125],"rotation":0,"texture":"#6","tintindex":0}}},{"from":[7.7714286,3.2003555,7.5429783],"to":[8.857143,5.9432125,8.571549],"rotation":{"angle":0.0,"axis":"y","origin":[8.0,10.993213,7.7715497]},"faces":{"east":{"uv":[2.25,8.3125,2.375,8.625],"rotation":0,"texture":"#6","tintindex":0},"south":{"uv":[8.3125,2.5625,8.4375,2.875],"rotation":0,"texture":"#6","tintindex":0},"north":{"uv":[8.3125,2.1875,8.4375,2.5],"rotation":0,"texture":"#6","tintindex":0},"west":{"uv":[2.9375,8.3125,3.0625,8.625],"rotation":0,"texture":"#6","tintindex":0},"up":{"uv":[8.875,3.5,8.75,3.375],"rotation":0,"texture":"#6","tintindex":0},"down":{"uv":[8.875,3.5625,8.75,3.6875],"rotation":0,"texture":"#6","tintindex":0}}},{"from":[7.7714286,5.9432125,7.5429783],"to":[8.857143,8.6860695,8.571549],"rotation":{"angle":0.0,"axis":"y","origin":[8.0,10.878927,7.7715497]},"faces":{"east":{"uv":[3.3125,8.3125,3.4375,8.625],"rotation":0,"texture":"#6","tintindex":0},"south":{"uv":[3.5,8.3125,3.625,8.625],"rotation":0,"texture":"#6","tintindex":0},"north":{"uv":[3.125,8.3125,3.25,8.625],"rotation":0,"texture":"#6","tintindex":0},"west":{"uv":[4.0625,8.3125,4.1875,8.625],"rotation":0,"texture":"#6","tintindex":0},"up":{"uv":[8.875,3.875,8.75,3.75],"rotation":0,"texture":"#6","tintindex":0},"down":{"uv":[8.875,4.5,8.75,4.625],"rotation":0,"texture":"#6","tintindex":0}}}],"display":{"head":{"translation":[0.0,-6.4,0.0],"scale":[4.0,4.0,4.0]}}}