{"textures":{"0":"modelengine:entity/skeletonchest"},"elements":[{"from":[11.232559,11.791753,3.1388607],"to":[12.089703,12.634611,3.853146],"rotation":{"angle":45.0,"axis":"z","origin":[9.447497,7.669653,7.308629]},"faces":{"east":{"uv":[7.375,5.375,7.53125,5.5625],"rotation":0,"texture":"#0","tintindex":0},"south":{"uv":[4.4375,7.5625,4.25,7.375],"rotation":0,"texture":"#0","tintindex":0},"north":{"uv":[4.25,7.375,4.4375,7.5625],"rotation":0,"texture":"#0","tintindex":0},"west":{"uv":[7.375,5.875,7.53125,6.0625],"rotation":0,"texture":"#0","tintindex":0},"up":{"uv":[7.5625,7.40625,7.375,7.25],"rotation":0,"texture":"#0","tintindex":0},"down":{"uv":[7.6875,1.375,7.5,1.53125],"rotation":0,"texture":"#0","tintindex":0}}},{"from":[5.4351296,9.783351,5.6404424],"to":[5.4351296,12.483352,7.0690136],"rotation":{"angle":-45.0,"axis":"y","origin":[9.447497,7.669653,7.308629]},"faces":{"east":{"uv":[2.5,6.875,2.8125,7.46875],"rotation":0,"texture":"#0","tintindex":0},"south":{"uv":[15.34375,0.0,16.0,0.59375],"rotation":0,"texture":"#0","tintindex":0},"north":{"uv":[2.5,6.875,2.8125,7.46875],"rotation":0,"texture":"#0","tintindex":0},"west":{"uv":[2.8125,6.875,2.5,7.46875],"rotation":0,"texture":"#0","tintindex":0},"up":{"uv":[16.0,0.5625,15.4375,0.0],"rotation":0,"texture":"#0","tintindex":0},"down":{"uv":[5.3125,7.25,5.0,7.5625],"rotation":0,"texture":"#0","tintindex":0}}},{"from":[5.3947234,8.9262085,5.600036],"to":[5.3947234,10.483352,8.171465],"rotation":{"angle":-45.0,"axis":"y","origin":[9.447497,7.669653,7.308629]},"faces":{"east":{"uv":[4.9375,3.375,4.375,3.71875],"rotation":0,"texture":"#0","tintindex":0},"south":{"uv":[4.375,3.375,4.9375,3.71875],"rotation":0,"texture":"#0","tintindex":0},"north":{"uv":[4.375,3.375,4.9375,3.71875],"rotation":0,"texture":"#0","tintindex":0},"west":{"uv":[4.9375,3.375,4.375,3.71875],"rotation":0,"texture":"#0","tintindex":0},"up":{"uv":[16.0,0.5625,15.4375,0.0],"rotation":0,"texture":"#0","tintindex":0},"down":{"uv":[6.6875,5.25,6.125,5.8125],"rotation":0,"texture":"#0","tintindex":0}}},{"from":[5.4351296,9.783351,5.6404424],"to":[6.863701,12.483352,5.6404424],"rotation":{"angle":-45.0,"axis":"y","origin":[9.447497,7.669653,7.308629]},"faces":{"east":{"uv":[15.34375,0.0,16.0,0.59375],"rotation":0,"texture":"#0","tintindex":0},"south":{"uv":[2.8125,6.875,2.5,7.46875],"rotation":0,"texture":"#0","tintindex":0},"north":{"uv":[2.5,6.875,2.8125,7.46875],"rotation":0,"texture":"#0","tintindex":0},"west":{"uv":[2.8125,6.875,2.5,7.46875],"rotation":0,"texture":"#0","tintindex":0},"up":{"uv":[16.0,0.5625,15.4375,0.0],"rotation":0,"texture":"#0","tintindex":0},"down":{"uv":[5.3125,7.25,5.0,7.5625],"rotation":0,"texture":"#0","tintindex":0}}},{"from":[5.3947234,8.9262085,5.600036],"to":[7.966152,10.483352,5.600036],"rotation":{"angle":-45.0,"axis":"y","origin":[9.447497,7.669653,7.308629]},"faces":{"east":{"uv":[4.9375,3.375,4.375,3.71875],"rotation":0,"texture":"#0","tintindex":0},"south":{"uv":[4.375,3.375,4.9375,3.71875],"rotation":0,"texture":"#0","tintindex":0},"north":{"uv":[4.375,3.375,4.9375,3.71875],"rotation":0,"texture":"#0","tintindex":0},"west":{"uv":[4.9375,3.375,4.375,3.71875],"rotation":0,"texture":"#0","tintindex":0},"up":{"uv":[16.0,0.5625,15.4375,0.0],"rotation":0,"texture":"#0","tintindex":0},"down":{"uv":[6.6875,5.25,6.125,5.8125],"rotation":0,"texture":"#0","tintindex":0}}},{"from":[7.966152,8.9262085,5.600036],"to":[7.966152,10.483352,8.171465],"rotation":{"angle":-45.0,"axis":"y","origin":[9.447497,7.669653,7.308629]},"faces":{"east":{"uv":[4.9375,3.375,4.375,3.71875],"rotation":0,"texture":"#0","tintindex":0},"south":{"uv":[4.375,3.375,4.9375,3.71875],"rotation":0,"texture":"#0","tintindex":0},"north":{"uv":[4.375,3.375,4.9375,3.71875],"rotation":0,"texture":"#0","tintindex":0},"west":{"uv":[4.9375,3.375,4.375,3.71875],"rotation":0,"texture":"#0","tintindex":0},"up":{"uv":[16.0,0.5625,15.4375,0.0],"rotation":0,"texture":"#0","tintindex":0},"down":{"uv":[6.6875,5.25,6.125,5.8125],"rotation":0,"texture":"#0","tintindex":0}}},{"from":[5.3947234,8.9262085,8.171465],"to":[7.966152,10.483352,8.171465],"rotation":{"angle":-45.0,"axis":"y","origin":[9.447497,7.669653,7.308629]},"faces":{"east":{"uv":[4.9375,3.375,4.375,3.71875],"rotation":0,"texture":"#0","tintindex":0},"south":{"uv":[4.375,3.375,4.9375,3.71875],"rotation":0,"texture":"#0","tintindex":0},"north":{"uv":[4.375,3.375,4.9375,3.71875],"rotation":0,"texture":"#0","tintindex":0},"west":{"uv":[4.9375,3.375,4.375,3.71875],"rotation":0,"texture":"#0","tintindex":0},"up":{"uv":[16.0,0.5625,15.4375,0.0],"rotation":0,"texture":"#0","tintindex":0},"down":{"uv":[6.6875,5.25,6.125,5.8125],"rotation":0,"texture":"#0","tintindex":0}}},{"from":[4.880438,7.3547797,5.0286074],"to":[8.594724,8.969066,8.742893],"rotation":{"angle":-45.0,"axis":"y","origin":[9.447497,7.669653,7.308629]},"faces":{"east":{"uv":[7.1875,0.5,6.375,0.84375],"rotation":0,"texture":"#0","tintindex":0},"south":{"uv":[6.375,0.5,7.1875,0.84375],"rotation":0,"texture":"#0","tintindex":0},"north":{"uv":[6.375,0.5,7.1875,0.84375],"rotation":0,"texture":"#0","tintindex":0},"west":{"uv":[7.1875,0.5,6.375,0.84375],"rotation":0,"texture":"#0","tintindex":0},"up":{"uv":[3.0625,5.3125,2.25,4.5],"rotation":0,"texture":"#0","tintindex":0},"down":{"uv":[3.9375,4.5,3.125,5.3125],"rotation":0,"texture":"#0","tintindex":0}}},{"from":[8.500512,7.704586,2.010714],"to":[10.77194,8.633158,7.7821426],"rotation":{"angle":22.5,"axis":"z","origin":[9.447497,7.669653,7.308629]},"faces":{"east":{"uv":[6.0,6.375,7.25,6.59375],"rotation":0,"texture":"#0","tintindex":0},"south":{"uv":[2.125,7.125,1.625,7.34375],"rotation":0,"texture":"#0","tintindex":0},"north":{"uv":[1.625,7.125,2.125,7.34375],"rotation":0,"texture":"#0","tintindex":0},"west":{"uv":[6.5,0.875,7.75,1.09375],"rotation":0,"texture":"#0","tintindex":0},"up":{"uv":[5.625,3.125,5.125,1.875],"rotation":0,"texture":"#0","tintindex":0},"down":{"uv":[5.625,3.125,5.125,4.375],"rotation":0,"texture":"#0","tintindex":0}}},{"from":[5.0936985,6.4497857,2.010714],"to":[7.3651276,7.3783574,7.7821426],"rotation":{"angle":-22.5,"axis":"z","origin":[9.447497,7.669653,7.308629]},"faces":{"east":{"uv":[6.5,1.125,7.75,1.34375],"rotation":0,"texture":"#0","tintindex":0},"south":{"uv":[1.625,7.125,2.125,7.34375],"rotation":0,"texture":"#0","tintindex":0},"north":{"uv":[2.125,7.125,1.625,7.34375],"rotation":0,"texture":"#0","tintindex":0},"west":{"uv":[6.0,6.625,7.25,6.84375],"rotation":0,"texture":"#0","tintindex":0},"up":{"uv":[5.125,3.125,5.625,1.875],"rotation":0,"texture":"#0","tintindex":0},"down":{"uv":[2.75,5.375,2.25,6.625],"rotation":0,"texture":"#0","tintindex":0}}},{"from":[4.4130154,4.2188625,1.996428],"to":[6.684444,5.7760053,7.8535714],"rotation":{"angle":-45.0,"axis":"z","origin":[9.447497,7.669653,7.308629]},"faces":{"east":{"uv":[5.625,3.625,6.90625,3.96875],"rotation":0,"texture":"#0","tintindex":0},"south":{"uv":[5.25,6.875,5.75,7.21875],"rotation":0,"texture":"#0","tintindex":0},"north":{"uv":[5.75,6.875,5.25,7.21875],"rotation":0,"texture":"#0","tintindex":0},"west":{"uv":[6.40625,1.0,5.125,1.34375],"rotation":0,"texture":"#0","tintindex":0},"up":{"uv":[4.0,5.78125,4.5,4.5],"rotation":0,"texture":"#0","tintindex":0},"down":{"uv":[4.5,5.78125,5.0,4.5],"rotation":0,"texture":"#0","tintindex":0}}},{"from":[2.3328252,5.3081512,3.125],"to":[5.175682,7.265294,3.125],"rotation":{"angle":-22.5,"axis":"z","origin":[9.447497,7.669653,7.308629]},"faces":{"east":{"uv":[1.65625,5.875,0.875,6.3125],"rotation":0,"texture":"#0","tintindex":0},"south":{"uv":[0.75,4.0,1.375,4.4375],"rotation":0,"texture":"#0","tintindex":0},"north":{"uv":[1.375,4.0,0.75,4.4375],"rotation":0,"texture":"#0","tintindex":0},"west":{"uv":[4.15625,2.0,3.375,2.4375],"rotation":0,"texture":"#0","tintindex":0},"up":{"uv":[5.5,5.15625,6.125,4.375],"rotation":0,"texture":"#0","tintindex":0},"down":{"uv":[5.5,5.25,6.125,6.03125],"rotation":0,"texture":"#0",