{"textures":{"0":"modelengine:entity/deathangel"},"elements":[{"from":[7.714286,7.714286,7.142857],"to":[8.285714,8.285714,8.0],"rotation":{"angle":0.0,"axis":"y","origin":[8.0,8.0,7.5714283]},"faces":{"east":{"uv":[11.0625,6.125,11.15625,6.1875],"rotation":0,"texture":"#0","tintindex":0},"south":{"uv":[11.125,2.75,11.1875,2.8125],"rotation":0,"texture":"#0","tintindex":0},"north":{"uv":[11.125,2.6875,11.1875,2.75],"rotation":0,"texture":"#0","tintindex":0},"west":{"uv":[6.1875,11.0625,6.28125,11.125],"rotation":0,"texture":"#0","tintindex":0},"up":{"uv":[6.375,11.15625,6.3125,11.0625],"rotation":0,"texture":"#0","tintindex":0},"down":{"uv":[6.4375,11.0625,6.375,11.15625],"rotation":0,"texture":"#0","tintindex":0}}},{"from":[7.445903,8.0,5.554097],"to":[8.58876,8.0,8.125525],"rotation":{"angle":-45.0,"axis":"y","origin":[8.017331,8.0,6.8398113]},"faces":{"east":{"uv":[0.0,0.0,0.28125,0.0],"rotation":0,"texture":"#0","tintindex":0},"south":{"uv":[0.0,0.0,0.125,0.0],"rotation":0,"texture":"#0","tintindex":0},"north":{"uv":[0.0,0.0,0.125,0.0],"rotation":0,"texture":"#0","tintindex":0},"west":{"uv":[0.0,0.0,0.28125,0.0],"rotation":0,"texture":"#0","tintindex":0},"up":{"uv":[5.125,11.15625,5.0,10.875],"rotation":0,"texture":"#0","tintindex":0},"down":{"uv":[5.125,10.875,5.0,11.15625],"rotation":0,"texture":"#0","tintindex":0}}},{"from":[7.9336476,7.857143,6.6132703],"to":[8.505076,8.142858,7.470413],"rotation":{"angle":-45.0,"axis":"y","origin":[8.219362,8.0,7.041842]},"faces":{"east":{"uv":[11.125,7.625,11.21875,7.65625],"rotation":0,"texture":"#0","tintindex":0},"south":{"uv":[11.125,9.3125,11.1875,9.34375],"rotation":0,"texture":"#0","tintindex":0},"north":{"uv":[9.3125,11.125,9.375,11.15625],"rotation":0,"texture":"#0","tintindex":0},"west":{"uv":[7.6875,11.125,7.78125,11.15625],"rotation":0,"texture":"#0","tintindex":0},"up":{"uv":[6.5,11.15625,6.4375,11.0625],"rotation":0,"texture":"#0","tintindex":0},"down":{"uv":[6.5625,11.0625,6.5,11.15625],"rotation":0,"texture":"#0","tintindex":0}}}],"display":{"head":{"translation":[0.0,-6.4,0.0],"scale":[4.0,4.0,4.0]}}}