{"textures":{"0":"modelengine:entity/deathangel"},"elements":[{"from":[7.714286,7.714286,7.142857],"to":[8.285714,8.285714,8.0],"rotation":{"angle":0.0,"axis":"y","origin":[8.0,8.0,7.5714283]},"faces":{"east":{"uv":[11.0625,6.1875,11.15625,6.25],"rotation":0,"texture":"#0","tintindex":0},"south":{"uv":[6.25,11.125,6.3125,11.1875],"rotation":0,"texture":"#0","tintindex":0},"north":{"uv":[11.125,5.75,11.1875,5.8125],"rotation":0,"texture":"#0","tintindex":0},"west":{"uv":[11.0625,7.875,11.15625,7.9375],"rotation":0,"texture":"#0","tintindex":0},"up":{"uv":[11.125,8.03125,11.0625,7.9375],"rotation":0,"texture":"#0","tintindex":0},"down":{"uv":[11.125,8.0625,11.0625,8.15625],"rotation":0,"texture":"#0","tintindex":0}}},{"from":[7.41124,8.0,5.554097],"to":[8.554097,8.0,8.125525],"rotation":{"angle":45.0,"axis":"y","origin":[7.9826684,8.0,6.8398113]},"faces":{"east":{"uv":[0.0,0.0,0.28125,0.0],"rotation":0,"texture":"#0","tintindex":0},"south":{"uv":[0.0,0.0,0.125,0.0],"rotation":0,"texture":"#0","tintindex":0},"north":{"uv":[0.0,0.0,0.125,0.0],"rotation":0,"texture":"#0","tintindex":0},"west":{"uv":[0.0,0.0,0.28125,0.0],"rotation":0,"texture":"#0","tintindex":0},"up":{"uv":[5.375,11.15625,5.25,10.875],"rotation":0,"texture":"#0","tintindex":0},"down":{"uv":[5.375,10.875,5.25,11.15625],"rotation":0,"texture":"#0","tintindex":0}}},{"from":[7.4949236,7.857143,6.6132703],"to":[8.066352,8.142858,7.470413],"rotation":{"angle":45.0,"axis":"y","origin":[7.780638,8.0,7.041842]},"faces":{"east":{"uv":[11.125,8.1875,11.21875,8.21875],"rotation":0,"texture":"#0","tintindex":0},"south":{"uv":[11.125,9.5625,11.1875,9.59375],"rotation":0,"texture":"#0","tintindex":0},"north":{"uv":[9.5625,11.125,9.625,11.15625],"rotation":0,"texture":"#0","tintindex":0},"west":{"uv":[11.125,8.25,11.21875,8.28125],"rotation":0,"texture":"#0","tintindex":0},"up":{"uv":[11.125,8.28125,11.0625,8.1875],"rotation":0,"texture":"#0","tintindex":0},"down":{"uv":[11.125,8.3125,11.0625,8.40625],"rotation":0,"texture":"#0","tintindex":0}}}],"display":{"head":{"translation":[0.0,-6.4,0.0],"scale":[4.0,4.0,4.0]}}}