{"textures":{"0":"modelengine:entity/deathangel"},"elements":[{"from":[7.714286,6.857143,7.714286],"to":[8.285714,8.0,8.285714],"rotation":{"angle":0.0,"axis":"y","origin":[8.0,7.428571,8.0]},"faces":{"east":{"uv":[5.625,11.0625,5.6875,11.1875],"rotation":0,"texture":"#0","tintindex":0},"south":{"uv":[5.6875,11.0625,5.75,11.1875],"rotation":0,"texture":"#0","tintindex":0},"north":{"uv":[5.5625,11.0625,5.625,11.1875],"rotation":0,"texture":"#0","tintindex":0},"west":{"uv":[11.0625,5.6875,11.125,5.8125],"rotation":0,"texture":"#0","tintindex":0},"up":{"uv":[11.1875,5.3125,11.125,5.25],"rotation":0,"texture":"#0","tintindex":0},"down":{"uv":[11.1875,5.3125,11.125,5.375],"rotation":0,"texture":"#0","tintindex":0}}},{"from":[7.3102245,4.738796,8.0],"to":[8.453082,8.167368,8.0],"rotation":{"angle":-45.0,"axis":"z","origin":[7.8816533,6.4530816,8.0]},"faces":{"east":{"uv":[0.0,0.0,0.0,0.375],"rotation":0,"texture":"#0","tintindex":0},"south":{"uv":[1.5,10.875,1.625,11.25],"rotation":0,"texture":"#0","tintindex":0},"north":{"uv":[1.875,10.875,1.75,11.25],"rotation":0,"texture":"#0","tintindex":0},"west":{"uv":[0.0,0.0,0.0,0.375],"rotation":0,"texture":"#0","tintindex":0},"up":{"uv":[0.125,0.0,0.0,0.0],"rotation":0,"texture":"#0","tintindex":0},"down":{"uv":[0.125,0.0,0.0,0.0],"rotation":0,"texture":"#0","tintindex":0}}},{"from":[7.3939085,6.083684,7.857143],"to":[7.9653373,7.226541,8.142858],"rotation":{"angle":-45.0,"axis":"z","origin":[7.6796227,6.6551123,8.0]},"faces":{"east":{"uv":[11.125,5.375,11.15625,5.5],"rotation":0,"texture":"#0","tintindex":0},"south":{"uv":[5.8125,11.0625,5.875,11.1875],"rotation":0,"texture":"#0","tintindex":0},"north":{"uv":[5.75,11.0625,5.8125,11.1875],"rotation":0,"texture":"#0","tintindex":0},"west":{"uv":[11.125,5.5,11.15625,5.625],"rotation":0,"texture":"#0","tintindex":0},"up":{"uv":[9.5,11.15625,9.4375,11.125],"rotation":0,"texture":"#0","tintindex":0},"down":{"uv":[11.1875,9.4375,11.125,9.46875],"rotation":0,"texture":"#0","tintindex":0}}}],"display":{"head":{"translation":[0.0,-6.4,0.0],"scale":[4.0,4.0,4.0]}}}