{"textures":{"0":"modelengine:entity/deathangel"},"elements":[{"from":[7.714286,6.857143,7.714286],"to":[8.285714,8.0,8.285714],"rotation":{"angle":0.0,"axis":"y","origin":[8.0,7.428571,8.0]},"faces":{"east":{"uv":[11.0625,3.0625,11.125,3.1875],"rotation":0,"texture":"#0","tintindex":0},"south":{"uv":[3.125,11.0625,3.1875,11.1875],"rotation":0,"texture":"#0","tintindex":0},"north":{"uv":[3.0625,11.0625,3.125,11.1875],"rotation":0,"texture":"#0","tintindex":0},"west":{"uv":[3.1875,11.0625,3.25,11.1875],"rotation":0,"texture":"#0","tintindex":0},"up":{"uv":[11.125,10.6875,11.0625,10.625],"rotation":0,"texture":"#0","tintindex":0},"down":{"uv":[11.125,10.6875,11.0625,10.75],"rotation":0,"texture":"#0","tintindex":0}}},{"from":[7.546918,4.738796,8.0],"to":[8.689775,8.167368,8.0],"rotation":{"angle":45.0,"axis":"z","origin":[8.118347,6.4530816,8.0]},"faces":{"east":{"uv":[0.0,0.0,0.0,0.375],"rotation":0,"texture":"#0","tintindex":0},"south":{"uv":[8.1875,10.8125,8.3125,11.1875],"rotation":0,"texture":"#0","tintindex":0},"north":{"uv":[8.3125,10.8125,8.1875,11.1875],"rotation":0,"texture":"#0","tintindex":0},"west":{"uv":[0.0,0.0,0.0,0.375],"rotation":0,"texture":"#0","tintindex":0},"up":{"uv":[0.125,0.0,0.0,0.0],"rotation":0,"texture":"#0","tintindex":0},"down":{"uv":[0.125,0.0,0.0,0.0],"rotation":0,"texture":"#0","tintindex":0}}},{"from":[8.034663,6.083684,7.857143],"to":[8.6060915,7.226541,8.142858],"rotation":{"angle":45.0,"axis":"z","origin":[8.320377,6.6551123,8.0]},"faces":{"east":{"uv":[11.125,2.4375,11.15625,2.5625],"rotation":0,"texture":"#0","tintindex":0},"south":{"uv":[3.25,11.0625,3.3125,11.1875],"rotation":0,"texture":"#0","tintindex":0},"north":{"uv":[11.0625,3.1875,11.125,3.3125],"rotation":0,"texture":"#0","tintindex":0},"west":{"uv":[11.125,2.5625,11.15625,2.6875],"rotation":0,"texture":"#0","tintindex":0},"up":{"uv":[9.3125,11.15625,9.25,11.125],"rotation":0,"texture":"#0","tintindex":0},"down":{"uv":[11.1875,9.25,11.125,9.28125],"rotation":0,"texture":"#0","tintindex":0}}}],"display":{"head":{"translation":[0.0,-6.4,0.0],"scale":[4.0,4.0,4.0]}}}