{"textures":{"0":"modelengine:entity/deathangel"},"elements":[{"from":[6.8326325,2.5714283,6.857143],"to":[9.118347,6.0,9.142858],"rotation":{"angle":-45.0,"axis":"y","origin":[7.9754896,4.285714,8.0]},"faces":{"east":{"uv":[8.375,10.3125,8.625,10.6875],"rotation":0,"texture":"#0","tintindex":0},"south":{"uv":[8.625,10.3125,8.875,10.6875],"rotation":0,"texture":"#0","tintindex":0},"north":{"uv":[10.3125,8.125,10.5625,8.5],"rotation":0,"texture":"#0","tintindex":0},"west":{"uv":[9.9375,10.3125,10.1875,10.6875],"rotation":0,"texture":"#0","tintindex":0},"up":{"uv":[10.875,1.9375,10.625,1.6875],"rotation":0,"texture":"#0","tintindex":0},"down":{"uv":[10.875,1.9375,10.625,2.1875],"rotation":0,"texture":"#0","tintindex":0}}},{"from":[6.8326325,6.0,6.857143],"to":[9.118347,8.857143,9.142858],"rotation":{"angle":-45.0,"axis":"y","origin":[7.9754896,7.428571,8.0]},"faces":{"east":{"uv":[6.375,10.5625,6.625,10.875],"rotation":0,"texture":"#0","tintindex":0},"south":{"uv":[6.625,10.5625,6.875,10.875],"rotation":0,"texture":"#0","tintindex":0},"north":{"uv":[10.5625,6.3125,10.8125,6.625],"rotation":0,"texture":"#0","tintindex":0},"west":{"uv":[7.75,10.5625,8.0,10.875],"rotation":0,"texture":"#0","tintindex":0},"up":{"uv":[4.4375,10.875,4.1875,10.625],"rotation":0,"texture":"#0","tintindex":0},"down":{"uv":[4.6875,10.625,4.4375,10.875],"rotation":0,"texture":"#0","tintindex":0}}},{"from":[6.6897755,5.8571424,6.714286],"to":[9.261204,9.0,9.285714],"rotation":{"angle":-45.0,"axis":"y","origin":[7.9754896,7.428571,8.0]},"faces":{"east":{"uv":[4.1875,10.25,4.46875,10.59375],"rotation":0,"texture":"#0","tintindex":0},"south":{"uv":[4.5,10.25,4.78125,10.59375],"rotation":0,"texture":"#0","tintindex":0},"north":{"uv":[8.0625,10.1875,8.34375,10.53125],"rotation":0,"texture":"#0","tintindex":0},"west":{"uv":[4.8125,10.25,5.09375,10.59375],"rotation":0,"texture":"#0","tintindex":0},"up":{"uv":[10.84375,3.09375,10.5625,2.8125],"rotation":0,"texture":"#0","tintindex":0},"down":{"uv":[10.84375,3.125,10.5625,3.40625],"rotation":0,"texture":"#0","tintindex":0}}},{"from":[6.773459,2.5714283,7.0],"to":[8.773459,6.0,9.0],"rotation":{"angle":-45.0,"axis":"y","origin":[7.773459,4.285714,8.0]},"faces":{"east":{"uv":[2.25,10.5,2.46875,10.875],"rotation":0,"texture":"#0","tintindex":0},"south":{"uv":[2.5,10.5,2.71875,10.875],"rotation":0,"texture":"#0","tintindex":0},"north":{"uv":[2.0,10.5,2.21875,10.875],"rotation":0,"texture":"#0","tintindex":0},"west":{"uv":[10.5,4.9375,10.71875,5.3125],"rotation":0,"texture":"#0","tintindex":0},"up":{"uv":[10.84375,10.96875,10.625,10.75],"rotation":0,"texture":"#0","tintindex":0},"down":{"uv":[11.03125,0.0,10.8125,0.21875],"rotation":0,"texture":"#0","tintindex":0}}},{"from":[6.773459,-0.8571434,7.0],"to":[8.773459,2.5714283,9.0],"rotation":{"angle":-45.0,"axis":"y","origin":[7.773459,0.85714245,8.0]},"faces":{"east":{"uv":[8.875,10.5,9.09375,10.875],"rotation":0,"texture":"#0","tintindex":0},"south":{"uv":[10.5625,0.0,10.78125,0.375],"rotation":0,"texture":"#0","tintindex":0},"north":{"uv":[10.5,5.3125,10.71875,5.6875],"rotation":0,"texture":"#0","tintindex":0},"west":{"uv":[10.5625,0.375,10.78125,0.75],"rotation":0,"texture":"#0","tintindex":0},"up":{"uv":[11.03125,0.46875,10.8125,0.25],"rotation":0,"texture":"#0","tintindex":0},"down":{"uv":[11.03125,0.5,10.8125,0.71875],"rotation":0,"texture":"#0","tintindex":0}}}],"display":{"head":{"translation":[0.0,-6.4,0.0],"scale":[4.0,4.0,4.0]}}}