{"textures":{"0":"modelengine:entity/deathangel"},"elements":[{"from":[7.714286,6.0,6.857143],"to":[8.571428,8.0,9.142858],"rotation":{"angle":0.0,"axis":"y","origin":[8.142858,7.0,8.0]},"faces":{"east":{"uv":[4.875,10.625,5.125,10.84375],"rotation":0,"texture":"#0","tintindex":0},"south":{"uv":[10.9375,9.625,11.03125,9.84375],"rotation":0,"texture":"#0","tintindex":0},"north":{"uv":[10.9375,9.375,11.03125,9.59375],"rotation":0,"texture":"#0","tintindex":0},"west":{"uv":[5.125,10.625,5.375,10.84375],"rotation":0,"texture":"#0","tintindex":0},"up":{"uv":[7.34375,11.125,7.25,10.875],"rotation":0,"texture":"#0","tintindex":0},"down":{"uv":[7.46875,10.875,7.375,11.125],"rotation":0,"texture":"#0","tintindex":0}}}],"display":{"head":{"translation":[0.0,-6.4,0.0],"scale":[4.0,4.0,4.0]}}}