{"textures":{"0":"modelengine:entity/deathangel"},"elements":[{"from":[7.428571,6.0,6.857143],"to":[8.285714,8.0,9.142858],"rotation":{"angle":0.0,"axis":"y","origin":[7.857143,7.0,8.0]},"faces":{"east":{"uv":[5.375,10.625,5.625,10.84375],"rotation":0,"texture":"#0","tintindex":0},"south":{"uv":[10.9375,9.875,11.03125,10.09375],"rotation":0,"texture":"#0","tintindex":0},"north":{"uv":[9.8125,10.9375,9.90625,11.15625],"rotation":0,"texture":"#0","tintindex":0},"west":{"uv":[5.625,10.625,5.875,10.84375],"rotation":0,"texture":"#0","tintindex":0},"up":{"uv":[10.96875,9.0,10.875,8.75],"rotation":0,"texture":"#0","tintindex":0},"down":{"uv":[8.96875,10.875,8.875,11.125],"rotation":0,"texture":"#0","tintindex":0}}}],"display":{"head":{"translation":[0.0,-6.4,0.0],"scale":[4.0,4.0,4.0]}}}