{"textures":{"0":"modelengine:entity/deathangel"},"elements":[{"from":[7.142857,1.4285712,7.142857],"to":[8.857143,8.0,8.857143],"rotation":{"angle":45.0,"axis":"y","origin":[8.0,4.714286,8.0]},"faces":{"east":{"uv":[3.375,10.1875,3.5625,10.90625],"rotation":0,"texture":"#0","tintindex":0},"south":{"uv":[3.5625,10.1875,3.75,10.90625],"rotation":0,"texture":"#0","tintindex":0},"north":{"uv":[10.1875,3.25,10.375,3.96875],"rotation":0,"texture":"#0","tintindex":0},"west":{"uv":[3.75,10.1875,3.9375,10.90625],"rotation":0,"texture":"#0","tintindex":0},"up":{"uv":[11.0,6.5625,10.8125,6.375],"rotation":0,"texture":"#0","tintindex":0},"down":{"uv":[11.0625,4.1875,10.875,4.375],"rotation":0,"texture":"#0","tintindex":0}}},{"from":[7.0,1.4285712,7.0],"to":[9.0,8.0,9.0],"rotation":{"angle":45.0,"axis":"y","origin":[8.0,4.714286,8.0]},"faces":{"east":{"uv":[0.0,10.1875,0.21875,10.90625],"rotation":0,"texture":"#0","tintindex":0},"south":{"uv":[0.25,10.1875,0.46875,10.90625],"rotation":0,"texture":"#0","tintindex":0},"north":{"uv":[9.5,10.125,9.71875,10.84375],"rotation":0,"texture":"#0","tintindex":0},"west":{"uv":[0.5,10.1875,0.71875,10.90625],"rotation":0,"texture":"#0","tintindex":0},"up":{"uv":[10.96875,5.65625,10.75,5.4375],"rotation":0,"texture":"#0","tintindex":0},"down":{"uv":[9.46875,10.75,9.25,10.96875],"rotation":0,"texture":"#0","tintindex":0}}}],"display":{"head":{"translation":[0.0,-6.4,0.0],"scale":[4.0,4.0,4.0]}}}