{"textures":{"0":"modelengine:entity/deathangel"},"elements":[{"from":[7.142857,1.4285712,7.142857],"to":[8.857143,8.0,8.857143],"rotation":{"angle":-45.0,"axis":"y","origin":[8.0,4.714286,8.0]},"faces":{"east":{"uv":[2.8125,10.1875,3.0,10.90625],"rotation":0,"texture":"#0","tintindex":0},"south":{"uv":[3.0,10.1875,3.1875,10.90625],"rotation":0,"texture":"#0","tintindex":0},"north":{"uv":[10.1875,2.5,10.375,3.21875],"rotation":0,"texture":"#0","tintindex":0},"west":{"uv":[3.1875,10.1875,3.375,10.90625],"rotation":0,"texture":"#0","tintindex":0},"up":{"uv":[10.875,4.375,10.6875,4.1875],"rotation":0,"texture":"#0","tintindex":0},"down":{"uv":[10.875,5.6875,10.6875,5.875],"rotation":0,"texture":"#0","tintindex":0}}},{"from":[7.0,1.4285712,7.0],"to":[9.0,8.0,9.0],"rotation":{"angle":-45.0,"axis":"y","origin":[8.0,4.714286,8.0]},"faces":{"east":{"uv":[10.125,6.75,10.34375,7.46875],"rotation":0,"texture":"#0","tintindex":0},"south":{"uv":[7.25,10.125,7.46875,10.84375],"rotation":0,"texture":"#0","tintindex":0},"north":{"uv":[9.25,10.0,9.46875,10.71875],"rotation":0,"texture":"#0","tintindex":0},"west":{"uv":[7.5,10.125,7.71875,10.84375],"rotation":0,"texture":"#0","tintindex":0},"up":{"uv":[4.15625,10.90625,3.9375,10.6875],"rotation":0,"texture":"#0","tintindex":0},"down":{"uv":[10.90625,7.1875,10.6875,7.40625],"rotation":0,"texture":"#0","tintindex":0}}}],"display":{"head":{"translation":[0.0,-6.4,0.0],"scale":[4.0,4.0,4.0]}}}