{"textures":{"0":"modelengine:entity/deathangel"},"elements":[{"from":[6.8816533,2.5714283,6.857143],"to":[9.167368,6.0,9.142858],"rotation":{"angle":45.0,"axis":"y","origin":[8.02451,4.285714,8.0]},"faces":{"east":{"uv":[5.375,10.25,5.625,10.625],"rotation":0,"texture":"#0","tintindex":0},"south":{"uv":[5.625,10.25,5.875,10.625],"rotation":0,"texture":"#0","tintindex":0},"north":{"uv":[5.125,10.25,5.375,10.625],"rotation":0,"texture":"#0","tintindex":0},"west":{"uv":[10.3125,7.75,10.5625,8.125],"rotation":0,"texture":"#0","tintindex":0},"up":{"uv":[10.8125,8.1875,10.5625,7.9375],"rotation":0,"texture":"#0","tintindex":0},"down":{"uv":[8.3125,10.5625,8.0625,10.8125],"rotation":0,"texture":"#0","tintindex":0}}},{"from":[6.8816533,6.0,6.857143],"to":[9.167368,8.857143,9.142858],"rotation":{"angle":45.0,"axis":"y","origin":[8.02451,7.428571,8.0]},"faces":{"east":{"uv":[5.875,10.5625,6.125,10.875],"rotation":0,"texture":"#0","tintindex":0},"south":{"uv":[10.5625,6.0,10.8125,6.3125],"rotation":0,"texture":"#0","tintindex":0},"north":{"uv":[10.5625,3.4375,10.8125,3.75],"rotation":0,"texture":"#0","tintindex":0},"west":{"uv":[6.125,10.5625,6.375,10.875],"rotation":0,"texture":"#0","tintindex":0},"up":{"uv":[10.8125,8.4375,10.5625,8.1875],"rotation":0,"texture":"#0","tintindex":0},"down":{"uv":[10.875,1.4375,10.625,1.6875],"rotation":0,"texture":"#0","tintindex":0}}},{"from":[6.738796,5.8571424,6.714286],"to":[9.310225,9.0,9.285714],"rotation":{"angle":45.0,"axis":"y","origin":[8.02451,7.428571,8.0]},"faces":{"east":{"uv":[10.1875,4.9375,10.46875,5.28125],"rotation":0,"texture":"#0","tintindex":0},"south":{"uv":[10.1875,5.3125,10.46875,5.65625],"rotation":0,"texture":"#0","tintindex":0},"north":{"uv":[6.625,8.625,6.90625,8.96875],"rotation":0,"texture":"#0","tintindex":0},"west":{"uv":[7.75,10.1875,8.03125,10.53125],"rotation":0,"texture":"#0","tintindex":0},"up":{"uv":[10.65625,7.46875,10.375,7.1875],"rotation":0,"texture":"#0","tintindex":0},"down":{"uv":[10.84375,0.75,10.5625,1.03125],"rotation":0,"texture":"#0","tintindex":0}}},{"from":[7.226541,2.5714283,7.0],"to":[9.2265415,6.0,9.0],"rotation":{"angle":45.0,"axis":"y","origin":[8.226541,4.285714,8.0]},"faces":{"east":{"uv":[10.375,10.3125,10.59375,10.6875],"rotation":0,"texture":"#0","tintindex":0},"south":{"uv":[10.4375,4.0,10.65625,4.375],"rotation":0,"texture":"#0","tintindex":0},"north":{"uv":[10.375,8.75,10.59375,9.125],"rotation":0,"texture":"#0","tintindex":0},"west":{"uv":[10.4375,9.125,10.65625,9.5],"rotation":0,"texture":"#0","tintindex":0},"up":{"uv":[8.59375,10.90625,8.375,10.6875],"rotation":0,"texture":"#0","tintindex":0},"down":{"uv":[8.84375,10.6875,8.625,10.90625],"rotation":0,"texture":"#0","tintindex":0}}},{"from":[7.226541,-0.8571434,7.0],"to":[9.2265415,2.5714283,9.0],"rotation":{"angle":45.0,"axis":"y","origin":[8.226541,0.85714245,8.0]},"faces":{"east":{"uv":[10.4375,9.875,10.65625,10.25],"rotation":0,"texture":"#0","tintindex":0},"south":{"uv":[1.5,10.5,1.71875,10.875],"rotation":0,"texture":"#0","tintindex":0},"north":{"uv":[10.4375,9.5,10.65625,9.875],"rotation":0,"texture":"#0","tintindex":0},"west":{"uv":[1.75,10.5,1.96875,10.875],"rotation":0,"texture":"#0","tintindex":0},"up":{"uv":[10.90625,9.34375,10.6875,9.125],"rotation":0,"texture":"#0","tintindex":0},"down":{"uv":[10.90625,9.375,10.6875,9.59375],"rotation":0,"texture":"#0","tintindex":0}}}],"display":{"head":{"translation":[0.0,-6.4,0.0],"scale":[4.0,4.0,4.0]}}}