{"textures":{"0":"modelengine:entity/deathangel"},"elements":[{"from":[7.714286,6.857143,7.714286],"to":[8.285714,8.0,8.285714],"rotation":{"angle":0.0,"axis":"y","origin":[8.0,7.428571,8.0]},"faces":{"east":{"uv":[8.375,10.1875,8.4375,10.3125],"rotation":0,"texture":"#0","tintindex":0},"south":{"uv":[1.4375,11.0625,1.5,11.1875],"rotation":0,"texture":"#0","tintindex":0},"north":{"uv":[10.125,2.5,10.1875,2.625],"rotation":0,"texture":"#0","tintindex":0},"west":{"uv":[11.0625,2.4375,11.125,2.5625],"rotation":0,"texture":"#0","tintindex":0},"up":{"uv":[7.8125,10.1875,7.75,10.125],"rotation":0,"texture":"#0","tintindex":0},"down":{"uv":[5.875,10.1875,5.8125,10.25],"rotation":0,"texture":"#0","tintindex":0}}},{"from":[7.546918,4.738796,8.0],"to":[8.689775,8.167368,8.0],"rotation":{"angle":45.0,"axis":"z","origin":[8.118347,6.4530816,8.0]},"faces":{"east":{"uv":[0.0,0.0,0.0,0.375],"rotation":0,"texture":"#0","tintindex":0},"south":{"uv":[10.8125,6.0,10.9375,6.375],"rotation":0,"texture":"#0","tintindex":0},"north":{"uv":[8.3125,10.8125,8.1875,11.1875],"rotation":0,"texture":"#0","tintindex":0},"west":{"uv":[0.0,0.0,0.0,0.375],"rotation":0,"texture":"#0","tintindex":0},"up":{"uv":[0.125,0.0,0.0,0.0],"rotation":0,"texture":"#0","tintindex":0},"down":{"uv":[0.125,0.0,0.0,0.0],"rotation":0,"texture":"#0","tintindex":0}}},{"from":[8.034663,6.083684,7.857143],"to":[8.6060915,7.226541,8.142858],"rotation":{"angle":45.0,"axis":"z","origin":[8.320377,6.6551123,8.0]},"faces":{"east":{"uv":[11.0625,10.0,11.09375,10.125],"rotation":0,"texture":"#0","tintindex":0},"south":{"uv":[11.0625,2.6875,11.125,2.8125],"rotation":0,"texture":"#0","tintindex":0},"north":{"uv":[11.0625,2.5625,11.125,2.6875],"rotation":0,"texture":"#0","tintindex":0},"west":{"uv":[11.0625,10.25,11.09375,10.375],"rotation":0,"texture":"#0","tintindex":0},"up":{"uv":[11.1875,9.03125,11.125,9.0],"rotation":0,"texture":"#0","tintindex":0},"down":{"uv":[11.1875,9.0625,11.125,9.09375],"rotation":0,"texture":"#0","tintindex":0}}}],"display":{"head":{"translation":[0.0,-6.4,0.0],"scale":[4.0,4.0,4.0]}}}