{"textures":{"0":"modelengine:entity/deathangel"},"elements":[{"from":[5.714286,7.5714283,7.714286],"to":[8.0,8.428572,8.285714],"rotation":{"angle":0.0,"axis":"y","origin":[6.857143,8.0,8.0]},"faces":{"east":{"uv":[6.5625,11.0625,6.625,11.15625],"rotation":0,"texture":"#0","tintindex":0},"south":{"uv":[10.875,7.5,11.125,7.59375],"rotation":0,"texture":"#0","tintindex":0},"north":{"uv":[7.5,10.875,7.75,10.96875],"rotation":0,"texture":"#0","tintindex":0},"west":{"uv":[6.625,11.0625,6.6875,11.15625],"rotation":0,"texture":"#0","tintindex":0},"up":{"uv":[10.0,1.5,9.75,1.4375],"rotation":0,"texture":"#0","tintindex":0},"down":{"uv":[10.8125,8.4375,10.5625,8.5],"rotation":0,"texture":"#0","tintindex":0}}},{"from":[5.0418415,7.2928934,7.7285714],"to":[6.184699,8.150036,8.271429],"rotation":{"angle":45.0,"axis":"z","origin":[5.6132703,7.7214646,8.0]},"faces":{"east":{"uv":[6.6875,11.0625,6.75,11.15625],"rotation":0,"texture":"#0","tintindex":0},"south":{"uv":[11.0,5.5625,11.125,5.65625],"rotation":0,"texture":"#0","tintindex":0},"north":{"uv":[11.0,5.4375,11.125,5.53125],"rotation":0,"texture":"#0","tintindex":0},"west":{"uv":[6.75,11.0625,6.8125,11.15625],"rotation":0,"texture":"#0","tintindex":0},"up":{"uv":[10.125,1.5,10.0,1.4375],"rotation":0,"texture":"#0","tintindex":0},"down":{"uv":[6.0,10.5,5.875,10.5625],"rotation":0,"texture":"#0","tintindex":0}}},{"from":[4.6548643,7.740959,7.857143],"to":[5.512007,8.883817,8.142858],"rotation":{"angle":22.5,"axis":"z","origin":[5.083436,8.312387,8.0]},"faces":{"east":{"uv":[11.125,2.8125,11.15625,2.9375],"rotation":0,"texture":"#0","tintindex":0},"south":{"uv":[11.0,6.625,11.09375,6.75],"rotation":0,"texture":"#0","tintindex":0},"north":{"uv":[11.0,6.375,11.09375,6.5],"rotation":0,"texture":"#0","tintindex":0},"west":{"uv":[11.125,2.9375,11.15625,3.0625],"rotation":0,"texture":"#0","tintindex":0},"up":{"uv":[11.21875,7.71875,11.125,7.6875],"rotation":0,"texture":"#0","tintindex":0},"down":{"uv":[11.21875,7.75,11.125,7.78125],"rotation":0,"texture":"#0","tintindex":0}}},{"from":[4.468811,8.6763115,7.8714285],"to":[5.325954,9.819169,8.1285715],"rotation":{"angle":0.0,"axis":"y","origin":[4.8973827,9.247741,8.0]},"faces":{"east":{"uv":[11.125,3.0625,11.15625,3.1875],"rotation":0,"texture":"#0","tintindex":0},"south":{"uv":[7.8125,11.0,7.90625,11.125],"rotation":0,"texture":"#0","tintindex":0},"north":{"uv":[7.6875,11.0,7.78125,11.125],"rotation":0,"texture":"#0","tintindex":0},"west":{"uv":[11.125,3.1875,11.15625,3.3125],"rotation":0,"texture":"#0","tintindex":0},"up":{"uv":[7.90625,11.15625,7.8125,11.125],"rotation":0,"texture":"#0","tintindex":0},"down":{"uv":[11.21875,7.8125,11.125,7.84375],"rotation":0,"texture":"#0","tintindex":0}}},{"from":[4.906461,9.447954,8.0],"to":[6.3350325,12.019383,8.0],"rotation":{"angle":-22.5,"axis":"z","origin":[5.6207466,10.733669,8.0]},"faces":{"east":{"uv":[0.0,0.0,0.0,0.28125],"rotation":0,"texture":"#0","tintindex":0},"south":{"uv":[10.875,0.75,11.03125,1.03125],"rotation":0,"texture":"#0","tintindex":0},"north":{"uv":[10.8125,3.4375,10.96875,3.71875],"rotation":0,"texture":"#0","tintindex":0},"west":{"uv":[0.0,0.0,0.0,0.28125],"rotation":0,"texture":"#0","tintindex":0},"up":{"uv":[0.15625,0.0,0.0,0.0],"rotation":0,"texture":"#0","tintindex":0},"down":{"uv":[0.15625,0.0,0.0,0.0],"rotation":0,"texture":"#0","tintindex":0}}}],"display":{"head":{"translation":[0.0,-6.4,0.0],"scale":[4.0,4.0,4.0]}}}