{"textures":{"0":"modelengine:entity/deathangel"},"elements":[{"from":[8.0,7.5714283,7.714286],"to":[10.285714,8.428572,8.285714],"rotation":{"angle":0.0,"axis":"y","origin":[9.142858,8.0,8.0]},"faces":{"east":{"uv":[11.0625,9.5,11.125,9.59375],"rotation":0,"texture":"#0","tintindex":0},"south":{"uv":[0.0,10.9375,0.25,11.03125],"rotation":0,"texture":"#0","tintindex":0},"north":{"uv":[10.875,10.875,11.125,10.96875],"rotation":0,"texture":"#0","tintindex":0},"west":{"uv":[11.0625,9.625,11.125,9.71875],"rotation":0,"texture":"#0","tintindex":0},"up":{"uv":[11.1875,8.6875,10.9375,8.625],"rotation":0,"texture":"#0","tintindex":0},"down":{"uv":[10.1875,10.9375,9.9375,11.0],"rotation":0,"texture":"#0","tintindex":0}}},{"from":[9.815301,7.2928934,7.7285714],"to":[10.9581585,8.150036,8.271429],"rotation":{"angle":-45.0,"axis":"z","origin":[10.38673,7.7214646,8.0]},"faces":{"east":{"uv":[11.0625,9.75,11.125,9.84375],"rotation":0,"texture":"#0","tintindex":0},"south":{"uv":[11.0625,0.0,11.1875,0.09375],"rotation":0,"texture":"#0","tintindex":0},"north":{"uv":[0.0,11.0625,0.125,11.15625],"rotation":0,"texture":"#0","tintindex":0},"west":{"uv":[11.0625,9.875,11.125,9.96875],"rotation":0,"texture":"#0","tintindex":0},"up":{"uv":[11.1875,4.375,11.0625,4.3125],"rotation":0,"texture":"#0","tintindex":0},"down":{"uv":[11.1875,5.8125,11.0625,5.875],"rotation":0,"texture":"#0","tintindex":0}}},{"from":[10.487993,7.740959,7.857143],"to":[11.345136,8.883817,8.142858],"rotation":{"angle":-22.5,"axis":"z","origin":[10.916564,8.312387,8.0]},"faces":{"east":{"uv":[11.125,7.0625,11.15625,7.1875],"rotation":0,"texture":"#0","tintindex":0},"south":{"uv":[11.0625,0.125,11.15625,0.25],"rotation":0,"texture":"#0","tintindex":0},"north":{"uv":[0.125,11.0625,0.21875,11.1875],"rotation":0,"texture":"#0","tintindex":0},"west":{"uv":[7.25,11.125,7.28125,11.25],"rotation":0,"texture":"#0","tintindex":0},"up":{"uv":[11.21875,8.84375,11.125,8.8125],"rotation":0,"texture":"#0","tintindex":0},"down":{"uv":[8.96875,11.125,8.875,11.15625],"rotation":0,"texture":"#0","tintindex":0}}},{"from":[10.674046,8.6763115,7.8714285],"to":[11.531189,9.819169,8.1285715],"rotation":{"angle":0.0,"axis":"y","origin":[11.102617,9.247741,8.0]},"faces":{"east":{"uv":[7.3125,11.125,7.34375,11.25],"rotation":0,"texture":"#0","tintindex":0},"south":{"uv":[11.0625,0.25,11.15625,0.375],"rotation":0,"texture":"#0","tintindex":0},"north":{"uv":[0.25,11.0625,0.34375,11.1875],"rotation":0,"texture":"#0","tintindex":0},"west":{"uv":[7.375,11.125,7.40625,11.25],"rotation":0,"texture":"#0","tintindex":0},"up":{"uv":[11.21875,8.90625,11.125,8.875],"rotation":0,"texture":"#0","tintindex":0},"down":{"uv":[11.21875,8.9375,11.125,8.96875],"rotation":0,"texture":"#0","tintindex":0}}},{"from":[9.664968,9.447954,8.0],"to":[11.093539,12.019383,8.0],"rotation":{"angle":22.5,"axis":"z","origin":[10.379253,10.733669,8.0]},"faces":{"east":{"uv":[0.0,0.0,0.0,0.28125],"rotation":0,"texture":"#0","tintindex":0},"south":{"uv":[4.1875,10.875,4.34375,11.15625],"rotation":0,"texture":"#0","tintindex":0},"north":{"uv":[10.875,3.0625,11.03125,3.34375],"rotation":0,"texture":"#0","tintindex":0},"west":{"uv":[0.0,0.0,0.0,0.28125],"rotation":0,"texture":"#0","tintindex":0},"up":{"uv":[0.15625,0.0,0.0,0.0],"rotation":0,"texture":"#0","tintindex":0},"down":{"uv":[0.15625,0.0,0.0,0.0],"rotation":0,"texture":"#0","tintindex":0}}}],"display":{"head":{"translation":[0.0,-6.4,0.0],"scale":[4.0,4.0,4.0]}}}