{"textures":{"0":"modelengine:entity/deathangel"},"elements":[{"from":[5.714286,7.142857,5.714286],"to":[10.285714,8.857143,10.285714],"rotation":{"angle":-45.0,"axis":"y","origin":[8.0,8.0,8.0]},"faces":{"east":{"uv":[6.5,10.375,7.0,10.5625],"rotation":0,"texture":"#0","tintindex":0},"south":{"uv":[10.375,6.8125,10.875,7.0],"rotation":0,"texture":"#0","tintindex":0},"north":{"uv":[6.0,10.375,6.5,10.5625],"rotation":0,"texture":"#0","tintindex":0},"west":{"uv":[10.375,7.0,10.875,7.1875],"rotation":0,"texture":"#0","tintindex":0},"up":{"uv":[10.125,7.25,9.625,6.75],"rotation":0,"texture":"#0","tintindex":0},"down":{"uv":[10.125,7.25,9.625,7.75],"rotation":0,"texture":"#0","tintindex":0}}},{"from":[5.142857,6.5714283,5.142857],"to":[10.857143,9.428572,10.857143],"rotation":{"angle":-45.0,"axis":"y","origin":[8.0,8.0,8.0]},"faces":{"east":{"uv":[9.9375,0.0,10.5625,0.3125],"rotation":0,"texture":"#0","tintindex":0},"south":{"uv":[9.9375,0.3125,10.5625,0.625],"rotation":0,"texture":"#0","tintindex":0},"north":{"uv":[7.8125,9.875,8.4375,10.1875],"rotation":0,"texture":"#0","tintindex":0},"west":{"uv":[9.9375,0.625,10.5625,0.9375],"rotation":0,"texture":"#0","tintindex":0},"up":{"uv":[9.625,3.75,9.0,3.125],"rotation":0,"texture":"#0","tintindex":0},"down":{"uv":[9.625,3.75,9.0,4.375],"rotation":0,"texture":"#0","tintindex":0}}},{"from":[7.142857,7.142857,4.1285715],"to":[8.857143,8.857143,4.7],"rotation":{"angle":45.0,"axis":"z","origin":[8.0,8.0,4.4142857]},"faces":{"east":{"uv":[7.9375,11.0,8.0,11.1875],"rotation":0,"texture":"#0","tintindex":0},"south":{"uv":[5.875,10.875,6.0625,11.0625],"rotation":0,"texture":"#0","tintindex":0},"north":{"uv":[10.875,5.6875,11.0625,5.875],"rotation":0,"texture":"#0","tintindex":0},"west":{"uv":[0.375,11.0625,0.4375,11.25],"rotation":0,"texture":"#0","tintindex":0},"up":{"uv":[10.625,10.3125,10.4375,10.25],"rotation":0,"texture":"#0","tintindex":0},"down":{"uv":[11.1875,3.6875,11.0,3.75],"rotation":0,"texture":"#0","tintindex":0}}}],"display":{"head":{"translation":[0.0,-6.4,0.0],"scale":[4.0,4.0,4.0]}}}