{"textures":{"0":"modelengine:entity/deathangel"},"elements":[{"from":[6.0,8.0,6.0],"to":[10.0,10.857143,10.0],"rotation":{"angle":-45.0,"axis":"y","origin":[8.0,9.428572,8.0]},"faces":{"east":{"uv":[1.5,10.1875,1.9375,10.5],"rotation":0,"texture":"#0","tintindex":0},"south":{"uv":[1.9375,10.1875,2.375,10.5],"rotation":0,"texture":"#0","tintindex":0},"north":{"uv":[10.125,2.1875,10.5625,2.5],"rotation":0,"texture":"#0","tintindex":0},"west":{"uv":[2.375,10.1875,2.8125,10.5],"rotation":0,"texture":"#0","tintindex":0},"up":{"uv":[8.875,10.3125,8.4375,9.875],"rotation":0,"texture":"#0","tintindex":0},"down":{"uv":[10.375,8.75,9.9375,9.1875],"rotation":0,"texture":"#0","tintindex":0}}},{"from":[5.8571424,7.857143,5.8571424],"to":[10.142858,11.0,10.142858],"rotation":{"angle":-45.0,"axis":"y","origin":[8.0,9.428572,8.0]},"faces":{"east":{"uv":[10.0625,6.375,10.53125,6.71875],"rotation":0,"texture":"#0","tintindex":0},"south":{"uv":[10.125,1.4375,10.59375,1.78125],"rotation":0,"texture":"#0","tintindex":0},"north":{"uv":[10.0625,6.0,10.53125,6.34375],"rotation":0,"texture":"#0","tintindex":0},"west":{"uv":[10.125,1.8125,10.59375,2.15625],"rotation":0,"texture":"#0","tintindex":0},"up":{"uv":[10.28125,8.21875,9.8125,7.75],"rotation":0,"texture":"#0","tintindex":0},"down":{"uv":[10.28125,8.25,9.8125,8.71875],"rotation":0,"texture":"#0","tintindex":0}}}],"display":{"head":{"translation":[0.0,-6.4,0.0],"scale":[4.0,4.0,4.0]}}}