{"textures":{"0":"modelengine:entity/deathangel"},"elements":[{"from":[5.428571,8.0,5.428571],"to":[10.571428,13.142858,10.571428],"rotation":{"angle":-45.0,"axis":"y","origin":[8.0,10.571428,8.0]},"faces":{"east":{"uv":[9.5625,1.5,10.125,2.0625],"rotation":0,"texture":"#0","tintindex":0},"south":{"uv":[9.5625,2.0625,10.125,2.625],"rotation":0,"texture":"#0","tintindex":0},"north":{"uv":[7.25,9.0,7.8125,9.5625],"rotation":0,"texture":"#0","tintindex":0},"west":{"uv":[7.25,9.5625,7.8125,10.125],"rotation":0,"texture":"#0","tintindex":0},"up":{"uv":[10.1875,3.1875,9.625,2.625],"rotation":0,"texture":"#0","tintindex":0},"down":{"uv":[10.1875,3.1875,9.625,3.75],"rotation":0,"texture":"#0","tintindex":0}}},{"from":[5.285714,7.857143,5.285714],"to":[10.714286,13.285715,10.714286],"rotation":{"angle":-45.0,"axis":"y","origin":[8.0,10.571428,8.0]},"faces":{"east":{"uv":[9.0,5.0,9.59375,5.59375],"rotation":0,"texture":"#0","tintindex":0},"south":{"uv":[9.0,5.625,9.59375,6.21875],"rotation":0,"texture":"#0","tintindex":0},"north":{"uv":[9.0,4.375,9.59375,4.96875],"rotation":0,"texture":"#0","tintindex":0},"west":{"uv":[9.0,6.25,9.59375,6.84375],"rotation":0,"texture":"#0","tintindex":0},"up":{"uv":[7.21875,9.59375,6.625,9.0],"rotation":0,"texture":"#0","tintindex":0},"down":{"uv":[9.59375,6.875,9.0,7.46875],"rotation":0,"texture":"#0","tintindex":0}}},{"from":[7.142857,13.142858,6.738796],"to":[8.857143,14.285715,8.453082],"rotation":{"angle":-45.0,"axis":"y","origin":[8.0,13.714286,7.595939]},"faces":{"east":{"uv":[0.4375,10.9375,0.625,11.0625],"rotation":0,"texture":"#0","tintindex":0},"south":{"uv":[0.625,10.9375,0.8125,11.0625],"rotation":0,"texture":"#0","tintindex":0},"north":{"uv":[0.25,10.9375,0.4375,11.0625],"rotation":0,"texture":"#0","tintindex":0},"west":{"uv":[0.8125,10.9375,1.0,11.0625],"rotation":0,"texture":"#0","tintindex":0},"up":{"uv":[5.6875,11.0625,5.5,10.875],"rotation":0,"texture":"#0","tintindex":0},"down":{"uv":[5.875,10.875,5.6875,11.0625],"rotation":0,"texture":"#0","tintindex":0}}}],"display":{"head":{"translation":[0.0,-6.4,0.0],"scale":[4.0,4.0,4.0]}}}