{"textures":{"0":"modelengine:entity/deathangel"},"elements":[{"from":[6.428571,8.0,5.142857],"to":[9.571428,9.714286,9.714286],"rotation":{"angle":0.0,"axis":"y","origin":[8.0,8.857143,7.428571]},"faces":{"east":{"uv":[10.1875,5.6875,10.6875,5.875],"rotation":0,"texture":"#0","tintindex":0},"south":{"uv":[10.5625,7.75,10.90625,7.9375],"rotation":0,"texture":"#0","tintindex":0},"north":{"uv":[10.5625,3.75,10.90625,3.9375],"rotation":0,"texture":"#0","tintindex":0},"west":{"uv":[10.3125,8.5,10.8125,8.6875],"rotation":0,"texture":"#0","tintindex":0},"up":{"uv":[6.96875,8.625,6.625,8.125],"rotation":0,"texture":"#0","tintindex":0},"down":{"uv":[9.21875,10.0,8.875,10.5],"rotation":0,"texture":"#0","tintindex":0}}},{"from":[7.0,9.714286,5.1571426],"to":[9.0,12.0,9.7],"rotation":{"angle":0.0,"axis":"y","origin":[8.0,10.857143,7.428571]},"faces":{"east":{"uv":[9.9375,0.9375,10.4375,1.1875],"rotation":0,"texture":"#0","tintindex":0},"south":{"uv":[10.625,8.75,10.84375,9.0],"rotation":0,"texture":"#0","tintindex":0},"north":{"uv":[10.625,7.5,10.84375,7.75],"rotation":0,"texture":"#0","tintindex":0},"west":{"uv":[10.125,7.5,10.625,7.75],"rotation":0,"texture":"#0","tintindex":0},"up":{"uv":[4.15625,10.6875,3.9375,10.1875],"rotation":0,"texture":"#0","tintindex":0},"down":{"uv":[10.40625,4.0,10.1875,4.5],"rotation":0,"texture":"#0","tintindex":0}}},{"from":[7.0628514,9.474456,5.142857],"to":[7.63428,12.903027,9.714286],"rotation":{"angle":-22.5,"axis":"z","origin":[7.3485656,11.188742,7.428571]},"faces":{"east":{"uv":[9.9375,9.1875,10.4375,9.5625],"rotation":0,"texture":"#0","tintindex":0},"south":{"uv":[6.8125,10.875,6.875,11.25],"rotation":0,"texture":"#0","tintindex":0},"north":{"uv":[6.9375,8.625,7.0,9.0],"rotation":0,"texture":"#0","tintindex":0},"west":{"uv":[9.9375,9.5625,10.4375,9.9375],"rotation":0,"texture":"#0","tintindex":0},"up":{"uv":[9.625,3.125,9.5625,2.625],"rotation":0,"texture":"#0","tintindex":0},"down":{"uv":[7.25,10.8125,7.1875,11.3125],"rotation":0,"texture":"#0","tintindex":0}}},{"from":[7.784424,12.81633,5.142857],"to":[8.070138,13.102044,9.714286],"rotation":{"angle":-22.5,"axis":"z","origin":[7.927281,12.959187,7.428571]},"faces":{"east":{"uv":[11.0,1.4375,11.5,1.46875],"rotation":0,"texture":"#0","tintindex":0},"south":{"uv":[11.125,9.625,11.15625,9.65625],"rotation":0,"texture":"#0","tintindex":0},"north":{"uv":[9.625,11.125,9.65625,11.15625],"rotation":0,"texture":"#0","tintindex":0},"west":{"uv":[11.0,1.5,11.5,1.53125],"rotation":0,"texture":"#0","tintindex":0},"up":{"uv":[10.40625,11.4375,10.375,10.9375],"rotation":0,"texture":"#0","tintindex":0},"down":{"uv":[10.46875,10.9375,10.4375,11.4375],"rotation":0,"texture":"#0","tintindex":0}}},{"from":[7.929862,12.81633,5.142857],"to":[8.215576,13.102044,9.714286],"rotation":{"angle":22.5,"axis":"z","origin":[8.07272,12.959187,7.428571]},"faces":{"east":{"uv":[11.0,1.5625,11.5,1.59375],"rotation":0,"texture":"#0","tintindex":0},"south":{"uv":[11.125,9.6875,11.15625,9.71875],"rotation":0,"texture":"#0","tintindex":0},"north":{"uv":[9.6875,11.125,9.71875,11.15625],"rotation":0,"texture":"#0","tintindex":0},"west":{"uv":[11.0,1.625,11.5,1.65625],"rotation":0,"texture":"#0","tintindex":0},"up":{"uv":[10.53125,11.4375,10.5,10.9375],"rotation":0,"texture":"#0","tintindex":0},"down":{"uv":[10.59375,10.9375,10.5625,11.4375],"rotation":0,"texture":"#0","tintindex":0}}},{"from":[7.884444,13.104881,5.142857],"to":[8.055873,13.319167,9.714286],"rotation":{"angle":-22.5,"axis":"z","origin":[7.9701586,13.212025,7.428571]},"faces":{"east":{"uv":[11.0,1.6875,11.5,1.71875],"rotation":0,"texture":"#0","tintindex":0},"south":{"uv":[11.125,9.8125,11.15625,9.84375],"rotation":0,"texture":"#0","tintindex":0},"north":{"uv":[11.125,9.75,11.15625,9.78125],"rotation":0,"texture":"#0","tintindex":0},"west":{"uv":[11.0,1.75,11.5,1.78125],"rotation":0,"texture":"#0","tintindex":0},"up":{"uv":[11.03125,5.4375,11.0,4.9375],"rotation":0,"texture":"#0","tintindex":0},"down":{"uv":[7.53125,11.0,7.5,11.5],"rotation":0,"texture":"#0","tintindex":0}}},{"from":[7.944127,13.104881,5.142857],"to":[8.115556,13.319167,9.714286],"rotation":{"angle":22.5,"axis":"z","origin":[8.029841,13.212025,7.428571]},"faces":{"east":{"uv":[11.0,3.4375,11.5,3.46875],"rotation":0,"texture":"#0","tintindex":0},"south":{"uv":[9.9375,11.125,9.96875,11.15625],"rotation":0,"texture":"#0","tintindex":0},"north":{"uv":[11.125,9.875,11.15625,9.90625],"rotation":0,"texture":"#0","tintindex":0},"west":{"uv":[11.0,3.5,11.5,3.53125],"rotation":0,"texture":"#0","tintindex":0},"up":{"uv":[7.59375,11.5,7.5625,11.0],"rotation":0,"texture":"#0","tintindex":0},"down":{"uv":[7.65625,11.0,7.625,11.5],"rotation":0,"texture":"#0","tintindex":0}}},{"from":[8.36572,9.474456,5.142857],"to":[8.937149,12.903027,9.714286],"rotation":{"angle":22.5,"axis":"z","origin":[8.651434,11.188742,7.428571]},"faces":{"east":{"uv":[9.9375,9.9375,10.4375,10.3125],"rotation":0,"texture":"#0","tintindex":0},"south":{"uv":[9.0625,10.875,9.125,11.25],"rotation":0,"texture":"#0","tintindex":0},"north":{"uv":[9.0,10.875,9.0625,11.25],"rotation":0,"texture":"#0","tintindex":0},"west":{"uv":[6.0,10.0,6.5,10.375],"rotation":0,"texture":"#0","tintindex":0},"up":{"uv":[10.375,11.3125,10.3125,10.8125],"rotation":0,"texture":"#0","tintindex":0},"down":{"uv":[4.6875,10.875,4.625,11.375],"rotation":0,"texture":"#0","tintindex":0}}}],"display":{"head":{"translation":[0.0,-6.4,0.0],"scale":[4.0,4.0,4.0]}}}