{"textures":{"0":"modelengine:entity/deathangel"},"elements":[{"from":[5.2561274,-9.1428585,5.3571424],"to":[10.5418415,8.0,10.642858],"rotation":{"angle":-45.0,"axis":"y","origin":[7.898985,-0.57142925,8.0]},"faces":{"east":{"uv":[7.8125,6.125,8.40625,8.0],"rotation":0,"texture":"#0","tintindex":0},"south":{"uv":[7.8125,8.0,8.40625,9.875],"rotation":0,"texture":"#0","tintindex":0},"north":{"uv":[7.8125,4.25,8.40625,6.125],"rotation":0,"texture":"#0","tintindex":0},"west":{"uv":[6.0,8.125,6.59375,10.0],"rotation":0,"texture":"#0","tintindex":0},"up":{"uv":[9.59375,8.09375,9.0,7.5],"rotation":0,"texture":"#0","tintindex":0},"down":{"uv":[9.59375,8.125,9.0,8.71875],"rotation":0,"texture":"#0","tintindex":0}}},{"from":[6.1817255,-9.1428585,3.6102967],"to":[6.1817255,8.0,8.753154],"rotation":{"angle":-45.0,"axis":"y","origin":[6.1817255,-0.57142925,6.1817255]},"faces":{"east":{"uv":[5.3125,8.3125,5.875,10.1875],"rotation":0,"texture":"#0","tintindex":0},"south":{"uv":[9.0,4.25,8.4375,6.125],"rotation":0,"texture":"#0","tintindex":0},"north":{"uv":[5.3125,8.3125,4.75,10.1875],"rotation":0,"texture":"#0","tintindex":0},"west":{"uv":[5.875,8.3125,5.3125,10.1875],"rotation":0,"texture":"#0","tintindex":0},"up":{"uv":[9.625,5.4375,10.1875,4.875],"rotation":0,"texture":"#0","tintindex":0},"down":{"uv":[9.625,5.4375,10.1875,6.0],"rotation":0,"texture":"#0","tintindex":0}}},{"from":[3.6102967,-9.1428585,9.8182745],"to":[8.753154,8.0,9.8182745],"rotation":{"angle":-45.0,"axis":"y","origin":[6.1817255,-0.57142925,9.8182745]},"faces":{"east":{"uv":[5.3125,8.3125,5.875,10.1875],"rotation":0,"texture":"#0","tintindex":0},"south":{"uv":[9.0,4.25,8.4375,6.125],"rotation":0,"texture":"#0","tintindex":0},"north":{"uv":[8.4375,4.25,9.0,6.125],"rotation":0,"texture":"#0","tintindex":0},"west":{"uv":[5.875,8.3125,5.3125,10.1875],"rotation":0,"texture":"#0","tintindex":0},"up":{"uv":[9.625,5.4375,10.1875,4.875],"rotation":0,"texture":"#0","tintindex":0},"down":{"uv":[9.625,5.4375,10.1875,6.0],"rotation":0,"texture":"#0","tintindex":0}}}],"display":{"head":{"translation":[0.0,-6.4,0.0],"scale":[4.0,4.0,4.0]}}}