{"textures":{"0":"modelengine:entity/deathangel"},"elements":[{"from":[9.8182745,-9.1428585,3.6102967],"to":[9.8182745,8.0,8.753154],"rotation":{"angle":45.0,"axis":"y","origin":[9.8182745,-0.57142925,6.1817255]},"faces":{"east":{"uv":[5.3125,8.3125,5.875,10.1875],"rotation":0,"texture":"#0","tintindex":0},"south":{"uv":[8.4375,4.25,9.0,6.125],"rotation":0,"texture":"#0","tintindex":0},"north":{"uv":[4.75,8.3125,5.3125,10.1875],"rotation":0,"texture":"#0","tintindex":0},"west":{"uv":[5.875,8.3125,5.3125,10.1875],"rotation":0,"texture":"#0","tintindex":0},"up":{"uv":[10.1875,5.4375,9.625,4.875],"rotation":0,"texture":"#0","tintindex":0},"down":{"uv":[10.1875,5.4375,9.625,6.0],"rotation":0,"texture":"#0","tintindex":0}}},{"from":[7.246846,-9.1428585,9.8182745],"to":[12.389704,8.0,9.8182745],"rotation":{"angle":45.0,"axis":"y","origin":[9.8182745,-0.57142925,9.8182745]},"faces":{"east":{"uv":[5.3125,8.3125,5.875,10.1875],"rotation":0,"texture":"#0","tintindex":0},"south":{"uv":[8.4375,4.25,9.0,6.125],"rotation":0,"texture":"#0","tintindex":0},"north":{"uv":[9.0,4.25,8.4375,6.125],"rotation":0,"texture":"#0","tintindex":0},"west":{"uv":[5.875,8.3125,5.3125,10.1875],"rotation":0,"texture":"#0","tintindex":0},"up":{"uv":[10.1875,5.4375,9.625,4.875],"rotation":0,"texture":"#0","tintindex":0},"down":{"uv":[10.1875,5.4375,9.625,6.0],"rotation":0,"texture":"#0","tintindex":0}}},{"from":[5.458158,-9.1428585,5.3571424],"to":[10.743873,8.0,10.642858],"rotation":{"angle":45.0,"axis":"y","origin":[8.101015,-0.57142925,8.0]},"faces":{"east":{"uv":[0.625,8.3125,1.21875,10.1875],"rotation":0,"texture":"#0","tintindex":0},"south":{"uv":[1.25,8.3125,1.84375,10.1875],"rotation":0,"texture":"#0","tintindex":0},"north":{"uv":[0.0,8.3125,0.59375,10.1875],"rotation":0,"texture":"#0","tintindex":0},"west":{"uv":[1.875,8.3125,2.46875,10.1875],"rotation":0,"texture":"#0","tintindex":0},"up":{"uv":[9.59375,9.34375,9.0,8.75],"rotation":0,"texture":"#0","tintindex":0},"down":{"uv":[9.59375,9.375,9.0,9.96875],"rotation":0,"texture":"#0","tintindex":0}}}],"display":{"head":{"translation":[0.0,-6.4,0.0],"scale":[4.0,4.0,4.0]}}}