{"textures":{"0":"modelengine:entity/deathangel"},"elements":[{"from":[7.5714283,7.5714283,-5.3561697],"to":[8.428572,8.428572,14.643831],"rotation":{"angle":0.0,"axis":"y","origin":[8.0,8.0,4.6438313]},"faces":{"east":{"uv":[9.75,1.1875,11.9375,1.28125],"rotation":0,"texture":"#0","tintindex":0},"south":{"uv":[0.4375,11.0625,0.53125,11.15625],"rotation":0,"texture":"#0","tintindex":0},"north":{"uv":[11.0625,0.375,11.15625,0.46875],"rotation":0,"texture":"#0","tintindex":0},"west":{"uv":[9.75,1.3125,11.9375,1.40625],"rotation":0,"texture":"#0","tintindex":0},"up":{"uv":[5.96875,10.5,5.875,8.3125],"rotation":0,"texture":"#0","tintindex":0},"down":{"uv":[9.90625,8.75,9.8125,10.9375],"rotation":0,"texture":"#0","tintindex":0}}},{"from":[7.5714283,8.960201,-12.338001],"to":[8.428572,9.817344,-4.9094286],"rotation":{"angle":22.5,"axis":"x","origin":[8.0,9.388773,-8.623714]},"faces":{"east":{"uv":[10.4375,1.0625,11.25,1.15625],"rotation":0,"texture":"#0","tintindex":0},"south":{"uv":[0.5625,11.0625,0.65625,11.15625],"rotation":0,"texture":"#0","tintindex":0},"north":{"uv":[11.0625,0.5,11.15625,0.59375],"rotation":0,"texture":"#0","tintindex":0},"west":{"uv":[10.4375,4.375,11.25,4.46875],"rotation":0,"texture":"#0","tintindex":0},"up":{"uv":[9.21875,11.3125,9.125,10.5],"rotation":0,"texture":"#0","tintindex":0},"down":{"uv":[6.96875,10.5625,6.875,11.375],"rotation":0,"texture":"#0","tintindex":0}}},{"from":[7.285714,9.369826,-12.967678],"to":[8.714286,11.941256,-10.39625],"rotation":{"angle":-22.5,"axis":"x","origin":[8.0,10.65554,-11.681965]},"faces":{"east":{"uv":[10.5625,2.1875,10.84375,2.46875],"rotation":0,"texture":"#0","tintindex":0},"south":{"uv":[10.875,2.125,11.03125,2.40625],"rotation":0,"texture":"#0","tintindex":0},"north":{"uv":[2.0625,10.875,2.21875,11.15625],"rotation":0,"texture":"#0","tintindex":0},"west":{"uv":[10.5625,2.5,10.84375,2.78125],"rotation":0,"texture":"#0","tintindex":0},"up":{"uv":[2.40625,11.15625,2.25,10.875],"rotation":0,"texture":"#0","tintindex":0},"down":{"uv":[2.59375,10.875,2.4375,11.15625],"rotation":0,"texture":"#0","tintindex":0}}},{"from":[7.5714283,6.88659,-13.467882],"to":[8.428572,10.600876,-12.610739],"rotation":{"angle":22.5,"axis":"x","origin":[8.0,8.743732,-13.03931]},"faces":{"east":{"uv":[4.375,10.875,4.46875,11.28125],"rotation":0,"texture":"#0","tintindex":0},"south":{"uv":[4.5,10.875,4.59375,11.28125],"rotation":0,"texture":"#0","tintindex":0},"north":{"uv":[2.625,10.875,2.71875,11.28125],"rotation":0,"texture":"#0","tintindex":0},"west":{"uv":[4.875,10.875,4.96875,11.28125],"rotation":0,"texture":"#0","tintindex":0},"up":{"uv":[11.15625,0.71875,11.0625,0.625],"rotation":0,"texture":"#0","tintindex":0},"down":{"uv":[0.78125,11.0625,0.6875,11.15625],"rotation":0,"texture":"#0","tintindex":0}}},{"from":[7.0,9.65554,-12.681965],"to":[9.0,11.65554,-10.681965],"rotation":{"angle":-22.5,"axis":"x","origin":[8.0,10.65554,-11.681965]},"faces":{"east":{"uv":[10.6875,9.875,10.90625,10.09375],"rotation":0,"texture":"#0","tintindex":0},"south":{"uv":[9.9375,10.6875,10.15625,10.90625],"rotation":0,"texture":"#0","tintindex":0},"north":{"uv":[10.6875,9.625,10.90625,9.84375],"rotation":0,"texture":"#0","tintindex":0},"west":{"uv":[10.375,10.6875,10.59375,10.90625],"rotation":0,"texture":"#0","tintindex":0},"up":{"uv":[10.96875,5.15625,10.75,4.9375],"rotation":0,"texture":"#0","tintindex":0},"down":{"uv":[10.96875,5.1875,10.75,5.40625],"rotation":0,"texture":"#0","tintindex":0}}},{"from":[7.285714,7.285714,13.668343],"to":[8.714286,8.714286,15.096913],"rotation":{"angle":-45.0,"axis":"x","origin":[8.0,8.0,14.3826275]},"faces":{"east":{"uv":[6.25,10.875,6.40625,11.03125],"rotation":0,"texture":"#0","tintindex":0},"south":{"uv":[6.4375,10.875,6.59375,11.03125],"rotation":0,"texture":"#0","tintindex":0},"north":{"uv":[6.0625,10.875,6.21875,11.03125],"rotation":0,"texture":"#0","tintindex":0},"west":{"uv":[6.625,10.875,6.78125,11.03125],"rotation":0,"texture":"#0","tintindex":0},"up":{"uv":[11.03125,6.96875,10.875,6.8125],"rotation":0,"texture":"#0","tintindex":0},"down":{"uv":[11.03125,7.0,10.875,7.15625],"rotation":0,"texture":"#0","tintindex":0}}},{"from":[8.0,4.714286,14.733463],"to":[8.0,11.285714,21.304892],"rotation":{"angle":-45.0,"axis":"x","origin":[8.0,8.0,18.019176]},"faces":{"east":{"uv":[9.71875,0.75,9.0,1.46875],"rotation":0,"texture":"#0","tintindex":0},"south":{"uv":[0.0,0.0,0.0,0.71875],"rotation":0,"texture":"#0","tintindex":0},"north":{"uv":[0.0,0.0,0.0,0.71875],"rotation":0,"texture":"#0","tintindex":0},"west":{"uv":[9.0,0.75,9.71875,1.46875],"rotation":0,"texture":"#0","tintindex":0},"up":{"uv":[0.0,0.71875,0.0,0.0],"rotation":0,"texture":"#0","tintindex":0},"down":{"uv":[0.0,0.0,0.0,0.71875],"rotation":0,"texture":"#0","tintindex":0}}},{"from":[8.0,-9.749491,-16.0],"to":[8.0,11.679081,-8.857143],"rotation":{"angle":0.0,"axis":"y","origin":[8.0,0.9647956,-12.42857]},"faces":{"east":{"uv":[7.78125,6.625,7.0,8.96875],"rotation":0,"texture":"#0","tintindex":0},"south":{"uv":[0.0,0.0,0.0,2.34375],"rotation":0,"texture":"#0","tintindex":0},"north":{"uv":[0.0,0.0,0.0,2.34375],"rotation":0,"texture":"#0","tintindex":0},"west":{"uv":[7.0,6.625,7.78125,8.96875],"rotation":0,"texture":"#0","tintindex":0},"up":{"uv":[0.0,0.78125,0.0,0.0],"rotation":0,"texture":"#0","tintindex":0},"down":{"uv":[0.0,0.0,0.0,0.78125],"rotation":0,"texture":"#0","tintindex":0}}},{"from":[8.0,10.409316,-11.917793],"to":[8.0,16.980745,-8.203508],"rotation":{"angle":22.5,"axis":"x","origin":[8.0,13.69503,-10.06065]},"faces":{"east":{"uv":[9.625,6.0,10.03125,6.71875],"rotation":0,"texture":"#0","tintindex":0},"south":{"uv":[0.0,0.0,0.0,0.71875],"rotation":0,"texture":"#0","tintindex":0},"north":{"uv":[0.0,0.0,0.0,0.71875],"rotation":0,"texture":"#0","tintindex":0},"west":{"uv":[6.625,9.625,7.03125,10.34375],"rotation":0,"texture":"#0","tintindex":0},"up":{"uv":[0.0,0.40625,0.0,0.0],"rotation":0,"texture":"#0","tintindex":0},"down":{"uv":[0.0,0.0,0.0,0.40625],"rotation":0,"texture":"#0","tintindex":0}}}],"display":{"head":{"translation":[0.0,-6.4,-2.575325],"scale":[4.0,4.0,4.0]}}}