{"textures":{"0":"modelengine:entity/deathangel"},"elements":[{"from":[4.5714264,7.714286,7.6857142],"to":[19.142857,8.285714,8.257143],"rotation":{"angle":0.0,"axis":"y","origin":[11.8571415,8.0,7.9714284]},"faces":{"east":{"uv":[11.125,7.5,11.1875,7.5625],"rotation":0,"texture":"#0","tintindex":0},"south":{"uv":[10.1875,4.75,11.78125,4.8125],"rotation":0,"texture":"#0","tintindex":0},"north":{"uv":[10.1875,4.6875,11.78125,4.75],"rotation":0,"texture":"#0","tintindex":0},"west":{"uv":[11.125,7.5625,11.1875,7.625],"rotation":0,"texture":"#0","tintindex":0},"up":{"uv":[11.78125,4.875,10.1875,4.8125],"rotation":0,"texture":"#0","tintindex":0},"down":{"uv":[11.78125,4.875,10.1875,4.9375],"rotation":0,"texture":"#0","tintindex":0}}},{"from":[4.5714264,-9.428572,7.9714284],"to":[32.0,10.0,7.9714284],"rotation":{"angle":0.0,"axis":"y","origin":[18.285713,0.28571415,7.9714284]},"faces":{"east":{"uv":[0.0,0.0,0.0,2.125],"rotation":0,"texture":"#0","tintindex":0},"south":{"uv":[3.0,4.25,6.0,6.375],"rotation":0,"texture":"#0","tintindex":0},"north":{"uv":[0.0,4.25,3.0,6.375],"rotation":0,"texture":"#0","tintindex":0},"west":{"uv":[0.0,0.0,0.0,2.125],"rotation":0,"texture":"#0","tintindex":0},"up":{"uv":[3.0,0.0,0.0,0.0],"rotation":0,"texture":"#0","tintindex":0},"down":{"uv":[3.0,0.0,0.0,0.0],"rotation":0,"texture":"#0","tintindex":0}}},{"from":[4.5714264,-9.428572,7.9428573],"to":[32.0,10.0,8.0],"rotation":{"angle":0.0,"axis":"y","origin":[18.285713,0.28571415,7.9714284]},"faces":{"east":{"uv":[2.75,10.5,2.78125,12.625],"rotation":0,"texture":"#0","tintindex":0},"south":{"uv":[6.0,2.125,9.0,4.25],"rotation":0,"texture":"#0","tintindex":0},"north":{"uv":[6.0,0.0,9.0,2.125],"rotation":0,"texture":"#0","tintindex":0},"west":{"uv":[8.0,10.5625,8.03125,12.6875],"rotation":0,"texture":"#0","tintindex":0},"up":{"uv":[13.3125,8.71875,10.3125,8.6875],"rotation":0,"texture":"#0","tintindex":0},"down":{"uv":[13.375,6.75,10.375,6.78125],"rotation":0,"texture":"#0","tintindex":0}}}],"display":{"head":{"translation":[13.714294,-6.4,0.0],"scale":[4.0,4.0,4.0]}}}