{"textures":{"0":"modelengine:entity/deathangel"},"elements":[{"from":[-3.1428556,7.714286,7.6857142],"to":[11.428574,8.285714,8.257143],"rotation":{"angle":0.0,"axis":"y","origin":[4.142859,8.0,7.9714284]},"faces":{"east":{"uv":[11.125,6.5,11.1875,6.5625],"rotation":0,"texture":"#0","tintindex":0},"south":{"uv":[10.1875,4.5,11.78125,4.5625],"rotation":0,"texture":"#0","tintindex":0},"north":{"uv":[4.1875,10.1875,5.78125,10.25],"rotation":0,"texture":"#0","tintindex":0},"west":{"uv":[7.4375,11.125,7.5,11.1875],"rotation":0,"texture":"#0","tintindex":0},"up":{"uv":[11.78125,4.625,10.1875,4.5625],"rotation":0,"texture":"#0","tintindex":0},"down":{"uv":[11.78125,4.625,10.1875,4.6875],"rotation":0,"texture":"#0","tintindex":0}}},{"from":[-16.0,-9.428572,7.9714284],"to":[11.428574,10.0,7.9714284],"rotation":{"angle":0.0,"axis":"y","origin":[-2.2857132,0.28571415,7.9714284]},"faces":{"east":{"uv":[0.0,0.0,0.0,2.125],"rotation":0,"texture":"#0","tintindex":0},"south":{"uv":[0.0,2.125,3.0,4.25],"rotation":0,"texture":"#0","tintindex":0},"north":{"uv":[0.0,0.0,3.0,2.125],"rotation":0,"texture":"#0","tintindex":0},"west":{"uv":[0.0,0.0,0.0,2.125],"rotation":0,"texture":"#0","tintindex":0},"up":{"uv":[3.0,0.0,0.0,0.0],"rotation":0,"texture":"#0","tintindex":0},"down":{"uv":[3.0,0.0,0.0,0.0],"rotation":0,"texture":"#0","tintindex":0}}},{"from":[-16.0,-9.428572,7.9428573],"to":[11.428574,10.0,8.0],"rotation":{"angle":0.0,"axis":"y","origin":[-2.2857132,0.28571415,7.9714284]},"faces":{"east":{"uv":[9.75,10.125,9.78125,12.25],"rotation":0,"texture":"#0","tintindex":0},"south":{"uv":[3.0,2.125,6.0,4.25],"rotation":0,"texture":"#0","tintindex":0},"north":{"uv":[3.0,0.0,6.0,2.125],"rotation":0,"texture":"#0","tintindex":0},"west":{"uv":[7.0,10.375,7.03125,12.5],"rotation":0,"texture":"#0","tintindex":0},"up":{"uv":[13.1875,5.90625,10.1875,5.875],"rotation":0,"texture":"#0","tintindex":0},"down":{"uv":[13.1875,5.9375,10.1875,5.96875],"rotation":0,"texture":"#0","tintindex":0}}}],"display":{"head":{"translation":[-13.714294,-6.4,0.0],"scale":[4.0,4.0,4.0]}}}