{"textures":{"0":"modelengine:entity/deathangel"},"elements":[{"from":[4.1522408,6.6632047,7.428571],"to":[8.152241,7.8060617,8.571428],"rotation":{"angle":22.5,"axis":"z","origin":[6.1522408,7.234633,8.0]},"faces":{"east":{"uv":[8.875,9.875,9.0,10.0],"rotation":0,"texture":"#0","tintindex":0},"south":{"uv":[10.625,9.0,11.0625,9.125],"rotation":0,"texture":"#0","tintindex":0},"north":{"uv":[10.5625,6.625,11.0,6.75],"rotation":0,"texture":"#0","tintindex":0},"west":{"uv":[9.5,10.0,9.625,10.125],"rotation":0,"texture":"#0","tintindex":0},"up":{"uv":[11.0625,10.375,10.625,10.25],"rotation":0,"texture":"#0","tintindex":0},"down":{"uv":[11.0625,10.375,10.625,10.5],"rotation":0,"texture":"#0","tintindex":0}}},{"from":[2.4884458,6.3460646,7.5714283],"to":[4.77416,7.2032075,8.428572],"rotation":{"angle":-22.5,"axis":"z","origin":[3.6313028,6.774636,8.0]},"faces":{"east":{"uv":[11.0625,0.75,11.15625,0.84375],"rotation":0,"texture":"#0","tintindex":0},"south":{"uv":[1.25,10.9375,1.5,11.03125],"rotation":0,"texture":"#0","tintindex":0},"north":{"uv":[1.0,10.9375,1.25,11.03125],"rotation":0,"texture":"#0","tintindex":0},"west":{"uv":[0.8125,11.0625,0.90625,11.15625],"rotation":0,"texture":"#0","tintindex":0},"up":{"uv":[3.0625,11.03125,2.8125,10.9375],"rotation":0,"texture":"#0","tintindex":0},"down":{"uv":[3.3125,10.9375,3.0625,11.03125],"rotation":0,"texture":"#0","tintindex":0}}},{"from":[1.9414577,6.893052,7.5857143],"to":[2.7986007,9.178767,8.414286],"rotation":{"angle":22.5,"axis":"z","origin":[2.370029,8.03591,8.0]},"faces":{"east":{"uv":[3.4375,10.9375,3.53125,11.1875],"rotation":0,"texture":"#0","tintindex":0},"south":{"uv":[3.5625,10.9375,3.65625,11.1875],"rotation":0,"texture":"#0","tintindex":0},"north":{"uv":[3.3125,10.9375,3.40625,11.1875],"rotation":0,"texture":"#0","tintindex":0},"west":{"uv":[3.6875,10.9375,3.78125,11.1875],"rotation":0,"texture":"#0","tintindex":0},"up":{"uv":[11.15625,0.96875,11.0625,0.875],"rotation":0,"texture":"#0","tintindex":0},"down":{"uv":[1.03125,11.0625,0.9375,11.15625],"rotation":0,"texture":"#0","tintindex":0}}},{"from":[1.9414577,8.676763,7.542857],"to":[2.7986007,10.962477,8.4],"rotation":{"angle":-22.5,"axis":"z","origin":[2.370029,9.81962,7.9714284]},"faces":{"east":{"uv":[3.9375,10.9375,4.03125,11.1875],"rotation":0,"texture":"#0","tintindex":0},"south":{"uv":[4.0625,10.9375,4.15625,11.1875],"rotation":0,"texture":"#0","tintindex":0},"north":{"uv":[3.8125,10.9375,3.90625,11.1875],"rotation":0,"texture":"#0","tintindex":0},"west":{"uv":[10.9375,6.0,11.03125,6.25],"rotation":0,"texture":"#0","tintindex":0},"up":{"uv":[1.15625,11.15625,1.0625,11.0625],"rotation":0,"texture":"#0","tintindex":0},"down":{"uv":[1.28125,11.0625,1.1875,11.15625],"rotation":0,"texture":"#0","tintindex":0}}},{"from":[2.4114332,-6.674797,7.9714284],"to":[11.554291,11.03949,7.9714284],"rotation":{"angle":0.0,"axis":"y","origin":[6.982862,2.1823459,7.9714284]},"faces":{"east":{"uv":[0.0,0.0,0.0,1.9375],"rotation":0,"texture":"#0","tintindex":0},"south":{"uv":[6.0,6.1875,7.0,8.125],"rotation":0,"texture":"#0","tintindex":0},"north":{"uv":[6.0,4.25,7.0,6.1875],"rotation":0,"texture":"#0","tintindex":0},"west":{"uv":[0.0,0.0,0.0,1.9375],"rotation":0,"texture":"#0","tintindex":0},"up":{"uv":[1.0,0.0,0.0,0.0],"rotation":0,"texture":"#0","tintindex":0},"down":{"uv":[1.0,0.0,0.0,0.0],"rotation":0,"texture":"#0","tintindex":0}}},{"from":[2.4114332,-6.674797,7.9428573],"to":[11.554291,11.03949,8.0],"rotation":{"angle":0.0,"axis":"y","origin":[6.982862,2.1823459,7.9714284]},"faces":{"east":{"uv":[8.3125,10.5625,8.34375,12.5],"rotation":0,"texture":"#0","tintindex":0},"south":{"uv":[1.0,6.375,2.0,8.3125],"rotation":0,"texture":"#0","tintindex":0},"north":{"uv":[0.0,6.375,1.0,8.3125],"rotation":0,"texture":"#0","tintindex":0},"west":{"uv":[4.6875,10.625,4.71875,12.5625],"rotation":0,"texture":"#0","tintindex":0},"up":{"uv":[11.6875,7.46875,10.6875,7.4375],"rotation":0,"texture":"#0","tintindex":0},"down":{"uv":[11.6875,10.125,10.6875,10.15625],"rotation":0,"texture":"#0","tintindex":0}}}],"display":{"head":{"translation":[0.0,-6.4,0.0],"scale":[4.0,4.0,4.0]}}}