{"textures":{"0":"modelengine:entity/deathangel"},"elements":[{"from":[7.8477592,6.6632047,7.428571],"to":[11.847759,7.8060617,8.571428],"rotation":{"angle":-22.5,"axis":"z","origin":[9.847759,7.234633,8.0]},"faces":{"east":{"uv":[10.4375,0.9375,10.5625,1.0625],"rotation":0,"texture":"#0","tintindex":0},"south":{"uv":[10.625,10.625,11.0625,10.75],"rotation":0,"texture":"#0","tintindex":0},"north":{"uv":[10.625,10.5,11.0625,10.625],"rotation":0,"texture":"#0","tintindex":0},"west":{"uv":[11.0,3.5625,11.125,3.6875],"rotation":0,"texture":"#0","tintindex":0},"up":{"uv":[11.125,4.0625,10.6875,3.9375],"rotation":0,"texture":"#0","tintindex":0},"down":{"uv":[11.125,4.0625,10.6875,4.1875],"rotation":0,"texture":"#0","tintindex":0}}},{"from":[11.22584,6.3460646,7.5714283],"to":[13.511555,7.2032075,8.428572],"rotation":{"angle":22.5,"axis":"z","origin":[12.368697,6.774636,8.0]},"faces":{"east":{"uv":[1.3125,11.0625,1.40625,11.15625],"rotation":0,"texture":"#0","tintindex":0},"south":{"uv":[10.9375,6.25,11.1875,6.34375],"rotation":0,"texture":"#0","tintindex":0},"north":{"uv":[10.9375,3.75,11.1875,3.84375],"rotation":0,"texture":"#0","tintindex":0},"west":{"uv":[11.0625,1.8125,11.15625,1.90625],"rotation":0,"texture":"#0","tintindex":0},"up":{"uv":[11.1875,7.28125,10.9375,7.1875],"rotation":0,"texture":"#0","tintindex":0},"down":{"uv":[11.1875,7.3125,10.9375,7.40625],"rotation":0,"texture":"#0","tintindex":0}}},{"from":[13.201399,6.893052,7.5857143],"to":[14.058542,9.178767,8.414286],"rotation":{"angle":-22.5,"axis":"z","origin":[13.629971,8.03591,8.0]},"faces":{"east":{"uv":[10.9375,8.0,11.03125,8.25],"rotation":0,"texture":"#0","tintindex":0},"south":{"uv":[10.9375,8.25,11.03125,8.5],"rotation":0,"texture":"#0","tintindex":0},"north":{"uv":[10.9375,7.75,11.03125,8.0],"rotation":0,"texture":"#0","tintindex":0},"west":{"uv":[8.375,10.9375,8.46875,11.1875],"rotation":0,"texture":"#0","tintindex":0},"up":{"uv":[11.15625,2.03125,11.0625,1.9375],"rotation":0,"texture":"#0","tintindex":0},"down":{"uv":[11.15625,2.0625,11.0625,2.15625],"rotation":0,"texture":"#0","tintindex":0}}},{"from":[13.201399,8.676763,7.542857],"to":[14.058542,10.962477,8.4],"rotation":{"angle":22.5,"axis":"z","origin":[13.629971,9.81962,7.9714284]},"faces":{"east":{"uv":[8.625,10.9375,8.71875,11.1875],"rotation":0,"texture":"#0","tintindex":0},"south":{"uv":[8.75,10.9375,8.84375,11.1875],"rotation":0,"texture":"#0","tintindex":0},"north":{"uv":[8.5,10.9375,8.59375,11.1875],"rotation":0,"texture":"#0","tintindex":0},"west":{"uv":[10.9375,9.125,11.03125,9.375],"rotation":0,"texture":"#0","tintindex":0},"up":{"uv":[11.15625,2.28125,11.0625,2.1875],"rotation":0,"texture":"#0","tintindex":0},"down":{"uv":[11.15625,2.3125,11.0625,2.40625],"rotation":0,"texture":"#0","tintindex":0}}},{"from":[4.445709,-6.674797,7.9714284],"to":[13.588567,11.03949,7.9714284],"rotation":{"angle":0.0,"axis":"y","origin":[9.017138,2.1823459,7.9714284]},"faces":{"east":{"uv":[0.0,0.0,0.0,1.9375],"rotation":0,"texture":"#0","tintindex":0},"south":{"uv":[3.0,6.375,4.0,8.3125],"rotation":0,"texture":"#0","tintindex":0},"north":{"uv":[2.0,6.375,3.0,8.3125],"rotation":0,"texture":"#0","tintindex":0},"west":{"uv":[0.0,0.0,0.0,1.9375],"rotation":0,"texture":"#0","tintindex":0},"up":{"uv":[1.0,0.0,0.0,0.0],"rotation":0,"texture":"#0","tintindex":0},"down":{"uv":[1.0,0.0,0.0,0.0],"rotation":0,"texture":"#0","tintindex":0}}},{"from":[4.445709,-6.674797,7.9428573],"to":[13.588567,11.03949,8.0],"rotation":{"angle":0.0,"axis":"y","origin":[9.017138,2.1823459,7.9714284]},"faces":{"east":{"uv":[4.75,10.625,4.78125,12.5625],"rotation":0,"texture":"#0","tintindex":0},"south":{"uv":[5.0,6.375,6.0,8.3125],"rotation":0,"texture":"#0","tintindex":0},"north":{"uv":[4.0,6.375,5.0,8.3125],"rotation":0,"texture":"#0","tintindex":0},"west":{"uv":[4.8125,10.625,4.84375,12.5625],"rotation":0,"texture":"#0","tintindex":0},"up":{"uv":[11.6875,10.21875,10.6875,10.1875],"rotation":0,"texture":"#0","tintindex":0},"down":{"uv":[11.8125,6.5625,10.8125,6.59375],"rotation":0,"texture":"#0","tintindex":0}}}],"display":{"head":{"translation":[0.0,-6.4,0.0],"scale":[4.0,4.0,4.0]}}}