{"textures":{"0":"modelengine:entity/minotaur"},"elements":[{"from":[6.96,7.12,1.6800013],"to":[8.56,8.72,2.7200012],"rotation":{"angle":0.0,"axis":"y","origin":[8.0,8.0,16.560001]},"faces":{"east":{"uv":[11.875,14.0625,12.0625,14.3125],"rotation":0,"texture":"#0","tintindex":0},"south":{"uv":[1.0,14.0625,1.25,14.3125],"rotation":0,"texture":"#0","tintindex":0},"north":{"uv":[14.0625,0.5625,14.3125,0.8125],"rotation":0,"texture":"#0","tintindex":0},"west":{"uv":[14.0625,14.0625,14.25,14.3125],"rotation":0,"texture":"#0","tintindex":0},"up":{"uv":[0.5,14.3125,0.25,14.125],"rotation":0,"texture":"#0","tintindex":0},"down":{"uv":[0.75,14.125,0.5,14.3125],"rotation":0,"texture":"#0","tintindex":0}}},{"from":[6.96,7.12,-3.9199991],"to":[8.56,8.72,-2.8799982],"rotation":{"angle":0.0,"axis":"y","origin":[8.0,8.0,16.560001]},"faces":{"east":{"uv":[0.75,14.125,0.9375,14.375],"rotation":0,"texture":"#0","tintindex":0},"south":{"uv":[14.0625,1.625,14.3125,1.875],"rotation":0,"texture":"#0","tintindex":0},"north":{"uv":[14.0625,1.375,14.3125,1.625],"rotation":0,"texture":"#0","tintindex":0},"west":{"uv":[1.25,14.125,1.4375,14.375],"rotation":0,"texture":"#0","tintindex":0},"up":{"uv":[14.375,2.0625,14.125,1.875],"rotation":0,"texture":"#0","tintindex":0},"down":{"uv":[14.375,2.0625,14.125,2.25],"rotation":0,"texture":"#0","tintindex":0}}},{"from":[6.96,7.12,23.920002],"to":[8.56,8.72,24.960003],"rotation":{"angle":0.0,"axis":"y","origin":[8.0,8.0,16.560001]},"faces":{"east":{"uv":[14.125,2.25,14.3125,2.5],"rotation":0,"texture":"#0","tintindex":0},"south":{"uv":[2.4375,14.0625,2.6875,14.3125],"rotation":0,"texture":"#0","tintindex":0},"north":{"uv":[1.75,14.0625,2.0,14.3125],"rotation":0,"texture":"#0","tintindex":0},"west":{"uv":[2.6875,14.125,2.875,14.375],"rotation":0,"texture":"#0","tintindex":0},"up":{"uv":[3.125,14.3125,2.875,14.125],"rotation":0,"texture":"#0","tintindex":0},"down":{"uv":[14.375,2.9375,14.125,3.125],"rotation":0,"texture":"#0","tintindex":0}}},{"from":[6.64,6.72,-13.279999],"to":[9.04,8.96,-5.2],"rotation":{"angle":0.0,"axis":"y","origin":[8.0,8.0,10.560001]},"faces":{"east":{"uv":[8.3125,6.125,9.5625,6.5],"rotation":0,"texture":"#0","tintindex":0},"south":{"uv":[12.8125,12.8125,13.1875,13.1875],"rotation":0,"texture":"#0","tintindex":0},"north":{"uv":[12.4375,12.8125,12.8125,13.1875],"rotation":0,"texture":"#0","tintindex":0},"west":{"uv":[8.3125,6.5,9.5625,6.875],"rotation":0,"texture":"#0","tintindex":0},"up":{"uv":[8.8125,4.375,8.4375,3.125],"rotation":0,"texture":"#0","tintindex":0},"down":{"uv":[2.8125,8.5,2.4375,9.75],"rotation":0,"texture":"#0","tintindex":0}}},{"from":[5.4399996,7.04,-12.639999],"to":[10.24,8.64,-6.159998],"rotation":{"angle":0.0,"axis":"y","origin":[8.0,8.0,10.560001]},"faces":{"east":{"uv":[2.75,2.0625,3.75,2.3125],"rotation":0,"texture":"#0","tintindex":0},"south":{"uv":[12.25,7.25,13.0,7.5],"rotation":0,"texture":"#0","tintindex":0},"north":{"uv":[8.8125,5.8125,9.5625,6.0625],"rotation":0,"texture":"#0","tintindex":0},"west":{"uv":[6.625,2.5,7.625,2.75],"rotation":0,"texture":"#0","tintindex":0},"up":{"uv":[3.1875,6.5,2.4375,5.5],"rotation":0,"texture":"#0","tintindex":0},"down":{"uv":[2.25,6.0625,1.5,7.0625],"rotation":0,"texture":"#0","tintindex":0}}},{"from":[4.4799995,7.04,-11.679998],"to":[5.4399996,8.64,-7.119999],"rotation":{"angle":0.0,"axis":"y","origin":[8.64,8.0,10.560001]},"faces":{"east":{"uv":[12.4375,3.9375,13.125,4.1875],"rotation":0,"texture":"#0","tintindex":0},"south":{"uv":[5.1875,14.1875,5.3125,14.4375],"rotation":0,"texture":"#0","tintindex":0},"north":{"uv":[14.1875,5.0625,14.3125,5.3125],"rotation":0,"texture":"#0","tintindex":0},"west":{"uv":[12.5,9.4375,13.1875,9.6875],"rotation":0,"texture":"#0","tintindex":0},"up":{"uv":[9.0625,14.375,8.9375,13.6875],"rotation":0,"texture":"#0","tintindex":0},"down":{"uv":[13.875,6.3125,13.75,7.0],"rotation":0,"texture":"#0","tintindex":0}}},{"from":[2.2400002,6.72,-12.24],"to":[4.4799995,8.96,-6.5599995],"rotation":{"angle":0.0,"axis":"y","origin":[8.64,8.0,10.560001]},"faces":{"east":{"uv":[10.0625,6.5,10.9375,6.875],"rotation":0,"texture":"#0","tintindex":0},"south":{"uv":[12.9375,2.1875,13.3125,2.5625],"rotation":0,"texture":"#0","tintindex":0},"north":{"uv":[0.4375,12.9375,0.8125,13.3125],"rotation":0,"texture":"#0","tintindex":0},"west":{"uv":[4.75,10.1875,5.625,10.5625],"rotation":0,"texture":"#0","tintindex":0},"up":{"uv":[7.5,11.0625,7.125,10.1875],"rotation":0,"texture":"#0","tintindex":0},"down":{"uv":[7.875,10.1875,7.5,11.0625],"rotation":0,"texture":"#0","tintindex":0}}},{"from":[0.0,7.28,-13.039999],"to":[2.2400002,8.48,-5.7599983],"rotation":{"angle":0.0,"axis":"y","origin":[8.64,8.0,10.560001]},"faces":{"east":{"uv":[12.0,10.9375,13.125,11.125],"rotation":0,"texture":"#0","tintindex":0},"south":{"uv":[13.875,9.5,14.25,9.6875],"rotation":0,"texture":"#0","tintindex":0},"north":{"uv":[13.875,9.3125,14.25,9.5],"rotation":0,"texture":"#0","tintindex":0},"west":{"uv":[11.4375,12.0,12.5625,12.1875],"rotation":0,"texture":"#0","tintindex":0},"up":{"uv":[3.375,7.625,3.0,6.5],"rotation":0,"texture":"#0","tintindex":0},"down":{"uv":[0.9375,8.8125,0.5625,9.9375],"rotation":0,"texture":"#0","tintindex":0}}},{"from":[-1.3599997,7.36,-6.7199993],"to":[0.8800001,8.4,-2.7199993],"rotation":{"angle":22.5,"axis":"y","origin":[1.5999999,7.36,-10.24]},"faces":{"east":{"uv":[9.3125,2.25,9.9375,2.4375],"rotation":0,"texture":"#0","tintindex":0},"south":{"uv":[13.875,9.6875,14.25,9.875],"rotation":0,"texture":"#0","tintindex":0},"north":{"uv":[9.6875,13.875,10.0625,14.0625],"rotation":0,"texture":"#0","tintindex":0},"west":{"uv":[13.1875,1.9375,13.8125,2.125],"rotation":0,"texture":"#0","tintindex":0},"up":{"uv":[2.75,1.3125,2.375,0.6875],"rotation":0,"texture":"#0","tintindex":0},"down":{"uv":[7.3125,11.625,6.9375,12.25],"rotation":0,"texture":"#0","tintindex":0}}},{"from":[-0.5600004,7.36,-16.0],"to":[1.6799998,8.4,-12.0],"rotation":{"angle":-22.5,"axis":"y","origin":[1.5999999,7.36,-10.24]},"faces":{"east":{"uv":[0.3125,13.3125,0.9375,13.5],"rotation":0,"texture":"#0","tintindex":0},"south":{"uv":[10.5625,13.875,10.9375,14.0625],"rotation":0,"texture":"#0","tintindex":0},"north":{"uv":[13.875,9.875,14.25,10.0625],"rotation":0,"texture":"#0","tintindex":0},"west":{"uv":[0.9375,13.3125,1.5625,13.5],"rotation":0,"texture":"#0","tintindex":0},"up":{"uv":[7.6875,12.25,7.3125,11.625],"rotation":0,"texture":"#0","tintindex":0},"down":{"uv":[8.0625,11.625,7.6875,12.25],"rotation":0,"texture":"#0","tintindex":0}}},{"from":[10.24,7.04,-11.679998],"to":[11.2,8.64,-7.119999],"rotation":{"angle":0.0,"axis":"y","origin":[7.04,8.0,10.560001]},"faces":{"east":{"uv":[12.5,9.6875,13.1875,9.9375],"rotation":0,"texture":"#0","tintindex":0},"south":{"uv":[14.1875,5.5625,14.3125,5.8125],"rotation":0,"texture":"#0","tintindex":0},"north":{"uv":[14.1875,5.3125,14.3125,5.5625],"rotation":0,"texture":"#0","tintindex":0},"west":{"uv":[12.5625,6.0625,13.25,6.3125],"rotation":0,"texture":"#0","tintindex":0},"up":{"uv":[6.75,14.4375,6.625,13.75],"rotation":0,"texture":"#0","tintindex":0},"down":{"uv":[6.875,13.75,6.75,14.4375],"rotation":0,"texture":"#0","tintindex":0}}},{"from":[11.2,6.72,-12.24],"to":[13.440001,8.96,-6.5599995],"rotation":{"angle":0.0,"axis":"y","origin":[7.04,8.0,10.560001]},"faces":{"east":{"uv":[7.875,10.1875,8.75,10.5625],"rotation":0,"texture":"#0","tintindex":0},"south":{"uv":[5.875,12.9375,6.25,13.3125],"rotation":0,"texture":"#0","tintindex":0},"north":{"uv":[5.5,12.9375,5.875,13.3125],"rotation":0,"texture":"#0","tintindex":0},"west":{"uv":[10.25,8.5,11.125,8.875],"rotation":0,"texture":"#0","tintindex":0},"up":{"uv":[9.125,11.0625,8.75,10.1875],"rotation":0,"texture":"#0","tintindex":0},"down":{"uv":[9.5,10.1875,9.125,11.0625],"rotation":0,"texture":"#0","tintindex":0}}},{"from":[13.440001,7.28,-13.039999],"to":[15.68,8.48,-5.7599983],"rotation":{"angle":0.0,"axis":"y","origin":[7.04,8.0,10.560001]},"faces":{"east":{"uv":[12.0625,1.5,13.1875,1.6875],