{"textures":{"0":"modelengine:entity/minotaur"},"elements":[{"from":[2.3571424,6.285714,2.8571424],"to":[13.642858,8.0,11.571428],"rotation":{"angle":0.0,"axis":"y","origin":[8.071428,8.0,8.0]},"faces":{"east":{"uv":[12.375,8.5625,13.3125,8.75],"rotation":0,"texture":"#0","tintindex":0},"south":{"uv":[11.375,0.5,12.625,0.6875],"rotation":0,"texture":"#0","tintindex":0},"north":{"uv":[8.75,2.75,10.0,2.9375],"rotation":0,"texture":"#0","tintindex":0},"west":{"uv":[12.375,8.75,13.3125,8.9375],"rotation":0,"texture":"#0","tintindex":0},"up":{"uv":[1.25,4.625,0.0,3.6875],"rotation":0,"texture":"#0","tintindex":0},"down":{"uv":[2.5,3.6875,1.25,4.625],"rotation":0,"texture":"#0","tintindex":0}}},{"from":[1.7142854,4.142857,3.2857141],"to":[14.285715,6.857143,12.285715],"rotation":{"angle":0.0,"axis":"y","origin":[8.0,8.0,8.0]},"faces":{"east":{"uv":[10.625,3.4375,11.625,3.75],"rotation":0,"texture":"#0","tintindex":0},"south":{"uv":[8.75,2.4375,10.125,2.75],"rotation":0,"texture":"#0","tintindex":0},"north":{"uv":[8.4375,4.375,9.8125,4.6875],"rotation":0,"texture":"#0","tintindex":0},"west":{"uv":[10.625,3.75,11.625,4.0625],"rotation":0,"texture":"#0","tintindex":0},"up":{"uv":[1.375,2.3125,0.0,1.3125],"rotation":0,"texture":"#0","tintindex":0},"down":{"uv":[2.75,1.3125,1.375,2.3125],"rotation":0,"texture":"#0","tintindex":0}}},{"from":[3.7142854,1.1428566,3.2857141],"to":[12.285715,4.142857,13.714286],"rotation":{"angle":0.0,"axis":"y","origin":[8.428572,8.0,8.0]},"faces":{"east":{"uv":[9.8125,0.9375,10.9375,1.25],"rotation":0,"texture":"#0","tintindex":0},"south":{"uv":[10.75,5.25,11.6875,5.5625],"rotation":0,"texture":"#0","tintindex":0},"north":{"uv":[10.625,4.0625,11.5625,4.375],"rotation":0,"texture":"#0","tintindex":0},"west":{"uv":[9.8125,4.375,10.9375,4.6875],"rotation":0,"texture":"#0","tintindex":0},"up":{"uv":[5.0,4.8125,4.0625,3.6875],"rotation":0,"texture":"#0","tintindex":0},"down":{"uv":[3.4375,4.375,2.5,5.5],"rotation":0,"texture":"#0","tintindex":0}}},{"from":[4.285714,2.2857141,8.571428],"to":[11.714286,6.428571,11.571428],"rotation":{"angle":-22.5,"axis":"x","origin":[8.428572,8.0,8.0]},"faces":{"east":{"uv":[4.375,13.0,4.6875,13.4375],"rotation":0,"texture":"#0","tintindex":0},"south":{"uv":[9.6875,3.125,10.5,3.5625],"rotation":0,"texture":"#0","tintindex":0},"north":{"uv":[9.5625,9.3125,10.375,9.75],"rotation":0,"texture":"#0","tintindex":0},"west":{"uv":[4.6875,13.0,5.0,13.4375],"rotation":0,"texture":"#0","tintindex":0},"up":{"uv":[9.625,4.375,8.8125,4.0625],"rotation":0,"texture":"#0","tintindex":0},"down":{"uv":[12.0625,1.5,11.25,1.8125],"rotation":0,"texture":"#0","tintindex":0}}},{"from":[7.214286,6.428571,12.571428],"to":[8.785714,8.0,17.714287],"rotation":{"angle":22.5,"axis":"x","origin":[7.928571,8.0,8.0]},"faces":{"east":{"uv":[0.0,0.0,0.5625,0.171875],"rotation":0,"texture":"#0","tintindex":0},"south":{"uv":[0.0,0.0,0.171875,0.171875],"rotation":0,"texture":"#0","tintindex":0},"north":{"uv":[0.0,0.0,0.171875,0.171875],"rotation":0,"texture":"#0","tintindex":0},"west":{"uv":[0.0,0.0,0.5625,0.171875],"rotation":0,"texture":"#0","tintindex":0},"up":{"uv":[0.0,0.0,0.171875,0.5625],"rotation":0,"texture":"#0","tintindex":0},"down":{"uv":[0.0,0.0,0.171875,0.5625],"rotation":0,"texture":"#0","tintindex":0}}},{"from":[7.357143,10.0,16.142857],"to":[8.642858,11.285714,21.285715],"rotation":{"angle":45.0,"axis":"x","origin":[7.928571,8.0,8.0]},"faces":{"east":{"uv":[0.0,0.0,0.5625,0.140625],"rotation":0,"texture":"#0","tintindex":0},"south":{"uv":[0.0,0.0,0.140625,0.140625],"rotation":0,"texture":"#0","tintindex":0},"north":{"uv":[0.0,0.0,0.140625,0.140625],"rotation":0,"texture":"#0","tintindex":0},"west":{"uv":[0.0,0.0,0.5625,0.140625],"rotation":0,"texture":"#0","tintindex":0},"up":{"uv":[0.0,0.0,0.140625,0.5625],"rotation":0,"texture":"#0","tintindex":0},"down":{"uv":[0.0,0.0,0.140625,0.5625],"rotation":0,"texture":"#0","tintindex":0}}},{"from":[7.5,-7.4285717,14.571428],"to":[8.5,-2.7142859,15.857143],"rotation":{"angle":-22.5,"axis":"x","origin":[7.928571,8.0,8.0]},"faces":{"east":{"uv":[0.0,0.0,0.140625,0.515625],"rotation":0,"texture":"#0","tintindex":0},"south":{"uv":[0.0,0.0,0.109375,0.515625],"rotation":0,"texture":"#0","tintindex":0},"north":{"uv":[0.0,0.0,0.109375,0.515625],"rotation":0,"texture":"#0","tintindex":0},"west":{"uv":[0.0,0.0,0.140625,0.515625],"rotation":0,"texture":"#0","tintindex":0},"up":{"uv":[0.0,0.0,0.109375,0.140625],"rotation":0,"texture":"#0","tintindex":0},"down":{"uv":[0.0,0.0,0.109375,0.140625],"rotation":0,"texture":"#0","tintindex":0}}},{"from":[8.0,-11.714287,13.857143],"to":[8.0,-7.4285717,16.57143],"rotation":{"angle":-22.5,"axis":"x","origin":[7.857143,8.0,8.0]},"faces":{"east":{"uv":[15.125,1.75,15.421875,2.21875],"rotation":0,"texture":"#0","tintindex":0},"south":{"uv":[0.0,0.0,0.0,0.46875],"rotation":0,"texture":"#0","tintindex":0},"north":{"uv":[0.0,0.0,0.0,0.46875],"rotation":0,"texture":"#0","tintindex":0},"west":{"uv":[14.75,4.25,15.046875,4.71875],"rotation":0,"texture":"#0","tintindex":0},"up":{"uv":[0.0,0.0,0.0,0.296875],"rotation":0,"texture":"#0","tintindex":0},"down":{"uv":[0.0,0.0,0.0,0.296875],"rotation":0,"texture":"#0","tintindex":0}}},{"from":[6.714286,-13.428572,14.857143],"to":[9.428572,-9.1428585,14.857143],"rotation":{"angle":-22.5,"axis":"x","origin":[12.571428,8.0,3.5714283]},"faces":{"east":{"uv":[0.0,0.0,0.0,0.46875],"rotation":0,"texture":"#0","tintindex":0},"south":{"uv":[14.75,4.25,15.046875,4.71875],"rotation":0,"texture":"#0","tintindex":0},"north":{"uv":[15.125,1.75,15.421875,2.21875],"rotation":0,"texture":"#0","tintindex":0},"west":{"uv":[0.0,0.0,0.0,0.46875],"rotation":0,"texture":"#0","tintindex":0},"up":{"uv":[0.0,0.0,0.0,0.296875],"rotation":270,"texture":"#0","tintindex":0},"down":{"uv":[0.0,0.0,0.0,0.296875],"rotation":90,"texture":"#0","tintindex":0}}},{"from":[5.785714,2.7142854,2.2857141],"to":[10.214286,7.142857,4.428571],"rotation":{"angle":0.0,"axis":"y","origin":[8.214286,8.0,8.0]},"faces":{"east":{"uv":[5.375,10.5625,5.625,11.0625],"rotation":0,"texture":"#0","tintindex":0},"south":{"uv":[2.6875,11.5625,3.1875,12.0625],"rotation":0,"texture":"#0","tintindex":0},"north":{"uv":[11.5625,1.8125,12.0625,2.3125],"rotation":0,"texture":"#0","tintindex":0},"west":{"uv":[8.5,10.5625,8.75,11.0625],"rotation":0,"texture":"#0","tintindex":0},"up":{"uv":[13.6875,1.6875,13.1875,1.4375],"rotation":0,"texture":"#0","tintindex":0},"down":{"uv":[13.6875,1.6875,13.1875,1.9375],"rotation":0,"texture":"#0","tintindex":0}}}],"display":{"head":{"translation":[0.0,-6.4,0.0],"scale":[4.0,4.0,4.0]}}}