{"textures":{"0":"modelengine:entity/minotaur"},"elements":[{"from":[6.857143,4.8571424,3.4285712],"to":[9.857143,7.142857,5.714286],"rotation":{"angle":-22.5,"axis":"x","origin":[8.0,10.285714,5.142857]},"faces":{"east":{"uv":[14.0,4.375,14.25,4.625],"rotation":0,"texture":"#0","tintindex":0},"south":{"uv":[13.75,11.875,14.0625,12.125],"rotation":0,"texture":"#0","tintindex":0},"north":{"uv":[11.375,0.6875,11.6875,0.9375],"rotation":0,"texture":"#0","tintindex":0},"west":{"uv":[14.0,4.625,14.25,4.875],"rotation":0,"texture":"#0","tintindex":0},"up":{"uv":[13.625,14.0,13.3125,13.75],"rotation":0,"texture":"#0","tintindex":0},"down":{"uv":[14.0625,13.4375,13.75,13.6875],"rotation":0,"texture":"#0","tintindex":0}}},{"from":[6.285714,5.0758104,6.035727],"to":[7.714286,7.6472397,8.321442],"rotation":{"angle":-22.5,"axis":"x","origin":[8.0,6.857143,6.285714]},"faces":{"east":{"uv":[13.625,13.75,13.875,14.0625],"rotation":0,"texture":"#0","tintindex":0},"south":{"uv":[7.3125,12.9375,7.5,13.25],"rotation":0,"texture":"#0","tintindex":0},"north":{"uv":[0.4375,12.625,0.625,12.9375],"rotation":0,"texture":"#0","tintindex":0},"west":{"uv":[0.25,13.8125,0.5,14.125],"rotation":0,"texture":"#0","tintindex":0},"up":{"uv":[7.3125,13.625,7.125,13.375],"rotation":0,"texture":"#0","tintindex":0},"down":{"uv":[2.0,13.4375,1.8125,13.6875],"rotation":0,"texture":"#0","tintindex":0}}},{"from":[9.0,5.0758104,6.035727],"to":[10.428572,7.6472397,8.321442],"rotation":{"angle":-22.5,"axis":"x","origin":[8.0,6.857143,6.285714]},"faces":{"east":{"uv":[13.8125,0.3125,14.0625,0.625],"rotation":0,"texture":"#0","tintindex":0},"south":{"uv":[14.0625,3.8125,14.25,4.125],"rotation":0,"texture":"#0","tintindex":0},"north":{"uv":[11.75,12.9375,11.9375,13.25],"rotation":0,"texture":"#0","tintindex":0},"west":{"uv":[0.5,13.8125,0.75,14.125],"rotation":0,"texture":"#0","tintindex":0},"up":{"uv":[5.6875,14.3125,5.5,14.0625],"rotation":0,"texture":"#0","tintindex":0},"down":{"uv":[8.0625,14.0625,7.875,14.3125],"rotation":0,"texture":"#0","tintindex":0}}},{"from":[6.0,6.285714,5.0],"to":[10.714286,8.857143,8.0],"rotation":{"angle":0.0,"axis":"y","origin":[8.0,6.857143,6.285714]},"faces":{"east":{"uv":[13.4375,11.8125,13.75,12.125],"rotation":0,"texture":"#0","tintindex":0},"south":{"uv":[12.625,5.125,13.125,5.4375],"rotation":0,"texture":"#0","tintindex":0},"north":{"uv":[3.625,8.875,4.125,9.1875],"rotation":0,"texture":"#0","tintindex":0},"west":{"uv":[13.125,13.4375,13.4375,13.75],"rotation":0,"texture":"#0","tintindex":0},"up":{"uv":[13.125,5.75,12.625,5.4375],"rotation":0,"texture":"#0","tintindex":0},"down":{"uv":[6.0,12.625,5.5,12.9375],"rotation":0,"texture":"#0","tintindex":0}}},{"from":[7.0,5.0,1.2857141],"to":[9.714286,7.5714283,3.4285712],"rotation":{"angle":-22.5,"axis":"x","origin":[8.0,10.285714,5.142857]},"faces":{"east":{"uv":[13.8125,0.625,14.0625,0.9375],"rotation":0,"texture":"#0","tintindex":0},"south":{"uv":[0.3125,13.5,0.625,13.8125],"rotation":0,"texture":"#0","tintindex":0},"north":{"uv":[13.4375,13.4375,13.75,13.75],"rotation":0,"texture":"#0","tintindex":0},"west":{"uv":[0.75,13.8125,1.0,14.125],"rotation":0,"texture":"#0","tintindex":0},"up":{"uv":[1.3125,14.0625,1.0,13.8125],"rotation":0,"texture":"#0","tintindex":0},"down":{"uv":[14.125,1.875,13.8125,2.125],"rotation":0,"texture":"#0","tintindex":0}}}],"display":{"head":{"translation":[0.0,-6.4,0.0],"scale":[4.0,4.0,4.0]}}}