{"textures":{"0":"modelengine:entity/minotaur"},"elements":[{"from":[7.6571426,6.457143,5.714286],"to":[11.085714,8.6285715,7.7714286],"rotation":{"angle":45.0,"axis":"z","origin":[8.0,8.6285715,7.885714]},"faces":{"east":{"uv":[9.0625,14.0,9.3125,14.25],"rotation":0,"texture":"#0","tintindex":0},"south":{"uv":[13.5625,1.125,13.9375,1.375],"rotation":0,"texture":"#0","tintindex":0},"north":{"uv":[10.3125,7.75,10.6875,8.0],"rotation":0,"texture":"#0","tintindex":0},"west":{"uv":[10.1875,14.0,10.4375,14.25],"rotation":0,"texture":"#0","tintindex":0},"up":{"uv":[5.75,13.8125,5.375,13.5625],"rotation":0,"texture":"#0","tintindex":0},"down":{"uv":[6.125,13.5625,5.75,13.8125],"rotation":0,"texture":"#0","tintindex":0}}},{"from":[7.6571426,6.457143,8.457143],"to":[11.085714,8.514286,10.514286],"rotation":{"angle":45.0,"axis":"z","origin":[8.0,8.6285715,7.885714]},"faces":{"east":{"uv":[12.3125,14.0,12.5625,14.25],"rotation":0,"texture":"#0","tintindex":0},"south":{"uv":[6.125,13.5625,6.5,13.8125],"rotation":0,"texture":"#0","tintindex":0},"north":{"uv":[13.5625,5.9375,13.9375,6.1875],"rotation":0,"texture":"#0","tintindex":0},"west":{"uv":[14.0,12.375,14.25,12.625],"rotation":0,"texture":"#0","tintindex":0},"up":{"uv":[8.3125,13.8125,7.9375,13.5625],"rotation":0,"texture":"#0","tintindex":0},"down":{"uv":[8.6875,13.5625,8.3125,13.8125],"rotation":0,"texture":"#0","tintindex":0}}},{"from":[6.1714287,10.914286,5.6],"to":[9.6,12.742857,7.6571426],"rotation":{"angle":-45.0,"axis":"z","origin":[8.0,8.6285715,7.885714]},"faces":{"east":{"uv":[10.8125,14.0625,11.0625,14.25],"rotation":0,"texture":"#0","tintindex":0},"south":{"uv":[13.8125,0.9375,14.1875,1.125],"rotation":0,"texture":"#0","tintindex":0},"north":{"uv":[10.5625,6.3125,10.9375,6.5],"rotation":0,"texture":"#0","tintindex":0},"west":{"uv":[11.0625,14.0625,11.3125,14.25],"rotation":0,"texture":"#0","tintindex":0},"up":{"uv":[9.4375,13.8125,9.0625,13.5625],"rotation":0,"texture":"#0","tintindex":0},"down":{"uv":[10.5625,13.5625,10.1875,13.8125],"rotation":0,"texture":"#0","tintindex":0}}},{"from":[5.714286,10.914286,8.914286],"to":[9.142858,12.742857,10.971429],"rotation":{"angle":-45.0,"axis":"z","origin":[8.0,8.6285715,7.885714]},"faces":{"east":{"uv":[11.625,14.0625,11.875,14.25],"rotation":0,"texture":"#0","tintindex":0},"south":{"uv":[9.0625,13.8125,9.4375,14.0],"rotation":0,"texture":"#0","tintindex":0},"north":{"uv":[13.8125,8.9375,14.1875,9.125],"rotation":0,"texture":"#0","tintindex":0},"west":{"uv":[14.0625,11.75,14.3125,11.9375],"rotation":0,"texture":"#0","tintindex":0},"up":{"uv":[13.9375,11.1875,13.5625,10.9375],"rotation":0,"texture":"#0","tintindex":0},"down":{"uv":[13.9375,12.125,13.5625,12.375],"rotation":0,"texture":"#0","tintindex":0}}}],"display":{"head":{"translation":[0.0,-6.4,0.0],"scale":[4.0,4.0,4.0]}}}