{"textures":{"0":"modelengine:entity/minotaur"},"elements":[{"from":[6.857143,4.3999996,5.3714285],"to":[10.742857,9.342857,9.714286],"rotation":{"angle":22.5,"axis":"z","origin":[9.142858,4.6285715,7.3142858]},"faces":{"east":{"uv":[7.4375,11.0625,7.9375,11.625],"rotation":0,"texture":"#0","tintindex":0},"south":{"uv":[4.25,11.625,4.6875,12.1875],"rotation":0,"texture":"#0","tintindex":0},"north":{"uv":[11.625,3.8125,12.0625,4.375],"rotation":0,"texture":"#0","tintindex":0},"west":{"uv":[7.9375,11.0625,8.4375,11.625],"rotation":0,"texture":"#0","tintindex":0},"up":{"uv":[12.25,7.125,11.8125,6.625],"rotation":0,"texture":"#0","tintindex":0},"down":{"uv":[12.25,7.125,11.8125,7.625],"rotation":0,"texture":"#0","tintindex":0}}},{"from":[7.7714286,3.371428,5.6],"to":[10.742857,5.0857143,9.485714],"rotation":{"angle":45.0,"axis":"z","origin":[9.142858,4.6285715,7.3142858]},"faces":{"east":{"uv":[7.1875,5.25,7.625,5.4375],"rotation":0,"texture":"#0","tintindex":0},"south":{"uv":[2.125,9.5625,2.4375,9.75],"rotation":0,"texture":"#0","tintindex":0},"north":{"uv":[8.875,7.5,9.1875,7.6875],"rotation":0,"texture":"#0","tintindex":0},"west":{"uv":[13.6875,3.0,14.125,3.1875],"rotation":0,"texture":"#0","tintindex":0},"up":{"uv":[2.0,13.4375,1.6875,13.0],"rotation":0,"texture":"#0","tintindex":0},"down":{"uv":[2.5625,13.0,2.25,13.4375],"rotation":0,"texture":"#0","tintindex":0}}}],"display":{"head":{"translation":[0.0,-6.4,0.0],"scale":[4.0,4.0,4.0]}}}