{"textures":{"0":"modelengine:entity/minotaur"},"elements":[{"from":[4.5714283,-2.4285717,5.5714283],"to":[9.714286,8.285714,10.714286],"rotation":{"angle":0.0,"axis":"y","origin":[8.428572,7.714286,8.0]},"faces":{"east":{"uv":[2.4375,6.5,3.0,7.6875],"rotation":0,"texture":"#0","tintindex":0},"south":{"uv":[0.0,6.5625,0.5625,7.75],"rotation":0,"texture":"#0","tintindex":0},"north":{"uv":[6.4375,5.9375,7.0,7.125],"rotation":0,"texture":"#0","tintindex":0},"west":{"uv":[0.5625,6.5625,1.125,7.75],"rotation":0,"texture":"#0","tintindex":0},"up":{"uv":[7.1875,5.4375,6.625,4.875],"rotation":0,"texture":"#0","tintindex":0},"down":{"uv":[11.0625,2.875,10.5,3.4375],"rotation":0,"texture":"#0","tintindex":0}}},{"from":[9.571428,0.42857122,6.0],"to":[10.714286,8.285714,9.285714],"rotation":{"angle":0.0,"axis":"y","origin":[8.428572,7.714286,8.0]},"faces":{"east":{"uv":[4.375,9.875,4.75,10.75],"rotation":0,"texture":"#0","tintindex":0},"south":{"uv":[3.25,9.3125,3.375,10.1875],"rotation":0,"texture":"#0","tintindex":0},"north":{"uv":[2.125,8.6875,2.25,9.5625],"rotation":0,"texture":"#0","tintindex":0},"west":{"uv":[10.1875,1.25,10.5625,2.125],"rotation":0,"texture":"#0","tintindex":0},"up":{"uv":[6.125,8.1875,6.0,7.8125],"rotation":0,"texture":"#0","tintindex":0},"down":{"uv":[9.5625,5.4375,9.4375,5.8125],"rotation":0,"texture":"#0","tintindex":0}}},{"from":[2.8571424,3.7142854,7.0],"to":[5.285714,9.714286,10.857143],"rotation":{"angle":22.5,"axis":"z","origin":[8.428572,7.714286,8.142858]},"faces":{"east":{"uv":[10.6875,10.75,11.125,11.4375],"rotation":0,"texture":"#0","tintindex":0},"south":{"uv":[12.4375,1.875,12.6875,2.5625],"rotation":0,"texture":"#0","tintindex":0},"north":{"uv":[3.375,12.375,3.625,13.0625],"rotation":0,"texture":"#0","tintindex":0},"west":{"uv":[3.3125,10.8125,3.75,11.5],"rotation":0,"texture":"#0","tintindex":0},"up":{"uv":[13.6875,3.1875,13.4375,2.75],"rotation":0,"texture":"#0","tintindex":0},"down":{"uv":[4.625,13.4375,4.375,13.875],"rotation":0,"texture":"#0","tintindex":0}}},{"from":[4.5714283,4.714286,5.8571424],"to":[9.714286,12.285715,12.285715],"rotation":{"angle":-45.0,"axis":"z","origin":[8.428572,7.714286,8.0]},"faces":{"east":{"uv":[7.625,5.25,8.3125,6.0625],"rotation":0,"texture":"#0","tintindex":0},"south":{"uv":[2.8125,8.5,3.375,9.3125],"rotation":0,"texture":"#0","tintindex":0},"north":{"uv":[8.3125,6.875,8.875,7.6875],"rotation":0,"texture":"#0","tintindex":0},"west":{"uv":[7.625,6.0625,8.3125,6.875],"rotation":0,"texture":"#0","tintindex":0},"up":{"uv":[4.75,9.875,4.1875,9.1875],"rotation":0,"texture":"#0","tintindex":0},"down":{"uv":[9.75,7.5,9.1875,8.1875],"rotation":0,"texture":"#0","tintindex":0}}},{"from":[3.142857,6.428571,6.714286],"to":[5.8571424,12.857143,11.428572],"rotation":{"angle":-45.0,"axis":"z","origin":[8.428572,7.714286,8.0]},"faces":{"east":{"uv":[10.125,3.5625,10.625,4.25],"rotation":0,"texture":"#0","tintindex":0},"south":{"uv":[0.0,11.9375,0.3125,12.625],"rotation":0,"texture":"#0","tintindex":0},"north":{"uv":[8.8125,9.4375,9.125,10.125],"rotation":0,"texture":"#0","tintindex":0},"west":{"uv":[6.125,10.125,6.625,10.8125],"rotation":0,"texture":"#0","tintindex":0},"up":{"uv":[1.4375,7.0625,1.125,6.5625],"rotation":0,"texture":"#0","tintindex":0},"down":{"uv":[6.4375,6.625,6.125,7.125],"rotation":0,"texture":"#0","tintindex":0}}},{"from":[6.142857,4.285714,4.0],"to":[10.571428,11.142858,8.714286],"rotation":{"angle":-22.5,"axis":"z","origin":[8.428572,7.714286,8.0]},"faces":{"east":{"uv":[6.8125,9.375,7.3125,10.125],"rotation":0,"texture":"#0","tintindex":0},"south":{"uv":[9.4375,4.6875,9.9375,5.4375],"rotation":0,"texture":"#0","tintindex":0},"north":{"uv":[6.3125,9.375,6.8125,10.125],"rotation":0,"texture":"#0","tintindex":0},"west":{"uv":[7.8125,9.4375,8.3125,10.1875],"rotation":0,"texture":"#0","tintindex":0},"up":{"uv":[11.8125,0.5,11.3125,0.0],"rotation":0,"texture":"#0","tintindex":0},"down":{"uv":[11.8125,6.8125,11.3125,7.3125],"rotation":0,"texture":"#0","tintindex":0}}},{"from":[5.142857,2.2857141,3.7142854],"to":[9.571428,7.142857,8.428572],"rotation":{"angle":-22.5,"axis":"x","origin":[8.428572,7.714286,8.0]},"faces":{"east":{"uv":[4.625,11.0625,5.125,11.625],"rotation":0,"texture":"#0","tintindex":0},"south":{"uv":[5.125,11.0625,5.625,11.625],"rotation":0,"texture":"#0","tintindex":0},"north":{"uv":[6.6875,3.125,7.1875,3.6875],"rotation":0,"texture":"#0","tintindex":0},"west":{"uv":[6.9375,11.0625,7.4375,11.625],"rotation":0,"texture":"#0","tintindex":0},"up":{"uv":[11.8125,7.8125,11.3125,7.3125],"rotation":0,"texture":"#0","tintindex":0},"down":{"uv":[11.8125,7.8125,11.3125,8.3125],"rotation":0,"texture":"#0","tintindex":0}}}],"display":{"head":{"translation":[0.0,-6.4,0.0],"scale":[4.0,4.0,4.0]}}}