{"textures":{"0":"modelengine:entity/minotaur"},"elements":[{"from":[4.714286,-1.5714293,5.142857],"to":[10.285714,8.142858,11.0],"rotation":{"angle":0.0,"axis":"y","origin":[9.142858,7.5714283,8.0]},"faces":{"east":{"uv":[7.0,5.9375,7.625,7.0],"rotation":0,"texture":"#0","tintindex":0},"south":{"uv":[7.0,7.0,7.625,8.0625],"rotation":0,"texture":"#0","tintindex":0},"north":{"uv":[4.1875,6.75,4.8125,7.8125],"rotation":0,"texture":"#0","tintindex":0},"west":{"uv":[1.125,7.0625,1.75,8.125],"rotation":0,"texture":"#0","tintindex":0},"up":{"uv":[2.25,5.25,1.625,4.625],"rotation":0,"texture":"#0","tintindex":0},"down":{"uv":[9.4375,5.1875,8.8125,5.8125],"rotation":0,"texture":"#0","tintindex":0}}},{"from":[8.428572,1.7142854,6.142857],"to":[12.428572,9.857143,9.428572],"rotation":{"angle":-22.5,"axis":"z","origin":[9.142858,7.5714283,8.0]},"faces":{"east":{"uv":[0.0,10.25,0.375,11.125],"rotation":0,"texture":"#0","tintindex":0},"south":{"uv":[9.3125,1.375,9.75,2.25],"rotation":0,"texture":"#0","tintindex":0},"north":{"uv":[9.25,3.125,9.6875,4.0],"rotation":0,"texture":"#0","tintindex":0},"west":{"uv":[5.625,10.25,6.0,11.125],"rotation":0,"texture":"#0","tintindex":0},"up":{"uv":[0.4375,13.0,0.0,12.625],"rotation":0,"texture":"#0","tintindex":0},"down":{"uv":[13.0625,0.375,12.625,0.75],"rotation":0,"texture":"#0","tintindex":0}}},{"from":[5.8571424,2.7142854,3.8571424],"to":[8.714286,9.857143,7.857143],"rotation":{"angle":0.0,"axis":"y","origin":[9.142858,7.5714283,8.0]},"faces":{"east":{"uv":[9.6875,3.5625,10.125,4.375],"rotation":0,"texture":"#0","tintindex":0},"south":{"uv":[0.0,11.125,0.3125,11.9375],"rotation":0,"texture":"#0","tintindex":0},"north":{"uv":[3.125,7.625,3.4375,8.4375],"rotation":0,"texture":"#0","tintindex":0},"west":{"uv":[9.75,1.375,10.1875,2.1875],"rotation":0,"texture":"#0","tintindex":0},"up":{"uv":[5.3125,13.4375,5.0,13.0],"rotation":0,"texture":"#0","tintindex":0},"down":{"uv":[13.3125,6.3125,13.0,6.75],"rotation":0,"texture":"#0","tintindex":0}}},{"from":[5.142857,7.142857,3.4285712],"to":[9.714286,9.857143,7.857143],"rotation":{"angle":-45.0,"axis":"z","origin":[9.142858,7.5714283,8.0]},"faces":{"east":{"uv":[6.0,12.625,6.5,12.9375],"rotation":0,"texture":"#0","tintindex":0},"south":{"uv":[6.5,12.625,7.0,12.9375],"rotation":0,"texture":"#0","tintindex":0},"north":{"uv":[12.625,5.75,13.125,6.0625],"rotation":0,"texture":"#0","tintindex":0},"west":{"uv":[7.0,12.625,7.5,12.9375],"rotation":0,"texture":"#0","tintindex":0},"up":{"uv":[12.0625,10.0,11.5625,9.5],"rotation":0,"texture":"#0","tintindex":0},"down":{"uv":[12.125,2.3125,11.625,2.8125],"rotation":0,"texture":"#0","tintindex":0}}},{"from":[4.714286,4.0,6.0],"to":[9.714286,11.571428,11.857143],"rotation":{"angle":-22.5,"axis":"z","origin":[9.142858,7.5714283,8.0]},"faces":{"east":{"uv":[7.625,7.6875,8.25,8.5],"rotation":0,"texture":"#0","tintindex":0},"south":{"uv":[8.0,8.625,8.5625,9.4375],"rotation":0,"texture":"#0","tintindex":0},"north":{"uv":[0.0,8.5625,0.5625,9.375],"rotation":0,"texture":"#0","tintindex":0},"west":{"uv":[0.0,7.75,0.625,8.5625],"rotation":0,"texture":"#0","tintindex":0},"up":{"uv":[1.0,10.5625,0.4375,9.9375],"rotation":0,"texture":"#0","tintindex":0},"down":{"uv":[1.5625,9.9375,1.0,10.5625],"rotation":0,"texture":"#0","tintindex":0}}}],"display":{"head":{"translation":[0.0,-6.4,0.0],"scale":[4.0,4.0,4.0]}}}