{"textures":{"0":"modelengine:entity/minotaur"},"elements":[{"from":[6.857143,-0.57142925,6.0],"to":[11.285714,7.714286,10.285714],"rotation":{"angle":0.0,"axis":"y","origin":[10.428572,17.714287,8.0]},"faces":{"east":{"uv":[3.625,7.9375,4.125,8.875],"rotation":0,"texture":"#0","tintindex":0},"south":{"uv":[8.25,1.75,8.75,2.6875],"rotation":0,"texture":"#0","tintindex":0},"north":{"uv":[1.75,7.0625,2.25,8.0],"rotation":0,"texture":"#0","tintindex":0},"west":{"uv":[4.125,8.25,4.625,9.1875],"rotation":0,"texture":"#0","tintindex":0},"up":{"uv":[11.625,11.8125,11.125,11.3125],"rotation":0,"texture":"#0","tintindex":0},"down":{"uv":[9.9375,11.375,9.4375,11.875],"rotation":0,"texture":"#0","tintindex":0}}},{"from":[1.1428566,3.0,6.428571],"to":[3.7142854,11.285714,9.571428],"rotation":{"angle":22.5,"axis":"z","origin":[10.428572,17.714287,8.0]},"faces":{"east":{"uv":[9.5625,9.75,9.9375,10.6875],"rotation":0,"texture":"#0","tintindex":0},"south":{"uv":[6.3125,10.8125,6.625,11.75],"rotation":0,"texture":"#0","tintindex":0},"north":{"uv":[6.0,10.8125,6.3125,11.75],"rotation":0,"texture":"#0","tintindex":0},"west":{"uv":[9.8125,0.0,10.1875,0.9375],"rotation":0,"texture":"#0","tintindex":0},"up":{"uv":[11.1875,13.625,10.875,13.25],"rotation":0,"texture":"#0","tintindex":0},"down":{"uv":[13.5625,10.9375,13.25,11.3125],"rotation":0,"texture":"#0","tintindex":0}}}],"display":{"head":{"translation":[0.0,-6.4,0.0],"scale":[4.0,4.0,4.0]}}}