{"textures":{"0":"modelengine:entity/minotaur"},"elements":[{"from":[6.1714287,7.4857144,6.5142856],"to":[9.485714,9.2,8.114285],"rotation":{"angle":-22.5,"axis":"z","origin":[8.0,4.6285715,9.6]},"faces":{"east":{"uv":[6.125,9.9375,6.3125,10.125],"rotation":0,"texture":"#0","tintindex":0},"south":{"uv":[12.3125,13.8125,12.6875,14.0],"rotation":0,"texture":"#0","tintindex":0},"north":{"uv":[10.1875,13.8125,10.5625,14.0],"rotation":0,"texture":"#0","tintindex":0},"west":{"uv":[11.4375,11.8125,11.625,12.0],"rotation":0,"texture":"#0","tintindex":0},"up":{"uv":[14.25,2.6875,13.875,2.5],"rotation":0,"texture":"#0","tintindex":0},"down":{"uv":[3.6875,13.875,3.3125,14.0625],"rotation":0,"texture":"#0","tintindex":0}}},{"from":[11.428572,3.9428568,7.2],"to":[13.028572,5.771428,10.514286],"rotation":{"angle":45.0,"axis":"z","origin":[8.0,4.6285715,9.6]},"faces":{"east":{"uv":[3.6875,13.875,4.0625,14.0625],"rotation":0,"texture":"#0","tintindex":0},"south":{"uv":[5.3125,13.125,5.5,13.3125],"rotation":0,"texture":"#0","tintindex":0},"north":{"uv":[12.5625,6.3125,12.75,6.5],"rotation":0,"texture":"#0","tintindex":0},"west":{"uv":[4.375,13.875,4.75,14.0625],"rotation":0,"texture":"#0","tintindex":0},"up":{"uv":[11.125,11.8125,10.9375,11.4375],"rotation":0,"texture":"#0","tintindex":0},"down":{"uv":[11.625,13.8125,11.4375,14.1875],"rotation":0,"texture":"#0","tintindex":0}}}],"display":{"head":{"translation":[0.0,-6.4,0.0],"scale":[4.0,4.0,4.0]}}}