{"textures":{"0":"modelengine:entity/minotaur"},"elements":[{"from":[5.5714283,0.0,6.285714],"to":[9.428572,8.714286,9.142858],"rotation":{"angle":0.0,"axis":"y","origin":[8.0,7.428571,3.4285712]},"faces":{"east":{"uv":[2.0625,11.0625,2.375,12.0],"rotation":0,"texture":"#0","tintindex":0},"south":{"uv":[8.8125,3.125,9.25,4.0625],"rotation":0,"texture":"#0","tintindex":0},"north":{"uv":[1.6875,8.8125,2.125,9.75],"rotation":0,"texture":"#0","tintindex":0},"west":{"uv":[2.375,11.0625,2.6875,12.0],"rotation":0,"texture":"#0","tintindex":0},"up":{"uv":[13.5,1.125,13.0625,0.8125],"rotation":0,"texture":"#0","tintindex":0},"down":{"uv":[13.5,8.9375,13.0625,9.25],"rotation":0,"texture":"#0","tintindex":0}}},{"from":[6.285714,0.0,6.857143],"to":[7.857143,8.714286,8.857143],"rotation":{"angle":22.5,"axis":"z","origin":[8.0,7.428571,3.4285712]},"faces":{"east":{"uv":[0.8125,11.4375,1.0625,12.375],"rotation":0,"texture":"#0","tintindex":0},"south":{"uv":[9.75,12.3125,9.9375,13.25],"rotation":0,"texture":"#0","tintindex":0},"north":{"uv":[11.25,12.25,11.4375,13.1875],"rotation":0,"texture":"#0","tintindex":0},"west":{"uv":[9.1875,11.625,9.4375,12.5625],"rotation":0,"texture":"#0","tintindex":0},"up":{"uv":[14.3125,8.3125,14.125,8.0625],"rotation":0,"texture":"#0","tintindex":0},"down":{"uv":[8.375,14.125,8.1875,14.375],"rotation":0,"texture":"#0","tintindex":0}}},{"from":[4.8571424,-2.7142859,5.428571],"to":[10.714286,0.42857122,10.142858],"rotation":{"angle":0.0,"axis":"y","origin":[8.0,4.8571424,3.4285712]},"faces":{"east":{"uv":[7.8125,12.25,8.3125,12.625],"rotation":0,"texture":"#0","tintindex":0},"south":{"uv":[11.625,11.625,12.25,12.0],"rotation":0,"texture":"#0","tintindex":0},"north":{"uv":[11.625,11.25,12.25,11.625],"rotation":0,"texture":"#0","tintindex":0},"west":{"uv":[12.25,7.875,12.75,8.25],"rotation":0,"texture":"#0","tintindex":0},"up":{"uv":[11.3125,7.875,10.6875,7.375],"rotation":0,"texture":"#0","tintindex":0},"down":{"uv":[11.3125,7.875,10.6875,8.375],"rotation":0,"texture":"#0","tintindex":0}}},{"from":[5.285714,0.28571415,5.714286],"to":[9.857143,3.142857,9.857143],"rotation":{"angle":0.0,"axis":"y","origin":[8.0,4.8571424,3.4285712]},"faces":{"east":{"uv":[13.125,0.0,13.5625,0.3125],"rotation":0,"texture":"#0","tintindex":0},"south":{"uv":[12.6875,3.125,13.1875,3.4375],"rotation":0,"texture":"#0","tintindex":0},"north":{"uv":[12.6875,2.8125,13.1875,3.125],"rotation":0,"texture":"#0","tintindex":0},"west":{"uv":[13.125,1.125,13.5625,1.4375],"rotation":0,"texture":"#0","tintindex":0},"up":{"uv":[12.375,9.5,11.875,9.0625],"rotation":0,"texture":"#0","tintindex":0},"down":{"uv":[9.9375,11.875,9.4375,12.3125],"rotation":0,"texture":"#0","tintindex":0}}},{"from":[5.0,-1.1428576,5.5714283],"to":[7.5714283,3.0,8.428572],"rotation":{"angle":22.5,"axis":"x","origin":[8.0,4.8571424,3.4285712]},"faces":{"east":{"uv":[13.125,5.5,13.4375,5.9375],"rotation":0,"texture":"#0","tintindex":0},"south":{"uv":[8.0,13.125,8.3125,13.5625],"rotation":0,"texture":"#0","tintindex":0},"north":{"uv":[13.125,5.0625,13.4375,5.5],"rotation":0,"texture":"#0","tintindex":0},"west":{"uv":[10.25,13.125,10.5625,13.5625],"rotation":0,"texture":"#0","tintindex":0},"up":{"uv":[13.8125,9.25,13.5,8.9375],"rotation":0,"texture":"#0","tintindex":0},"down":{"uv":[12.625,13.5,12.3125,13.8125],"rotation":0,"texture":"#0","tintindex":0}}},{"from":[8.0,-1.1428576,5.5714283],"to":[10.285714,3.142857,8.428572],"rotation":{"angle":22.5,"axis":"x","origin":[8.0,4.8571424,3.4285712]},"faces":{"east":{"uv":[12.6875,3.4375,13.0,3.9375],"rotation":0,"texture":"#0","tintindex":0},"south":{"uv":[13.1875,9.75,13.4375,10.25],"rotation":0,"texture":"#0","tintindex":0},"north":{"uv":[13.1875,9.25,13.4375,9.75],"rotation":0,"texture":"#0","tintindex":0},"west":{"uv":[12.75,4.1875,13.0625,4.6875],"rotation":0,"texture":"#0","tintindex":0},"up":{"uv":[6.4375,14.125,6.1875,13.8125],"rotation":0,"texture":"#0","tintindex":0},"down":{"uv":[7.125,13.8125,6.875,14.125],"rotation":0,"texture":"#0","tintindex":0}}},{"from":[5.142857,-2.7142859,2.5714283],"to":[6.857143,-0.57142925,5.714286],"rotation":{"angle":0.0,"axis":"y","origin":[8.0,4.8571424,3.4285712]},"faces":{"east":{"uv":[2.0625,13.6875,2.4375,13.9375],"rotation":0,"texture":"#0","tintindex":0},"south":{"uv":[8.5625,14.125,8.75,14.375],"rotation":0,"texture":"#0","tintindex":0},"north":{"uv":[8.375,14.125,8.5625,14.375],"rotation":0,"texture":"#0","tintindex":0},"west":{"uv":[13.6875,2.75,14.0625,3.0],"rotation":0,"texture":"#0","tintindex":0},"up":{"uv":[14.125,2.5,13.9375,2.125],"rotation":0,"texture":"#0","tintindex":0},"down":{"uv":[2.4375,13.9375,2.25,14.3125],"rotation":0,"texture":"#0","tintindex":0}}},{"from":[8.571428,-2.7142859,2.5714283],"to":[10.571428,-0.4285717,5.714286],"rotation":{"angle":0.0,"axis":"y","origin":[8.0,4.8571424,3.4285712]},"faces":{"east":{"uv":[13.6875,4.9375,14.0625,5.1875],"rotation":0,"texture":"#0","tintindex":0},"south":{"uv":[3.8125,14.0625,4.0625,14.3125],"rotation":0,"texture":"#0","tintindex":0},"north":{"uv":[3.5625,14.0625,3.8125,14.3125],"rotation":0,"texture":"#0","tintindex":0},"west":{"uv":[13.6875,5.1875,14.0625,5.4375],"rotation":0,"texture":"#0","tintindex":0},"up":{"uv":[2.6875,14.0625,2.4375,13.6875],"rotation":0,"texture":"#0","tintindex":0},"down":{"uv":[13.9375,5.4375,13.6875,5.8125],"rotation":0,"texture":"#0","tintindex":0}}},{"from":[6.285714,7.5714283,7.428571],"to":[10.285714,9.857143,10.285714],"rotation":{"angle":0.0,"axis":"y","origin":[8.0,7.428571,3.4285712]},"faces":{"east":{"uv":[7.875,13.8125,8.1875,14.0625],"rotation":0,"texture":"#0","tintindex":0},"south":{"uv":[13.4375,9.9375,13.875,10.1875],"rotation":0,"texture":"#0","tintindex":0},"north":{"uv":[13.4375,9.6875,13.875,9.9375],"rotation":0,"texture":"#0","tintindex":0},"west":{"uv":[13.8125,8.0625,14.125,8.3125],"rotation":0,"texture":"#0","tintindex":0},"up":{"uv":[13.5625,4.1875,13.125,3.875],"rotation":0,"texture":"#0","tintindex":0},"down":{"uv":[13.5625,12.1875,13.125,12.5],"rotation":0,"texture":"#0","tintindex":0}}},{"from":[6.714286,5.285714,7.428571],"to":[9.0,11.285714,10.285714],"rotation":{"angle":22.5,"axis":"x","origin":[8.0,7.428571,3.4285712]},"faces":{"east":{"uv":[1.375,12.0,1.6875,12.6875],"rotation":0,"texture":"#0","tintindex":0},"south":{"uv":[10.9375,12.5625,11.1875,13.25],"rotation":0,"texture":"#0","tintindex":0},"north":{"uv":[10.6875,12.5625,10.9375,13.25],"rotation":0,"texture":"#0","tintindex":0},"west":{"uv":[1.6875,12.0,2.0,12.6875],"rotation":0,"texture":"#0","tintindex":0},"up":{"uv":[8.4375,14.125,8.1875,13.8125],"rotation":0,"texture":"#0","tintindex":0},"down":{"uv":[8.6875,13.8125,8.4375,14.125],"rotation":0,"texture":"#0","tintindex":0}}}],"display":{"head":{"translation":[0.0,-6.4,0.0],"scale":[4.0,4.0,4.0]}}}