{"textures":{"0":"modelengine:entity/minotaur"},"elements":[{"from":[4.714286,-0.57142925,6.0],"to":[9.142858,7.714286,10.285714],"rotation":{"angle":0.0,"axis":"y","origin":[5.5714283,17.714287,8.0]},"faces":{"east":{"uv":[8.25,7.6875,8.75,8.625],"rotation":0,"texture":"#0","tintindex":0},"south":{"uv":[8.3125,0.6875,8.8125,1.625],"rotation":0,"texture":"#0","tintindex":0},"north":{"uv":[4.625,8.25,5.125,9.1875],"rotation":0,"texture":"#0","tintindex":0},"west":{"uv":[8.3125,5.1875,8.8125,6.125],"rotation":0,"texture":"#0","tintindex":0},"up":{"uv":[4.25,12.0,3.75,11.5],"rotation":0,"texture":"#0","tintindex":0},"down":{"uv":[12.0,6.125,11.5,6.625],"rotation":0,"texture":"#0","tintindex":0}}},{"from":[12.285715,3.0,6.428571],"to":[14.857143,11.285714,9.571428],"rotation":{"angle":-22.5,"axis":"z","origin":[5.5714283,17.714287,8.0]},"faces":{"east":{"uv":[3.625,9.875,4.0,10.8125],"rotation":0,"texture":"#0","tintindex":0},"south":{"uv":[1.125,11.0625,1.4375,12.0],"rotation":0,"texture":"#0","tintindex":0},"north":{"uv":[6.625,10.8125,6.9375,11.75],"rotation":0,"texture":"#0","tintindex":0},"west":{"uv":[4.0,9.875,4.375,10.8125],"rotation":0,"texture":"#0","tintindex":0},"up":{"uv":[12.0625,13.625,11.75,13.25],"rotation":0,"texture":"#0","tintindex":0},"down":{"uv":[0.3125,13.3125,0.0,13.6875],"rotation":0,"texture":"#0","tintindex":0}}}],"display":{"head":{"translation":[0.0,-6.4,0.0],"scale":[4.0,4.0,4.0]}}}