{"textures":{"0":"modelengine:entity/minotaur"},"elements":[{"from":[5.714286,-1.5714293,5.142857],"to":[11.285714,8.142858,11.0],"rotation":{"angle":0.0,"axis":"y","origin":[6.857143,7.5714283,8.0]},"faces":{"east":{"uv":[7.1875,3.125,7.8125,4.1875],"rotation":0,"texture":"#0","tintindex":0},"south":{"uv":[7.1875,4.1875,7.8125,5.25],"rotation":0,"texture":"#0","tintindex":0},"north":{"uv":[6.125,7.125,6.75,8.1875],"rotation":0,"texture":"#0","tintindex":0},"west":{"uv":[7.25,0.0,7.875,1.0625],"rotation":0,"texture":"#0","tintindex":0},"up":{"uv":[6.3125,9.5,5.6875,8.875],"rotation":0,"texture":"#0","tintindex":0},"down":{"uv":[9.5,6.875,8.875,7.5],"rotation":0,"texture":"#0","tintindex":0}}},{"from":[3.5714283,1.7142854,6.142857],"to":[7.5714283,9.857143,9.428572],"rotation":{"angle":22.5,"axis":"z","origin":[6.857143,7.5714283,8.0]},"faces":{"east":{"uv":[9.9375,10.375,10.3125,11.25],"rotation":0,"texture":"#0","tintindex":0},"south":{"uv":[7.375,9.3125,7.8125,10.1875],"rotation":0,"texture":"#0","tintindex":0},"north":{"uv":[5.1875,9.3125,5.625,10.1875],"rotation":0,"texture":"#0","tintindex":0},"west":{"uv":[10.3125,10.375,10.6875,11.25],"rotation":0,"texture":"#0","tintindex":0},"up":{"uv":[3.125,13.0,2.6875,12.625],"rotation":0,"texture":"#0","tintindex":0},"down":{"uv":[4.875,12.625,4.4375,13.0],"rotation":0,"texture":"#0","tintindex":0}}},{"from":[7.285714,2.7142854,3.8571424],"to":[10.142858,9.857143,7.857143],"rotation":{"angle":0.0,"axis":"y","origin":[6.857143,7.5714283,8.0]},"faces":{"east":{"uv":[1.6875,9.75,2.125,10.5625],"rotation":0,"texture":"#0","tintindex":0},"south":{"uv":[11.25,1.8125,11.5625,2.625],"rotation":0,"texture":"#0","tintindex":0},"north":{"uv":[5.625,11.125,5.9375,11.9375],"rotation":0,"texture":"#0","tintindex":0},"west":{"uv":[2.125,9.75,2.5625,10.5625],"rotation":0,"texture":"#0","tintindex":0},"up":{"uv":[13.375,4.625,13.0625,4.1875],"rotation":0,"texture":"#0","tintindex":0},"down":{"uv":[13.375,4.625,13.0625,5.0625],"rotation":0,"texture":"#0","tintindex":0}}},{"from":[6.285714,7.142857,3.4285712],"to":[10.857143,9.857143,7.857143],"rotation":{"angle":45.0,"axis":"z","origin":[6.857143,7.5714283,8.0]},"faces":{"east":{"uv":[0.9375,12.6875,1.4375,13.0],"rotation":0,"texture":"#0","tintindex":0},"south":{"uv":[1.4375,12.6875,1.9375,13.0],"rotation":0,"texture":"#0","tintindex":0},"north":{"uv":[12.625,12.5,13.125,12.8125],"rotation":0,"texture":"#0","tintindex":0},"west":{"uv":[12.6875,1.875,13.1875,2.1875],"rotation":0,"texture":"#0","tintindex":0},"up":{"uv":[12.125,3.3125,11.625,2.8125],"rotation":0,"texture":"#0","tintindex":0},"down":{"uv":[12.125,3.3125,11.625,3.8125],"rotation":0,"texture":"#0","tintindex":0}}},{"from":[6.285714,4.0,6.0],"to":[11.285714,11.571428,11.857143],"rotation":{"angle":22.5,"axis":"z","origin":[6.857143,7.5714283,8.0]},"faces":{"east":{"uv":[7.8125,3.125,8.4375,3.9375],"rotation":0,"texture":"#0","tintindex":0},"south":{"uv":[8.75,1.625,9.3125,2.4375],"rotation":0,"texture":"#0","tintindex":0},"north":{"uv":[8.5625,8.625,9.125,9.4375],"rotation":0,"texture":"#0","tintindex":0},"west":{"uv":[7.8125,3.9375,8.4375,4.75],"rotation":0,"texture":"#0","tintindex":0},"up":{"uv":[10.5,5.3125,9.9375,4.6875],"rotation":0,"texture":"#0","tintindex":0},"down":{"uv":[10.5,9.75,9.9375,10.375],"rotation":0,"texture":"#0","tintindex":0}}}],"display":{"head":{"translation":[0.0,-6.4,0.0],"scale":[4.0,4.0,4.0]}}}