{"textures":{"0":"modelengine:entity/minotaur"},"elements":[{"from":[6.142857,2.5714283,4.285714],"to":[9.857143,10.285714,7.714286],"rotation":{"angle":-22.5,"axis":"x","origin":[6.285714,17.714287,10.285714]},"faces":{"east":{"uv":[0.375,10.5625,0.75,11.4375],"rotation":0,"texture":"#0","tintindex":0},"south":{"uv":[0.0,9.375,0.4375,10.25],"rotation":0,"texture":"#0","tintindex":0},"north":{"uv":[9.125,9.3125,9.5625,10.1875],"rotation":0,"texture":"#0","tintindex":0},"west":{"uv":[0.75,10.5625,1.125,11.4375],"rotation":0,"texture":"#0","tintindex":0},"up":{"uv":[13.0625,5.125,12.625,4.75],"rotation":0,"texture":"#0","tintindex":0},"down":{"uv":[5.3125,12.625,4.875,13.0],"rotation":0,"texture":"#0","tintindex":0}}},{"from":[7.0,4.0,3.2857141],"to":[9.142858,10.285714,4.285714],"rotation":{"angle":-22.5,"axis":"x","origin":[6.285714,17.714287,10.285714]},"faces":{"east":{"uv":[13.75,11.1875,13.875,11.875],"rotation":0,"texture":"#0","tintindex":0},"south":{"uv":[9.1875,12.5625,9.4375,13.25],"rotation":0,"texture":"#0","tintindex":0},"north":{"uv":[8.5625,12.5625,8.8125,13.25],"rotation":0,"texture":"#0","tintindex":0},"west":{"uv":[12.0625,13.75,12.1875,14.4375],"rotation":0,"texture":"#0","tintindex":0},"up":{"uv":[14.375,8.9375,14.125,8.8125],"rotation":0,"texture":"#0","tintindex":0},"down":{"uv":[14.375,10.0625,14.125,10.1875],"rotation":0,"texture":"#0","tintindex":0}}},{"from":[6.428571,8.142858,2.7142854],"to":[9.428572,11.0,4.285714],"rotation":{"angle":-22.5,"axis":"x","origin":[6.285714,17.714287,10.285714]},"faces":{"east":{"uv":[4.4375,14.0625,4.625,14.375],"rotation":0,"texture":"#0","tintindex":0},"south":{"uv":[3.0,13.5,3.3125,13.8125],"rotation":0,"texture":"#0","tintindex":0},"north":{"uv":[2.6875,13.5,3.0,13.8125],"rotation":0,"texture":"#0","tintindex":0},"west":{"uv":[4.625,14.0625,4.8125,14.375],"rotation":0,"texture":"#0","tintindex":0},"up":{"uv":[12.75,4.375,12.4375,4.1875],"rotation":0,"texture":"#0","tintindex":0},"down":{"uv":[14.25,10.5625,13.9375,10.75],"rotation":0,"texture":"#0","tintindex":0}}},{"from":[9.714286,2.4285712,4.714286],"to":[10.571428,8.142858,6.857143],"rotation":{"angle":-22.5,"axis":"x","origin":[6.285714,17.714287,10.285714]},"faces":{"east":{"uv":[11.9375,12.625,12.1875,13.25],"rotation":0,"texture":"#0","tintindex":0},"south":{"uv":[3.1875,13.8125,3.3125,14.4375],"rotation":0,"texture":"#0","tintindex":0},"north":{"uv":[12.1875,13.75,12.3125,14.375],"rotation":0,"texture":"#0","tintindex":0},"west":{"uv":[12.6875,2.1875,12.9375,2.8125],"rotation":0,"texture":"#0","tintindex":0},"up":{"uv":[14.3125,8.8125,14.1875,8.5625],"rotation":0,"texture":"#0","tintindex":0},"down":{"uv":[14.3125,10.3125,14.1875,10.5625],"rotation":0,"texture":"#0","tintindex":0}}},{"from":[7.0,4.428571,11.285714],"to":[9.0,8.285714,13.0],"rotation":{"angle":0.0,"axis":"y","origin":[6.285714,17.714287,10.285714]},"faces":{"east":{"uv":[13.75,10.3125,13.9375,10.75],"rotation":0,"texture":"#0","tintindex":0},"south":{"uv":[13.4375,9.25,13.6875,9.6875],"rotation":0,"texture":"#0","tintindex":0},"north":{"uv":[13.4375,7.5625,13.6875,8.0],"rotation":0,"texture":"#0","tintindex":0},"west":{"uv":[13.125,13.75,13.3125,14.1875],"rotation":0,"texture":"#0","tintindex":0},"up":{"uv":[14.375,7.625,14.125,7.4375],"rotation":0,"texture":"#0","tintindex":0},"down":{"uv":[14.375,7.625,14.125,7.8125],"rotation":0,"texture":"#0","tintindex":0}}}],"display":{"head":{"translation":[0.0,-6.4,0.0],"scale":[4.0,4.0,4.0]}}}