{"textures":{"0":"modelengine:entity/minotaur"},"elements":[{"from":[6.285714,-2.4285717,5.5714283],"to":[11.428572,8.285714,10.714286],"rotation":{"angle":0.0,"axis":"y","origin":[7.5714283,7.714286,8.0]},"faces":{"east":{"uv":[5.0,6.625,5.5625,7.8125],"rotation":0,"texture":"#0","tintindex":0},"south":{"uv":[5.5625,6.625,6.125,7.8125],"rotation":0,"texture":"#0","tintindex":0},"north":{"uv":[6.625,3.6875,7.1875,4.875],"rotation":0,"texture":"#0","tintindex":0},"west":{"uv":[3.625,6.75,4.1875,7.9375],"rotation":0,"texture":"#0","tintindex":0},"up":{"uv":[11.0625,5.25,10.5,4.6875],"rotation":0,"texture":"#0","tintindex":0},"down":{"uv":[11.0625,9.75,10.5,10.3125],"rotation":0,"texture":"#0","tintindex":0}}},{"from":[5.285714,0.42857122,6.0],"to":[6.428571,8.285714,9.285714],"rotation":{"angle":0.0,"axis":"y","origin":[7.5714283,7.714286,8.0]},"faces":{"east":{"uv":[2.5625,10.1875,2.9375,11.0625],"rotation":0,"texture":"#0","tintindex":0},"south":{"uv":[10.0625,13.25,10.1875,14.125],"rotation":0,"texture":"#0","tintindex":0},"north":{"uv":[8.6875,13.25,8.8125,14.125],"rotation":0,"texture":"#0","tintindex":0},"west":{"uv":[2.9375,10.1875,3.3125,11.0625],"rotation":0,"texture":"#0","tintindex":0},"up":{"uv":[10.375,12.625,10.25,12.25],"rotation":0,"texture":"#0","tintindex":0},"down":{"uv":[8.1875,14.0625,8.0625,14.4375],"rotation":0,"texture":"#0","tintindex":0}}},{"from":[10.714286,3.7142854,7.0],"to":[13.142858,9.714286,10.857143],"rotation":{"angle":-22.5,"axis":"z","origin":[7.5714283,7.714286,8.142858]},"faces":{"east":{"uv":[3.75,10.8125,4.1875,11.5],"rotation":0,"texture":"#0","tintindex":0},"south":{"uv":[12.4375,3.25,12.6875,3.9375],"rotation":0,"texture":"#0","tintindex":0},"north":{"uv":[12.4375,2.5625,12.6875,3.25],"rotation":0,"texture":"#0","tintindex":0},"west":{"uv":[4.1875,10.8125,4.625,11.5],"rotation":0,"texture":"#0","tintindex":0},"up":{"uv":[4.875,13.875,4.625,13.4375],"rotation":0,"texture":"#0","tintindex":0},"down":{"uv":[5.125,13.4375,4.875,13.875],"rotation":0,"texture":"#0","tintindex":0}}},{"from":[6.285714,4.714286,5.8571424],"to":[11.428572,12.285715,12.285715],"rotation":{"angle":45.0,"axis":"z","origin":[7.5714283,7.714286,8.0]},"faces":{"east":{"uv":[7.625,6.875,8.3125,7.6875],"rotation":0,"texture":"#0","tintindex":0},"south":{"uv":[7.4375,8.5,8.0,9.3125],"rotation":0,"texture":"#0","tintindex":0},"north":{"uv":[5.125,8.5,5.6875,9.3125],"rotation":0,"texture":"#0","tintindex":0},"west":{"uv":[2.4375,7.6875,3.125,8.5],"rotation":0,"texture":"#0","tintindex":0},"up":{"uv":[9.8125,0.6875,9.25,0.0],"rotation":0,"texture":"#0","tintindex":0},"down":{"uv":[9.8125,0.6875,9.25,1.375],"rotation":0,"texture":"#0","tintindex":0}}},{"from":[10.142858,6.428571,6.714286],"to":[12.857143,12.857143,11.428572],"rotation":{"angle":45.0,"axis":"z","origin":[7.5714283,7.714286,8.0]},"faces":{"east":{"uv":[6.625,10.125,7.125,10.8125],"rotation":0,"texture":"#0","tintindex":0},"south":{"uv":[5.5625,11.9375,5.875,12.625],"rotation":0,"texture":"#0","tintindex":0},"north":{"uv":[0.3125,11.9375,0.625,12.625],"rotation":0,"texture":"#0","tintindex":0},"west":{"uv":[10.1875,0.0,10.6875,0.6875],"rotation":0,"texture":"#0","tintindex":0},"up":{"uv":[6.625,9.375,6.3125,8.875],"rotation":0,"texture":"#0","tintindex":0},"down":{"uv":[3.625,10.3125,3.3125,10.8125],"rotation":0,"texture":"#0","tintindex":0}}},{"from":[5.428571,4.285714,4.0],"to":[9.857143,11.142858,8.714286],"rotation":{"angle":22.5,"axis":"z","origin":[7.5714283,7.714286,8.0]},"faces":{"east":{"uv":[5.625,9.5,6.125,10.25],"rotation":0,"texture":"#0","tintindex":0},"south":{"uv":[9.5625,5.4375,10.0625,6.1875],"rotation":0,"texture":"#0","tintindex":0},"north":{"uv":[8.3125,9.4375,8.8125,10.1875],"rotation":0,"texture":"#0","tintindex":0},"west":{"uv":[9.5625,6.1875,10.0625,6.9375],"rotation":0,"texture":"#0","tintindex":0},"up":{"uv":[11.875,10.625,11.375,10.125],"rotation":0,"texture":"#0","tintindex":0},"down":{"uv":[0.8125,11.4375,0.3125,11.9375],"rotation":0,"texture":"#0","tintindex":0}}},{"from":[6.428571,2.2857141,3.7142854],"to":[10.857143,7.142857,8.428572],"rotation":{"angle":-22.5,"axis":"x","origin":[7.5714283,7.714286,8.0]},"faces":{"east":{"uv":[8.9375,11.0625,9.4375,11.625],"rotation":0,"texture":"#0","tintindex":0},"south":{"uv":[11.0625,9.5625,11.5625,10.125],"rotation":0,"texture":"#0","tintindex":0},"north":{"uv":[8.4375,11.0625,8.9375,11.625],"rotation":0,"texture":"#0","tintindex":0},"west":{"uv":[11.125,10.75,11.625,11.3125],"rotation":0,"texture":"#0","tintindex":0},"up":{"uv":[10.9375,11.9375,10.4375,11.4375],"rotation":0,"texture":"#0","tintindex":0},"down":{"uv":[3.75,11.5,3.25,12.0],"rotation":0,"texture":"#0","tintindex":0}}}],"display":{"head":{"translation":[0.0,-6.4,0.0],"scale":[4.0,4.0,4.0]}}}