{"textures":{"0":"modelengine:entity/minotaur"},"elements":[{"from":[5.714286,6.9142857,8.342857],"to":[9.142858,8.742857,10.4],"rotation":{"angle":45.0,"axis":"z","origin":[6.857143,4.6285715,7.3142858]},"faces":{"east":{"uv":[14.0625,11.9375,14.3125,12.125],"rotation":0,"texture":"#0","tintindex":0},"south":{"uv":[13.875,6.3125,14.25,6.5],"rotation":0,"texture":"#0","tintindex":0},"north":{"uv":[4.75,13.875,5.125,14.0625],"rotation":0,"texture":"#0","tintindex":0},"west":{"uv":[14.0625,13.4375,14.3125,13.625],"rotation":0,"texture":"#0","tintindex":0},"up":{"uv":[13.0,13.8125,12.625,13.5625],"rotation":0,"texture":"#0","tintindex":0},"down":{"uv":[13.9375,12.75,13.5625,13.0],"rotation":0,"texture":"#0","tintindex":0}}},{"from":[3.771428,2.4571428,7.885714],"to":[7.2,4.5142856,9.942858],"rotation":{"angle":-45.0,"axis":"z","origin":[6.857143,4.6285715,7.3142858]},"faces":{"east":{"uv":[14.0,13.0,14.25,13.25],"rotation":0,"texture":"#0","tintindex":0},"south":{"uv":[3.6875,13.625,4.0625,13.875],"rotation":0,"texture":"#0","tintindex":0},"north":{"uv":[3.3125,13.625,3.6875,13.875],"rotation":0,"texture":"#0","tintindex":0},"west":{"uv":[13.3125,14.0,13.5625,14.25],"rotation":0,"texture":"#0","tintindex":0},"up":{"uv":[14.0,4.4375,13.625,4.1875],"rotation":0,"texture":"#0","tintindex":0},"down":{"uv":[14.0,4.4375,13.625,4.6875],"rotation":0,"texture":"#0","tintindex":0}}},{"from":[3.771428,2.4571428,5.142857],"to":[7.2,4.6285715,7.2],"rotation":{"angle":-45.0,"axis":"z","origin":[6.857143,4.6285715,7.3142858]},"faces":{"east":{"uv":[0.0,14.0625,0.25,14.3125],"rotation":0,"texture":"#0","tintindex":0},"south":{"uv":[7.125,13.625,7.5,13.875],"rotation":0,"texture":"#0","tintindex":0},"north":{"uv":[13.625,4.6875,14.0,4.9375],"rotation":0,"texture":"#0","tintindex":0},"west":{"uv":[14.0625,0.3125,14.3125,0.5625],"rotation":0,"texture":"#0","tintindex":0},"up":{"uv":[7.875,13.875,7.5,13.625],"rotation":0,"texture":"#0","tintindex":0},"down":{"uv":[10.0625,13.625,9.6875,13.875],"rotation":0,"texture":"#0","tintindex":0}}},{"from":[1.8285708,3.9428568,4.9142857],"to":[3.4285712,5.771428,8.228572],"rotation":{"angle":-45.0,"axis":"z","origin":[6.857143,4.6285715,7.3142858]},"faces":{"east":{"uv":[13.875,6.5,14.25,6.6875],"rotation":0,"texture":"#0","tintindex":0},"south":{"uv":[14.1875,0.8125,14.375,1.0],"rotation":0,"texture":"#0","tintindex":0},"north":{"uv":[9.9375,14.125,10.125,14.3125],"rotation":0,"texture":"#0","tintindex":0},"west":{"uv":[13.875,6.6875,14.25,6.875],"rotation":0,"texture":"#0","tintindex":0},"up":{"uv":[12.875,14.1875,12.6875,13.8125],"rotation":0,"texture":"#0","tintindex":0},"down":{"uv":[1.75,13.875,1.5625,14.25],"rotation":0,"texture":"#0","tintindex":0}}},{"from":[5.3714285,7.4857144,4.2285714],"to":[8.685715,9.2,5.8285713],"rotation":{"angle":22.5,"axis":"z","origin":[6.857143,4.6285715,7.3142858]},"faces":{"east":{"uv":[14.1875,1.0,14.375,1.1875],"rotation":0,"texture":"#0","tintindex":0},"south":{"uv":[13.875,7.0625,14.25,7.25],"rotation":0,"texture":"#0","tintindex":0},"north":{"uv":[13.875,6.875,14.25,7.0625],"rotation":0,"texture":"#0","tintindex":0},"west":{"uv":[14.1875,1.1875,14.375,1.375],"rotation":0,"texture":"#0","tintindex":0},"up":{"uv":[7.5,14.0625,7.125,13.875],"rotation":0,"texture":"#0","tintindex":0},"down":{"uv":[14.25,7.25,13.875,7.4375],"rotation":0,"texture":"#0","tintindex":0}}},{"from":[5.2571425,6.9142857,5.028571],"to":[8.685715,8.742857,7.0857143],"rotation":{"angle":45.0,"axis":"z","origin":[6.857143,4.6285715,7.3142858]},"faces":{"east":{"uv":[13.5625,14.0625,13.8125,14.25],"rotation":0,"texture":"#0","tintindex":0},"south":{"uv":[13.875,9.125,14.25,9.3125],"rotation":0,"texture":"#0","tintindex":0},"north":{"uv":[7.5,13.875,7.875,14.0625],"rotation":0,"texture":"#0","tintindex":0},"west":{"uv":[14.0625,13.875,14.3125,14.0625],"rotation":0,"texture":"#0","tintindex":0},"up":{"uv":[10.9375,13.875,10.5625,13.625],"rotation":0,"texture":"#0","tintindex":0},"down":{"uv":[11.3125,13.625,10.9375,13.875],"rotation":0,"texture":"#0","tintindex":0}}},{"from":[5.2571425,4.3999996,5.3714285],"to":[9.142858,9.342857,9.714286],"rotation":{"angle":-22.5,"axis":"z","origin":[6.857143,4.6285715,7.3142858]},"faces":{"east":{"uv":[11.1875,0.9375,11.6875,1.5],"rotation":0,"texture":"#0","tintindex":0},"south":{"uv":[5.125,11.625,5.5625,12.1875],"rotation":0,"texture":"#0","tintindex":0},"north":{"uv":[4.6875,11.625,5.125,12.1875],"rotation":0,"texture":"#0","tintindex":0},"west":{"uv":[11.1875,5.5625,11.6875,6.125],"rotation":0,"texture":"#0","tintindex":0},"up":{"uv":[12.25,8.125,11.8125,7.625],"rotation":0,"texture":"#0","tintindex":0},"down":{"uv":[12.25,8.125,11.8125,8.625],"rotation":0,"texture":"#0","tintindex":0}}},{"from":[5.2571425,3.371428,5.6],"to":[8.228572,5.0857143,9.485714],"rotation":{"angle":-45.0,"axis":"z","origin":[6.857143,4.6285715,7.3142858]},"faces":{"east":{"uv":[13.6875,7.5625,14.125,7.75],"rotation":0,"texture":"#0","tintindex":0},"south":{"uv":[11.0625,10.125,11.375,10.3125],"rotation":0,"texture":"#0","tintindex":0},"north":{"uv":[10.75,9.5625,11.0625,9.75],"rotation":0,"texture":"#0","tintindex":0},"west":{"uv":[13.6875,7.75,14.125,7.9375],"rotation":0,"texture":"#0","tintindex":0},"up":{"uv":[2.875,13.4375,2.5625,13.0],"rotation":0,"texture":"#0","tintindex":0},"down":{"uv":[13.3125,3.4375,13.0,3.875],"rotation":0,"texture":"#0","tintindex":0}}}],"display":{"head":{"translation":[0.0,-6.4,0.0],"scale":[4.0,4.0,4.0]}}}