{"textures":{"0":"modelengine:entity/ouldhana"},"elements":[{"from":[-0.22857189,1.7523808,3.558095],"to":[9.828571,11.809524,13.615238],"rotation":{"angle":0.0,"axis":"y","origin":[4.5714283,6.6666665,7.409524]},"faces":{"east":{"uv":[8.375,6.0,9.5,7.125],"rotation":0,"texture":"#0","tintindex":0},"south":{"uv":[8.3125,3.75,9.4375,4.875],"rotation":0,"texture":"#0","tintindex":0},"north":{"uv":[9.4375,3.75,8.3125,4.875],"rotation":0,"texture":"#0","tintindex":0},"west":{"uv":[9.5,6.0,8.375,7.125],"rotation":0,"texture":"#0","tintindex":0},"up":{"uv":[0.0,9.875,1.125,8.75],"rotation":0,"texture":"#0","tintindex":0},"down":{"uv":[0.0,8.75,1.125,9.875],"rotation":0,"texture":"#0","tintindex":0}}},{"from":[-9.257145,2.3238091,8.586667],"to":[2.6285715,19.69524,8.678095],"rotation":{"angle":0.0,"axis":"y","origin":[4.5714283,6.6666665,7.409524]},"faces":{"east":{"uv":[11.6875,13.5625,11.625,15.4375],"rotation":0,"texture":"#0","tintindex":0},"south":{"uv":[1.875,5.0,3.1875,6.875],"rotation":0,"texture":"#0","tintindex":0},"north":{"uv":[3.1875,5.0,1.875,6.875],"rotation":0,"texture":"#0","tintindex":0},"west":{"uv":[3.5625,10.25,3.5,12.125],"rotation":0,"texture":"#0","tintindex":0},"up":{"uv":[10.3125,2.0,11.625,1.9375],"rotation":0,"texture":"#0","tintindex":0},"down":{"uv":[10.3125,2.0,11.625,2.0625],"rotation":0,"texture":"#0","tintindex":0}}},{"from":[4.0,-7.390476,3.9009523],"to":[9.485714,0.6095233,8.472381],"rotation":{"angle":0.0,"axis":"y","origin":[4.5714283,6.6666665,7.409524]},"faces":{"east":{"uv":[4.375,12.6875,3.875,13.5625],"rotation":0,"texture":"#0","tintindex":0},"south":{"uv":[12.3125,3.0625,12.9375,3.9375],"rotation":0,"texture":"#0","tintindex":0},"north":{"uv":[12.9375,3.0625,12.3125,3.9375],"rotation":0,"texture":"#0","tintindex":0},"west":{"uv":[3.875,12.6875,4.375,13.5625],"rotation":0,"texture":"#0","tintindex":0},"up":{"uv":[0.0,9.875,0.625,9.375],"rotation":0,"texture":"#0","tintindex":0},"down":{"uv":[0.0,9.375,0.625,9.875],"rotation":0,"texture":"#0","tintindex":0}}},{"from":[0.68571377,-7.9619045,4.4723806],"to":[8.914286,2.3238091,12.700953],"rotation":{"angle":0.0,"axis":"y","origin":[4.5714283,6.6666665,7.409524]},"faces":{"east":{"uv":[9.4375,3.5625,10.3125,4.6875],"rotation":0,"texture":"#0","tintindex":0},"south":{"uv":[9.4375,2.4375,10.3125,3.5625],"rotation":0,"texture":"#0","tintindex":0},"north":{"uv":[10.3125,2.4375,9.4375,3.5625],"rotation":0,"texture":"#0","tintindex":0},"west":{"uv":[10.3125,3.5625,9.4375,4.6875],"rotation":0,"texture":"#0","tintindex":0},"up":{"uv":[0.0,9.875,0.875,9.0],"rotation":0,"texture":"#0","tintindex":0},"down":{"uv":[0.0,9.0,0.875,9.875],"rotation":0,"texture":"#0","tintindex":0}}}],"display":{"head":{"translation":[0.0,-6.4,0.0],"scale":[4.0,4.0,4.0]}}}