{"textures":{"0":"modelengine:entity/ouldhana"},"elements":[{"from":[9.308449,9.341269,2.602902],"to":[20.165592,17.912697,14.031473],"rotation":{"angle":22.5,"axis":"z","origin":[8.647619,16.32735,14.012265]},"faces":{"east":{"uv":[8.8125,0.0,10.0625,0.9375],"rotation":0,"texture":"#0","tintindex":0},"south":{"uv":[5.9375,9.0625,4.75,10.0],"rotation":0,"texture":"#0","tintindex":0},"north":{"uv":[4.75,9.0625,5.9375,10.0],"rotation":0,"texture":"#0","tintindex":0},"west":{"uv":[10.0625,0.0,8.8125,0.9375],"rotation":0,"texture":"#0","tintindex":0},"up":{"uv":[9.375,2.5,8.1875,1.25],"rotation":0,"texture":"#0","tintindex":0},"down":{"uv":[9.375,1.25,8.1875,2.5],"rotation":0,"texture":"#0","tintindex":0}}},{"from":[-2.8703547,9.341269,2.602902],"to":[7.986789,17.912697,14.031473],"rotation":{"angle":-22.5,"axis":"z","origin":[8.647619,16.32735,14.012265]},"faces":{"east":{"uv":[8.8125,0.0,10.0625,0.9375],"rotation":0,"texture":"#0","tintindex":0},"south":{"uv":[4.75,9.0625,5.9375,10.0],"rotation":0,"texture":"#0","tintindex":0},"north":{"uv":[5.9375,9.0625,4.75,10.0],"rotation":0,"texture":"#0","tintindex":0},"west":{"uv":[10.0625,0.0,8.8125,0.9375],"rotation":0,"texture":"#0","tintindex":0},"up":{"uv":[8.1875,2.5,9.375,1.25],"rotation":0,"texture":"#0","tintindex":0},"down":{"uv":[8.1875,1.25,9.375,2.5],"rotation":0,"texture":"#0","tintindex":0}}},{"from":[2.590476,-1.195425,8.477381],"to":[15.161905,10.233148,18.763096],"rotation":{"angle":22.5,"axis":"x","origin":[8.647619,16.32735,14.012265]},"faces":{"east":{"uv":[8.3125,2.5,9.4375,3.75],"rotation":0,"texture":"#0","tintindex":0},"south":{"uv":[6.625,7.625,8.0,8.875],"rotation":0,"texture":"#0","tintindex":0},"north":{"uv":[7.4375,0.0,8.8125,1.25],"rotation":0,"texture":"#0","tintindex":0},"west":{"uv":[9.4375,2.5,8.3125,3.75],"rotation":0,"texture":"#0","tintindex":0},"up":{"uv":[9.375,8.75,8.0,7.625],"rotation":0,"texture":"#0","tintindex":0},"down":{"uv":[9.375,7.625,8.0,8.75],"rotation":0,"texture":"#0","tintindex":0}}},{"from":[14.41931,14.092066,5.5743303],"to":[20.705025,19.80635,13.860045],"rotation":{"angle":-22.5,"axis":"z","origin":[8.647619,16.32735,14.012265]},"faces":{"east":{"uv":[12.0,7.625,12.9375,8.25],"rotation":0,"texture":"#0","tintindex":0},"south":{"uv":[5.8125,12.6875,5.125,13.3125],"rotation":0,"texture":"#0","tintindex":0},"north":{"uv":[5.125,12.6875,5.8125,13.3125],"rotation":0,"texture":"#0","tintindex":0},"west":{"uv":[12.0,7.625,12.9375,8.25],"rotation":0,"texture":"#0","tintindex":0},"up":{"uv":[7.0,10.8125,6.3125,9.875],"rotation":0,"texture":"#0","tintindex":0},"down":{"uv":[7.0,9.875,6.3125,10.8125],"rotation":0,"texture":"#0","tintindex":0}}},{"from":[-3.4097862,14.092066,5.5743303],"to":[2.8759284,19.80635,13.860045],"rotation":{"angle":22.5,"axis":"z","origin":[8.647619,16.32735,14.012265]},"faces":{"east":{"uv":[12.9375,7.625,12.0,8.25],"rotation":0,"texture":"#0","tintindex":0},"south":{"uv":[5.125,12.6875,5.8125,13.3125],"rotation":0,"texture":"#0","tintindex":0},"north":{"uv":[5.8125,12.6875,5.125,13.3125],"rotation":0,"texture":"#0","tintindex":0},"west":{"uv":[12.9375,7.625,12.0,8.25],"rotation":0,"texture":"#0","tintindex":0},"up":{"uv":[6.3125,10.8125,7.0,9.875],"rotation":0,"texture":"#0","tintindex":0},"down":{"uv":[6.3125,9.875,7.0,10.8125],"rotation":0,"texture":"#0","tintindex":0}}},{"from":[0.076189995,8.315564,3.745759],"to":[17.219048,22.029852,16.602901],"rotation":{"angle":0.0,"axis":"y","origin":[8.647619,16.32735,14.012265]},"faces":{"east":{"uv":[6.0,0.0,7.4375,1.5],"rotation":0,"texture":"#0","tintindex":0},"south":{"uv":[0.0,3.75,1.875,5.25],"rotation":0,"texture":"#0","tintindex":0},"north":{"uv":[2.375,3.5,4.25,5.0],"rotation":0,"texture":"#0","tintindex":0},"west":{"uv":[7.4375,0.0,6.0,1.5],"rotation":0,"texture":"#0","tintindex":0},"up":{"uv":[6.0,1.4375,4.125,0.0],"rotation":0,"texture":"#0","tintindex":0},"down":{"uv":[6.0,0.0,4.125,1.4375],"rotation":0,"texture":"#0","tintindex":0}}},{"from":[0.6476188,15.703608,12.471148],"to":[6.3619046,24.275036,19.89972],"rotation":{"angle":-45.0,"axis":"x","origin":[8.647619,16.32735,14.012265]},"faces":{"east":{"uv":[8.3125,11.25,9.125,12.1875],"rotation":0,"texture":"#0","tintindex":0},"south":{"uv":[8.6875,12.1875,8.0625,13.125],"rotation":0,"texture":"#0","tintindex":0},"north":{"uv":[8.0625,12.1875,8.6875,13.125],"rotation":0,"texture":"#0","tintindex":0},"west":{"uv":[9.125,11.25,8.3125,12.1875],"rotation":0,"texture":"#0","tintindex":0},"up":{"uv":[12.3125,10.6875,12.9375,9.875],"rotation":0,"texture":"#0","tintindex":0},"down":{"uv":[12.3125,9.875,12.9375,10.6875],"rotation":0,"texture":"#0","tintindex":0}}},{"from":[10.933333,15.703608,12.471148],"to":[16.64762,24.275036,19.89972],"rotation":{"angle":-45.0,"axis":"x","origin":[8.647619,16.32735,14.012265]},"faces":{"east":{"uv":[8.3125,11.25,9.125,12.1875],"rotation":0,"texture":"#0","tintindex":0},"south":{"uv":[8.0625,12.1875,8.6875,13.125],"rotation":0,"texture":"#0","tintindex":0},"north":{"uv":[8.6875,12.1875,8.0625,13.125],"rotation":0,"texture":"#0","tintindex":0},"west":{"uv":[9.125,11.25,8.3125,12.1875],"rotation":0,"texture":"#0","tintindex":0},"up":{"uv":[12.9375,10.6875,12.3125,9.875],"rotation":0,"texture":"#0","tintindex":0},"down":{"uv":[12.9375,9.875,12.3125,10.6875],"rotation":0,"texture":"#0","tintindex":0}}},{"from":[12.361905,25.142857,17.23761],"to":[15.219048,32.0,21.809038],"rotation":{"angle":22.5,"axis":"x","origin":[13.790476,27.42857,19.180466]},"faces":{"east":{"uv":[0.625,0.0,1.125,0.75],"rotation":0,"texture":"#0","tintindex":0},"south":{"uv":[1.8125,0.0,1.5,0.75],"rotation":0,"texture":"#0","tintindex":0},"north":{"uv":[1.5,0.0,1.8125,0.75],"rotation":0,"texture":"#0","tintindex":0},"west":{"uv":[1.125,0.0,0.625,0.75],"rotation":0,"texture":"#0","tintindex":0},"up":{"uv":[0.0,0.5,0.3125,1.0],"rotation":0,"texture":"#0","tintindex":0},"down":{"uv":[0.0,0.5,0.3125,1.0],"rotation":0,"texture":"#0","tintindex":0}}},{"from":[12.076191,22.548252,15.844686],"to":[15.504763,27.11968,21.558971],"rotation":{"angle":45.0,"axis":"x","origin":[13.790476,26.262537,17.616116]},"faces":{"east":{"uv":[0.0,0.0,0.625,0.5],"rotation":0,"texture":"#0","tintindex":0},"south":{"uv":[1.5,0.0,1.125,0.5],"rotation":0,"texture":"#0","tintindex":0},"north":{"uv":[1.125,0.0,1.5,0.5],"rotation":0,"texture":"#0","tintindex":0},"west":{"uv":[0.625,0.0,0.0,0.5],"rotation":0,"texture":"#0","tintindex":0},"up":{"uv":[0.0,1.0,0.375,1.625],"rotation":0,"texture":"#0","tintindex":0},"down":{"uv":[0.0,1.0,0.375,1.625],"rotation":0,"texture":"#0","tintindex":0}}},{"from":[1.7904758,22.548252,15.844686],"to":[5.2190475,27.11968,21.558971],"rotation":{"angle":45.0,"axis":"x","origin":[3.5047617,26.262537,17.616116]},"faces":{"east":{"uv":[0.0,0.0,0.625,0.5],"rotation":0,"texture":"#0","tintindex":0},"south":{"uv":[1.5,0.0,1.125,0.5],"rotation":0,"texture":"#0","tintindex":0},"north":{"uv":[1.125,0.0,1.5,0.5],"rotation":0,"texture":"#0","tintindex":0},"west":{"uv":[0.625,0.0,0.0,0.5],"rotation":0,"texture":"#0","tintindex":0},"up":{"uv":[0.0,1.0,0.375,1.625],"rotation":0,"texture":"#0","tintindex":0},"down":{"uv":[0.0,1.0,0.375,1.625],"rotation":0,"texture":"#0","tintindex":0}}},{"from":[2.07619,25.142857,17.23761],"to":[4.9333334,32.0,21.809038],"rotation":{"angle":22.5,"axis":"x","origin":[3.5047617,27.42857,19.180466]},"faces":{"east":{"uv":[0.625,0.0,1.125,0.75],"rotation":0,"texture":"#0","tintindex":0},"south":{"uv":[1.8125,0.0,1.5,0.75],"rotation":0,"texture":"#0","tintindex":0},"north":{"uv":[1.5,0.0,1.8125,0.75],"rotation":0,"texture":"#0","tintindex":0},"west":{"uv":[1.125,0.0,0.625,0.75],"rotation":0,"texture":"#0","tintindex":0},"up":{"uv":[0.0,0.5,0.3125,1.0],"rotation":0,"texture":"#0","tintindex":0},"down":{"uv":[0.0,0.5,0.3125,1.0],"rotation":0,"texture":"#0","tintindex":0}}}],"display":{"head":{"translation":[0.0,15.269129,0.0],"scale":[4.0,4.0,4.0]}}}