{"textures":{"0":"modelengine:entity/ouldhana"},"elements":[{"from":[5.7531686,2.074411,1.5522141],"to":[11.238883,5.7886972,8.980785],"rotation":{"angle":0.0,"axis":"y","origin":[8.465215,7.6648593,5.7563744]},"faces":{"east":{"uv":[8.375,7.125,9.1875,7.5625],"rotation":0,"texture":"#0","tintindex":0},"south":{"uv":[11.125,13.125,11.75,13.5625],"rotation":0,"texture":"#0","tintindex":0},"north":{"uv":[11.75,13.125,11.125,13.5625],"rotation":0,"texture":"#0","tintindex":0},"west":{"uv":[9.1875,7.125,8.375,7.5625],"rotation":0,"texture":"#0","tintindex":0},"up":{"uv":[6.8125,13.25,7.4375,12.4375],"rotation":0,"texture":"#0","tintindex":0},"down":{"uv":[6.8125,12.4375,7.4375,13.25],"rotation":0,"texture":"#0","tintindex":0}}},{"from":[3.7428455,0.18869686,-7.3600235],"to":[3.7999883,7.6172686,-0.5028801],"rotation":{"angle":22.5,"axis":"y","origin":[3.7714171,3.9029827,-4.1600227]},"faces":{"east":{"uv":[10.625,7.125,11.375,7.9375],"rotation":0,"texture":"#0","tintindex":0},"south":{"uv":[8.3125,2.5,8.25,3.3125],"rotation":0,"texture":"#0","tintindex":0},"north":{"uv":[8.25,2.5,8.1875,3.3125],"rotation":0,"texture":"#0","tintindex":0},"west":{"uv":[11.375,7.125,10.625,7.9375],"rotation":0,"texture":"#0","tintindex":0},"up":{"uv":[1.125,10.1875,1.1875,9.125],"rotation":0,"texture":"#0","tintindex":0},"down":{"uv":[1.125,9.125,1.1875,10.1875],"rotation":0,"texture":"#0","tintindex":0}}},{"from":[4.7001734,2.5112848,-1.5966282],"to":[7.557317,5.939856,3.831944],"rotation":{"angle":22.5,"axis":"y","origin":[6.128745,4.22557,0.8890867]},"faces":{"east":{"uv":[13.5,5.25,14.125,5.625],"rotation":0,"texture":"#0","tintindex":0},"south":{"uv":[14.0625,3.0,14.375,3.375],"rotation":0,"texture":"#0","tintindex":0},"north":{"uv":[14.375,3.0,14.0625,3.375],"rotation":0,"texture":"#0","tintindex":0},"west":{"uv":[14.125,5.25,13.5,5.625],"rotation":0,"texture":"#0","tintindex":0},"up":{"uv":[3.1875,12.25,3.5,11.625],"rotation":0,"texture":"#0","tintindex":0},"down":{"uv":[3.1875,11.625,3.5,12.25],"rotation":0,"texture":"#0","tintindex":0}}},{"from":[13.701869,0.18869686,-7.3600235],"to":[13.759012,7.6172686,-0.5028801],"rotation":{"angle":-22.5,"axis":"y","origin":[13.73044,3.9029827,-4.1600227]},"faces":{"east":{"uv":[10.625,7.125,11.375,7.9375],"rotation":0,"texture":"#0","tintindex":0},"south":{"uv":[8.25,2.5,8.3125,3.3125],"rotation":0,"texture":"#0","tintindex":0},"north":{"uv":[8.1875,2.5,8.25,3.3125],"rotation":0,"texture":"#0","tintindex":0},"west":{"uv":[11.375,7.125,10.625,7.9375],"rotation":0,"texture":"#0","tintindex":0},"up":{"uv":[1.1875,10.1875,1.125,9.125],"rotation":0,"texture":"#0","tintindex":0},"down":{"uv":[1.1875,9.125,1.125,10.1875],"rotation":0,"texture":"#0","tintindex":0}}},{"from":[9.944541,2.5112848,-1.5966282],"to":[12.801683,5.939856,3.831944],"rotation":{"angle":-22.5,"axis":"y","origin":[11.373112,4.22557,0.8890867]},"faces":{"east":{"uv":[13.5,5.25,14.125,5.625],"rotation":0,"texture":"#0","tintindex":0},"south":{"uv":[14.375,3.0,14.0625,3.375],"rotation":0,"texture":"#0","tintindex":0},"north":{"uv":[14.0625,3.0,14.375,3.375],"rotation":0,"texture":"#0","tintindex":0},"west":{"uv":[14.125,5.25,13.5,5.625],"rotation":0,"texture":"#0","tintindex":0},"up":{"uv":[3.5,12.25,3.1875,11.625],"rotation":0,"texture":"#0","tintindex":0},"down":{"uv":[3.5,11.625,3.1875,12.25],"rotation":0,"texture":"#0","tintindex":0}}},{"from":[5.918883,5.791897,2.8214254],"to":[11.06174,8.64904,7.964283],"rotation":{"angle":0.0,"axis":"y","origin":[8.465215,7.6648593,5.7563744]},"faces":{"east":{"uv":[13.8125,4.9375,14.375,5.25],"rotation":0,"texture":"#0","tintindex":0},"south":{"uv":[8.8125,0.9375,9.375,1.25],"rotation":0,"texture":"#0","tintindex":0},"north":{"uv":[9.375,0.9375,8.8125,1.25],"rotation":0,"texture":"#0","tintindex":0},"west":{"uv":[14.375,4.9375,13.8125,5.25],"rotation":0,"texture":"#0","tintindex":0},"up":{"uv":[13.0,2.6875,13.5625,2.125],"rotation":0,"texture":"#0","tintindex":0},"down":{"uv":[13.0,2.125,13.5625,2.6875],"rotation":0,"texture":"#0","tintindex":0}}},{"from":[5.4765058,7.2931414,5.889639],"to":[11.476506,11.007427,9.603925],"rotation":{"angle":45.0,"axis":"x","origin":[8.465215,7.6648593,5.7563744]},"faces":{"east":{"uv":[13.75,2.5625,14.1875,3.0],"rotation":0,"texture":"#0","tintindex":0},"south":{"uv":[13.8125,0.6875,13.125,1.125],"rotation":0,"texture":"#0","tintindex":0},"north":{"uv":[13.125,0.6875,13.8125,1.125],"rotation":0,"texture":"#0","tintindex":0},"west":{"uv":[14.1875,2.5625,13.75,3.0],"rotation":0,"texture":"#0","tintindex":0},"up":{"uv":[13.125,1.125,13.8125,0.6875],"rotation":0,"texture":"#0","tintindex":0},"down":{"uv":[13.125,0.6875,13.8125,1.125],"rotation":0,"texture":"#0","tintindex":0}}},{"from":[8.915969,1.5969987,6.1950903],"to":[11.773112,5.0255704,11.623662],"rotation":{"angle":-22.5,"axis":"x","origin":[8.465215,7.6648593,5.7563744]},"faces":{"east":{"uv":[14.125,5.25,13.5,5.625],"rotation":0,"texture":"#0","tintindex":0},"south":{"uv":[14.375,3.0,14.0625,3.375],"rotation":0,"texture":"#0","tintindex":0},"north":{"uv":[14.0625,3.0,14.375,3.375],"rotation":0,"texture":"#0","tintindex":0},"west":{"uv":[13.5,5.25,14.125,5.625],"rotation":0,"texture":"#0","tintindex":0},"up":{"uv":[3.5,11.625,3.1875,12.25],"rotation":0,"texture":"#0","tintindex":0},"down":{"uv":[3.5,12.25,3.1875,11.625],"rotation":0,"texture":"#0","tintindex":0}}},{"from":[10.27277,1.7886968,12.111637],"to":[10.329912,9.217269,18.96878],"rotation":{"angle":0.0,"axis":"y","origin":[8.465215,7.6648593,5.7563744]},"faces":{"east":{"uv":[11.375,7.125,10.625,7.9375],"rotation":0,"texture":"#0","tintindex":0},"south":{"uv":[8.25,2.5,8.1875,3.3125],"rotation":0,"texture":"#0","tintindex":0},"north":{"uv":[8.3125,2.5,8.25,3.3125],"rotation":0,"texture":"#0","tintindex":0},"west":{"uv":[10.625,7.125,11.375,7.9375],"rotation":0,"texture":"#0","tintindex":0},"up":{"uv":[1.1875,9.125,1.125,10.1875],"rotation":0,"texture":"#0","tintindex":0},"down":{"uv":[1.1875,10.1875,1.125,9.125],"rotation":0,"texture":"#0","tintindex":0}}},{"from":[7.126883,6.0493493,6.6405516],"to":[9.984026,8.906492,12.926266],"rotation":{"angle":-22.5,"axis":"x","origin":[8.465215,7.6648593,5.7563744]},"faces":{"east":{"uv":[10.3125,7.9375,11.0,8.25],"rotation":0,"texture":"#0","tintindex":0},"south":{"uv":[14.375,8.0625,14.0625,8.375],"rotation":0,"texture":"#0","tintindex":0},"north":{"uv":[14.0625,8.0625,14.375,8.375],"rotation":0,"texture":"#0","tintindex":0},"west":{"uv":[11.0,7.9375,10.3125,8.25],"rotation":0,"texture":"#0","tintindex":0},"up":{"uv":[11.3125,14.25,11.625,13.5625],"rotation":0,"texture":"#0","tintindex":0},"down":{"uv":[11.3125,13.5625,11.625,14.25],"rotation":0,"texture":"#0","tintindex":0}}},{"from":[8.570083,4.9087777,8.350266],"to":[8.627226,12.337349,18.63598],"rotation":{"angle":-22.5,"axis":"x","origin":[8.465215,7.6648593,5.7563744]},"faces":{"east":{"uv":[10.3125,2.4375,11.4375,3.25],"rotation":0,"texture":"#0","tintindex":0},"south":{"uv":[8.0,8.875,7.9375,9.6875],"rotation":0,"texture":"#0","tintindex":0},"north":{"uv":[7.9375,8.875,7.875,9.6875],"rotation":0,"texture":"#0","tintindex":0},"west":{"uv":[11.4375,2.4375,10.3125,3.25],"rotation":0,"texture":"#0","tintindex":0},"up":{"uv":[3.125,8.0,3.1875,6.875],"rotation":0,"texture":"#0","tintindex":0},"down":{"uv":[1.125,9.125,1.1875,10.25],"rotation":0,"texture":"#0","tintindex":0}}},{"from":[6.7664714,2.074411,8.958614],"to":[10.255386,5.5633254,10.925609],"rotation":{"angle":0.0,"axis":"y","origin":[8.465215,7.6648593,5.7563744]},"faces":{"east":{"uv":[1.125,8.75,1.3125,9.125],"rotation":0,"texture":"#0","tintindex":0},"south":{"uv":[0.75,14.0625,0.375,14.4375],"rotation":0,"texture":"#0","tintindex":0},"north":{"uv":[0.375,14.0625,0.75,14.4375],"rotation":0,"texture":"#0","tintindex":0},"west":{"uv":[1.3125,8.75,1.125,9.125],"rotation":0,"texture":"#0","tintindex":0},"up":{"uv":[7.4375,1.4375,7.8125,1.25],"rotation":0,"texture":"#0","tintindex":0},"down":{"uv":[7.4375,1.25,7.8125,1.4375],