{"textures":{"0":"modelengine:entity/ouldhana"},"elements":[{"from":[4.761117,2.074411,1.5522141],"to":[10.246832,5.7886972,8.980785],"rotation":{"angle":0.0,"axis":"y","origin":[7.5347857,7.6648593,5.7563744]},"faces":{"east":{"uv":[8.375,7.125,9.1875,7.5625],"rotation":0,"texture":"#0","tintindex":0},"south":{"uv":[11.75,13.125,11.125,13.5625],"rotation":0,"texture":"#0","tintindex":0},"north":{"uv":[11.125,13.125,11.75,13.5625],"rotation":0,"texture":"#0","tintindex":0},"west":{"uv":[9.1875,7.125,8.375,7.5625],"rotation":0,"texture":"#0","tintindex":0},"up":{"uv":[7.4375,13.25,6.8125,12.4375],"rotation":0,"texture":"#0","tintindex":0},"down":{"uv":[7.4375,12.4375,6.8125,13.25],"rotation":0,"texture":"#0","tintindex":0}}},{"from":[4.93826,5.791897,2.8214254],"to":[10.081118,8.64904,7.964283],"rotation":{"angle":0.0,"axis":"y","origin":[7.5347857,7.6648593,5.7563744]},"faces":{"east":{"uv":[13.8125,4.9375,14.375,5.25],"rotation":0,"texture":"#0","tintindex":0},"south":{"uv":[9.375,0.9375,8.8125,1.25],"rotation":0,"texture":"#0","tintindex":0},"north":{"uv":[8.8125,0.9375,9.375,1.25],"rotation":0,"texture":"#0","tintindex":0},"west":{"uv":[14.375,4.9375,13.8125,5.25],"rotation":0,"texture":"#0","tintindex":0},"up":{"uv":[13.5625,2.6875,13.0,2.125],"rotation":0,"texture":"#0","tintindex":0},"down":{"uv":[13.5625,2.125,13.0,2.6875],"rotation":0,"texture":"#0","tintindex":0}}},{"from":[4.523494,7.2931414,5.889639],"to":[10.523495,11.007427,9.603925],"rotation":{"angle":45.0,"axis":"x","origin":[7.5347857,7.6648593,5.7563744]},"faces":{"east":{"uv":[13.75,2.5625,14.1875,3.0],"rotation":0,"texture":"#0","tintindex":0},"south":{"uv":[13.125,0.6875,13.8125,1.125],"rotation":0,"texture":"#0","tintindex":0},"north":{"uv":[13.8125,0.6875,13.125,1.125],"rotation":0,"texture":"#0","tintindex":0},"west":{"uv":[14.1875,2.5625,13.75,3.0],"rotation":0,"texture":"#0","tintindex":0},"up":{"uv":[13.8125,1.125,13.125,0.6875],"rotation":0,"texture":"#0","tintindex":0},"down":{"uv":[13.8125,0.6875,13.125,1.125],"rotation":0,"texture":"#0","tintindex":0}}},{"from":[12.257154,0.18869686,-7.3600235],"to":[12.314297,7.6172686,-0.5028801],"rotation":{"angle":-22.5,"axis":"y","origin":[12.285726,3.9029827,-4.1600227]},"faces":{"east":{"uv":[10.625,7.125,11.375,7.9375],"rotation":0,"texture":"#0","tintindex":0},"south":{"uv":[8.25,2.5,8.3125,3.3125],"rotation":0,"texture":"#0","tintindex":0},"north":{"uv":[8.1875,2.5,8.25,3.3125],"rotation":0,"texture":"#0","tintindex":0},"west":{"uv":[11.375,7.125,10.625,7.9375],"rotation":0,"texture":"#0","tintindex":0},"up":{"uv":[1.1875,10.1875,1.125,9.125],"rotation":0,"texture":"#0","tintindex":0},"down":{"uv":[1.1875,9.125,1.125,10.1875],"rotation":0,"texture":"#0","tintindex":0}}},{"from":[8.499826,2.5112848,-1.5966282],"to":[11.356969,5.939856,3.831944],"rotation":{"angle":-22.5,"axis":"y","origin":[9.928398,4.22557,0.8890867]},"faces":{"east":{"uv":[13.5,5.25,14.125,5.625],"rotation":0,"texture":"#0","tintindex":0},"south":{"uv":[14.375,3.0,14.0625,3.375],"rotation":0,"texture":"#0","tintindex":0},"north":{"uv":[14.0625,3.0,14.375,3.375],"rotation":0,"texture":"#0","tintindex":0},"west":{"uv":[14.125,5.25,13.5,5.625],"rotation":0,"texture":"#0","tintindex":0},"up":{"uv":[3.5,12.25,3.1875,11.625],"rotation":0,"texture":"#0","tintindex":0},"down":{"uv":[3.5,11.625,3.1875,12.25],"rotation":0,"texture":"#0","tintindex":0}}},{"from":[2.183845,0.18869686,-7.3600235],"to":[2.2409883,7.6172686,-0.5028801],"rotation":{"angle":22.5,"axis":"y","origin":[2.2124166,3.9029827,-4.1600227]},"faces":{"east":{"uv":[10.625,7.125,11.375,7.9375],"rotation":0,"texture":"#0","tintindex":0},"south":{"uv":[8.3125,2.5,8.25,3.3125],"rotation":0,"texture":"#0","tintindex":0},"north":{"uv":[8.25,2.5,8.1875,3.3125],"rotation":0,"texture":"#0","tintindex":0},"west":{"uv":[11.375,7.125,10.625,7.9375],"rotation":0,"texture":"#0","tintindex":0},"up":{"uv":[1.125,10.1875,1.1875,9.125],"rotation":0,"texture":"#0","tintindex":0},"down":{"uv":[1.125,9.125,1.1875,10.1875],"rotation":0,"texture":"#0","tintindex":0}}},{"from":[3.1411734,2.5112848,-1.5966282],"to":[5.9983163,5.939856,3.831944],"rotation":{"angle":22.5,"axis":"y","origin":[4.569745,4.22557,0.8890867]},"faces":{"east":{"uv":[13.5,5.25,14.125,5.625],"rotation":0,"texture":"#0","tintindex":0},"south":{"uv":[14.0625,3.0,14.375,3.375],"rotation":0,"texture":"#0","tintindex":0},"north":{"uv":[14.375,3.0,14.0625,3.375],"rotation":0,"texture":"#0","tintindex":0},"west":{"uv":[14.125,5.25,13.5,5.625],"rotation":0,"texture":"#0","tintindex":0},"up":{"uv":[3.1875,12.25,3.5,11.625],"rotation":0,"texture":"#0","tintindex":0},"down":{"uv":[3.1875,11.625,3.5,12.25],"rotation":0,"texture":"#0","tintindex":0}}},{"from":[4.2268877,1.5969987,6.1950903],"to":[7.0840306,5.0255704,11.623662],"rotation":{"angle":-22.5,"axis":"x","origin":[7.5347857,7.6648593,5.7563744]},"faces":{"east":{"uv":[14.125,5.25,13.5,5.625],"rotation":0,"texture":"#0","tintindex":0},"south":{"uv":[14.0625,3.0,14.375,3.375],"rotation":0,"texture":"#0","tintindex":0},"north":{"uv":[14.375,3.0,14.0625,3.375],"rotation":0,"texture":"#0","tintindex":0},"west":{"uv":[13.5,5.25,14.125,5.625],"rotation":0,"texture":"#0","tintindex":0},"up":{"uv":[3.1875,11.625,3.5,12.25],"rotation":0,"texture":"#0","tintindex":0},"down":{"uv":[3.1875,12.25,3.5,11.625],"rotation":0,"texture":"#0","tintindex":0}}},{"from":[5.670088,1.7886968,12.111637],"to":[5.7272305,9.217269,18.96878],"rotation":{"angle":0.0,"axis":"y","origin":[7.5347857,7.6648593,5.7563744]},"faces":{"east":{"uv":[11.375,7.125,10.625,7.9375],"rotation":0,"texture":"#0","tintindex":0},"south":{"uv":[8.1875,2.5,8.25,3.3125],"rotation":0,"texture":"#0","tintindex":0},"north":{"uv":[8.25,2.5,8.3125,3.3125],"rotation":0,"texture":"#0","tintindex":0},"west":{"uv":[10.625,7.125,11.375,7.9375],"rotation":0,"texture":"#0","tintindex":0},"up":{"uv":[1.125,9.125,1.1875,10.1875],"rotation":0,"texture":"#0","tintindex":0},"down":{"uv":[1.125,10.1875,1.1875,9.125],"rotation":0,"texture":"#0","tintindex":0}}},{"from":[6.015974,6.0493493,6.6405516],"to":[8.873117,8.906492,12.926266],"rotation":{"angle":-22.5,"axis":"x","origin":[7.5347857,7.6648593,5.7563744]},"faces":{"east":{"uv":[10.3125,7.9375,11.0,8.25],"rotation":0,"texture":"#0","tintindex":0},"south":{"uv":[14.0625,8.0625,14.375,8.375],"rotation":0,"texture":"#0","tintindex":0},"north":{"uv":[14.375,8.0625,14.0625,8.375],"rotation":0,"texture":"#0","tintindex":0},"west":{"uv":[11.0,7.9375,10.3125,8.25],"rotation":0,"texture":"#0","tintindex":0},"up":{"uv":[11.625,14.25,11.3125,13.5625],"rotation":0,"texture":"#0","tintindex":0},"down":{"uv":[11.625,13.5625,11.3125,14.25],"rotation":0,"texture":"#0","tintindex":0}}},{"from":[7.372774,4.9087777,8.350266],"to":[7.429917,12.337349,18.63598],"rotation":{"angle":-22.5,"axis":"x","origin":[7.5347857,7.6648593,5.7563744]},"faces":{"east":{"uv":[10.3125,2.4375,11.4375,3.25],"rotation":0,"texture":"#0","tintindex":0},"south":{"uv":[7.9375,8.875,8.0,9.6875],"rotation":0,"texture":"#0","tintindex":0},"north":{"uv":[7.875,8.875,7.9375,9.6875],"rotation":0,"texture":"#0","tintindex":0},"west":{"uv":[11.4375,2.4375,10.3125,3.25],"rotation":0,"texture":"#0","tintindex":0},"up":{"uv":[3.1875,8.0,3.125,6.875],"rotation":0,"texture":"#0","tintindex":0},"down":{"uv":[1.1875,9.125,1.125,10.25],"rotation":0,"texture":"#0","tintindex":0}}},{"from":[5.744614,2.074411,8.958614],"to":[9.233528,5.5633254,10.925609],"rotation":{"angle":0.0,"axis":"y","origin":[7.5347857,7.6648593,5.7563744]},"faces":{"east":{"uv":[1.125,8.75,1.3125,9.125],"rotation":0,"texture":"#0","tintindex":0},"south":{"uv":[0.375,14.0625,0.75,14.4375],"rotation":0,"texture":"#0","tintindex":0},"north":{"uv":[0.75,14.0625,0.375,14.4375],"rotation":0,"texture":"#0","tintindex":0},"west":{"uv":[1.3125,8.75,1.125,9.125],"rotation":0,"texture":"#0","tintindex":0},"up":{"uv":[7.8125,1.4375,7.4375,1.25],"rotation":0,"texture":"#0","tintindex":0},