{"textures":{"0":"modelengine:entity/ouldhana"},"elements":[{"from":[8.251757,4.268134,5.0481634],"to":[10.994614,7.9252768,11.448163],"rotation":{"angle":0.0,"axis":"y","origin":[8.324919,10.90436,7.248163]},"faces":{"east":{"uv":[13.1875,5.6875,13.875,6.0625],"rotation":0,"texture":"#0","tintindex":0},"south":{"uv":[14.375,1.875,14.0625,2.25],"rotation":0,"texture":"#0","tintindex":0},"north":{"uv":[14.0625,1.875,14.375,2.25],"rotation":0,"texture":"#0","tintindex":0},"west":{"uv":[13.875,5.6875,13.1875,6.0625],"rotation":0,"texture":"#0","tintindex":0},"up":{"uv":[13.1875,14.1875,12.875,13.5],"rotation":0,"texture":"#0","tintindex":0},"down":{"uv":[13.1875,13.5,12.875,14.1875],"rotation":0,"texture":"#0","tintindex":0}}},{"from":[10.679052,0.84377,9.219592],"to":[13.421909,8.158056,11.962449],"rotation":{"angle":-22.5,"axis":"z","origin":[8.324919,10.90436,7.248163]},"faces":{"east":{"uv":[6.8125,13.25,7.125,14.0625],"rotation":0,"texture":"#0","tintindex":0},"south":{"uv":[7.125,13.25,7.4375,14.0625],"rotation":0,"texture":"#0","tintindex":0},"north":{"uv":[7.4375,13.25,7.125,14.0625],"rotation":0,"texture":"#0","tintindex":0},"west":{"uv":[7.125,13.25,6.8125,14.0625],"rotation":0,"texture":"#0","tintindex":0},"up":{"uv":[14.375,7.125,14.0625,6.8125],"rotation":0,"texture":"#0","tintindex":0},"down":{"uv":[14.375,6.8125,14.0625,7.125],"rotation":0,"texture":"#0","tintindex":0}}},{"from":[10.679052,0.84377,4.3624487],"to":[13.421909,8.158056,7.105306],"rotation":{"angle":-22.5,"axis":"z","origin":[8.324919,10.90436,7.248163]},"faces":{"east":{"uv":[6.8125,13.25,7.125,14.0625],"rotation":0,"texture":"#0","tintindex":0},"south":{"uv":[7.125,13.25,7.4375,14.0625],"rotation":0,"texture":"#0","tintindex":0},"north":{"uv":[7.4375,13.25,7.125,14.0625],"rotation":0,"texture":"#0","tintindex":0},"west":{"uv":[7.125,13.25,6.8125,14.0625],"rotation":0,"texture":"#0","tintindex":0},"up":{"uv":[14.375,7.125,14.0625,6.8125],"rotation":0,"texture":"#0","tintindex":0},"down":{"uv":[14.375,6.8125,14.0625,7.125],"rotation":0,"texture":"#0","tintindex":0}}},{"from":[8.03854,1.3763499,2.5338774],"to":[10.781398,8.690636,5.2767344],"rotation":{"angle":-45.0,"axis":"z","origin":[8.324919,10.90436,7.248163]},"faces":{"east":{"uv":[6.8125,13.25,7.125,14.0625],"rotation":0,"texture":"#0","tintindex":0},"south":{"uv":[7.125,13.25,7.4375,14.0625],"rotation":0,"texture":"#0","tintindex":0},"north":{"uv":[7.4375,13.25,7.125,14.0625],"rotation":0,"texture":"#0","tintindex":0},"west":{"uv":[7.125,13.25,6.8125,14.0625],"rotation":0,"texture":"#0","tintindex":0},"up":{"uv":[14.375,7.125,14.0625,6.8125],"rotation":0,"texture":"#0","tintindex":0},"down":{"uv":[14.375,6.8125,14.0625,7.125],"rotation":0,"texture":"#0","tintindex":0}}},{"from":[8.951717,-7.2620564,5.448163],"to":[15.351717,5.537945,5.539592],"rotation":{"angle":-22.5,"axis":"z","origin":[8.324919,10.90436,7.248163]},"faces":{"east":{"uv":[4.625,14.0625,4.6875,15.4375],"rotation":0,"texture":"#0","tintindex":0},"south":{"uv":[5.3125,10.0,4.625,11.375],"rotation":0,"texture":"#0","tintindex":0},"north":{"uv":[4.625,10.0,5.3125,11.375],"rotation":0,"texture":"#0","tintindex":0},"west":{"uv":[7.75,14.0625,7.8125,15.4375],"rotation":0,"texture":"#0","tintindex":0},"up":{"uv":[4.1875,7.6875,3.5,7.625],"rotation":0,"texture":"#0","tintindex":0},"down":{"uv":[4.1875,7.625,3.5,7.6875],"rotation":0,"texture":"#0","tintindex":0}}},{"from":[9.604255,-6.737936,0.81959057],"to":[9.6956835,6.0620637,7.219591],"rotation":{"angle":-45.0,"axis":"z","origin":[8.324919,10.90436,7.248163]},"faces":{"east":{"uv":[5.3125,10.0,4.625,11.375],"rotation":0,"texture":"#0","tintindex":0},"south":{"uv":[7.75,14.0625,7.8125,15.4375],"rotation":0,"texture":"#0","tintindex":0},"north":{"uv":[4.625,14.0625,4.6875,15.4375],"rotation":0,"texture":"#0","tintindex":0},"west":{"uv":[4.625,10.0,5.3125,11.375],"rotation":0,"texture":"#0","tintindex":0},"up":{"uv":[4.1875,7.75,3.5,7.6875],"rotation":270,"texture":"#0","tintindex":0},"down":{"uv":[4.1875,7.6875,3.5,7.75],"rotation":90,"texture":"#0","tintindex":0}}},{"from":[8.951717,-7.2620564,10.305306],"to":[15.351717,5.537945,10.396735],"rotation":{"angle":-22.5,"axis":"z","origin":[8.324919,10.90436,7.248163]},"faces":{"east":{"uv":[4.625,14.0625,4.6875,15.4375],"rotation":0,"texture":"#0","tintindex":0},"south":{"uv":[5.3125,10.0,4.625,11.375],"rotation":0,"texture":"#0","tintindex":0},"north":{"uv":[4.625,10.0,5.3125,11.375],"rotation":0,"texture":"#0","tintindex":0},"west":{"uv":[7.75,14.0625,7.8125,15.4375],"rotation":0,"texture":"#0","tintindex":0},"up":{"uv":[4.0,7.625,3.3125,7.5625],"rotation":0,"texture":"#0","tintindex":0},"down":{"uv":[4.0,7.5625,3.3125,7.625],"rotation":0,"texture":"#0","tintindex":0}}}],"display":{"head":{"translation":[0.0,-6.4,0.0],"scale":[4.0,4.0,4.0]}}}