{"textures":{"0":"modelengine:entity/ouldhana"},"elements":[{"from":[6.323157,3.9304223,6.1420407],"to":[9.066014,7.5875654,12.542042],"rotation":{"angle":0.0,"axis":"y","origin":[7.6945853,5.758994,9.342041]},"faces":{"east":{"uv":[13.1875,5.6875,13.875,6.0625],"rotation":0,"texture":"#0","tintindex":0},"south":{"uv":[14.0625,1.875,14.375,2.25],"rotation":0,"texture":"#0","tintindex":0},"north":{"uv":[14.375,1.875,14.0625,2.25],"rotation":0,"texture":"#0","tintindex":0},"west":{"uv":[13.875,5.6875,13.1875,6.0625],"rotation":0,"texture":"#0","tintindex":0},"up":{"uv":[12.875,14.1875,13.1875,13.5],"rotation":0,"texture":"#0","tintindex":0},"down":{"uv":[12.875,13.5,13.1875,14.1875],"rotation":0,"texture":"#0","tintindex":0}}},{"from":[7.617822,1.1554127,10.31347],"to":[10.36068,8.469699,13.056327],"rotation":{"angle":22.5,"axis":"z","origin":[12.4860935,1.5355444,8.507755]},"faces":{"east":{"uv":[6.8125,13.25,7.125,14.0625],"rotation":0,"texture":"#0","tintindex":0},"south":{"uv":[7.4375,13.25,7.125,14.0625],"rotation":0,"texture":"#0","tintindex":0},"north":{"uv":[7.125,13.25,7.4375,14.0625],"rotation":0,"texture":"#0","tintindex":0},"west":{"uv":[7.125,13.25,6.8125,14.0625],"rotation":0,"texture":"#0","tintindex":0},"up":{"uv":[14.0625,7.125,14.375,6.8125],"rotation":0,"texture":"#0","tintindex":0},"down":{"uv":[14.0625,6.8125,14.375,7.125],"rotation":0,"texture":"#0","tintindex":0}}},{"from":[7.617822,1.1554127,5.4563265],"to":[10.36068,8.469699,8.199183],"rotation":{"angle":22.5,"axis":"z","origin":[12.4860935,1.5355444,3.6506124]},"faces":{"east":{"uv":[6.8125,13.25,7.125,14.0625],"rotation":0,"texture":"#0","tintindex":0},"south":{"uv":[7.4375,13.25,7.125,14.0625],"rotation":0,"texture":"#0","tintindex":0},"north":{"uv":[7.125,13.25,7.4375,14.0625],"rotation":0,"texture":"#0","tintindex":0},"west":{"uv":[7.125,13.25,6.8125,14.0625],"rotation":0,"texture":"#0","tintindex":0},"up":{"uv":[14.0625,7.125,14.375,6.8125],"rotation":0,"texture":"#0","tintindex":0},"down":{"uv":[14.0625,6.8125,14.375,7.125],"rotation":0,"texture":"#0","tintindex":0}}},{"from":[11.0055065,1.9909296,3.6277552],"to":[13.748364,9.305216,6.370612],"rotation":{"angle":45.0,"axis":"z","origin":[12.376936,5.6480722,4.9991837]},"faces":{"east":{"uv":[6.8125,13.25,7.125,14.0625],"rotation":0,"texture":"#0","tintindex":0},"south":{"uv":[7.4375,13.25,7.125,14.0625],"rotation":0,"texture":"#0","tintindex":0},"north":{"uv":[7.125,13.25,7.4375,14.0625],"rotation":0,"texture":"#0","tintindex":0},"west":{"uv":[7.125,13.25,6.8125,14.0625],"rotation":0,"texture":"#0","tintindex":0},"up":{"uv":[14.0625,7.125,14.375,6.8125],"rotation":0,"texture":"#0","tintindex":0},"down":{"uv":[14.0625,6.8125,14.375,7.125],"rotation":0,"texture":"#0","tintindex":0}}},{"from":[5.674965,-7.016017,6.542041],"to":[12.0749655,5.783984,6.6334696],"rotation":{"angle":22.5,"axis":"z","origin":[12.314665,1.5355444,8.164898]},"faces":{"east":{"uv":[7.8125,14.0625,7.75,15.4375],"rotation":0,"texture":"#0","tintindex":0},"south":{"uv":[4.625,10.0,5.3125,11.375],"rotation":0,"texture":"#0","tintindex":0},"north":{"uv":[5.3125,10.0,4.625,11.375],"rotation":0,"texture":"#0","tintindex":0},"west":{"uv":[4.6875,14.0625,4.625,15.4375],"rotation":0,"texture":"#0","tintindex":0},"up":{"uv":[3.125,7.625,3.8125,7.5625],"rotation":0,"texture":"#0","tintindex":0},"down":{"uv":[3.125,7.5625,3.8125,7.625],"rotation":0,"texture":"#0","tintindex":0}}},{"from":[16.603317,-4.2165155,1.9134684],"to":[16.694744,8.583485,8.313469],"rotation":{"angle":45.0,"axis":"z","origin":[16.934746,1.1549134,-21.286533]},"faces":{"east":{"uv":[5.3125,10.0,4.625,11.375],"rotation":0,"texture":"#0","tintindex":0},"south":{"uv":[7.8125,14.0625,7.75,15.4375],"rotation":0,"texture":"#0","tintindex":0},"north":{"uv":[4.6875,14.0625,4.625,15.4375],"rotation":0,"texture":"#0","tintindex":0},"west":{"uv":[4.625,10.0,5.3125,11.375],"rotation":0,"texture":"#0","tintindex":0},"up":{"uv":[3.9375,7.625,3.25,7.6875],"rotation":270,"texture":"#0","tintindex":0},"down":{"uv":[3.9375,7.6875,3.25,7.625],"rotation":90,"texture":"#0","tintindex":0}}},{"from":[5.674965,-7.016017,11.399184],"to":[12.0749655,5.783984,11.490612],"rotation":{"angle":22.5,"axis":"z","origin":[12.314665,1.5355444,8.222041]},"faces":{"east":{"uv":[7.8125,14.0625,7.75,15.4375],"rotation":0,"texture":"#0","tintindex":0},"south":{"uv":[4.625,10.0,5.3125,11.375],"rotation":0,"texture":"#0","tintindex":0},"north":{"uv":[5.3125,10.0,4.625,11.375],"rotation":0,"texture":"#0","tintindex":0},"west":{"uv":[4.6875,14.0625,4.625,15.4375],"rotation":0,"texture":"#0","tintindex":0},"up":{"uv":[3.25,7.625,3.9375,7.5625],"rotation":0,"texture":"#0","tintindex":0},"down":{"uv":[3.25,7.5625,3.9375,7.625],"rotation":0,"texture":"#0","tintindex":0}}}],"display":{"head":{"translation":[0.0,-6.4,0.0],"scale":[4.0,4.0,4.0]}}}