{"textures":{"0":"modelengine:entity/ouldhana"},"elements":[{"from":[3.400426,6.8042727,6.585549],"to":[9.114712,12.232844,12.299835],"rotation":{"angle":-45.0,"axis":"y","origin":[8.1472025,13.09317,11.123305]},"faces":{"east":{"uv":[12.875,4.4375,13.5,5.0625],"rotation":0,"texture":"#0","tintindex":0},"south":{"uv":[13.5,4.4375,12.875,5.0625],"rotation":0,"texture":"#0","tintindex":0},"north":{"uv":[13.4375,4.4375,13.5,5.0625],"rotation":0,"texture":"#0","tintindex":0},"west":{"uv":[13.5,4.4375,13.4375,5.0625],"rotation":0,"texture":"#0","tintindex":0},"up":{"uv":[13.5625,8.375,12.9375,7.75],"rotation":0,"texture":"#0","tintindex":0},"down":{"uv":[13.5625,7.75,12.9375,8.375],"rotation":0,"texture":"#0","tintindex":0}}},{"from":[3.9982834,11.169987,8.616411],"to":[11.998283,18.598558,16.044983],"rotation":{"angle":0.0,"axis":"y","origin":[8.1472025,13.09317,11.123305]},"faces":{"east":{"uv":[11.1875,11.625,12.0,12.4375],"rotation":0,"texture":"#0","tintindex":0},"south":{"uv":[11.4375,2.4375,12.3125,3.25],"rotation":0,"texture":"#0","tintindex":0},"north":{"uv":[11.4375,2.4375,12.3125,3.25],"rotation":0,"texture":"#0","tintindex":0},"west":{"uv":[12.0,11.625,11.1875,12.4375],"rotation":0,"texture":"#0","tintindex":0},"up":{"uv":[12.3125,4.0625,11.4375,3.25],"rotation":0,"texture":"#0","tintindex":0},"down":{"uv":[12.3125,3.25,11.4375,4.0625],"rotation":0,"texture":"#0","tintindex":0}}},{"from":[7.9411407,8.884273,12.044983],"to":[7.9982834,21.455702,28.044983],"rotation":{"angle":0.0,"axis":"y","origin":[8.1472025,13.09317,11.123305]},"faces":{"east":{"uv":[2.375,0.0625,4.125,1.4375],"rotation":0,"texture":"#0","tintindex":0},"south":{"uv":[8.8125,14.0,8.875,15.75],"rotation":0,"texture":"#0","tintindex":0},"north":{"uv":[5.875,10.0,5.9375,11.75],"rotation":0,"texture":"#0","tintindex":0},"west":{"uv":[4.125,0.0625,2.375,1.4375],"rotation":0,"texture":"#0","tintindex":0},"up":{"uv":[8.9375,15.75,8.875,14.0],"rotation":0,"texture":"#0","tintindex":0},"down":{"uv":[10.1875,14.0,10.125,15.75],"rotation":0,"texture":"#0","tintindex":0}}},{"from":[6.8976803,11.994759,9.359268],"to":[9.741914,21.128471,12.169856],"rotation":{"angle":-45.0,"axis":"z","origin":[8.1472025,13.09317,11.123305]},"faces":{"east":{"uv":[10.8125,12.5625,11.125,13.5625],"rotation":0,"texture":"#0","tintindex":0},"south":{"uv":[6.3125,11.75,6.0,12.75],"rotation":0,"texture":"#0","tintindex":0},"north":{"uv":[6.0,11.75,6.3125,12.75],"rotation":0,"texture":"#0","tintindex":0},"west":{"uv":[10.8125,12.5625,11.125,13.5625],"rotation":0,"texture":"#0","tintindex":0},"up":{"uv":[4.125,14.375,3.8125,14.0625],"rotation":0,"texture":"#0","tintindex":0},"down":{"uv":[4.125,14.0625,3.8125,14.375],"rotation":0,"texture":"#0","tintindex":0}}},{"from":[2.8976803,16.566187,10.730697],"to":[13.183395,30.8519,10.78784],"rotation":{"angle":-45.0,"axis":"z","origin":[8.1472025,13.09317,11.123305]},"faces":{"east":{"uv":[2.625,14.0625,2.6875,15.625],"rotation":0,"texture":"#0","tintindex":0},"south":{"uv":[8.3125,3.3125,7.1875,4.875],"rotation":0,"texture":"#0","tintindex":0},"north":{"uv":[7.1875,3.3125,8.3125,4.875],"rotation":0,"texture":"#0","tintindex":0},"west":{"uv":[4.4375,14.0625,4.5,15.625],"rotation":0,"texture":"#0","tintindex":0},"up":{"uv":[7.125,2.8125,6.0,2.75],"rotation":0,"texture":"#0","tintindex":0},"down":{"uv":[7.125,2.8125,6.0,2.875],"rotation":0,"texture":"#0","tintindex":0}}},{"from":[6.5524907,11.994759,9.359268],"to":[9.396724,21.128471,12.169856],"rotation":{"angle":45.0,"axis":"z","origin":[8.1472025,13.09317,11.123305]},"faces":{"east":{"uv":[11.125,12.5625,10.8125,13.5625],"rotation":0,"texture":"#0","tintindex":0},"south":{"uv":[6.0,11.75,6.3125,12.75],"rotation":0,"texture":"#0","tintindex":0},"north":{"uv":[6.3125,11.75,6.0,12.75],"rotation":0,"texture":"#0","tintindex":0},"west":{"uv":[11.125,12.5625,10.8125,13.5625],"rotation":0,"texture":"#0","tintindex":0},"up":{"uv":[3.8125,14.375,4.125,14.0625],"rotation":0,"texture":"#0","tintindex":0},"down":{"uv":[3.8125,14.0625,4.125,14.375],"rotation":0,"texture":"#0","tintindex":0}}},{"from":[3.1110091,16.566187,10.730697],"to":[13.396724,30.8519,10.78784],"rotation":{"angle":45.0,"axis":"z","origin":[8.1472025,13.09317,11.123305]},"faces":{"east":{"uv":[4.5,14.0625,4.4375,15.625],"rotation":0,"texture":"#0","tintindex":0},"south":{"uv":[7.1875,3.3125,8.3125,4.875],"rotation":0,"texture":"#0","tintindex":0},"north":{"uv":[8.3125,3.3125,7.1875,4.875],"rotation":0,"texture":"#0","tintindex":0},"west":{"uv":[2.6875,14.0625,2.625,15.625],"rotation":0,"texture":"#0","tintindex":0},"up":{"uv":[6.0,2.8125,7.125,2.75],"rotation":0,"texture":"#0","tintindex":0},"down":{"uv":[6.0,2.8125,7.125,2.875],"rotation":0,"texture":"#0","tintindex":0}}},{"from":[6.5699644,13.252793,7.9526443],"to":[9.380552,22.386509,10.796878],"rotation":{"angle":-45.0,"axis":"x","origin":[8.1472025,13.09317,11.123305]},"faces":{"east":{"uv":[6.3125,11.75,6.0,12.75],"rotation":0,"texture":"#0","tintindex":0},"south":{"uv":[11.125,12.5625,10.8125,13.5625],"rotation":0,"texture":"#0","tintindex":0},"north":{"uv":[11.125,12.5625,10.8125,13.5625],"rotation":0,"texture":"#0","tintindex":0},"west":{"uv":[6.0,11.75,6.3125,12.75],"rotation":0,"texture":"#0","tintindex":0},"up":{"uv":[3.8125,14.375,4.125,14.0625],"rotation":90,"texture":"#0","tintindex":0},"down":{"uv":[3.8125,14.0625,4.125,14.375],"rotation":270,"texture":"#0","tintindex":0}}},{"from":[7.9519806,17.714287,5.127263],"to":[8.009123,32.0,15.412977],"rotation":{"angle":-45.0,"axis":"x","origin":[8.1472025,13.09317,11.123305]},"faces":{"east":{"uv":[8.3125,3.3125,7.1875,4.875],"rotation":0,"texture":"#0","tintindex":0},"south":{"uv":[4.5,14.0625,4.4375,15.625],"rotation":0,"texture":"#0","tintindex":0},"north":{"uv":[2.6875,14.0625,2.625,15.625],"rotation":0,"texture":"#0","tintindex":0},"west":{"uv":[7.1875,3.3125,8.3125,4.875],"rotation":0,"texture":"#0","tintindex":0},"up":{"uv":[6.0,2.8125,7.125,2.75],"rotation":90,"texture":"#0","tintindex":0},"down":{"uv":[6.0,2.8125,7.125,2.875],"rotation":270,"texture":"#0","tintindex":0}}},{"from":[2.8079686,6.6923637,5.9930916],"to":[7.093683,11.263792,10.278807],"rotation":{"angle":-45.0,"axis":"y","origin":[8.1472025,13.09317,11.123305]},"faces":{"east":{"uv":[9.75,13.5,10.25,14.0],"rotation":0,"texture":"#0","tintindex":0},"south":{"uv":[10.25,13.5,9.75,14.0],"rotation":0,"texture":"#0","tintindex":0},"north":{"uv":[10.25,13.5,9.75,14.0],"rotation":0,"texture":"#0","tintindex":0},"west":{"uv":[9.75,13.5,10.25,14.0],"rotation":0,"texture":"#0","tintindex":0},"up":{"uv":[12.875,14.0,12.375,13.5],"rotation":0,"texture":"#0","tintindex":0},"down":{"uv":[12.875,13.5,12.375,14.0],"rotation":0,"texture":"#0","tintindex":0}}},{"from":[4.28794,3.9495068,7.473063],"to":[7.4307966,6.8066497,10.61592],"rotation":{"angle":-45.0,"axis":"y","origin":[8.1472025,13.09317,11.123305]},"faces":{"east":{"uv":[2.125,14.0625,1.75,14.375],"rotation":0,"texture":"#0","tintindex":0},"south":{"uv":[1.75,14.0625,2.125,14.375],"rotation":0,"texture":"#0","tintindex":0},"north":{"uv":[2.125,14.0625,1.75,14.375],"rotation":0,"texture":"#0","tintindex":0},"west":{"uv":[1.75,14.0625,2.125,14.375],"rotation":0,"texture":"#0","tintindex":0},"up":{"uv":[8.75,14.375,8.375,14.0],"rotation":0,"texture":"#0","tintindex":0},"down":{"uv":[8.75,14.0,8.375,14.375],"rotation":0,"texture":"#0","tintindex":0}}},{"from":[2.8079686,11.273302,5.9930916],"to":[9.093683,18.701874,12.278807],"rotation":{"angle":-45.0,"axis":"y","origin":[8.1472025,13.09317,11.123305]},"faces":{"east":{"uv":[12.3125,2.25,13.0,3.0625],"rotation":0,"texture":"#0","tintindex":0},"south":{"uv":[13.0,2.25,12.3125,3.0625],"rotation":0,"texture":"#0","tintindex":0},"north":{"uv":[13.0,2.25,12.3125,3.0625],"rotation":0,"texture":"#0","tintindex":0},"west":{"uv":[12.3125,2.25,13.0,3.0625],"rotation":0,"texture":"#0","tintindex":0},"up":{"uv":[11.875,13.125,11.1875,12.4375],"rotation":0,"texture":"#0","tintindex":0},