{"textures":{"1":"modelengine:entity/ouldhana_vfx"},"elements":[{"from":[-14.228361,7.98,-2.0],"to":[7.7716384,8.02,18.0],"rotation":{"angle":22.5,"axis":"z","origin":[-3.228362,8.0,8.0]},"faces":{"up":{"uv":[12.619255,0.0,16.0,3.1746895],"rotation":0,"texture":"#1","tintindex":0},"down":{"uv":[12.619255,3.1801243,16.0,0.0],"rotation":0,"texture":"#1","tintindex":0}}},{"from":[-10.628363,15.9800005,-2.0],"to":[11.371638,16.02,18.0],"rotation":{"angle":22.5,"axis":"z","origin":[0.3716383,16.0,8.0]},"faces":{"up":{"uv":[12.619255,0.0,16.0,3.1746895],"rotation":0,"texture":"#1","tintindex":0},"down":{"uv":[12.619255,3.1801243,16.0,0.0],"rotation":0,"texture":"#1","tintindex":0}}},{"from":[4.6283617,15.9800005,-2.0],"to":[26.628363,16.02,18.0],"rotation":{"angle":-22.5,"axis":"z","origin":[15.628362,16.0,8.0]},"faces":{"up":{"uv":[16.0,0.0,12.619255,3.1746895],"rotation":0,"texture":"#1","tintindex":0},"down":{"uv":[16.0,3.1801243,12.619255,0.0],"rotation":0,"texture":"#1","tintindex":0}}},{"from":[8.228361,7.98,-2.0],"to":[30.228361,8.02,18.0],"rotation":{"angle":-22.5,"axis":"z","origin":[19.228363,8.0,8.0]},"faces":{"up":{"uv":[16.0,0.0,12.619255,3.1746895],"rotation":0,"texture":"#1","tintindex":0},"down":{"uv":[16.0,3.1801243,12.619255,0.0],"rotation":0,"texture":"#1","tintindex":0}}}],"display":{"head":{"translation":[0.0,-6.4,0.0],"scale":[4.0,4.0,4.0]}}}