{"textures":{"0":"modelengine:entity/ouldhana"},"elements":[{"from":[5.823086,0.16127968,3.7012296],"to":[12.680229,10.446995,11.986944],"rotation":{"angle":0.0,"axis":"y","origin":[9.2516575,5.304137,7.844087]},"faces":{"east":{"uv":[9.375,0.9375,10.3125,2.0625],"rotation":0,"texture":"#0","tintindex":0},"south":{"uv":[11.75,0.0,11.0,1.125],"rotation":0,"texture":"#0","tintindex":0},"north":{"uv":[11.0,0.0,11.75,1.125],"rotation":0,"texture":"#0","tintindex":0},"west":{"uv":[10.3125,0.9375,9.375,2.0625],"rotation":0,"texture":"#0","tintindex":0},"up":{"uv":[0.75,9.875,0.0,8.9375],"rotation":0,"texture":"#0","tintindex":0},"down":{"uv":[0.75,8.9375,0.0,9.875],"rotation":0,"texture":"#0","tintindex":0}}}],"display":{"head":{"translation":[0.0,-6.4,0.0],"scale":[4.0,4.0,4.0]}}}