{"textures":{"1":"modelengine:entity/ouldhana_vfx"},"elements":[{"from":[-5.7333326,11.672493,1.0697341],"to":[26.266668,11.792494,17.069735],"rotation":{"angle":0.0,"axis":"y","origin":[10.266666,11.732493,9.069735]},"faces":{"east":{"uv":[0.0,0.0,0.0,0.0625],"rotation":0,"texture":"#1","tintindex":0},"south":{"uv":[0.0,0.0,0.0,0.0625],"rotation":0,"texture":"#1","tintindex":0},"north":{"uv":[0.0,0.0,0.0,0.0625],"rotation":0,"texture":"#1","tintindex":0},"west":{"uv":[0.0,0.0,0.0,0.0625],"rotation":0,"texture":"#1","tintindex":0},"up":{"uv":[0.0,8.048448,3.9708076,16.0],"rotation":90,"texture":"#1","tintindex":0},"down":{"uv":[0.0,16.0,3.9708076,8.048448],"rotation":270,"texture":"#1","tintindex":0}}},{"from":[-12.533333,7.6750135,-2.1394682],"to":[19.466667,7.7950134,13.860532],"rotation":{"angle":0.0,"axis":"y","origin":[3.4666667,7.7350135,5.860532]},"faces":{"east":{"uv":[0.0,0.0,0.0,0.0625],"rotation":0,"texture":"#1","tintindex":0},"south":{"uv":[0.0,0.0,0.0,0.0625],"rotation":0,"texture":"#1","tintindex":0},"north":{"uv":[0.0,0.0,0.0,0.0625],"rotation":0,"texture":"#1","tintindex":0},"west":{"uv":[0.0,0.0,0.0,0.0625],"rotation":0,"texture":"#1","tintindex":0},"up":{"uv":[0.0,8.048448,3.9708076,16.0],"rotation":90,"texture":"#1","tintindex":0},"down":{"uv":[0.0,16.0,3.9708076,8.048448],"rotation":270,"texture":"#1","tintindex":0}}},{"from":[-5.7333326,4.472493,1.0697341],"to":[26.266668,4.592493,17.069735],"rotation":{"angle":0.0,"axis":"y","origin":[10.266666,4.532493,9.069735]},"faces":{"east":{"uv":[0.0,0.0,0.0,0.0625],"rotation":0,"texture":"#1","tintindex":0},"south":{"uv":[0.0,0.0,0.0,0.0625],"rotation":0,"texture":"#1","tintindex":0},"north":{"uv":[0.0,0.0,0.0,0.0625],"rotation":0,"texture":"#1","tintindex":0},"west":{"uv":[0.0,0.0,0.0,0.0625],"rotation":0,"texture":"#1","tintindex":0},"up":{"uv":[0.0,8.048448,3.9708076,16.0],"rotation":90,"texture":"#1","tintindex":0},"down":{"uv":[0.0,16.0,3.9708076,8.048448],"rotation":270,"texture":"#1","tintindex":0}}}],"display":{"head":{"translation":[0.0,-6.4,0.0],"scale":[4.0,4.0,4.0]}}}