{"textures":{"0":"modelengine:entity/ouldhana"},"elements":[{"from":[15.382854,8.96557,4.2547035],"to":[19.382854,11.36557,6.654703],"rotation":{"angle":-45.0,"axis":"x","origin":[17.396187,5.3666487,10.275249]},"faces":{"east":{"uv":[0.875,2.875,0.5,3.25],"rotation":180,"texture":"#0","tintindex":0},"south":{"uv":[1.1875,2.75,1.8125,3.125],"rotation":180,"texture":"#0","tintindex":0},"north":{"uv":[1.8125,2.75,1.1875,3.125],"rotation":180,"texture":"#0","tintindex":0},"west":{"uv":[0.5,2.875,0.875,3.25],"rotation":180,"texture":"#0","tintindex":0},"up":{"uv":[1.1875,2.75,1.8125,3.125],"rotation":180,"texture":"#0","tintindex":0},"down":{"uv":[1.8125,2.75,1.1875,3.125],"rotation":180,"texture":"#0","tintindex":0}}},{"from":[16.78952,3.7476182,4.2752485],"to":[17.989521,6.947618,28.27525],"rotation":{"angle":0.0,"axis":"y","origin":[17.396187,5.3666487,10.275249]},"faces":{"east":{"uv":[3.75,8.25,0.0,8.75],"rotation":180,"texture":"#0","tintindex":0},"south":{"uv":[0.8125,3.25,1.0,3.75],"rotation":180,"texture":"#0","tintindex":0},"north":{"uv":[0.8125,3.25,1.0,3.75],"rotation":180,"texture":"#0","tintindex":0},"west":{"uv":[0.0,8.25,3.75,8.75],"rotation":180,"texture":"#0","tintindex":0},"up":{"uv":[1.3125,12.25,1.125,16.0],"rotation":180,"texture":"#0","tintindex":0},"down":{"uv":[1.125,12.25,1.3125,16.0],"rotation":180,"texture":"#0","tintindex":0}}},{"from":[15.809521,8.161518,3.453466],"to":[19.009521,12.161518,7.453466],"rotation":{"angle":-45.0,"axis":"x","origin":[17.396187,5.3666487,10.275249]},"faces":{"east":{"uv":[1.8125,3.125,1.1875,3.75],"rotation":180,"texture":"#0","tintindex":0},"south":{"uv":[0.5,2.625,0.0,3.25],"rotation":180,"texture":"#0","tintindex":0},"north":{"uv":[0.0,2.625,0.5,3.25],"rotation":180,"texture":"#0","tintindex":0},"west":{"uv":[1.1875,3.125,1.8125,3.75],"rotation":180,"texture":"#0","tintindex":0},"up":{"uv":[0.0,2.625,0.5,3.25],"rotation":180,"texture":"#0","tintindex":0},"down":{"uv":[0.5,2.625,0.0,3.25],"rotation":180,"texture":"#0","tintindex":0}}},{"from":[16.009521,16.881115,-3.66613],"to":[18.80952,19.281115,-1.2661304],"rotation":{"angle":-45.0,"axis":"x","origin":[17.396187,5.3666487,10.275249]},"faces":{"east":{"uv":[0.875,2.5,0.5,2.875],"rotation":180,"texture":"#0","tintindex":0},"south":{"uv":[0.0,2.625,0.4375,2.25],"rotation":180,"texture":"#0","tintindex":0},"north":{"uv":[0.4375,2.625,0.0,2.25],"rotation":180,"texture":"#0","tintindex":0},"west":{"uv":[0.5,2.5,0.875,2.875],"rotation":180,"texture":"#0","tintindex":0},"up":{"uv":[0.0,2.25,0.4375,2.625],"rotation":180,"texture":"#0","tintindex":0},"down":{"uv":[0.0,2.25,0.4375,2.625],"rotation":180,"texture":"#0","tintindex":0}}},{"from":[16.20952,4.187618,-8.124752],"to":[18.60952,6.587618,2.6752486],"rotation":{"angle":0.0,"axis":"y","origin":[17.396187,5.3666487,10.275249]},"faces":{"east":{"uv":[4.0,3.125,2.3125,3.5],"rotation":180,"texture":"#0","tintindex":0},"south":{"uv":[0.0,0.0,0.375,0.375],"rotation":180,"texture":"#0","tintindex":0},"north":{"uv":[0.0,0.0,0.375,0.375],"rotation":180,"texture":"#0","tintindex":0},"west":{"uv":[2.3125,3.125,4.0,3.5],"rotation":180,"texture":"#0","tintindex":0},"up":{"uv":[4.0,1.8125,4.375,3.5],"rotation":180,"texture":"#0","tintindex":0},"down":{"uv":[4.0,3.5,4.375,1.8125],"rotation":180,"texture":"#0","tintindex":0}}},{"from":[15.84952,3.7876177,-0.52475166],"to":[18.96952,6.987618,1.8752484],"rotation":{"angle":0.0,"axis":"y","origin":[17.396187,5.3666487,10.275249]},"faces":{"east":{"uv":[2.1875,3.25,1.8125,3.75],"rotation":180,"texture":"#0","tintindex":0},"south":{"uv":[0.5,2.625,0.0,3.125],"rotation":180,"texture":"#0","tintindex":0},"north":{"uv":[0.0,2.625,0.5,3.125],"rotation":180,"texture":"#0","tintindex":0},"west":{"uv":[1.8125,3.25,2.1875,3.75],"rotation":180,"texture":"#0","tintindex":0},"up":{"uv":[2.3125,2.875,1.8125,3.25],"rotation":180,"texture":"#0","tintindex":0},"down":{"uv":[2.3125,3.25,1.8125,2.875],"rotation":180,"texture":"#0","tintindex":0}}},{"from":[15.809521,3.7876177,-6.124751],"to":[19.009521,6.987618,-3.7247515],"rotation":{"angle":0.0,"axis":"y","origin":[17.396187,5.3666487,10.275249]},"faces":{"east":{"uv":[2.1875,3.25,1.8125,3.75],"rotation":180,"texture":"#0","tintindex":0},"south":{"uv":[0.5,2.625,0.0,3.125],"rotation":180,"texture":"#0","tintindex":0},"north":{"uv":[0.0,2.625,0.5,3.125],"rotation":180,"texture":"#0","tintindex":0},"west":{"uv":[1.8125,3.25,2.1875,3.75],"rotation":180,"texture":"#0","tintindex":0},"up":{"uv":[2.3125,2.875,1.8125,3.25],"rotation":180,"texture":"#0","tintindex":0},"down":{"uv":[2.3125,3.25,1.8125,2.875],"rotation":180,"texture":"#0","tintindex":0}}},{"from":[16.80952,-8.506102,21.858345],"to":[17.96952,-6.2461014,24.118343],"rotation":{"angle":-45.0,"axis":"x","origin":[17.396187,5.3666487,10.275249]},"faces":{"east":{"uv":[0.0,7.875,0.375,8.25],"rotation":180,"texture":"#0","tintindex":0},"south":{"uv":[0.5625,7.875,0.75,8.25],"rotation":180,"texture":"#0","tintindex":0},"north":{"uv":[0.0,3.25,0.1875,3.625],"rotation":180,"texture":"#0","tintindex":0},"west":{"uv":[0.0,7.875,0.375,8.25],"rotation":180,"texture":"#0","tintindex":0},"up":{"uv":[0.0,3.25,0.1875,3.625],"rotation":180,"texture":"#0","tintindex":0},"down":{"uv":[0.375,7.875,0.5625,8.25],"rotation":180,"texture":"#0","tintindex":0}}}],"display":{"head":{"translation":[0.0,-6.4,0.0],"scale":[4.0,4.0,4.0]}}}