{"textures":{"0":"modelengine:entity/ouldhana"},"elements":[{"from":[5.1927767,-3.7719774,4.8290925],"to":[10.907063,7.6565943,11.114807],"rotation":{"angle":0.0,"axis":"y","origin":[8.04992,7.513737,7.9719496]},"faces":{"east":{"uv":[10.375,5.875,11.0625,7.125],"rotation":0,"texture":"#0","tintindex":0},"south":{"uv":[7.4375,11.1875,6.8125,12.4375],"rotation":0,"texture":"#0","tintindex":0},"north":{"uv":[6.8125,11.1875,7.4375,12.4375],"rotation":0,"texture":"#0","tintindex":0},"west":{"uv":[11.0625,5.875,10.375,7.125],"rotation":0,"texture":"#0","tintindex":0},"up":{"uv":[0.625,9.875,0.0,9.1875],"rotation":0,"texture":"#0","tintindex":0},"down":{"uv":[0.625,9.1875,0.0,9.875],"rotation":0,"texture":"#0","tintindex":0}}},{"from":[5.1927767,7.6565943,4.8290925],"to":[5.24992,18.513737,11.114807],"rotation":{"angle":0.0,"axis":"y","origin":[8.04992,7.513737,7.9719496]},"faces":{"east":{"uv":[9.75,11.0625,10.4375,12.25],"rotation":0,"texture":"#0","tintindex":0},"south":{"uv":[11.375,7.0,12.0,8.1875],"rotation":0,"texture":"#0","tintindex":0},"north":{"uv":[9.125,11.25,9.75,12.4375],"rotation":0,"texture":"#0","tintindex":0},"west":{"uv":[10.4375,11.0625,9.75,12.25],"rotation":0,"texture":"#0","tintindex":0},"up":{"uv":[13.375,12.4375,12.75,11.75],"rotation":0,"texture":"#0","tintindex":0},"down":{"uv":[12.5,12.75,11.875,13.4375],"rotation":0,"texture":"#0","tintindex":0}}},{"from":[5.1927767,7.6565943,4.8290925],"to":[10.907063,18.513737,4.886235],"rotation":{"angle":0.0,"axis":"y","origin":[8.04992,7.513737,7.9719496]},"faces":{"east":{"uv":[9.75,11.0625,10.4375,12.25],"rotation":0,"texture":"#0","tintindex":0},"south":{"uv":[9.75,11.25,9.125,12.4375],"rotation":0,"texture":"#0","tintindex":0},"north":{"uv":[9.125,11.25,9.75,12.4375],"rotation":0,"texture":"#0","tintindex":0},"west":{"uv":[10.4375,11.0625,9.75,12.25],"rotation":0,"texture":"#0","tintindex":0},"up":{"uv":[13.375,12.4375,12.75,11.75],"rotation":0,"texture":"#0","tintindex":0},"down":{"uv":[12.5,12.75,11.875,13.4375],"rotation":0,"texture":"#0","tintindex":0}}},{"from":[10.84992,7.6565943,4.8290925],"to":[10.907063,18.513737,11.114807],"rotation":{"angle":0.0,"axis":"y","origin":[8.04992,7.513737,7.9719496]},"faces":{"east":{"uv":[9.75,11.0625,10.4375,12.25],"rotation":0,"texture":"#0","tintindex":0},"south":{"uv":[11.375,7.0,12.0,8.1875],"rotation":0,"texture":"#0","tintindex":0},"north":{"uv":[9.125,11.25,9.75,12.4375],"rotation":0,"texture":"#0","tintindex":0},"west":{"uv":[10.4375,11.0625,9.75,12.25],"rotation":0,"texture":"#0","tintindex":0},"up":{"uv":[13.375,12.4375,12.75,11.75],"rotation":0,"texture":"#0","tintindex":0},"down":{"uv":[12.5,12.75,11.875,13.4375],"rotation":0,"texture":"#0","tintindex":0}}}],"display":{"head":{"translation":[0.0,-6.4,0.0],"scale":[4.0,4.0,4.0]}}}