{"textures":{"0":"modelengine:entity/ouldhana"},"elements":[{"from":[6.5257144,-4.928479,2.123765],"to":[12.9257145,7.871522,8.523765],"rotation":{"angle":0.0,"axis":"y","origin":[9.268572,7.4546156,5.7516975]},"faces":{"east":{"uv":[6.3125,9.8125,7.0,11.1875],"rotation":0,"texture":"#0","tintindex":0},"south":{"uv":[9.75,9.6875,10.4375,11.0625],"rotation":0,"texture":"#0","tintindex":0},"north":{"uv":[10.4375,9.6875,9.75,11.0625],"rotation":0,"texture":"#0","tintindex":0},"west":{"uv":[7.0,9.8125,6.3125,11.1875],"rotation":0,"texture":"#0","tintindex":0},"up":{"uv":[0.0,9.875,0.6875,9.1875],"rotation":0,"texture":"#0","tintindex":0},"down":{"uv":[1.25,4.5625,0.5625,5.25],"rotation":0,"texture":"#0","tintindex":0}}},{"from":[-2.6171436,-4.928479,5.095193],"to":[6.5257144,11.528665,5.1866217],"rotation":{"angle":0.0,"axis":"y","origin":[9.268572,7.4546156,5.7516975]},"faces":{"east":{"uv":[6.75,13.75,6.6875,15.5625],"rotation":0,"texture":"#0","tintindex":0},"south":{"uv":[8.1875,1.5,7.1875,3.3125],"rotation":0,"texture":"#0","tintindex":0},"north":{"uv":[7.1875,1.5,8.1875,3.3125],"rotation":0,"texture":"#0","tintindex":0},"west":{"uv":[6.6875,13.75,6.625,15.5625],"rotation":0,"texture":"#0","tintindex":0},"up":{"uv":[8.375,7.625,9.375,7.5625],"rotation":0,"texture":"#0","tintindex":0},"down":{"uv":[14.0,13.5,15.0,13.5625],"rotation":0,"texture":"#0","tintindex":0}}},{"from":[8.354286,1.9346232,6.84597],"to":[11.097143,12.906053,10.503113],"rotation":{"angle":22.5,"axis":"x","origin":[9.268572,7.4546156,5.7516975]},"faces":{"east":{"uv":[0.0,12.5,0.375,13.6875],"rotation":0,"texture":"#0","tintindex":0},"south":{"uv":[3.1875,12.5625,2.875,13.75],"rotation":0,"texture":"#0","tintindex":0},"north":{"uv":[2.875,12.5625,3.1875,13.75],"rotation":0,"texture":"#0","tintindex":0},"west":{"uv":[0.375,12.5,0.0,13.6875],"rotation":0,"texture":"#0","tintindex":0},"up":{"uv":[13.1875,14.25,13.5,13.875],"rotation":0,"texture":"#0","tintindex":0},"down":{"uv":[13.1875,14.25,13.5,13.875],"rotation":0,"texture":"#0","tintindex":0}}},{"from":[9.634286,8.048909,5.588827],"to":[9.725715,24.506054,17.245972],"rotation":{"angle":22.5,"axis":"x","origin":[9.268572,7.4546156,5.7516975]},"faces":{"east":{"uv":[4.375,2.875,5.625,4.6875],"rotation":0,"texture":"#0","tintindex":0},"south":{"uv":[8.8125,14.0,8.75,15.8125],"rotation":0,"texture":"#0","tintindex":0},"north":{"uv":[6.8125,13.75,6.75,15.5625],"rotation":0,"texture":"#0","tintindex":0},"west":{"uv":[5.625,2.875,4.375,4.6875],"rotation":0,"texture":"#0","tintindex":0},"up":{"uv":[9.0625,11.25,9.125,9.875],"rotation":0,"texture":"#0","tintindex":0},"down":{"uv":[3.375,10.25,3.4375,11.625],"rotation":0,"texture":"#0","tintindex":0}}}],"display":{"head":{"translation":[0.0,-6.4,0.0],"scale":[4.0,4.0,4.0]}}}