{"textures":{"0":"modelengine:entity/ouldhana"},"elements":[{"from":[3.0742855,-4.928479,4.9809074],"to":[9.474286,7.871522,11.380908],"rotation":{"angle":0.0,"axis":"y","origin":[5.5885715,7.4546156,12.608841]},"faces":{"east":{"uv":[6.3125,9.8125,7.0,11.1875],"rotation":0,"texture":"#0","tintindex":0},"south":{"uv":[10.4375,9.6875,9.75,11.0625],"rotation":0,"texture":"#0","tintindex":0},"north":{"uv":[9.75,9.6875,10.4375,11.0625],"rotation":0,"texture":"#0","tintindex":0},"west":{"uv":[7.0,9.8125,6.3125,11.1875],"rotation":0,"texture":"#0","tintindex":0},"up":{"uv":[0.6875,9.875,0.0,9.1875],"rotation":0,"texture":"#0","tintindex":0},"down":{"uv":[0.5625,4.5625,1.25,5.25],"rotation":0,"texture":"#0","tintindex":0}}},{"from":[9.474286,-4.928479,7.9523363],"to":[18.617144,11.528665,8.043765],"rotation":{"angle":0.0,"axis":"y","origin":[5.5885715,7.4546156,12.608841]},"faces":{"east":{"uv":[6.625,13.75,6.6875,15.5625],"rotation":0,"texture":"#0","tintindex":0},"south":{"uv":[7.1875,1.5,8.1875,3.3125],"rotation":0,"texture":"#0","tintindex":0},"north":{"uv":[8.1875,1.5,7.1875,3.3125],"rotation":0,"texture":"#0","tintindex":0},"west":{"uv":[6.6875,13.75,6.75,15.5625],"rotation":0,"texture":"#0","tintindex":0},"up":{"uv":[9.375,7.625,8.375,7.5625],"rotation":0,"texture":"#0","tintindex":0},"down":{"uv":[15.0,13.5,14.0,13.5625],"rotation":0,"texture":"#0","tintindex":0}}},{"from":[4.902857,0.40388966,10.007595],"to":[7.6457143,11.375319,13.664738],"rotation":{"angle":22.5,"axis":"x","origin":[5.5885715,7.4546156,12.608841]},"faces":{"east":{"uv":[0.0,12.5,0.375,13.6875],"rotation":0,"texture":"#0","tintindex":0},"south":{"uv":[2.875,12.5625,3.1875,13.75],"rotation":0,"texture":"#0","tintindex":0},"north":{"uv":[3.1875,12.5625,2.875,13.75],"rotation":0,"texture":"#0","tintindex":0},"west":{"uv":[0.375,12.5,0.0,13.6875],"rotation":0,"texture":"#0","tintindex":0},"up":{"uv":[13.5,14.25,13.1875,13.875],"rotation":0,"texture":"#0","tintindex":0},"down":{"uv":[13.5,14.25,13.1875,13.875],"rotation":0,"texture":"#0","tintindex":0}}},{"from":[6.274286,6.5181756,8.750452],"to":[6.365714,22.975319,20.407597],"rotation":{"angle":22.5,"axis":"x","origin":[5.5885715,7.4546156,12.608841]},"faces":{"east":{"uv":[4.375,2.875,5.625,4.6875],"rotation":0,"texture":"#0","tintindex":0},"south":{"uv":[8.75,14.0,8.8125,15.8125],"rotation":0,"texture":"#0","tintindex":0},"north":{"uv":[6.75,13.75,6.8125,15.5625],"rotation":0,"texture":"#0","tintindex":0},"west":{"uv":[5.625,2.875,4.375,4.6875],"rotation":0,"texture":"#0","tintindex":0},"up":{"uv":[9.125,11.25,9.0625,9.875],"rotation":0,"texture":"#0","tintindex":0},"down":{"uv":[3.4375,10.25,3.375,11.625],"rotation":0,"texture":"#0","tintindex":0}}}],"display":{"head":{"translation":[0.0,-6.4,0.0],"scale":[4.0,4.0,4.0]}}}