{"textures":{"1":"modelengine:entity/ouldhana_vfx"},"elements":[{"from":[-14.857143,7.9714284,-14.857143],"to":[30.857143,8.028571,30.857143],"rotation":{"angle":0.0,"axis":"y","origin":[8.0,8.0,8.0]},"faces":{"up":{"uv":[7.941615,7.951553,0.004114907,0.0],"rotation":0,"texture":"#1","tintindex":0},"down":{"uv":[7.941615,0.0,0.0,7.951553],"rotation":0,"texture":"#1","tintindex":0}}}],"display":{"head":{"translation":[0.0,-6.4,0.0],"scale":[4.0,4.0,4.0]}}}