{"textures":{"0":"modelengine:entity/ouldhana"},"elements":[{"from":[6.0183334,11.602727,5.6205473],"to":[10.018333,14.0027275,8.020548],"rotation":{"angle":45.0,"axis":"x","origin":[8.005,8.003805,2.0000029]},"faces":{"east":{"uv":[0.5,2.875,0.875,3.25],"rotation":180,"texture":"#0","tintindex":0},"south":{"uv":[1.8125,2.75,1.1875,3.125],"rotation":180,"texture":"#0","tintindex":0},"north":{"uv":[1.1875,2.75,1.8125,3.125],"rotation":180,"texture":"#0","tintindex":0},"west":{"uv":[0.875,2.875,0.5,3.25],"rotation":180,"texture":"#0","tintindex":0},"up":{"uv":[1.1875,2.75,1.8125,3.125],"rotation":0,"texture":"#0","tintindex":0},"down":{"uv":[1.8125,2.75,1.1875,3.125],"rotation":0,"texture":"#0","tintindex":0}}},{"from":[7.411667,6.3847747,-16.0],"to":[8.611667,9.584775,8.000002],"rotation":{"angle":0.0,"axis":"y","origin":[8.005,8.003805,2.0000029]},"faces":{"east":{"uv":[0.0,8.25,3.75,8.75],"rotation":180,"texture":"#0","tintindex":0},"south":{"uv":[0.8125,3.25,1.0,3.75],"rotation":180,"texture":"#0","tintindex":0},"north":{"uv":[0.8125,3.25,1.0,3.75],"rotation":180,"texture":"#0","tintindex":0},"west":{"uv":[3.75,8.25,0.0,8.75],"rotation":180,"texture":"#0","tintindex":0},"up":{"uv":[1.3125,12.25,1.125,16.0],"rotation":0,"texture":"#0","tintindex":0},"down":{"uv":[1.125,12.25,1.3125,16.0],"rotation":0,"texture":"#0","tintindex":0}}},{"from":[6.3916664,10.798676,4.821785],"to":[9.591667,14.798676,8.821785],"rotation":{"angle":45.0,"axis":"x","origin":[8.005,8.003805,2.0000029]},"faces":{"east":{"uv":[1.1875,3.125,1.8125,3.75],"rotation":180,"texture":"#0","tintindex":0},"south":{"uv":[0.0,2.625,0.5,3.25],"rotation":180,"texture":"#0","tintindex":0},"north":{"uv":[0.5,2.625,0.0,3.25],"rotation":180,"texture":"#0","tintindex":0},"west":{"uv":[1.8125,3.125,1.1875,3.75],"rotation":180,"texture":"#0","tintindex":0},"up":{"uv":[0.0,2.625,0.5,3.25],"rotation":0,"texture":"#0","tintindex":0},"down":{"uv":[0.5,2.625,0.0,3.25],"rotation":0,"texture":"#0","tintindex":0}}},{"from":[6.5916667,19.518272,13.541382],"to":[9.391666,21.91827,15.941381],"rotation":{"angle":45.0,"axis":"x","origin":[8.005,8.003805,2.0000029]},"faces":{"east":{"uv":[0.5,2.5,0.875,2.875],"rotation":180,"texture":"#0","tintindex":0},"south":{"uv":[0.4375,2.625,0.0,2.25],"rotation":180,"texture":"#0","tintindex":0},"north":{"uv":[0.0,2.625,0.4375,2.25],"rotation":180,"texture":"#0","tintindex":0},"west":{"uv":[0.875,2.5,0.5,2.875],"rotation":180,"texture":"#0","tintindex":0},"up":{"uv":[0.0,2.25,0.4375,2.625],"rotation":0,"texture":"#0","tintindex":0},"down":{"uv":[0.0,2.25,0.4375,2.625],"rotation":0,"texture":"#0","tintindex":0}}},{"from":[6.7916665,6.8247747,9.600002],"to":[9.191667,9.224775,20.400003],"rotation":{"angle":0.0,"axis":"y","origin":[8.005,8.003805,2.0000029]},"faces":{"east":{"uv":[2.3125,3.125,4.0,3.5],"rotation":180,"texture":"#0","tintindex":0},"south":{"uv":[0.0,0.0,0.375,0.375],"rotation":180,"texture":"#0","tintindex":0},"north":{"uv":[0.0,0.0,0.375,0.375],"rotation":180,"texture":"#0","tintindex":0},"west":{"uv":[4.0,3.125,2.3125,3.5],"rotation":180,"texture":"#0","tintindex":0},"up":{"uv":[4.0,1.8125,4.375,3.5],"rotation":0,"texture":"#0","tintindex":0},"down":{"uv":[4.0,3.5,4.375,1.8125],"rotation":0,"texture":"#0","tintindex":0}}},{"from":[6.4316664,6.4247746,10.4000025],"to":[9.551666,9.624775,12.800003],"rotation":{"angle":0.0,"axis":"y","origin":[8.005,8.003805,2.0000029]},"faces":{"east":{"uv":[1.8125,3.25,2.1875,3.75],"rotation":180,"texture":"#0","tintindex":0},"south":{"uv":[0.0,2.625,0.5,3.125],"rotation":180,"texture":"#0","tintindex":0},"north":{"uv":[0.5,2.625,0.0,3.125],"rotation":180,"texture":"#0","tintindex":0},"west":{"uv":[2.1875,3.25,1.8125,3.75],"rotation":180,"texture":"#0","tintindex":0},"up":{"uv":[2.3125,2.875,1.8125,3.25],"rotation":0,"texture":"#0","tintindex":0},"down":{"uv":[2.3125,3.25,1.8125,2.875],"rotation":0,"texture":"#0","tintindex":0}}},{"from":[6.3916664,6.4247746,16.000004],"to":[9.591667,9.624775,18.400003],"rotation":{"angle":0.0,"axis":"y","origin":[8.005,8.003805,2.0000029]},"faces":{"east":{"uv":[1.8125,3.25,2.1875,3.75],"rotation":180,"texture":"#0","tintindex":0},"south":{"uv":[0.0,2.625,0.5,3.125],"rotation":180,"texture":"#0","tintindex":0},"north":{"uv":[0.5,2.625,0.0,3.125],"rotation":180,"texture":"#0","tintindex":0},"west":{"uv":[2.1875,3.25,1.8125,3.75],"rotation":180,"texture":"#0","tintindex":0},"up":{"uv":[2.3125,2.875,1.8125,3.25],"rotation":0,"texture":"#0","tintindex":0},"down":{"uv":[2.3125,3.25,1.8125,2.875],"rotation":0,"texture":"#0","tintindex":0}}},{"from":[7.431667,-5.868944,-11.843094],"to":[8.591666,-3.608944,-9.583092],"rotation":{"angle":45.0,"axis":"x","origin":[8.005,8.003805,2.0000029]},"faces":{"east":{"uv":[0.0,7.875,0.375,8.25],"rotation":180,"texture":"#0","tintindex":0},"south":{"uv":[0.0,3.25,0.1875,3.625],"rotation":180,"texture":"#0","tintindex":0},"north":{"uv":[0.5625,7.875,0.75,8.25],"rotation":180,"texture":"#0","tintindex":0},"west":{"uv":[0.0,7.875,0.375,8.25],"rotation":180,"texture":"#0","tintindex":0},"up":{"uv":[0.0,3.25,0.1875,3.625],"rotation":0,"texture":"#0","tintindex":0},"down":{"uv":[0.375,7.875,0.5625,8.25],"rotation":0,"texture":"#0","tintindex":0}}}],"display":{"head":{"translation":[0.0,-6.4,-23.101006],"scale":[4.0,4.0,4.0]}}}