{"textures":{"0":"modelengine:entity/ouldhana"},"elements":[{"from":[5.985714,6.0,4.5714264],"to":[9.985714,10.0,22.285713],"rotation":{"angle":0.0,"axis":"y","origin":[8.0,8.857143,18.571426]},"faces":{"east":{"uv":[10.3125,4.0625,12.25,4.5],"rotation":0,"texture":"#0","tintindex":0},"south":{"uv":[0.6875,9.875,1.125,10.3125],"rotation":0,"texture":"#0","tintindex":0},"north":{"uv":[0.6875,11.375,1.125,11.8125],"rotation":0,"texture":"#0","tintindex":0},"west":{"uv":[12.25,4.0625,10.3125,4.5],"rotation":0,"texture":"#0","tintindex":0},"up":{"uv":[1.125,11.8125,0.6875,9.875],"rotation":0,"texture":"#0","tintindex":0},"down":{"uv":[1.125,9.875,0.6875,11.8125],"rotation":0,"texture":"#0","tintindex":0}}},{"from":[7.9857144,0.85714245,15.42857],"to":[8.042857,18.57143,32.0],"rotation":{"angle":0.0,"axis":"y","origin":[8.0,8.857143,18.571426]},"faces":{"east":{"uv":[5.625,5.3125,3.8125,7.25],"rotation":0,"texture":"#0","tintindex":0},"south":{"uv":[1.4375,16.0,1.5625,16.0],"rotation":180,"texture":"#0","tintindex":0},"north":{"uv":[1.4375,16.0,1.625,16.0],"rotation":0,"texture":"#0","tintindex":0},"west":{"uv":[3.8125,5.3125,5.625,7.25],"rotation":0,"texture":"#0","tintindex":0},"up":{"uv":[1.4375,16.0,1.625,16.0],"rotation":0,"texture":"#0","tintindex":0},"down":{"uv":[10.9375,16.0,10.375,15.625],"rotation":0,"texture":"#0","tintindex":0}}}],"display":{"head":{"translation":[0.0,-6.4,13.714294],"scale":[4.0,4.0,4.0]}}}