{"textures":{"0":"modelengine:entity/skeletal_minion"},"elements":[{"from":[6.857143,7.5438137,1.8056288],"to":[9.142858,8.686671,4.662772],"rotation":{"angle":-22.5,"axis":"x","origin":[8.0,6.972385,4.662772]},"faces":{"east":{"uv":[8.0,5.25,8.625,5.5],"rotation":0,"texture":"#0","tintindex":0},"south":{"uv":[8.875,0.5,9.375,0.75],"rotation":0,"texture":"#0","tintindex":0},"north":{"uv":[7.25,2.5,7.75,2.75],"rotation":0,"texture":"#0","tintindex":0},"west":{"uv":[8.0,5.625,8.625,5.875],"rotation":0,"texture":"#0","tintindex":0},"up":{"uv":[1.5,6.5,1.0,5.875],"rotation":0,"texture":"#0","tintindex":0},"down":{"uv":[2.125,5.875,1.625,6.5],"rotation":0,"texture":"#0","tintindex":0}}},{"from":[6.857143,7.4133215,4.0067434],"to":[9.142858,8.556178,8.006743],"rotation":{"angle":0.0,"axis":"y","origin":[8.0,7.98475,5.7210293]},"faces":{"east":{"uv":[7.125,0.0,8.0,0.25],"rotation":0,"texture":"#0","tintindex":0},"south":{"uv":[2.25,8.875,2.75,9.125],"rotation":0,"texture":"#0","tintindex":0},"north":{"uv":[8.875,0.875,9.375,1.125],"rotation":0,"texture":"#0","tintindex":0},"west":{"uv":[7.125,0.375,8.0,0.625],"rotation":0,"texture":"#0","tintindex":0},"up":{"uv":[4.75,1.625,4.25,0.75],"rotation":0,"texture":"#0","tintindex":0},"down":{"uv":[1.375,4.375,0.875,5.25],"rotation":0,"texture":"#0","tintindex":0}}},{"from":[8.0,8.556178,4.0067434],"to":[8.0,10.270464,8.006743],"rotation":{"angle":0.0,"axis":"y","origin":[9.142858,7.98475,5.7210293]},"faces":{"east":{"uv":[6.375,1.125,5.5,1.5],"rotation":0,"texture":"#0","tintindex":0},"south":{"uv":[5.75,10.375,5.75,10.75],"rotation":0,"texture":"#0","tintindex":0},"north":{"uv":[10.375,5.625,10.375,6.0],"rotation":0,"texture":"#0","tintindex":0},"west":{"uv":[5.5,1.125,6.375,1.5],"rotation":0,"texture":"#0","tintindex":0},"up":{"uv":[5.875,11.25,5.875,10.375],"rotation":0,"texture":"#0","tintindex":0},"down":{"uv":[6.0,10.375,6.0,11.25],"rotation":0,"texture":"#0","tintindex":0}}},{"from":[6.7024655,5.20401,4.0067434],"to":[9.559608,6.3468676,5.1496005],"rotation":{"angle":-45.0,"axis":"z","origin":[10.151465,4.3509493,4.5781717]},"faces":{"east":{"uv":[10.125,2.25,10.375,2.5],"rotation":0,"texture":"#0","tintindex":0},"south":{"uv":[4.75,8.375,5.375,8.625],"rotation":0,"texture":"#0","tintindex":0},"north":{"uv":[6.625,8.25,7.25,8.5],"rotation":0,"texture":"#0","tintindex":0},"west":{"uv":[10.125,4.75,10.375,5.0],"rotation":0,"texture":"#0","tintindex":0},"up":{"uv":[8.0,8.625,7.375,8.375],"rotation":0,"texture":"#0","tintindex":0},"down":{"uv":[9.125,7.875,8.5,8.125],"rotation":0,"texture":"#0","tintindex":0}}},{"from":[10.00143,2.752211,4.021029],"to":[11.144286,6.180783,5.135315],"rotation":{"angle":0.0,"axis":"y","origin":[10.151465,4.3509493,4.5781717]},"faces":{"east":{"uv":[0.375,7.75,0.625,8.5],"rotation":0,"texture":"#0","tintindex":0},"south":{"uv":[0.75,7.75,1.0,8.5],"rotation":0,"texture":"#0","tintindex":0},"north":{"uv":[0.0,7.75,0.25,8.5],"rotation":0,"texture":"#0","tintindex":0},"west":{"uv":[1.125,7.75,1.375,8.5],"rotation":0,"texture":"#0","tintindex":0},"up":{"uv":[1.75,10.375,1.5,10.125],"rotation":0,"texture":"#0","tintindex":0},"down":{"uv":[2.125,10.125,1.875,10.375],"rotation":0,"texture":"#0","tintindex":0}}},{"from":[9.360675,1.2052932,4.0067434],"to":[10.503532,3.4910073,5.1496005],"rotation":{"angle":-45.0,"axis":"z","origin":[9.932103,2.3481503,4.5781717]},"faces":{"east":{"uv":[9.0,1.875,9.25,2.375],"rotation":0,"texture":"#0","tintindex":0},"south":{"uv":[9.0,4.0,9.25,4.5],"rotation":0,"texture":"#0","tintindex":0},"north":{"uv":[1.875,9.0,2.125,9.5],"rotation":0,"texture":"#0","tintindex":0},"west":{"uv":[5.875,9.0,6.125,9.5],"rotation":0,"texture":"#0","tintindex":0},"up":{"uv":[10.375,1.125,10.125,0.875],"rotation":0,"texture":"#0","tintindex":0},"down":{"uv":[1.375,10.125,1.125,10.375],"rotation":0,"texture":"#0","tintindex":0}}},{"from":[6.7024655,5.20401,6.2924576],"to":[9.559608,6.3468676,7.4353147],"rotation":{"angle":-45.0,"axis":"z","origin":[10.151465,4.3509493,6.8638864]},"faces":{"east":{"uv":[10.125,2.25,10.375,2.5],"rotation":0,"texture":"#0","tintindex":0},"south":{"uv":[4.75,8.375,5.375,8.625],"rotation":0,"texture":"#0","tintindex":0},"north":{"uv":[6.625,8.25,7.25,8.5],"rotation":0,"texture":"#0","tintindex":0},"west":{"uv":[10.125,4.75,10.375,5.0],"rotation":0,"texture":"#0","tintindex":0},"up":{"uv":[8.0,8.625,7.375,8.375],"rotation":0,"texture":"#0","tintindex":0},"down":{"uv":[9.125,7.875,8.5,8.125],"rotation":0,"texture":"#0","tintindex":0}}},{"from":[10.00143,2.752211,6.3067436],"to":[11.144286,6.180783,7.421029],"rotation":{"angle":0.0,"axis":"y","origin":[10.151465,4.3509493,6.8638864]},"faces":{"east":{"uv":[0.375,7.75,0.625,8.5],"rotation":0,"texture":"#0","tintindex":0},"south":{"uv":[0.75,7.75,1.0,8.5],"rotation":0,"texture":"#0","tintindex":0},"north":{"uv":[0.0,7.75,0.25,8.5],"rotation":0,"texture":"#0","tintindex":0},"west":{"uv":[1.125,7.75,1.375,8.5],"rotation":0,"texture":"#0","tintindex":0},"up":{"uv":[1.75,10.375,1.5,10.125],"rotation":0,"texture":"#0","tintindex":0},"down":{"uv":[2.125,10.125,1.875,10.375],"rotation":0,"texture":"#0","tintindex":0}}},{"from":[9.360675,1.2052932,6.2924576],"to":[10.503532,3.4910073,7.4353147],"rotation":{"angle":-45.0,"axis":"z","origin":[9.932103,2.3481503,6.8638864]},"faces":{"east":{"uv":[9.0,1.875,9.25,2.375],"rotation":0,"texture":"#0","tintindex":0},"south":{"uv":[9.0,4.0,9.25,4.5],"rotation":0,"texture":"#0","tintindex":0},"north":{"uv":[1.875,9.0,2.125,9.5],"rotation":0,"texture":"#0","tintindex":0},"west":{"uv":[5.875,9.0,6.125,9.5],"rotation":0,"texture":"#0","tintindex":0},"up":{"uv":[10.375,1.125,10.125,0.875],"rotation":0,"texture":"#0","tintindex":0},"down":{"uv":[1.375,10.125,1.125,10.375],"rotation":0,"texture":"#0","tintindex":0}}},{"from":[5.496468,1.2052932,4.0067434],"to":[6.639325,3.4910073,5.1496005],"rotation":{"angle":45.0,"axis":"z","origin":[6.067897,2.3481503,4.5781717]},"faces":{"east":{"uv":[6.125,9.0,5.875,9.5],"rotation":0,"texture":"#0","tintindex":0},"south":{"uv":[9.25,4.0,9.0,4.5],"rotation":0,"texture":"#0","tintindex":0},"north":{"uv":[2.125,9.0,1.875,9.5],"rotation":0,"texture":"#0","tintindex":0},"west":{"uv":[9.25,1.875,9.0,2.375],"rotation":0,"texture":"#0","tintindex":0},"up":{"uv":[10.125,1.125,10.375,0.875],"rotation":0,"texture":"#0","tintindex":0},"down":{"uv":[1.125,10.125,1.375,10.375],"rotation":0,"texture":"#0","tintindex":0}}},{"from":[4.855714,2.752211,4.021029],"to":[5.9985704,6.180783,5.135315],"rotation":{"angle":0.0,"axis":"y","origin":[5.8485346,4.3509493,4.5781717]},"faces":{"east":{"uv":[1.375,7.75,1.125,8.5],"rotation":0,"texture":"#0","tintindex":0},"south":{"uv":[1.0,7.75,0.75,8.5],"rotation":0,"texture":"#0","tintindex":0},"north":{"uv":[0.25,7.75,0.0,8.5],"rotation":0,"texture":"#0","tintindex":0},"west":{"uv":[0.625,7.75,0.375,8.5],"rotation":0,"texture":"#0","tintindex":0},"up":{"uv":[1.5,10.375,1.75,10.125],"rotation":0,"texture":"#0","tintindex":0},"down":{"uv":[1.875,10.125,2.125,10.375],"rotation":0,"texture":"#0","tintindex":0}}},{"from":[6.4403915,5.20401,4.0067434],"to":[9.297535,6.3468676,5.1496005],"rotation":{"angle":45.0,"axis":"z","origin":[5.8485346,4.3509493,4.5781717]},"faces":{"east":{"uv":[10.375,4.75,10.125,5.0],"rotation":0,"texture":"#0","tintindex":0},"south":{"uv":[5.375,8.375,4.75,8.625],"rotation":0,"texture":"#0","tintindex":0},"north":{"uv":[7.25,8.25,6.625,8.5],"rotation":0,"texture":"#0","tintindex":0},"west":{"uv":[10.375,2.25,10.125,2.5],"rotation":0,"texture":"#0","tintindex":0},"up":{"uv":[7.375,8.625,8.0,8.375],"rotation":0,"texture":"#0","tintindex":0},"down":{"uv":[8.5,7.875,9.125,8.125],"rotation":0,"texture":"#0","tintindex":0}}},{"from":[5.496468,1.2052932,6.2924576],"to":[6.639325,3.4910073,7.4353147],"rotation":{"angle":45.0,"axis":"z","origin":[6.067897,2.3481503,6.8638864]},"faces":{"east":{"uv":[6.125,9.0,5.875,9.5],"rotation":0,"texture":"#0","tintindex":0},"south":{"uv":[9.25,4.0,9.0,4.5],