{"textures":{"0":"modelengine:entity/skeletal_minion"},"elements":[{"from":[6.5714283,7.057622,1.8964257],"to":[9.428572,8.200479,1.8964257],"rotation":{"angle":0.0,"axis":"y","origin":[7.714286,6.7719073,6.88214]},"faces":{"east":{"uv":[10.5,4.375,10.5,4.625],"rotation":0,"texture":"#0","tintindex":0},"south":{"uv":[9.375,3.625,8.75,3.875],"rotation":0,"texture":"#0","tintindex":0},"north":{"uv":[8.75,3.625,9.375,3.875],"rotation":0,"texture":"#0","tintindex":0},"west":{"uv":[10.5,4.75,10.5,5.0],"rotation":0,"texture":"#0","tintindex":0},"up":{"uv":[11.0,6.125,10.375,6.125],"rotation":0,"texture":"#0","tintindex":0},"down":{"uv":[11.0,6.25,10.375,6.25],"rotation":0,"texture":"#0","tintindex":0}}},{"from":[6.5857143,7.057622,1.8821402],"to":[6.5857143,8.200479,5.310712],"rotation":{"angle":0.0,"axis":"y","origin":[7.714286,6.7719073,6.88214]},"faces":{"east":{"uv":[8.75,0.75,8.0,1.0],"rotation":0,"texture":"#0","tintindex":0},"south":{"uv":[10.5,2.25,10.5,2.5],"rotation":0,"texture":"#0","tintindex":0},"north":{"uv":[10.5,0.875,10.5,1.125],"rotation":0,"texture":"#0","tintindex":0},"west":{"uv":[8.0,0.75,8.75,1.0],"rotation":0,"texture":"#0","tintindex":0},"up":{"uv":[5.375,11.25,5.375,10.5],"rotation":0,"texture":"#0","tintindex":0},"down":{"uv":[6.375,10.5,6.375,11.25],"rotation":0,"texture":"#0","tintindex":0}}},{"from":[9.414286,7.057622,1.8821402],"to":[9.414286,8.200479,5.310712],"rotation":{"angle":0.0,"axis":"y","origin":[8.285714,6.7719073,6.88214]},"faces":{"east":{"uv":[8.75,0.75,8.0,1.0],"rotation":0,"texture":"#0","tintindex":0},"south":{"uv":[10.5,2.25,10.5,2.5],"rotation":0,"texture":"#0","tintindex":0},"north":{"uv":[10.5,0.875,10.5,1.125],"rotation":0,"texture":"#0","tintindex":0},"west":{"uv":[8.0,0.75,8.75,1.0],"rotation":0,"texture":"#0","tintindex":0},"up":{"uv":[5.375,11.25,5.375,10.5],"rotation":0,"texture":"#0","tintindex":0},"down":{"uv":[6.375,10.5,6.375,11.25],"rotation":0,"texture":"#0","tintindex":0}}},{"from":[6.5714283,5.9147644,1.8821402],"to":[9.428572,7.057622,5.310712],"rotation":{"angle":0.0,"axis":"y","origin":[7.714286,6.7719073,6.88214]},"faces":{"east":{"uv":[7.125,3.25,7.875,3.5],"rotation":0,"texture":"#0","tintindex":0},"south":{"uv":[4.75,8.0,5.375,8.25],"rotation":0,"texture":"#0","tintindex":0},"north":{"uv":[8.0,3.625,8.625,3.875],"rotation":0,"texture":"#0","tintindex":0},"west":{"uv":[7.125,3.625,7.875,3.875],"rotation":0,"texture":"#0","tintindex":0},"up":{"uv":[4.75,3.375,4.125,2.625],"rotation":0,"texture":"#0","tintindex":0},"down":{"uv":[4.0,4.125,3.375,4.875],"rotation":0,"texture":"#0","tintindex":0}}},{"from":[5.714286,6.878248,4.011614],"to":[10.285714,8.021106,7.440185],"rotation":{"angle":-22.5,"axis":"x","origin":[8.0,9.4496765,7.154471]},"faces":{"east":{"uv":[7.125,0.75,7.875,1.0],"rotation":0,"texture":"#0","tintindex":0},"south":{"uv":[6.0,4.5,7.0,4.75],"rotation":0,"texture":"#0","tintindex":0},"north":{"uv":[6.0,0.0,7.0,0.25],"rotation":0,"texture":"#0","tintindex":0},"west":{"uv":[7.125,1.125,7.875,1.375],"rotation":0,"texture":"#0","tintindex":0},"up":{"uv":[2.125,0.75,1.125,0.0],"rotation":0,"texture":"#0","tintindex":0},"down":{"uv":[2.125,0.875,1.125,1.625],"rotation":0,"texture":"#0","tintindex":0}}}],"display":{"head":{"translation":[0.0,-6.4,0.0],"scale":[4.0,4.0,4.0]}}}