{"textures":{"0":"modelengine:entity/skeletal_minion"},"elements":[{"from":[8.281786,7.002041,5.2488317],"to":[9.424643,8.144898,6.9631176],"rotation":{"angle":-22.5,"axis":"y","origin":[8.002045,9.757356,6.6260805]},"faces":{"east":{"uv":[9.5,5.625,9.875,5.875],"rotation":0,"texture":"#0","tintindex":0},"south":{"uv":[9.25,9.875,9.5,10.125],"rotation":0,"texture":"#0","tintindex":0},"north":{"uv":[8.875,9.875,9.125,10.125],"rotation":0,"texture":"#0","tintindex":0},"west":{"uv":[9.5,6.0,9.875,6.25],"rotation":0,"texture":"#0","tintindex":0},"up":{"uv":[9.75,6.75,9.5,6.375],"rotation":0,"texture":"#0","tintindex":0},"down":{"uv":[0.25,9.625,0.0,10.0],"rotation":0,"texture":"#0","tintindex":0}}},{"from":[8.853214,7.002041,3.534546],"to":[8.853214,8.144898,5.2488317],"rotation":{"angle":-22.5,"axis":"y","origin":[8.002045,9.757356,6.6260805]},"faces":{"east":{"uv":[4.25,9.5,3.875,9.75],"rotation":0,"texture":"#0","tintindex":0},"south":{"uv":[8.75,9.375,8.75,9.625],"rotation":0,"texture":"#0","tintindex":0},"north":{"uv":[8.625,9.375,8.625,9.625],"rotation":0,"texture":"#0","tintindex":0},"west":{"uv":[3.875,9.5,4.25,9.75],"rotation":0,"texture":"#0","tintindex":0},"up":{"uv":[3.75,10.75,3.75,10.375],"rotation":0,"texture":"#0","tintindex":0},"down":{"uv":[5.625,10.375,5.625,10.75],"rotation":0,"texture":"#0","tintindex":0}}},{"from":[7.1359024,7.002041,3.5706959],"to":[7.1359024,8.144898,5.2849817],"rotation":{"angle":22.5,"axis":"y","origin":[8.002045,9.757356,6.6260805]},"faces":{"east":{"uv":[9.875,3.25,9.5,3.5],"rotation":0,"texture":"#0","tintindex":0},"south":{"uv":[7.125,9.375,7.125,9.625],"rotation":0,"texture":"#0","tintindex":0},"north":{"uv":[7.75,1.625,7.75,1.875],"rotation":0,"texture":"#0","tintindex":0},"west":{"uv":[9.5,3.25,9.875,3.5],"rotation":0,"texture":"#0","tintindex":0},"up":{"uv":[10.375,3.625,10.375,3.25],"rotation":0,"texture":"#0","tintindex":0},"down":{"uv":[3.625,10.375,3.625,10.75],"rotation":0,"texture":"#0","tintindex":0}}},{"from":[6.5644736,7.002041,5.2849817],"to":[7.7073307,8.144898,6.999267],"rotation":{"angle":22.5,"axis":"y","origin":[8.002045,9.757356,6.6260805]},"faces":{"east":{"uv":[6.625,9.375,7.0,9.625],"rotation":0,"texture":"#0","tintindex":0},"south":{"uv":[9.875,8.0,10.125,8.25],"rotation":0,"texture":"#0","tintindex":0},"north":{"uv":[9.875,7.625,10.125,7.875],"rotation":0,"texture":"#0","tintindex":0},"west":{"uv":[8.125,9.375,8.5,9.625],"rotation":0,"texture":"#0","tintindex":0},"up":{"uv":[3.125,9.75,2.875,9.375],"rotation":0,"texture":"#0","tintindex":0},"down":{"uv":[9.75,0.5,9.5,0.875],"rotation":0,"texture":"#0","tintindex":0}}},{"from":[7.9972734,6.987755,3.6870995],"to":[7.9972734,8.130612,5.4013853],"rotation":{"angle":0.0,"axis":"y","origin":[8.002045,9.757356,6.6260805]},"faces":{"east":{"uv":[5.75,9.375,5.375,9.625],"rotation":0,"texture":"#0","tintindex":0},"south":{"uv":[7.5,5.375,7.5,5.625],"rotation":0,"texture":"#0","tintindex":0},"north":{"uv":[7.375,4.875,7.375,5.125],"rotation":0,"texture":"#0","tintindex":0},"west":{"uv":[5.375,9.375,5.75,9.625],"rotation":0,"texture":"#0","tintindex":0},"up":{"uv":[2.625,10.75,2.625,10.375],"rotation":0,"texture":"#0","tintindex":0},"down":{"uv":[2.75,10.375,2.75,10.75],"rotation":0,"texture":"#0","tintindex":0}}},{"from":[7.4258447,6.987755,5.4013853],"to":[8.568702,8.130612,6.5442424],"rotation":{"angle":0.0,"axis":"y","origin":[8.002045,9.757356,6.6260805]},"faces":{"east":{"uv":[9.875,4.0,10.125,4.25],"rotation":0,"texture":"#0","tintindex":0},"south":{"uv":[9.875,5.25,10.125,5.5],"rotation":0,"texture":"#0","tintindex":0},"north":{"uv":[3.875,9.875,4.125,10.125],"rotation":0,"texture":"#0","tintindex":0},"west":{"uv":[9.875,6.375,10.125,6.625],"rotation":0,"texture":"#0","tintindex":0},"up":{"uv":[7.5,10.125,7.25,9.875],"rotation":0,"texture":"#0","tintindex":0},"down":{"uv":[7.875,9.875,7.625,10.125],"rotation":0,"texture":"#0","tintindex":0}}},{"from":[6.854416,7.0163264,6.5442424],"to":[9.14013,8.1591835,8.829957],"rotation":{"angle":0.0,"axis":"y","origin":[8.002045,9.757356,6.6260805]},"faces":{"east":{"uv":[8.875,6.125,9.375,6.375],"rotation":0,"texture":"#0","tintindex":0},"south":{"uv":[8.875,6.5,9.375,6.75],"rotation":0,"texture":"#0","tintindex":0},"north":{"uv":[8.875,5.75,9.375,6.0],"rotation":0,"texture":"#0","tintindex":0},"west":{"uv":[8.875,6.875,9.375,7.125],"rotation":0,"texture":"#0","tintindex":0},"up":{"uv":[6.625,3.375,6.125,2.875],"rotation":0,"texture":"#0","tintindex":0},"down":{"uv":[6.75,5.875,6.25,6.375],"rotation":0,"texture":"#0","tintindex":0}}}],"display":{"head":{"translation":[0.0,-6.4,0.0],"scale":[4.0,4.0,4.0]}}}