{"textures":{"0":"modelengine:entity/skeletal_minion"},"elements":[{"from":[9.346317,3.900426,2.398429],"to":[10.489174,6.18614,3.4984288],"rotation":{"angle":-22.5,"axis":"z","origin":[9.395338,6.0187726,2.941286]},"faces":{"east":{"uv":[9.25,4.625,9.5,5.125],"rotation":0,"texture":"#0","tintindex":0},"south":{"uv":[9.25,7.25,9.5,7.75],"rotation":0,"texture":"#0","tintindex":0},"north":{"uv":[3.25,9.25,3.5,9.75],"rotation":0,"texture":"#0","tintindex":0},"west":{"uv":[7.375,9.25,7.625,9.75],"rotation":0,"texture":"#0","tintindex":0},"up":{"uv":[3.5,10.5,3.25,10.25],"rotation":0,"texture":"#0","tintindex":0},"down":{"uv":[4.125,10.25,3.875,10.5],"rotation":0,"texture":"#0","tintindex":0}}},{"from":[9.144286,5.36366,2.3698573],"to":[10.287144,8.792232,3.5127144],"rotation":{"angle":22.5,"axis":"z","origin":[9.395338,6.0187726,2.941286]},"faces":{"east":{"uv":[7.875,2.375,8.125,3.125],"rotation":0,"texture":"#0","tintindex":0},"south":{"uv":[7.875,4.0,8.125,4.75],"rotation":0,"texture":"#0","tintindex":0},"north":{"uv":[7.875,1.5,8.125,2.25],"rotation":0,"texture":"#0","tintindex":0},"west":{"uv":[2.5,8.0,2.75,8.75],"rotation":0,"texture":"#0","tintindex":0},"up":{"uv":[2.5,10.5,2.25,10.25],"rotation":0,"texture":"#0","tintindex":0},"down":{"uv":[3.125,10.25,2.875,10.5],"rotation":0,"texture":"#0","tintindex":0}}},{"from":[8.908964,3.9004254,4.5270004],"to":[10.051822,6.757569,5.641286],"rotation":{"angle":-22.5,"axis":"z","origin":[8.957985,6.0187726,5.084143]},"faces":{"east":{"uv":[7.0,8.625,7.25,9.25],"rotation":0,"texture":"#0","tintindex":0},"south":{"uv":[8.125,8.625,8.375,9.25],"rotation":0,"texture":"#0","tintindex":0},"north":{"uv":[6.625,8.625,6.875,9.25],"rotation":0,"texture":"#0","tintindex":0},"west":{"uv":[8.5,8.625,8.75,9.25],"rotation":0,"texture":"#0","tintindex":0},"up":{"uv":[10.5,1.5,10.25,1.25],"rotation":0,"texture":"#0","tintindex":0},"down":{"uv":[10.5,1.625,10.25,1.875],"rotation":0,"texture":"#0","tintindex":0}}},{"from":[9.144286,5.9350886,4.5127144],"to":[10.287144,8.792232,5.655572],"rotation":{"angle":22.5,"axis":"z","origin":[9.395338,6.0187726,5.084143]},"faces":{"east":{"uv":[8.625,2.25,8.875,2.875],"rotation":0,"texture":"#0","tintindex":0},"south":{"uv":[2.875,8.625,3.125,9.25],"rotation":0,"texture":"#0","tintindex":0},"north":{"uv":[8.625,1.5,8.875,2.125],"rotation":0,"texture":"#0","tintindex":0},"west":{"uv":[8.625,4.0,8.875,4.625],"rotation":0,"texture":"#0","tintindex":0},"up":{"uv":[10.25,10.375,10.0,10.125],"rotation":0,"texture":"#0","tintindex":0},"down":{"uv":[10.5,0.375,10.25,0.625],"rotation":0,"texture":"#0","tintindex":0}}},{"from":[5.7128563,5.9350886,4.5127144],"to":[6.855714,8.792232,5.655572],"rotation":{"angle":-22.5,"axis":"z","origin":[6.6046624,6.0187726,5.084143]},"faces":{"east":{"uv":[8.875,4.0,8.625,4.625],"rotation":0,"texture":"#0","tintindex":0},"south":{"uv":[3.125,8.625,2.875,9.25],"rotation":0,"texture":"#0","tintindex":0},"north":{"uv":[8.875,1.5,8.625,2.125],"rotation":0,"texture":"#0","tintindex":0},"west":{"uv":[8.875,2.25,8.625,2.875],"rotation":0,"texture":"#0","tintindex":0},"up":{"uv":[10.0,10.375,10.25,10.125],"rotation":0,"texture":"#0","tintindex":0},"down":{"uv":[10.25,0.375,10.5,0.625],"rotation":0,"texture":"#0","tintindex":0}}},{"from":[5.9481783,3.9004254,4.5270004],"to":[7.091036,6.757569,5.641286],"rotation":{"angle":22.5,"axis":"z","origin":[7.0420146,6.0187726,5.084143]},"faces":{"east":{"uv":[8.75,8.625,8.5,9.25],"rotation":0,"texture":"#0","tintindex":0},"south":{"uv":[8.375,8.625,8.125,9.25],"rotation":0,"texture":"#0","tintindex":0},"north":{"uv":[6.875,8.625,6.625,9.25],"rotation":0,"texture":"#0","tintindex":0},"west":{"uv":[7.25,8.625,7.0,9.25],"rotation":0,"texture":"#0","tintindex":0},"up":{"uv":[10.25,1.5,10.5,1.25],"rotation":0,"texture":"#0","tintindex":0},"down":{"uv":[10.25,1.625,10.5,1.875],"rotation":0,"texture":"#0","tintindex":0}}},{"from":[5.7128563,5.36366,2.3698573],"to":[6.855714,8.792232,3.5127144],"rotation":{"angle":-22.5,"axis":"z","origin":[6.6046624,6.0187726,2.941286]},"faces":{"east":{"uv":[2.75,8.0,2.5,8.75],"rotation":0,"texture":"#0","tintindex":0},"south":{"uv":[8.125,4.0,7.875,4.75],"rotation":0,"texture":"#0","tintindex":0},"north":{"uv":[8.125,1.5,7.875,2.25],"rotation":0,"texture":"#0","tintindex":0},"west":{"uv":[8.125,2.375,7.875,3.125],"rotation":0,"texture":"#0","tintindex":0},"up":{"uv":[2.25,10.5,2.5,10.25],"rotation":0,"texture":"#0","tintindex":0},"down":{"uv":[2.875,10.25,3.125,10.5],"rotation":0,"texture":"#0","tintindex":0}}},{"from":[5.510826,3.900426,2.398429],"to":[6.653683,6.18614,3.4984288],"rotation":{"angle":22.5,"axis":"z","origin":[6.6046624,6.0187726,2.941286]},"faces":{"east":{"uv":[7.625,9.25,7.375,9.75],"rotation":0,"texture":"#0","tintindex":0},"south":{"uv":[9.5,7.25,9.25,7.75],"rotation":0,"texture":"#0","tintindex":0},"north":{"uv":[3.5,9.25,3.25,9.75],"rotation":0,"texture":"#0","tintindex":0},"west":{"uv":[9.5,4.625,9.25,5.125],"rotation":0,"texture":"#0","tintindex":0},"up":{"uv":[3.25,10.5,3.5,10.25],"rotation":0,"texture":"#0","tintindex":0},"down":{"uv":[3.875,10.25,4.125,10.5],"rotation":0,"texture":"#0","tintindex":0}}},{"from":[6.857143,8.310485,1.3698573],"to":[9.142858,9.4533415,7.084143],"rotation":{"angle":0.0,"axis":"y","origin":[8.0,7.739056,4.227]},"faces":{"east":{"uv":[5.875,2.125,7.125,2.375],"rotation":0,"texture":"#0","tintindex":0},"south":{"uv":[3.25,8.875,3.75,9.125],"rotation":0,"texture":"#0","tintindex":0},"north":{"uv":[8.875,3.0,9.375,3.25],"rotation":0,"texture":"#0","tintindex":0},"west":{"uv":[5.875,2.5,7.125,2.75],"rotation":0,"texture":"#0","tintindex":0},"up":{"uv":[1.625,4.25,1.125,3.0],"rotation":0,"texture":"#0","tintindex":0},"down":{"uv":[2.25,3.0,1.75,4.25],"rotation":0,"texture":"#0","tintindex":0}}},{"from":[8.0,9.4533415,1.3698573],"to":[8.0,11.167627,5.941286],"rotation":{"angle":0.0,"axis":"y","origin":[9.142858,7.739056,4.227]},"faces":{"east":{"uv":[1.625,5.375,0.625,5.75],"rotation":0,"texture":"#0","tintindex":0},"south":{"uv":[6.25,10.375,6.25,10.75],"rotation":0,"texture":"#0","tintindex":0},"north":{"uv":[6.125,10.375,6.125,10.75],"rotation":0,"texture":"#0","tintindex":0},"west":{"uv":[0.625,5.375,1.625,5.75],"rotation":0,"texture":"#0","tintindex":0},"up":{"uv":[10.375,10.75,10.375,9.75],"rotation":0,"texture":"#0","tintindex":0},"down":{"uv":[0.0,10.5,0.0,11.5],"rotation":0,"texture":"#0","tintindex":0}}},{"from":[6.285714,6.9198055,6.122427],"to":[9.714286,10.348377,9.550999],"rotation":{"angle":0.0,"axis":"y","origin":[8.0,6.9198055,8.97957]},"faces":{"east":{"uv":[2.375,3.25,3.125,4.0],"rotation":0,"texture":"#0","tintindex":0},"south":{"uv":[3.25,3.25,4.0,4.0],"rotation":0,"texture":"#0","tintindex":0},"north":{"uv":[3.125,0.0,3.875,0.75],"rotation":0,"texture":"#0","tintindex":0},"west":{"uv":[3.375,0.875,4.125,1.625],"rotation":0,"texture":"#0","tintindex":0},"up":{"uv":[0.75,4.5,0.0,3.75],"rotation":0,"texture":"#0","tintindex":0},"down":{"uv":[4.5,1.75,3.75,2.5],"rotation":0,"texture":"#0","tintindex":0}}},{"from":[7.428571,10.019806,6.97957],"to":[8.571428,11.1626625,8.693856],"rotation":{"angle":-22.5,"axis":"x","origin":[8.0,10.919806,7.97957]},"faces":{"east":{"uv":[5.125,9.75,5.5,10.0],"rotation":0,"texture":"#0","tintindex":0},"south":{"uv":[9.0,10.25,9.25,10.5],"rotation":0,"texture":"#0","tintindex":0},"north":{"uv":[8.625,10.25,8.875,10.5],"rotation":0,"texture":"#0","tintindex":0},"west":{"uv":[6.375,9.75,6.75,10.0],"rotation":0,"texture":"#0","tintindex":0},"up":{"uv":[7.125,10.125,6.875,9.75],"rotation":0,"texture":"#0","tintindex":0},"down":{"uv":[8.375,9.75,8.125,10.125],"rotation":0,"texture":"#0","tintindex":0}}},{"from":[7.714286,10.760296,7.5359735],"to":[8.285714,13.04601,8.678831],"rotation":{"angle":22.5,"axis":"x","origin":[8.0,11.617438,7.5359735]},"faces":{"east":{"uv":[9.375,1.25,9.625,1.75],"rotation":0,"texture":"#0","tintindex":0},"south":{"uv":[0.875,3.75,1.0,4.25],"rotation":0,"texture":"#0",