{"textures":{"0":"modelengine:entity/wolfmob39spawn"},"elements":[{"from":[6.285714,2.6285715,6.857143],"to":[9.714286,5.485714,9.714286],"rotation":{"angle":0.0,"axis":"y","origin":[8.0,-12.800001,8.0]},"faces":{"east":{"uv":[11.25,7.625,11.875,8.25],"rotation":0,"texture":"#0","tintindex":0},"south":{"uv":[10.875,0.625,11.625,1.25],"rotation":0,"texture":"#0","tintindex":0},"north":{"uv":[10.75,10.625,11.5,11.25],"rotation":0,"texture":"#0","tintindex":0},"west":{"uv":[10.75,11.25,11.375,11.875],"rotation":0,"texture":"#0","tintindex":0},"up":{"uv":[11.625,4.25,10.875,3.625],"rotation":0,"texture":"#0","tintindex":0},"down":{"uv":[11.625,4.25,10.875,4.875],"rotation":0,"texture":"#0","tintindex":0}}},{"from":[6.285714,4.9142857,5.714286],"to":[9.714286,7.7714286,9.714286],"rotation":{"angle":-22.5,"axis":"x","origin":[8.0,6.0571427,8.571428]},"faces":{"east":{"uv":[10.125,0.0,11.0,0.625],"rotation":0,"texture":"#0","tintindex":0},"south":{"uv":[10.875,8.5,11.625,9.125],"rotation":0,"texture":"#0","tintindex":0},"north":{"uv":[10.875,6.375,11.625,7.0],"rotation":0,"texture":"#0","tintindex":0},"west":{"uv":[10.125,5.75,11.0,6.375],"rotation":0,"texture":"#0","tintindex":0},"up":{"uv":[5.5,9.875,4.75,9.0],"rotation":0,"texture":"#0","tintindex":0},"down":{"uv":[7.75,9.0,7.0,9.875],"rotation":0,"texture":"#0","tintindex":0}}},{"from":[5.714286,4.9142857,6.285714],"to":[10.285714,8.057143,10.285714],"rotation":{"angle":0.0,"axis":"y","origin":[8.0,8.342857,8.0]},"faces":{"east":{"uv":[9.125,8.5,10.0,9.25],"rotation":0,"texture":"#0","tintindex":0},"south":{"uv":[7.5,2.0,8.5,2.75],"rotation":0,"texture":"#0","tintindex":0},"north":{"uv":[7.0,3.0,8.0,3.75],"rotation":0,"texture":"#0","tintindex":0},"west":{"uv":[9.25,0.0,10.125,0.75],"rotation":0,"texture":"#0","tintindex":0},"up":{"uv":[7.0,1.75,6.0,0.875],"rotation":0,"texture":"#0","tintindex":0},"down":{"uv":[7.0,1.75,6.0,2.625],"rotation":0,"texture":"#0","tintindex":0}}},{"from":[2.8571424,3.1999998,6.9142857],"to":[4.5714283,6.342857,9.657143],"rotation":{"angle":45.0,"axis":"z","origin":[4.285714,7.3428574,8.285714]},"faces":{"east":{"uv":[4.875,10.875,5.5,11.625],"rotation":0,"texture":"#0","tintindex":0},"south":{"uv":[12.375,0.0,12.75,0.75],"rotation":0,"texture":"#0","tintindex":0},"north":{"uv":[12.25,11.75,12.625,12.5],"rotation":0,"texture":"#0","tintindex":0},"west":{"uv":[9.125,10.875,9.75,11.625],"rotation":0,"texture":"#0","tintindex":0},"up":{"uv":[8.0,13.375,7.625,12.75],"rotation":0,"texture":"#0","tintindex":0},"down":{"uv":[13.125,9.25,12.75,9.875],"rotation":0,"texture":"#0","tintindex":0}}},{"from":[3.5428567,5.942857,7.4857144],"to":[4.685714,7.3714285,9.085714],"rotation":{"angle":22.5,"axis":"z","origin":[4.285714,7.3428574,8.285714]},"faces":{"east":{"uv":[13.25,7.625,13.625,8.0],"rotation":0,"texture":"#0","tintindex":0},"south":{"uv":[6.5,4.25,6.75,4.625],"rotation":0,"texture":"#0","tintindex":0},"north":{"uv":[0.75,5.0,1.0,5.375],"rotation":0,"texture":"#0","tintindex":0},"west":{"uv":[13.25,8.0,13.625,8.375],"rotation":0,"texture":"#0","tintindex":0},"up":{"uv":[1.875,9.875,1.625,9.5],"rotation":0,"texture":"#0","tintindex":0},"down":{"uv":[12.75,9.125,12.5,9.5],"rotation":0,"texture":"#0","tintindex":0}}},{"from":[11.314286,5.942857,7.4857144],"to":[12.457144,7.3714285,9.085714],"rotation":{"angle":-22.5,"axis":"z","origin":[11.714286,7.3428574,8.285714]},"faces":{"east":{"uv":[13.25,8.375,13.625,8.75],"rotation":0,"texture":"#0","tintindex":0},"south":{"uv":[1.625,13.5,1.875,13.875],"rotation":0,"texture":"#0","tintindex":0},"north":{"uv":[13.5,1.25,13.75,1.625],"rotation":0,"texture":"#0","tintindex":0},"west":{"uv":[8.625,13.25,9.0,13.625],"rotation":0,"texture":"#0","tintindex":0},"up":{"uv":[13.75,2.0,13.5,1.625],"rotation":0,"texture":"#0","tintindex":0},"down":{"uv":[13.75,2.0,13.5,2.375],"rotation":0,"texture":"#0","tintindex":0}}},{"from":[11.428572,3.1999998,6.9142857],"to":[13.142858,6.342857,9.657143],"rotation":{"angle":-45.0,"axis":"z","origin":[11.714286,7.3428574,8.285714]},"faces":{"east":{"uv":[1.0,11.0,1.625,11.75],"rotation":0,"texture":"#0","tintindex":0},"south":{"uv":[12.375,7.25,12.75,8.0],"rotation":0,"texture":"#0","tintindex":0},"north":{"uv":[12.375,5.375,12.75,6.125],"rotation":0,"texture":"#0","tintindex":0},"west":{"uv":[2.625,11.0,3.25,11.75],"rotation":0,"texture":"#0","tintindex":0},"up":{"uv":[9.75,13.375,9.375,12.75],"rotation":0,"texture":"#0","tintindex":0},"down":{"uv":[10.125,12.75,9.75,13.375],"rotation":0,"texture":"#0","tintindex":0}}}],"display":{"head":{"translation":[0.0,-6.4,0.0],"scale":[4.0,4.0,4.0]}}}