{"textures":{"0":"modelengine:entity/wolfmob39spawn"},"elements":[{"from":[6.857143,-1.4285717,7.428571],"to":[8.571428,7.714286,9.142858],"rotation":{"angle":0.0,"axis":"y","origin":[5.428571,15.428572,7.9428573]},"faces":{"east":{"uv":[7.5,0.0,7.875,2.0],"rotation":0,"texture":"#0","tintindex":0},"south":{"uv":[1.125,7.5,1.5,9.5],"rotation":0,"texture":"#0","tintindex":0},"north":{"uv":[2.875,7.125,3.25,9.125],"rotation":0,"texture":"#0","tintindex":0},"west":{"uv":[1.5,7.5,1.875,9.5],"rotation":0,"texture":"#0","tintindex":0},"up":{"uv":[13.625,6.0,13.25,5.625],"rotation":0,"texture":"#0","tintindex":0},"down":{"uv":[13.625,6.0,13.25,6.375],"rotation":0,"texture":"#0","tintindex":0}}},{"from":[6.857143,4.285714,6.857143],"to":[8.0,7.714286,7.428571],"rotation":{"angle":0.0,"axis":"y","origin":[5.428571,15.428572,7.9428573]},"faces":{"east":{"uv":[0.625,13.5,0.75,14.25],"rotation":0,"texture":"#0","tintindex":0},"south":{"uv":[4.0,13.0,4.25,13.75],"rotation":0,"texture":"#0","tintindex":0},"north":{"uv":[5.75,12.875,6.0,13.625],"rotation":0,"texture":"#0","tintindex":0},"west":{"uv":[0.75,13.5,0.875,14.25],"rotation":0,"texture":"#0","tintindex":0},"up":{"uv":[13.0,10.0,12.75,9.875],"rotation":0,"texture":"#0","tintindex":0},"down":{"uv":[13.25,5.25,13.0,5.375],"rotation":0,"texture":"#0","tintindex":0}}},{"from":[6.285714,1.4285712,7.428571],"to":[6.857143,8.285714,9.142858],"rotation":{"angle":0.0,"axis":"y","origin":[5.428571,15.428572,7.9428573]},"faces":{"east":{"uv":[9.75,5.75,10.125,7.25],"rotation":0,"texture":"#0","tintindex":0},"south":{"uv":[2.25,12.875,2.375,14.375],"rotation":0,"texture":"#0","tintindex":0},"north":{"uv":[0.875,12.875,1.0,14.375],"rotation":0,"texture":"#0","tintindex":0},"west":{"uv":[1.625,9.875,2.0,11.375],"rotation":0,"texture":"#0","tintindex":0},"up":{"uv":[11.5,10.625,11.375,10.25],"rotation":0,"texture":"#0","tintindex":0},"down":{"uv":[6.5,11.75,6.375,12.125],"rotation":0,"texture":"#0","tintindex":0}}},{"from":[7.428571,2.5714283,8.0],"to":[9.142858,7.142857,9.714286],"rotation":{"angle":0.0,"axis":"y","origin":[5.428571,15.428572,7.9428573]},"faces":{"east":{"uv":[11.625,8.25,12.0,9.25],"rotation":0,"texture":"#0","tintindex":0},"south":{"uv":[9.125,11.625,9.5,12.625],"rotation":0,"texture":"#0","tintindex":0},"north":{"uv":[5.125,11.625,5.5,12.625],"rotation":0,"texture":"#0","tintindex":0},"west":{"uv":[1.0,11.75,1.375,12.75],"rotation":0,"texture":"#0","tintindex":0},"up":{"uv":[6.75,13.625,6.375,13.25],"rotation":0,"texture":"#0","tintindex":0},"down":{"uv":[13.625,7.25,13.25,7.625],"rotation":0,"texture":"#0","tintindex":0}}},{"from":[7.428571,7.142857,8.0],"to":[9.714286,9.428572,9.714286],"rotation":{"angle":0.0,"axis":"y","origin":[5.428571,15.428572,7.9428573]},"faces":{"east":{"uv":[6.875,13.125,7.25,13.625],"rotation":0,"texture":"#0","tintindex":0},"south":{"uv":[12.75,5.875,13.25,6.375],"rotation":0,"texture":"#0","tintindex":0},"north":{"uv":[12.75,5.375,13.25,5.875],"rotation":0,"texture":"#0","tintindex":0},"west":{"uv":[7.25,13.125,7.625,13.625],"rotation":0,"texture":"#0","tintindex":0},"up":{"uv":[13.5,7.25,13.0,6.875],"rotation":0,"texture":"#0","tintindex":0},"down":{"uv":[13.5,10.375,13.0,10.75],"rotation":0,"texture":"#0","tintindex":0}}}],"display":{"head":{"translation":[0.0,-6.4,0.0],"scale":[4.0,4.0,4.0]}}}