{"textures":{"0":"modelengine:entity/wolfmob39spawn"},"elements":[{"from":[5.105775,5.38338,6.2265882],"to":[7.9629183,9.38338,9.5408745],"rotation":{"angle":22.5,"axis":"z","origin":[5.3914895,9.097666,7.8837314]},"faces":{"east":{"uv":[3.25,9.0,4.0,9.875],"rotation":0,"texture":"#0","tintindex":0},"south":{"uv":[2.625,10.125,3.25,11.0],"rotation":0,"texture":"#0","tintindex":0},"north":{"uv":[10.125,1.375,10.75,2.25],"rotation":0,"texture":"#0","tintindex":0},"west":{"uv":[4.0,9.0,4.75,9.875],"rotation":0,"texture":"#0","tintindex":0},"up":{"uv":[2.625,11.5,2.0,10.75],"rotation":0,"texture":"#0","tintindex":0},"down":{"uv":[11.375,2.125,10.75,2.875],"rotation":0,"texture":"#0","tintindex":0}}},{"from":[6.2486324,8.240523,6.798017],"to":[9.105776,10.5262375,10.112303],"rotation":{"angle":22.5,"axis":"z","origin":[5.3914895,9.097666,7.8837314]},"faces":{"east":{"uv":[11.625,5.5,12.375,6.0],"rotation":0,"texture":"#0","tintindex":0},"south":{"uv":[8.0,12.125,8.625,12.625],"rotation":0,"texture":"#0","tintindex":0},"north":{"uv":[12.125,3.125,12.75,3.625],"rotation":0,"texture":"#0","tintindex":0},"west":{"uv":[11.625,6.0,12.375,6.5],"rotation":0,"texture":"#0","tintindex":0},"up":{"uv":[11.375,3.625,10.75,2.875],"rotation":0,"texture":"#0","tintindex":0},"down":{"uv":[11.375,9.875,10.75,10.625],"rotation":0,"texture":"#0","tintindex":0}}},{"from":[6.8200607,1.3833795,6.798017],"to":[9.105776,7.669094,9.083732],"rotation":{"angle":0.0,"axis":"y","origin":[5.3914895,9.097666,7.8837314]},"faces":{"east":{"uv":[6.5,8.0,7.0,9.375],"rotation":0,"texture":"#0","tintindex":0},"south":{"uv":[0.5,8.125,1.0,9.5],"rotation":0,"texture":"#0","tintindex":0},"north":{"uv":[8.0,4.125,8.5,5.5],"rotation":0,"texture":"#0","tintindex":0},"west":{"uv":[7.875,8.125,8.375,9.5],"rotation":0,"texture":"#0","tintindex":0},"up":{"uv":[13.25,3.5,12.75,3.0],"rotation":0,"texture":"#0","tintindex":0},"down":{"uv":[13.25,4.125,12.75,4.625],"rotation":0,"texture":"#0","tintindex":0}}},{"from":[9.105776,3.0976653,6.798017],"to":[9.848633,7.669094,9.65516],"rotation":{"angle":0.0,"axis":"y","origin":[5.3914895,9.097666,7.8837314]},"faces":{"east":{"uv":[9.25,3.25,9.875,4.25],"rotation":0,"texture":"#0","tintindex":0},"south":{"uv":[7.625,13.375,7.75,14.375],"rotation":0,"texture":"#0","tintindex":0},"north":{"uv":[9.0,13.25,9.125,14.25],"rotation":0,"texture":"#0","tintindex":0},"west":{"uv":[5.5,9.25,6.125,10.25],"rotation":0,"texture":"#0","tintindex":0},"up":{"uv":[13.75,5.875,13.625,5.25],"rotation":0,"texture":"#0","tintindex":0},"down":{"uv":[5.875,13.625,5.75,14.25],"rotation":0,"texture":"#0","tintindex":0}}},{"from":[6.2486324,4.8119516,9.083732],"to":[9.105776,11.669094,11.369446],"rotation":{"angle":22.5,"axis":"x","origin":[5.3914895,9.097666,7.8837314]},"faces":{"east":{"uv":[2.375,7.125,2.875,8.625],"rotation":0,"texture":"#0","tintindex":0},"south":{"uv":[2.625,5.625,3.25,7.125],"rotation":0,"texture":"#0","tintindex":0},"north":{"uv":[2.0,5.375,2.625,6.875],"rotation":0,"texture":"#0","tintindex":0},"west":{"uv":[7.375,6.75,7.875,8.25],"rotation":0,"texture":"#0","tintindex":0},"up":{"uv":[12.75,10.0,12.125,9.5],"rotation":0,"texture":"#0","tintindex":0},"down":{"uv":[12.75,11.25,12.125,11.75],"rotation":0,"texture":"#0","tintindex":0}}},{"from":[6.8200607,13.38338,10.7980175],"to":[7.9629183,15.669094,11.369446],"rotation":{"angle":22.5,"axis":"x","origin":[5.3914895,9.097666,7.8837314]},"faces":{"east":{"uv":[10.75,3.625,10.875,4.125],"rotation":0,"texture":"#0","tintindex":0},"south":{"uv":[7.75,13.375,8.0,13.875],"rotation":0,"texture":"#0","tintindex":0},"north":{"uv":[11.625,6.5,11.875,7.0],"rotation":0,"texture":"#0","tintindex":0},"west":{"uv":[13.625,5.875,13.75,6.375],"rotation":0,"texture":"#0","tintindex":0},"up":{"uv":[12.375,5.5,12.125,5.375],"rotation":0,"texture":"#0","tintindex":0},"down":{"uv":[12.75,4.125,12.5,4.25],"rotation":0,"texture":"#0","tintindex":0}}},{"from":[6.8200607,11.669094,10.226588],"to":[7.9629183,14.5262375,10.7980175],"rotation":{"angle":22.5,"axis":"x","origin":[5.3914895,9.097666,7.8837314]},"faces":{"east":{"uv":[5.875,13.625,6.0,14.25],"rotation":0,"texture":"#0","tintindex":0},"south":{"uv":[13.25,2.875,13.5,3.5],"rotation":0,"texture":"#0","tintindex":0},"north":{"uv":[2.625,13.25,2.875,13.875],"rotation":0,"texture":"#0","tintindex":0},"west":{"uv":[6.375,13.625,6.5,14.25],"rotation":0,"texture":"#0","tintindex":0},"up":{"uv":[13.0,3.625,12.75,3.5],"rotation":0,"texture":"#0","tintindex":0},"down":{"uv":[13.0,6.375,12.75,6.5],"rotation":0,"texture":"#0","tintindex":0}}},{"from":[6.8200607,8.240523,10.7980175],"to":[8.534347,13.38338,11.940874],"rotation":{"angle":22.5,"axis":"x","origin":[5.3914895,9.097666,7.8837314]},"faces":{"east":{"uv":[8.625,12.125,8.875,13.25],"rotation":0,"texture":"#0","tintindex":0},"south":{"uv":[8.75,11.0,9.125,12.125],"rotation":0,"texture":"#0","tintindex":0},"north":{"uv":[8.375,11.0,8.75,12.125],"rotation":0,"texture":"#0","tintindex":0},"west":{"uv":[8.875,12.125,9.125,13.25],"rotation":0,"texture":"#0","tintindex":0},"up":{"uv":[13.875,1.0,13.5,0.75],"rotation":0,"texture":"#0","tintindex":0},"down":{"uv":[13.875,1.0,13.5,1.25],"rotation":0,"texture":"#0","tintindex":0}}},{"from":[6.8200607,1.9548082,6.2265882],"to":[8.534347,4.8119516,6.798017],"rotation":{"angle":0.0,"axis":"y","origin":[5.3914895,11.954809,7.8837314]},"faces":{"east":{"uv":[6.5,13.625,6.625,14.25],"rotation":0,"texture":"#0","tintindex":0},"south":{"uv":[6.0,12.75,6.375,13.375],"rotation":0,"texture":"#0","tintindex":0},"north":{"uv":[1.0,12.75,1.375,13.375],"rotation":0,"texture":"#0","tintindex":0},"west":{"uv":[6.625,13.625,6.75,14.25],"rotation":0,"texture":"#0","tintindex":0},"up":{"uv":[11.375,9.875,11.0,9.75],"rotation":0,"texture":"#0","tintindex":0},"down":{"uv":[2.0,11.375,1.625,11.5],"rotation":0,"texture":"#0","tintindex":0}}}],"display":{"head":{"translation":[0.0,-6.4,0.0],"scale":[4.0,4.0,4.0]}}}