{"textures":{"0":"modelengine:entity/wolfmob39spawn"},"elements":[{"from":[7.3142858,3.6,6.9142857],"to":[8.457143,8.742857,8.057143],"rotation":{"angle":0.0,"axis":"y","origin":[10.114286,1.3142858,7.4857144]},"faces":{"east":{"uv":[4.75,12.625,5.0,13.75],"rotation":0,"texture":"#0","tintindex":0},"south":{"uv":[5.0,12.625,5.25,13.75],"rotation":0,"texture":"#0","tintindex":0},"north":{"uv":[3.75,12.625,4.0,13.75],"rotation":0,"texture":"#0","tintindex":0},"west":{"uv":[5.25,12.625,5.5,13.75],"rotation":0,"texture":"#0","tintindex":0},"up":{"uv":[8.875,13.875,8.625,13.625],"rotation":0,"texture":"#0","tintindex":0},"down":{"uv":[13.875,8.75,13.625,9.0],"rotation":0,"texture":"#0","tintindex":0}}},{"from":[7.3142858,-3.8285723,6.9142857],"to":[8.457143,3.6,8.057143],"rotation":{"angle":0.0,"axis":"y","origin":[10.114286,1.3142858,7.4857144]},"faces":{"east":{"uv":[4.5,11.25,4.75,12.875],"rotation":0,"texture":"#0","tintindex":0},"south":{"uv":[5.5,11.25,5.75,12.875],"rotation":0,"texture":"#0","tintindex":0},"north":{"uv":[4.25,11.25,4.5,12.875],"rotation":0,"texture":"#0","tintindex":0},"west":{"uv":[5.75,11.25,6.0,12.875],"rotation":0,"texture":"#0","tintindex":0},"up":{"uv":[13.875,9.5,13.625,9.25],"rotation":0,"texture":"#0","tintindex":0},"down":{"uv":[13.875,9.5,13.625,9.75],"rotation":0,"texture":"#0","tintindex":0}}},{"from":[6.742857,1.885714,8.057143],"to":[8.457143,4.742857,8.6285715],"rotation":{"angle":0.0,"axis":"y","origin":[10.114286,1.3142858,7.4857144]},"faces":{"east":{"uv":[7.125,13.625,7.25,14.25],"rotation":0,"texture":"#0","tintindex":0},"south":{"uv":[1.625,12.875,2.0,13.5],"rotation":0,"texture":"#0","tintindex":0},"north":{"uv":[0.5,12.875,0.875,13.5],"rotation":0,"texture":"#0","tintindex":0},"west":{"uv":[7.25,13.625,7.375,14.25],"rotation":0,"texture":"#0","tintindex":0},"up":{"uv":[13.125,11.75,12.75,11.625],"rotation":0,"texture":"#0","tintindex":0},"down":{"uv":[13.875,3.375,13.5,3.5],"rotation":0,"texture":"#0","tintindex":0}}},{"from":[6.742857,4.742857,7.4857144],"to":[7.3142858,8.171429,8.057143],"rotation":{"angle":0.0,"axis":"y","origin":[10.114286,1.3142858,7.4857144]},"faces":{"east":{"uv":[13.5,12.125,13.625,12.875],"rotation":0,"texture":"#0","tintindex":0},"south":{"uv":[13.125,13.5,13.25,14.25],"rotation":0,"texture":"#0","tintindex":0},"north":{"uv":[13.5,11.375,13.625,12.125],"rotation":0,"texture":"#0","tintindex":0},"west":{"uv":[13.25,13.5,13.375,14.25],"rotation":0,"texture":"#0","tintindex":0},"up":{"uv":[13.75,3.125,13.625,3.0],"rotation":0,"texture":"#0","tintindex":0},"down":{"uv":[13.75,4.375,13.625,4.5],"rotation":0,"texture":"#0","tintindex":0}}},{"from":[8.457143,4.742857,8.057143],"to":[9.028571,8.171429,8.6285715],"rotation":{"angle":0.0,"axis":"y","origin":[10.114286,1.3142858,7.4857144]},"faces":{"east":{"uv":[13.5,13.5,13.625,14.25],"rotation":0,"texture":"#0","tintindex":0},"south":{"uv":[0.0,13.625,0.125,14.375],"rotation":0,"texture":"#0","tintindex":0},"north":{"uv":[13.375,13.5,13.5,14.25],"rotation":0,"texture":"#0","tintindex":0},"west":{"uv":[13.625,0.0,13.75,0.75],"rotation":0,"texture":"#0","tintindex":0},"up":{"uv":[13.75,9.125,13.625,9.0],"rotation":0,"texture":"#0","tintindex":0},"down":{"uv":[13.75,9.75,13.625,9.875],"rotation":0,"texture":"#0","tintindex":0}}},{"from":[7.3142858,-0.40000057,8.057143],"to":[7.885714,1.885714,8.6285715],"rotation":{"angle":0.0,"axis":"y","origin":[10.114286,1.3142858,7.4857144]},"faces":{"east":{"uv":[13.625,10.625,13.75,11.125],"rotation":0,"texture":"#0","tintindex":0},"south":{"uv":[13.625,11.125,13.75,11.625],"rotation":0,"texture":"#0","tintindex":0},"north":{"uv":[8.875,13.625,9.0,14.125],"rotation":0,"texture":"#0","tintindex":0},"west":{"uv":[11.25,13.625,11.375,14.125],"rotation":0,"texture":"#0","tintindex":0},"up":{"uv":[12.625,13.75,12.5,13.625],"rotation":0,"texture":"#0","tintindex":0},"down":{"uv":[12.75,13.625,12.625,13.75],"rotation":0,"texture":"#0","tintindex":0}}},{"from":[6.742857,4.742857,8.057143],"to":[8.457143,8.742857,9.2],"rotation":{"angle":0.0,"axis":"y","origin":[10.114286,1.3142858,7.4857144]},"faces":{"east":{"uv":[3.125,12.875,3.375,13.75],"rotation":0,"texture":"#0","tintindex":0},"south":{"uv":[3.125,12.0,3.5,12.875],"rotation":0,"texture":"#0","tintindex":0},"north":{"uv":[2.0,12.0,2.375,12.875],"rotation":0,"texture":"#0","tintindex":0},"west":{"uv":[4.25,12.875,4.5,13.75],"rotation":0,"texture":"#0","tintindex":0},"up":{"uv":[13.875,7.25,13.5,7.0],"rotation":0,"texture":"#0","tintindex":0},"down":{"uv":[13.875,10.375,13.5,10.625],"rotation":0,"texture":"#0","tintindex":0}}},{"from":[8.457143,4.742857,6.9142857],"to":[9.028571,8.742857,8.057143],"rotation":{"angle":0.0,"axis":"y","origin":[10.114286,1.3142858,7.4857144]},"faces":{"east":{"uv":[4.5,12.875,4.75,13.75],"rotation":0,"texture":"#0","tintindex":0},"south":{"uv":[9.75,13.375,9.875,14.25],"rotation":0,"texture":"#0","tintindex":0},"north":{"uv":[9.625,13.375,9.75,14.25],"rotation":0,"texture":"#0","tintindex":0},"west":{"uv":[5.5,12.875,5.75,13.75],"rotation":0,"texture":"#0","tintindex":0},"up":{"uv":[12.5,13.875,12.375,13.625],"rotation":0,"texture":"#0","tintindex":0},"down":{"uv":[13.75,12.375,13.625,12.625],"rotation":0,"texture":"#0","tintindex":0}}},{"from":[5.6,4.1714287,6.9142857],"to":[6.742857,7.6,8.057143],"rotation":{"angle":22.5,"axis":"x","origin":[10.114286,1.3142858,7.4857144]},"faces":{"east":{"uv":[13.25,0.75,13.5,1.5],"rotation":0,"texture":"#0","tintindex":0},"south":{"uv":[1.375,13.25,1.625,14.0],"rotation":0,"texture":"#0","tintindex":0},"north":{"uv":[13.25,0.0,13.5,0.75],"rotation":0,"texture":"#0","tintindex":0},"west":{"uv":[13.25,1.5,13.5,2.25],"rotation":0,"texture":"#0","tintindex":0},"up":{"uv":[11.625,13.875,11.375,13.625],"rotation":0,"texture":"#0","tintindex":0},"down":{"uv":[13.875,11.625,13.625,11.875],"rotation":0,"texture":"#0","tintindex":0}}},{"from":[6.1714287,0.742857,7.4857144],"to":[7.3142858,5.885714,8.6285715],"rotation":{"angle":22.5,"axis":"x","origin":[10.114286,1.3142858,7.4857144]},"faces":{"east":{"uv":[8.25,12.625,8.5,13.75],"rotation":0,"texture":"#0","tintindex":0},"south":{"uv":[9.125,12.625,9.375,13.75],"rotation":0,"texture":"#0","tintindex":0},"north":{"uv":[8.0,12.625,8.25,13.75],"rotation":0,"texture":"#0","tintindex":0},"west":{"uv":[10.25,12.625,10.5,13.75],"rotation":0,"texture":"#0","tintindex":0},"up":{"uv":[13.875,12.125,13.625,11.875],"rotation":0,"texture":"#0","tintindex":0},"down":{"uv":[13.875,12.125,13.625,12.375],"rotation":0,"texture":"#0","tintindex":0}}}],"display":{"head":{"translation":[0.0,-6.4,0.0],"scale":[4.0,4.0,4.0]}}}