{"textures":{"0":"modelengine:entity/wolfmob39spawn"},"elements":[{"from":[6.9353714,-0.9525337,6.5049043],"to":[9.221086,6.476038,8.21919],"rotation":{"angle":0.0,"axis":"y","origin":[10.363943,-6.6668196,7.6477613]},"faces":{"east":{"uv":[8.375,9.375,8.75,11.0],"rotation":0,"texture":"#0","tintindex":0},"south":{"uv":[6.5,2.625,7.0,4.25],"rotation":0,"texture":"#0","tintindex":0},"north":{"uv":[0.0,6.375,0.5,8.0],"rotation":0,"texture":"#0","tintindex":0},"west":{"uv":[8.75,9.375,9.125,11.0],"rotation":0,"texture":"#0","tintindex":0},"up":{"uv":[13.625,11.125,13.125,10.75],"rotation":0,"texture":"#0","tintindex":0},"down":{"uv":[13.625,13.125,13.125,13.5],"rotation":0,"texture":"#0","tintindex":0}}},{"from":[5.792514,3.0474668,6.6191897],"to":[8.078229,7.618895,8.904904],"rotation":{"angle":45.0,"axis":"z","origin":[5.5067997,5.3331804,6.7906184]},"faces":{"east":{"uv":[10.375,4.125,10.875,5.125],"rotation":0,"texture":"#0","tintindex":0},"south":{"uv":[3.25,10.5,3.75,11.5],"rotation":0,"texture":"#0","tintindex":0},"north":{"uv":[10.25,10.0,10.75,11.0],"rotation":0,"texture":"#0","tintindex":0},"west":{"uv":[3.75,10.5,4.25,11.5],"rotation":0,"texture":"#0","tintindex":0},"up":{"uv":[13.25,8.75,12.75,8.25],"rotation":0,"texture":"#0","tintindex":0},"down":{"uv":[13.25,8.75,12.75,9.25],"rotation":0,"texture":"#0","tintindex":0}}},{"from":[5.2210855,0.7617521,6.847761],"to":[6.9353714,5.3331804,8.562047],"rotation":{"angle":22.5,"axis":"z","origin":[5.5067997,5.3331804,6.7906184]},"faces":{"east":{"uv":[11.875,6.5,12.25,7.5],"rotation":0,"texture":"#0","tintindex":0},"south":{"uv":[6.875,11.875,7.25,12.875],"rotation":0,"texture":"#0","tintindex":0},"north":{"uv":[9.875,11.75,10.25,12.75],"rotation":0,"texture":"#0","tintindex":0},"west":{"uv":[7.25,11.875,7.625,12.875],"rotation":0,"texture":"#0","tintindex":0},"up":{"uv":[6.375,13.75,6.0,13.375],"rotation":0,"texture":"#0","tintindex":0},"down":{"uv":[13.75,6.375,13.375,6.75],"rotation":0,"texture":"#0","tintindex":0}}},{"from":[6.3639426,3.618895,6.5049043],"to":[8.649657,9.333181,9.9334755],"rotation":{"angle":22.5,"axis":"x","origin":[6.6496572,6.476038,6.7906184]},"faces":{"east":{"uv":[4.75,5.75,5.5,7.0],"rotation":0,"texture":"#0","tintindex":0},"south":{"uv":[0.0,9.375,0.5,10.625],"rotation":0,"texture":"#0","tintindex":0},"north":{"uv":[9.125,9.25,9.625,10.5],"rotation":0,"texture":"#0","tintindex":0},"west":{"uv":[5.5,5.75,6.25,7.0],"rotation":0,"texture":"#0","tintindex":0},"up":{"uv":[12.375,8.25,11.875,7.5],"rotation":0,"texture":"#0","tintindex":0},"down":{"uv":[11.25,11.875,10.75,12.625],"rotation":0,"texture":"#0","tintindex":0}}},{"from":[7.5068,-0.9525337,8.21919],"to":[9.792515,5.9046097,9.362047],"rotation":{"angle":0.0,"axis":"y","origin":[10.363943,-6.6668196,7.6477613]},"faces":{"east":{"uv":[4.0,11.5,4.25,13.0],"rotation":0,"texture":"#0","tintindex":0},"south":{"uv":[7.875,0.0,8.375,1.5],"rotation":0,"texture":"#0","tintindex":0},"north":{"uv":[3.75,7.5,4.25,9.0],"rotation":0,"texture":"#0","tintindex":0},"west":{"uv":[1.375,11.75,1.625,13.25],"rotation":0,"texture":"#0","tintindex":0},"up":{"uv":[13.625,9.875,13.125,9.625],"rotation":0,"texture":"#0","tintindex":0},"down":{"uv":[13.625,11.125,13.125,11.375],"rotation":0,"texture":"#0","tintindex":0}}}],"display":{"head":{"translation":[0.0,-6.4,0.0],"scale":[4.0,4.0,4.0]}}}