{"textures":{"0":"modelengine:entity/wolfmob39spawn"},"elements":[{"from":[7.428571,-1.4285717,7.428571],"to":[9.142858,7.714286,9.142858],"rotation":{"angle":0.0,"axis":"y","origin":[10.571428,15.428572,7.9428573]},"faces":{"east":{"uv":[4.875,7.0,5.25,9.0],"rotation":0,"texture":"#0","tintindex":0},"south":{"uv":[5.25,7.0,5.625,9.0],"rotation":0,"texture":"#0","tintindex":0},"north":{"uv":[4.5,7.0,4.875,9.0],"rotation":0,"texture":"#0","tintindex":0},"west":{"uv":[5.625,7.0,6.0,9.0],"rotation":0,"texture":"#0","tintindex":0},"up":{"uv":[12.75,1.625,12.375,1.25],"rotation":0,"texture":"#0","tintindex":0},"down":{"uv":[12.75,6.125,12.375,6.5],"rotation":0,"texture":"#0","tintindex":0}}},{"from":[8.0,4.285714,6.857143],"to":[9.142858,7.714286,7.428571],"rotation":{"angle":0.0,"axis":"y","origin":[10.571428,15.428572,7.9428573]},"faces":{"east":{"uv":[13.5,0.0,13.625,0.75],"rotation":0,"texture":"#0","tintindex":0},"south":{"uv":[1.0,10.25,1.25,11.0],"rotation":0,"texture":"#0","tintindex":0},"north":{"uv":[5.75,0.0,6.0,0.75],"rotation":0,"texture":"#0","tintindex":0},"west":{"uv":[0.5,13.5,0.625,14.25],"rotation":0,"texture":"#0","tintindex":0},"up":{"uv":[2.875,9.125,2.625,9.0],"rotation":0,"texture":"#0","tintindex":0},"down":{"uv":[9.75,11.625,9.5,11.75],"rotation":0,"texture":"#0","tintindex":0}}},{"from":[9.142858,1.4285712,7.428571],"to":[9.714286,8.285714,9.142858],"rotation":{"angle":0.0,"axis":"y","origin":[10.571428,15.428572,7.9428573]},"faces":{"east":{"uv":[1.25,9.5,1.625,11.0],"rotation":0,"texture":"#0","tintindex":0},"south":{"uv":[10.125,12.75,10.25,14.25],"rotation":0,"texture":"#0","tintindex":0},"north":{"uv":[8.5,12.625,8.625,14.125],"rotation":0,"texture":"#0","tintindex":0},"west":{"uv":[7.75,9.5,8.125,11.0],"rotation":0,"texture":"#0","tintindex":0},"up":{"uv":[5.0,10.875,4.875,10.5],"rotation":0,"texture":"#0","tintindex":0},"down":{"uv":[4.875,11.25,4.75,11.625],"rotation":0,"texture":"#0","tintindex":0}}},{"from":[6.857143,2.5714283,8.0],"to":[8.571428,7.142857,9.714286],"rotation":{"angle":0.0,"axis":"y","origin":[10.571428,15.428572,7.9428573]},"faces":{"east":{"uv":[11.625,0.0,12.0,1.0],"rotation":0,"texture":"#0","tintindex":0},"south":{"uv":[11.625,3.625,12.0,4.625],"rotation":0,"texture":"#0","tintindex":0},"north":{"uv":[0.0,11.5,0.375,12.5],"rotation":0,"texture":"#0","tintindex":0},"west":{"uv":[4.75,11.625,5.125,12.625],"rotation":0,"texture":"#0","tintindex":0},"up":{"uv":[13.625,4.5,13.25,4.125],"rotation":0,"texture":"#0","tintindex":0},"down":{"uv":[13.625,5.25,13.25,5.625],"rotation":0,"texture":"#0","tintindex":0}}},{"from":[6.285714,7.142857,8.0],"to":[8.571428,9.428572,9.714286],"rotation":{"angle":0.0,"axis":"y","origin":[10.571428,15.428572,7.9428573]},"faces":{"east":{"uv":[13.0,6.375,13.375,6.875],"rotation":0,"texture":"#0","tintindex":0},"south":{"uv":[12.75,2.5,13.25,3.0],"rotation":0,"texture":"#0","tintindex":0},"north":{"uv":[2.375,12.75,2.875,13.25],"rotation":0,"texture":"#0","tintindex":0},"west":{"uv":[13.0,9.875,13.375,10.375],"rotation":0,"texture":"#0","tintindex":0},"up":{"uv":[2.875,9.0,2.375,8.625],"rotation":0,"texture":"#0","tintindex":0},"down":{"uv":[9.625,10.5,9.125,10.875],"rotation":0,"texture":"#0","tintindex":0}}}],"display":{"head":{"translation":[0.0,-6.4,0.0],"scale":[4.0,4.0,4.0]}}}