{"textures":{"0":"modelengine:entity/wolfmob39spawn"},"elements":[{"from":[8.037082,5.38338,6.2265882],"to":[10.894225,9.38338,9.5408745],"rotation":{"angle":-22.5,"axis":"z","origin":[10.608511,9.097666,7.8837314]},"faces":{"east":{"uv":[8.875,4.875,9.625,5.75],"rotation":0,"texture":"#0","tintindex":0},"south":{"uv":[9.625,10.0,10.25,10.875],"rotation":0,"texture":"#0","tintindex":0},"north":{"uv":[2.0,9.875,2.625,10.75],"rotation":0,"texture":"#0","tintindex":0},"west":{"uv":[1.875,9.0,2.625,9.875],"rotation":0,"texture":"#0","tintindex":0},"up":{"uv":[7.5,11.25,6.875,10.5],"rotation":0,"texture":"#0","tintindex":0},"down":{"uv":[11.25,7.0,10.625,7.75],"rotation":0,"texture":"#0","tintindex":0}}},{"from":[6.8942246,8.240523,6.798017],"to":[9.751368,10.5262375,10.112303],"rotation":{"angle":-22.5,"axis":"z","origin":[10.608511,9.097666,7.8837314]},"faces":{"east":{"uv":[11.5,10.25,12.25,10.75],"rotation":0,"texture":"#0","tintindex":0},"south":{"uv":[12.125,1.625,12.75,2.125],"rotation":0,"texture":"#0","tintindex":0},"north":{"uv":[7.875,1.5,8.5,2.0],"rotation":0,"texture":"#0","tintindex":0},"west":{"uv":[11.5,10.75,12.25,11.25],"rotation":0,"texture":"#0","tintindex":0},"up":{"uv":[11.25,8.5,10.625,7.75],"rotation":0,"texture":"#0","tintindex":0},"down":{"uv":[11.375,1.375,10.75,2.125],"rotation":0,"texture":"#0","tintindex":0}}},{"from":[6.8942246,1.3833795,6.798017],"to":[9.179939,7.669094,9.083732],"rotation":{"angle":0.0,"axis":"y","origin":[10.608511,9.097666,7.8837314]},"faces":{"east":{"uv":[7.875,6.75,8.375,8.125],"rotation":0,"texture":"#0","tintindex":0},"south":{"uv":[0.0,8.0,0.5,9.375],"rotation":0,"texture":"#0","tintindex":0},"north":{"uv":[6.0,7.875,6.5,9.25],"rotation":0,"texture":"#0","tintindex":0},"west":{"uv":[8.0,2.75,8.5,4.125],"rotation":0,"texture":"#0","tintindex":0},"up":{"uv":[13.25,2.0,12.75,1.5],"rotation":0,"texture":"#0","tintindex":0},"down":{"uv":[13.25,2.0,12.75,2.5],"rotation":0,"texture":"#0","tintindex":0}}},{"from":[6.151367,3.0976653,6.798017],"to":[6.8942246,7.669094,9.65516],"rotation":{"angle":0.0,"axis":"y","origin":[10.608511,9.097666,7.8837314]},"faces":{"east":{"uv":[2.625,9.125,3.25,10.125],"rotation":0,"texture":"#0","tintindex":0},"south":{"uv":[6.75,13.25,6.875,14.25],"rotation":0,"texture":"#0","tintindex":0},"north":{"uv":[0.375,11.5,0.5,12.5],"rotation":0,"texture":"#0","tintindex":0},"west":{"uv":[9.25,2.25,9.875,3.25],"rotation":0,"texture":"#0","tintindex":0},"up":{"uv":[0.25,14.25,0.125,13.625],"rotation":0,"texture":"#0","tintindex":0},"down":{"uv":[0.375,13.625,0.25,14.25],"rotation":0,"texture":"#0","tintindex":0}}},{"from":[6.8942246,4.8119516,9.083732],"to":[9.751368,11.669094,11.369446],"rotation":{"angle":22.5,"axis":"x","origin":[10.608511,9.097666,7.8837314]},"faces":{"east":{"uv":[7.0,0.0,7.5,1.5],"rotation":0,"texture":"#0","tintindex":0},"south":{"uv":[1.375,5.375,2.0,6.875],"rotation":0,"texture":"#0","tintindex":0},"north":{"uv":[0.75,5.375,1.375,6.875],"rotation":0,"texture":"#0","tintindex":0},"west":{"uv":[7.0,1.5,7.5,3.0],"rotation":0,"texture":"#0","tintindex":0},"up":{"uv":[12.75,2.625,12.125,2.125],"rotation":0,"texture":"#0","tintindex":0},"down":{"uv":[12.75,2.625,12.125,3.125],"rotation":0,"texture":"#0","tintindex":0}}},{"from":[8.037082,13.38338,10.7980175],"to":[9.179939,15.669094,11.369446],"rotation":{"angle":22.5,"axis":"x","origin":[10.608511,9.097666,7.8837314]},"faces":{"east":{"uv":[7.75,9.0,7.875,9.5],"rotation":0,"texture":"#0","tintindex":0},"south":{"uv":[7.5,10.5,7.75,11.0],"rotation":0,"texture":"#0","tintindex":0},"north":{"uv":[0.5,6.375,0.75,6.875],"rotation":0,"texture":"#0","tintindex":0},"west":{"uv":[6.875,9.375,7.0,9.875],"rotation":0,"texture":"#0","tintindex":0},"up":{"uv":[5.25,1.5,5.0,1.375],"rotation":0,"texture":"#0","tintindex":0},"down":{"uv":[4.75,6.875,4.5,7.0],"rotation":0,"texture":"#0","tintindex":0}}},{"from":[8.037082,11.669094,10.226588],"to":[9.179939,14.5262375,10.7980175],"rotation":{"angle":22.5,"axis":"x","origin":[10.608511,9.097666,7.8837314]},"faces":{"east":{"uv":[0.375,13.625,0.5,14.25],"rotation":0,"texture":"#0","tintindex":0},"south":{"uv":[2.375,13.25,2.625,13.875],"rotation":0,"texture":"#0","tintindex":0},"north":{"uv":[13.25,2.25,13.5,2.875],"rotation":0,"texture":"#0","tintindex":0},"west":{"uv":[13.625,2.375,13.75,3.0],"rotation":0,"texture":"#0","tintindex":0},"up":{"uv":[8.0,4.25,7.75,4.125],"rotation":0,"texture":"#0","tintindex":0},"down":{"uv":[6.75,7.875,6.5,8.0],"rotation":0,"texture":"#0","tintindex":0}}},{"from":[7.4656534,8.240523,10.7980175],"to":[9.179939,13.38338,11.940874],"rotation":{"angle":22.5,"axis":"x","origin":[10.608511,9.097666,7.8837314]},"faces":{"east":{"uv":[6.375,12.125,6.625,13.25],"rotation":0,"texture":"#0","tintindex":0},"south":{"uv":[8.0,11.0,8.375,12.125],"rotation":0,"texture":"#0","tintindex":0},"north":{"uv":[6.5,11.0,6.875,12.125],"rotation":0,"texture":"#0","tintindex":0},"west":{"uv":[6.625,12.125,6.875,13.25],"rotation":0,"texture":"#0","tintindex":0},"up":{"uv":[13.75,10.375,13.375,10.125],"rotation":0,"texture":"#0","tintindex":0},"down":{"uv":[13.125,13.375,12.75,13.625],"rotation":0,"texture":"#0","tintindex":0}}},{"from":[7.4656534,1.9548082,6.2265882],"to":[9.179939,4.8119516,6.798017],"rotation":{"angle":0.0,"axis":"y","origin":[10.608511,11.954809,7.8837314]},"faces":{"east":{"uv":[2.875,13.625,3.0,14.25],"rotation":0,"texture":"#0","tintindex":0},"south":{"uv":[9.25,4.25,9.625,4.875],"rotation":0,"texture":"#0","tintindex":0},"north":{"uv":[8.5,4.875,8.875,5.5],"rotation":0,"texture":"#0","tintindex":0},"west":{"uv":[3.0,13.625,3.125,14.25],"rotation":0,"texture":"#0","tintindex":0},"up":{"uv":[10.375,9.25,10.0,9.125],"rotation":0,"texture":"#0","tintindex":0},"down":{"uv":[10.75,9.875,10.375,10.0],"rotation":0,"texture":"#0","tintindex":0}}}],"display":{"head":{"translation":[0.0,-6.4,0.0],"scale":[4.0,4.0,4.0]}}}