{"textures":{"0":"modelengine:entity/wolfmob39spawn"},"elements":[{"from":[7.542857,3.6,6.9142857],"to":[8.685715,8.742857,8.057143],"rotation":{"angle":0.0,"axis":"y","origin":[5.885714,1.3142858,7.4857144]},"faces":{"east":{"uv":[0.25,12.5,0.5,13.625],"rotation":0,"texture":"#0","tintindex":0},"south":{"uv":[12.5,8.0,12.75,9.125],"rotation":0,"texture":"#0","tintindex":0},"north":{"uv":[0.0,12.5,0.25,13.625],"rotation":0,"texture":"#0","tintindex":0},"west":{"uv":[11.25,12.5,11.5,13.625],"rotation":0,"texture":"#0","tintindex":0},"up":{"uv":[1.75,2.75,1.5,2.5],"rotation":0,"texture":"#0","tintindex":0},"down":{"uv":[2.625,6.875,2.375,7.125],"rotation":0,"texture":"#0","tintindex":0}}},{"from":[7.542857,-3.8285723,6.9142857],"to":[8.685715,3.6,8.057143],"rotation":{"angle":0.0,"axis":"y","origin":[5.885714,1.3142858,7.4857144]},"faces":{"east":{"uv":[10.5,11.0,10.75,12.625],"rotation":0,"texture":"#0","tintindex":0},"south":{"uv":[0.5,11.25,0.75,12.875],"rotation":0,"texture":"#0","tintindex":0},"north":{"uv":[10.25,11.0,10.5,12.625],"rotation":0,"texture":"#0","tintindex":0},"west":{"uv":[0.75,11.25,1.0,12.875],"rotation":0,"texture":"#0","tintindex":0},"up":{"uv":[11.125,5.125,10.875,4.875],"rotation":0,"texture":"#0","tintindex":0},"down":{"uv":[2.625,11.5,2.375,11.75],"rotation":0,"texture":"#0","tintindex":0}}},{"from":[7.542857,1.885714,8.057143],"to":[9.257143,4.742857,8.6285715],"rotation":{"angle":0.0,"axis":"y","origin":[5.885714,1.3142858,7.4857144]},"faces":{"east":{"uv":[6.875,13.625,7.0,14.25],"rotation":0,"texture":"#0","tintindex":0},"south":{"uv":[12.75,12.25,13.125,12.875],"rotation":0,"texture":"#0","tintindex":0},"north":{"uv":[12.75,10.75,13.125,11.375],"rotation":0,"texture":"#0","tintindex":0},"west":{"uv":[7.0,13.625,7.125,14.25],"rotation":0,"texture":"#0","tintindex":0},"up":{"uv":[12.125,5.5,11.75,5.375],"rotation":0,"texture":"#0","tintindex":0},"down":{"uv":[12.75,0.75,12.375,0.875],"rotation":0,"texture":"#0","tintindex":0}}},{"from":[8.685715,4.742857,7.4857144],"to":[9.257143,8.171429,8.057143],"rotation":{"angle":0.0,"axis":"y","origin":[5.885714,1.3142858,7.4857144]},"faces":{"east":{"uv":[13.5,2.375,13.625,3.125],"rotation":0,"texture":"#0","tintindex":0},"south":{"uv":[10.5,13.5,10.625,14.25],"rotation":0,"texture":"#0","tintindex":0},"north":{"uv":[1.875,13.5,2.0,14.25],"rotation":0,"texture":"#0","tintindex":0},"west":{"uv":[10.625,13.5,10.75,14.25],"rotation":0,"texture":"#0","tintindex":0},"up":{"uv":[1.125,9.5,1.0,9.375],"rotation":0,"texture":"#0","tintindex":0},"down":{"uv":[10.125,1.375,10.0,1.5],"rotation":0,"texture":"#0","tintindex":0}}},{"from":[6.9714284,4.742857,8.057143],"to":[7.542857,8.171429,8.6285715],"rotation":{"angle":0.0,"axis":"y","origin":[5.885714,1.3142858,7.4857144]},"faces":{"east":{"uv":[10.875,13.5,11.0,14.25],"rotation":0,"texture":"#0","tintindex":0},"south":{"uv":[11.0,13.5,11.125,14.25],"rotation":0,"texture":"#0","tintindex":0},"north":{"uv":[10.75,13.5,10.875,14.25],"rotation":0,"texture":"#0","tintindex":0},"west":{"uv":[11.125,13.5,11.25,14.25],"rotation":0,"texture":"#0","tintindex":0},"up":{"uv":[11.875,12.625,11.75,12.5],"rotation":0,"texture":"#0","tintindex":0},"down":{"uv":[9.5,12.625,9.375,12.75],"rotation":0,"texture":"#0","tintindex":0}}},{"from":[8.114285,-0.40000057,8.057143],"to":[8.685715,1.885714,8.6285715],"rotation":{"angle":0.0,"axis":"y","origin":[5.885714,1.3142858,7.4857144]},"faces":{"east":{"uv":[7.375,13.625,7.5,14.125],"rotation":0,"texture":"#0","tintindex":0},"south":{"uv":[7.5,13.625,7.625,14.125],"rotation":0,"texture":"#0","tintindex":0},"north":{"uv":[13.625,7.25,13.75,7.75],"rotation":0,"texture":"#0","tintindex":0},"west":{"uv":[13.625,7.75,13.75,8.25],"rotation":0,"texture":"#0","tintindex":0},"up":{"uv":[13.5,6.875,13.375,6.75],"rotation":0,"texture":"#0","tintindex":0},"down":{"uv":[13.625,10.625,13.5,10.75],"rotation":0,"texture":"#0","tintindex":0}}},{"from":[7.542857,4.742857,8.057143],"to":[9.257143,8.742857,9.2],"rotation":{"angle":0.0,"axis":"y","origin":[5.885714,1.3142858,7.4857144]},"faces":{"east":{"uv":[6.0,7.0,6.25,7.875],"rotation":0,"texture":"#0","tintindex":0},"south":{"uv":[1.625,12.0,2.0,12.875],"rotation":0,"texture":"#0","tintindex":0},"north":{"uv":[12.0,0.0,12.375,0.875],"rotation":0,"texture":"#0","tintindex":0},"west":{"uv":[11.0,12.625,11.25,13.5],"rotation":0,"texture":"#0","tintindex":0},"up":{"uv":[13.875,3.375,13.5,3.125],"rotation":0,"texture":"#0","tintindex":0},"down":{"uv":[13.875,6.75,13.5,7.0],"rotation":0,"texture":"#0","tintindex":0}}},{"from":[6.9714284,4.742857,6.9142857],"to":[7.542857,8.742857,8.057143],"rotation":{"angle":0.0,"axis":"y","origin":[5.885714,1.3142858,7.4857144]},"faces":{"east":{"uv":[2.875,12.75,3.125,13.625],"rotation":0,"texture":"#0","tintindex":0},"south":{"uv":[9.5,13.375,9.625,14.25],"rotation":0,"texture":"#0","tintindex":0},"north":{"uv":[9.375,13.375,9.5,14.25],"rotation":0,"texture":"#0","tintindex":0},"west":{"uv":[2.0,12.875,2.25,13.75],"rotation":0,"texture":"#0","tintindex":0},"up":{"uv":[11.75,13.875,11.625,13.625],"rotation":0,"texture":"#0","tintindex":0},"down":{"uv":[12.375,13.625,12.25,13.875],"rotation":0,"texture":"#0","tintindex":0}}},{"from":[9.257143,4.1714287,6.9142857],"to":[10.4,7.6,8.057143],"rotation":{"angle":22.5,"axis":"x","origin":[5.885714,1.3142858,7.4857144]},"faces":{"east":{"uv":[11.75,13.125,12.0,13.875],"rotation":0,"texture":"#0","tintindex":0},"south":{"uv":[12.0,13.125,12.25,13.875],"rotation":0,"texture":"#0","tintindex":0},"north":{"uv":[13.125,11.625,13.375,12.375],"rotation":0,"texture":"#0","tintindex":0},"west":{"uv":[13.125,12.375,13.375,13.125],"rotation":0,"texture":"#0","tintindex":0},"up":{"uv":[13.75,13.125,13.5,12.875],"rotation":0,"texture":"#0","tintindex":0},"down":{"uv":[13.875,4.125,13.625,4.375],"rotation":0,"texture":"#0","tintindex":0}}},{"from":[8.685715,0.742857,7.4857144],"to":[9.828571,5.885714,8.6285715],"rotation":{"angle":22.5,"axis":"x","origin":[5.885714,1.3142858,7.4857144]},"faces":{"east":{"uv":[12.25,12.5,12.5,13.625],"rotation":0,"texture":"#0","tintindex":0},"south":{"uv":[12.5,12.5,12.75,13.625],"rotation":0,"texture":"#0","tintindex":0},"north":{"uv":[11.5,12.5,11.75,13.625],"rotation":0,"texture":"#0","tintindex":0},"west":{"uv":[3.5,12.625,3.75,13.75],"rotation":0,"texture":"#0","tintindex":0},"up":{"uv":[13.875,8.5,13.625,8.25],"rotation":0,"texture":"#0","tintindex":0},"down":{"uv":[13.875,8.5,13.625,8.75],"rotation":0,"texture":"#0","tintindex":0}}}],"display":{"head":{"translation":[0.0,-6.4,0.0],"scale":[4.0,4.0,4.0]}}}