{"textures":{"0":"modelengine:entity/wolfmob39spawn"},"elements":[{"from":[6.778906,-0.9525337,6.5049043],"to":[9.06462,6.476038,8.21919],"rotation":{"angle":0.0,"axis":"y","origin":[5.6360483,-6.6668196,7.6477613]},"faces":{"east":{"uv":[6.125,9.25,6.5,10.875],"rotation":0,"texture":"#0","tintindex":0},"south":{"uv":[6.25,6.25,6.75,7.875],"rotation":0,"texture":"#0","tintindex":0},"north":{"uv":[6.25,4.625,6.75,6.25],"rotation":0,"texture":"#0","tintindex":0},"west":{"uv":[6.5,9.375,6.875,11.0],"rotation":0,"texture":"#0","tintindex":0},"up":{"uv":[13.625,9.625,13.125,9.25],"rotation":0,"texture":"#0","tintindex":0},"down":{"uv":[11.0,13.125,10.5,13.5],"rotation":0,"texture":"#0","tintindex":0}}},{"from":[7.921763,3.0474668,6.6191897],"to":[10.207478,7.618895,8.904904],"rotation":{"angle":-45.0,"axis":"z","origin":[10.493192,5.3331804,6.7906184]},"faces":{"east":{"uv":[5.0,9.875,5.5,10.875],"rotation":0,"texture":"#0","tintindex":0},"south":{"uv":[0.5,10.25,1.0,11.25],"rotation":0,"texture":"#0","tintindex":0},"north":{"uv":[6.0,2.625,6.5,3.625],"rotation":0,"texture":"#0","tintindex":0},"west":{"uv":[5.5,10.25,6.0,11.25],"rotation":0,"texture":"#0","tintindex":0},"up":{"uv":[13.25,7.75,12.75,7.25],"rotation":0,"texture":"#0","tintindex":0},"down":{"uv":[13.25,7.75,12.75,8.25],"rotation":0,"texture":"#0","tintindex":0}}},{"from":[9.06462,0.7617521,6.847761],"to":[10.778906,5.3331804,8.562047],"rotation":{"angle":-22.5,"axis":"z","origin":[10.493192,5.3331804,6.7906184]},"faces":{"east":{"uv":[2.75,11.75,3.125,12.75],"rotation":0,"texture":"#0","tintindex":0},"south":{"uv":[6.0,11.75,6.375,12.75],"rotation":0,"texture":"#0","tintindex":0},"north":{"uv":[2.375,11.75,2.75,12.75],"rotation":0,"texture":"#0","tintindex":0},"west":{"uv":[9.5,11.75,9.875,12.75],"rotation":0,"texture":"#0","tintindex":0},"up":{"uv":[13.625,9.125,13.25,8.75],"rotation":0,"texture":"#0","tintindex":0},"down":{"uv":[1.375,13.375,1.0,13.75],"rotation":0,"texture":"#0","tintindex":0}}},{"from":[7.350334,3.618895,6.5049043],"to":[9.636049,9.333181,9.9334755],"rotation":{"angle":22.5,"axis":"x","origin":[9.350334,6.476038,6.7906184]},"faces":{"east":{"uv":[3.25,5.625,4.0,6.875],"rotation":0,"texture":"#0","tintindex":0},"south":{"uv":[9.25,7.0,9.75,8.25],"rotation":0,"texture":"#0","tintindex":0},"north":{"uv":[9.25,5.75,9.75,7.0],"rotation":0,"texture":"#0","tintindex":0},"west":{"uv":[4.0,5.625,4.75,6.875],"rotation":0,"texture":"#0","tintindex":0},"up":{"uv":[12.25,5.375,11.75,4.625],"rotation":0,"texture":"#0","tintindex":0},"down":{"uv":[11.875,11.75,11.375,12.5],"rotation":0,"texture":"#0","tintindex":0}}},{"from":[6.207477,-0.9525337,8.21919],"to":[8.493192,5.9046097,9.362047],"rotation":{"angle":0.0,"axis":"y","origin":[5.6360483,-6.6668196,7.6477613]},"faces":{"east":{"uv":[4.25,7.5,4.5,9.0],"rotation":0,"texture":"#0","tintindex":0},"south":{"uv":[3.25,7.5,3.75,9.0],"rotation":0,"texture":"#0","tintindex":0},"north":{"uv":[1.875,7.5,2.375,9.0],"rotation":0,"texture":"#0","tintindex":0},"west":{"uv":[8.125,9.5,8.375,11.0],"rotation":0,"texture":"#0","tintindex":0},"up":{"uv":[10.625,7.25,10.125,7.0],"rotation":0,"texture":"#0","tintindex":0},"down":{"uv":[11.625,5.5,11.125,5.75],"rotation":0,"texture":"#0","tintindex":0}}}],"display":{"head":{"translation":[0.0,-6.4,0.0],"scale":[4.0,4.0,4.0]}}}