{"textures":{"0":"modelengine:entity/bear"},"elements":[{"from":[5.760914,6.423314,5.422743],"to":[10.239086,8.6624,9.900914],"rotation":{"angle":0.0,"axis":"y","origin":[15.277029,15.377724,-3.0971098]},"faces":{"east":{"uv":[9.125,6.375,9.625,6.625],"rotation":0,"texture":"#0","tintindex":0},"south":{"uv":[9.125,6.75,9.625,7.0],"rotation":0,"texture":"#0","tintindex":0},"north":{"uv":[9.125,6.0,9.625,6.25],"rotation":0,"texture":"#0","tintindex":0},"west":{"uv":[9.125,7.125,9.625,7.375],"rotation":0,"texture":"#0","tintindex":0},"up":{"uv":[9.0,7.375,8.5,6.875],"rotation":0,"texture":"#0","tintindex":0},"down":{"uv":[0.5,8.625,0.0,9.125],"rotation":0,"texture":"#0","tintindex":0}}},{"from":[5.760914,6.423314,3.1836567],"to":[5.760914,8.6624,5.422743],"rotation":{"angle":0.0,"axis":"y","origin":[15.277029,15.377724,-3.0971098]},"faces":{"east":{"uv":[6.875,9.25,6.625,9.5],"rotation":0,"texture":"#0","tintindex":0},"south":{"uv":[7.25,1.5,7.25,1.75],"rotation":0,"texture":"#0","tintindex":0},"north":{"uv":[4.875,1.0,4.875,1.25],"rotation":0,"texture":"#0","tintindex":0},"west":{"uv":[6.625,9.25,6.875,9.5],"rotation":0,"texture":"#0","tintindex":0},"up":{"uv":[0.625,8.0,0.625,7.75],"rotation":0,"texture":"#0","tintindex":0},"down":{"uv":[6.875,8.0,6.875,8.25],"rotation":0,"texture":"#0","tintindex":0}}},{"from":[10.239086,6.423314,3.1836567],"to":[10.239086,8.6624,5.422743],"rotation":{"angle":0.0,"axis":"y","origin":[15.277029,15.377724,-3.0971098]},"faces":{"east":{"uv":[6.875,9.25,6.625,9.5],"rotation":0,"texture":"#0","tintindex":0},"south":{"uv":[7.25,1.5,7.25,1.75],"rotation":0,"texture":"#0","tintindex":0},"north":{"uv":[4.875,1.0,4.875,1.25],"rotation":0,"texture":"#0","tintindex":0},"west":{"uv":[6.625,9.25,6.875,9.5],"rotation":0,"texture":"#0","tintindex":0},"up":{"uv":[0.625,8.0,0.625,7.75],"rotation":0,"texture":"#0","tintindex":0},"down":{"uv":[6.875,8.0,6.875,8.25],"rotation":0,"texture":"#0","tintindex":0}}},{"from":[8.0,6.423314,3.1836567],"to":[8.0,8.6624,5.422743],"rotation":{"angle":0.0,"axis":"y","origin":[15.277029,15.377724,-3.0971098]},"faces":{"east":{"uv":[6.875,9.25,6.625,9.5],"rotation":0,"texture":"#0","tintindex":0},"south":{"uv":[7.25,1.5,7.25,1.75],"rotation":0,"texture":"#0","tintindex":0},"north":{"uv":[4.875,1.0,4.875,1.25],"rotation":0,"texture":"#0","tintindex":0},"west":{"uv":[6.625,9.25,6.875,9.5],"rotation":0,"texture":"#0","tintindex":0},"up":{"uv":[0.625,8.0,0.625,7.75],"rotation":0,"texture":"#0","tintindex":0},"down":{"uv":[6.875,8.0,6.875,8.25],"rotation":0,"texture":"#0","tintindex":0}}}],"display":{"head":{"translation":[0.0,-6.4,0.0],"scale":[4.0,4.0,4.0]}}}