{"textures":{"0":"modelengine:entity/bear"},"elements":[{"from":[5.760914,6.3090286,4.851314],"to":[10.239086,8.548115,9.329486],"rotation":{"angle":0.0,"axis":"y","origin":[0.72297096,15.263437,-3.668538]},"faces":{"east":{"uv":[9.625,7.125,9.125,7.375],"rotation":0,"texture":"#0","tintindex":0},"south":{"uv":[9.625,6.75,9.125,7.0],"rotation":0,"texture":"#0","tintindex":0},"north":{"uv":[9.625,6.0,9.125,6.25],"rotation":0,"texture":"#0","tintindex":0},"west":{"uv":[9.625,6.375,9.125,6.625],"rotation":0,"texture":"#0","tintindex":0},"up":{"uv":[8.5,7.375,9.0,6.875],"rotation":0,"texture":"#0","tintindex":0},"down":{"uv":[0.0,8.625,0.5,9.125],"rotation":0,"texture":"#0","tintindex":0}}},{"from":[8.0,6.3090286,2.612228],"to":[8.0,8.548115,4.851314],"rotation":{"angle":0.0,"axis":"y","origin":[0.72297096,15.263437,-3.668538]},"faces":{"east":{"uv":[6.875,9.25,6.625,9.5],"rotation":0,"texture":"#0","tintindex":0},"south":{"uv":[7.25,1.5,7.25,1.75],"rotation":0,"texture":"#0","tintindex":0},"north":{"uv":[4.875,1.0,4.875,1.25],"rotation":0,"texture":"#0","tintindex":0},"west":{"uv":[6.625,9.25,6.875,9.5],"rotation":0,"texture":"#0","tintindex":0},"up":{"uv":[0.625,8.0,0.625,7.75],"rotation":0,"texture":"#0","tintindex":0},"down":{"uv":[6.875,8.0,6.875,8.25],"rotation":0,"texture":"#0","tintindex":0}}},{"from":[5.760914,6.3090286,2.612228],"to":[5.760914,8.548115,4.851314],"rotation":{"angle":0.0,"axis":"y","origin":[0.72297096,15.263437,-3.668538]},"faces":{"east":{"uv":[6.875,9.25,6.625,9.5],"rotation":0,"texture":"#0","tintindex":0},"south":{"uv":[7.25,1.5,7.25,1.75],"rotation":0,"texture":"#0","tintindex":0},"north":{"uv":[4.875,1.0,4.875,1.25],"rotation":0,"texture":"#0","tintindex":0},"west":{"uv":[6.625,9.25,6.875,9.5],"rotation":0,"texture":"#0","tintindex":0},"up":{"uv":[0.625,8.0,0.625,7.75],"rotation":0,"texture":"#0","tintindex":0},"down":{"uv":[6.875,8.0,6.875,8.25],"rotation":0,"texture":"#0","tintindex":0}}},{"from":[10.239086,6.3090286,2.612228],"to":[10.239086,8.548115,4.851314],"rotation":{"angle":0.0,"axis":"y","origin":[0.72297096,15.263437,-3.668538]},"faces":{"east":{"uv":[6.875,9.25,6.625,9.5],"rotation":0,"texture":"#0","tintindex":0},"south":{"uv":[7.25,1.5,7.25,1.75],"rotation":0,"texture":"#0","tintindex":0},"north":{"uv":[4.875,1.0,4.875,1.25],"rotation":0,"texture":"#0","tintindex":0},"west":{"uv":[6.625,9.25,6.875,9.5],"rotation":0,"texture":"#0","tintindex":0},"up":{"uv":[0.625,8.0,0.625,7.75],"rotation":0,"texture":"#0","tintindex":0},"down":{"uv":[6.875,8.0,6.875,8.25],"rotation":0,"texture":"#0","tintindex":0}}}],"display":{"head":{"translation":[0.0,-6.4,0.0],"scale":[4.0,4.0,4.0]}}}