{"textures":{"0":"modelengine:entity/hurricane"},"elements":[{"from":[3.2729516,6.8650537,0.18366432],"to":[13.101523,13.745053,10.012237],"rotation":{"angle":-22.5,"axis":"x","origin":[7.797041,16.557043,8.309408]},"faces":{"east":{"uv":[4.375,6.125,5.625,7.0],"rotation":0,"texture":"#0","tintindex":0},"south":{"uv":[4.375,6.125,5.625,7.0],"rotation":0,"texture":"#0","tintindex":0},"north":{"uv":[4.375,6.125,5.625,7.0],"rotation":0,"texture":"#0","tintindex":0},"west":{"uv":[4.375,6.125,5.625,7.0],"rotation":0,"texture":"#0","tintindex":0},"up":{"uv":[3.125,8.625,1.875,7.375],"rotation":0,"texture":"#0","tintindex":0},"down":{"uv":[3.125,8.625,1.875,7.375],"rotation":0,"texture":"#0","tintindex":0}}},{"from":[5.238666,2.493946,8.493674],"to":[11.135809,9.373947,14.390818],"rotation":{"angle":22.5,"axis":"x","origin":[7.797041,16.557043,8.309408]},"faces":{"east":{"uv":[6.0,8.5,6.75,9.375],"rotation":0,"texture":"#0","tintindex":0},"south":{"uv":[6.0,8.5,6.75,9.375],"rotation":0,"texture":"#0","tintindex":0},"north":{"uv":[6.0,8.5,6.75,9.375],"rotation":0,"texture":"#0","tintindex":0},"west":{"uv":[6.0,8.5,6.75,9.375],"rotation":0,"texture":"#0","tintindex":0},"up":{"uv":[8.5,9.25,7.75,8.5],"rotation":0,"texture":"#0","tintindex":0},"down":{"uv":[8.5,9.25,7.75,8.5],"rotation":0,"texture":"#0","tintindex":0}}},{"from":[0.046406746,10.402626,0.1877923],"to":[13.806407,17.282627,13.947794],"rotation":{"angle":22.5,"axis":"z","origin":[7.797041,16.557043,8.309408]},"faces":{"east":{"uv":[8.5,0.0,10.25,0.875],"rotation":0,"texture":"#0","tintindex":0},"south":{"uv":[8.5,0.0,10.25,0.875],"rotation":0,"texture":"#0","tintindex":0},"north":{"uv":[8.5,0.0,10.25,0.875],"rotation":0,"texture":"#0","tintindex":0},"west":{"uv":[8.5,0.0,10.25,0.875],"rotation":0,"texture":"#0","tintindex":0},"up":{"uv":[1.75,7.5,0.0,5.75],"rotation":0,"texture":"#0","tintindex":0},"down":{"uv":[1.75,7.5,0.0,5.75],"rotation":0,"texture":"#0","tintindex":0}}},{"from":[-2.4642773,13.923915,-1.0629501],"to":[16.21001,22.76963,16.628479],"rotation":{"angle":22.5,"axis":"x","origin":[7.797041,16.557043,8.309408]},"faces":{"east":{"uv":[6.75,7.25,9.0,8.375],"rotation":0,"texture":"#0","tintindex":0},"south":{"uv":[6.75,7.25,9.0,8.375],"rotation":0,"texture":"#0","tintindex":0},"north":{"uv":[6.75,7.25,9.0,8.375],"rotation":0,"texture":"#0","tintindex":0},"west":{"uv":[6.75,7.25,9.0,8.375],"rotation":0,"texture":"#0","tintindex":0},"up":{"uv":[5.375,2.25,3.0,0.0],"rotation":0,"texture":"#0","tintindex":0},"down":{"uv":[5.375,2.25,3.0,0.0],"rotation":0,"texture":"#0","tintindex":0}}},{"from":[-6.8666162,22.171429,-1.2604046],"to":[15.7390995,32.0,20.362453],"rotation":{"angle":-22.5,"axis":"z","origin":[7.797041,16.557043,8.309408]},"faces":{"east":{"uv":[3.0,4.75,5.875,6.0],"rotation":0,"texture":"#0","tintindex":0},"south":{"uv":[3.0,4.75,5.875,6.0],"rotation":0,"texture":"#0","tintindex":0},"north":{"uv":[3.0,4.75,5.875,6.0],"rotation":0,"texture":"#0","tintindex":0},"west":{"uv":[3.0,4.75,5.875,6.0],"rotation":0,"texture":"#0","tintindex":0},"up":{"uv":[2.875,2.75,0.0,0.0],"rotation":0,"texture":"#0","tintindex":0},"down":{"uv":[2.875,2.75,0.0,0.0],"rotation":0,"texture":"#0","tintindex":0}}}],"display":{"head":{"translation":[0.0,20.804628,0.0],"scale":[4.0,4.0,4.0]}}}