{"textures":{"2":"modelengine:entity/em_corruptedpuker"},"elements":[{"from":[6.8190475,12.050106,3.4516783],"to":[9.104762,16.050106,6.308821],"rotation":{"angle":22.5,"axis":"x","origin":[7.9619045,11.535803,7.3906655]},"faces":{"east":{"uv":[1.25,6.5,1.875,7.375],"rotation":0,"texture":"#2","tintindex":0},"south":{"uv":[0.0,7.875,0.5,8.75],"rotation":0,"texture":"#2","tintindex":0},"north":{"uv":[6.375,7.75,6.875,8.625],"rotation":0,"texture":"#2","tintindex":0},"west":{"uv":[6.5,3.0,7.125,3.875],"rotation":0,"texture":"#2","tintindex":0},"up":{"uv":[9.375,3.625,8.875,3.0],"rotation":0,"texture":"#2","tintindex":0},"down":{"uv":[9.375,5.375,8.875,6.0],"rotation":0,"texture":"#2","tintindex":0}}},{"from":[9.104762,15.478678,6.308821],"to":[6.8190475,12.050106,3.4516783],"rotation":{"angle":22.5,"axis":"x","origin":[7.9619045,11.535803,7.3906655]},"faces":{"east":{"uv":[5.5,4.125,6.125,4.875],"rotation":0,"texture":"#2","tintindex":0},"south":{"uv":[1.125,8.375,1.625,9.125],"rotation":0,"texture":"#2","tintindex":0},"north":{"uv":[1.375,0.0,2.375,1.0],"rotation":0,"texture":"#2","tintindex":0},"west":{"uv":[1.25,7.5,1.875,8.25],"rotation":0,"texture":"#2","tintindex":0},"up":{"uv":[2.75,9.75,2.25,9.125],"rotation":0,"texture":"#2","tintindex":0},"down":{"uv":[9.625,6.125,9.125,6.75],"rotation":0,"texture":"#2","tintindex":0}}},{"from":[5.104762,10.714286,6.5714283],"to":[10.819048,14.714286,8.857143],"rotation":{"angle":0.0,"axis":"y","origin":[7.9619045,11.535803,7.3906655]},"faces":{"east":{"uv":[7.625,4.75,8.125,5.625],"rotation":0,"texture":"#2","tintindex":0},"south":{"uv":[0.0,1.0,1.25,1.875],"rotation":0,"texture":"#2","tintindex":0},"north":{"uv":[0.0,0.0,1.25,0.875],"rotation":0,"texture":"#2","tintindex":0},"west":{"uv":[7.0,7.625,7.5,8.5],"rotation":0,"texture":"#2","tintindex":0},"up":{"uv":[7.5,5.625,6.25,5.125],"rotation":0,"texture":"#2","tintindex":0},"down":{"uv":[7.625,5.75,6.375,6.25],"rotation":0,"texture":"#2","tintindex":0}}},{"from":[6.8190475,11.285714,6.5857143],"to":[9.104762,12.428572,8.8714285],"rotation":{"angle":0.0,"axis":"y","origin":[7.9619045,11.535803,7.3906655]},"faces":{"east":{"uv":[1.5,0.0,2.25,0.625],"rotation":0,"texture":"#2","tintindex":0},"south":{"uv":[1.5,0.0,2.25,0.625],"rotation":0,"texture":"#2","tintindex":0},"north":{"uv":[1.5,0.0,2.25,0.625],"rotation":0,"texture":"#2","tintindex":0},"west":{"uv":[1.5,0.0,2.25,0.625],"rotation":0,"texture":"#2","tintindex":0},"up":{"uv":[1.5,0.0,2.25,0.625],"rotation":0,"texture":"#2","tintindex":0},"down":{"uv":[1.5,0.0,2.25,0.625],"rotation":0,"texture":"#2","tintindex":0}}},{"from":[6.247619,11.857143,7.714286],"to":[9.67619,15.857143,9.428572],"rotation":{"angle":0.0,"axis":"y","origin":[7.9619045,11.535803,7.3906655]},"faces":{"east":{"uv":[8.875,2.0,9.25,2.875],"rotation":0,"texture":"#2","tintindex":0},"south":{"uv":[6.25,4.125,7.0,5.0],"rotation":0,"texture":"#2","tintindex":0},"north":{"uv":[1.125,5.5,1.875,6.375],"rotation":0,"texture":"#2","tintindex":0},"west":{"uv":[8.875,4.375,9.25,5.25],"rotation":0,"texture":"#2","tintindex":0},"up":{"uv":[10.375,0.375,9.625,0.0],"rotation":0,"texture":"#2","tintindex":0},"down":{"uv":[10.375,0.5,9.625,0.875],"rotation":0,"texture":"#2","tintindex":0}}},{"from":[7.390476,10.714286,8.571428],"to":[8.533334,14.142858,9.142858],"rotation":{"angle":0.0,"axis":"y","origin":[7.9619045,11.535803,7.3906655]},"faces":{"east":{"uv":[6.75,8.75,6.875,9.5],"rotation":0,"texture":"#2","tintindex":0},"south":{"uv":[0.0,9.875,0.25,10.625],"rotation":0,"texture":"#2","tintindex":0},"north":{"uv":[6.25,9.75,6.5,10.5],"rotation":0,"texture":"#2","tintindex":0},"west":{"uv":[8.875,10.5,9.0,11.25],"rotation":0,"texture":"#2","tintindex":0},"up":{"uv":[11.5,1.125,11.25,1.0],"rotation":0,"texture":"#2","tintindex":0},"down":{"uv":[11.5,1.25,11.25,1.375],"rotation":0,"texture":"#2","tintindex":0}}},{"from":[5.6761904,8.428572,6.5714283],"to":[10.24762,10.714286,8.285714],"rotation":{"angle":0.0,"axis":"y","origin":[7.9619045,11.535803,7.3906655]},"faces":{"east":{"uv":[3.875,9.75,4.25,10.25],"rotation":0,"texture":"#2","tintindex":0},"south":{"uv":[2.625,6.625,3.625,7.125],"rotation":0,"texture":"#2","tintindex":0},"north":{"uv":[6.625,2.0,7.625,2.5],"rotation":0,"texture":"#2","tintindex":0},"west":{"uv":[9.75,6.125,10.125,6.625],"rotation":0,"texture":"#2","tintindex":0},"up":{"uv":[8.75,6.125,7.75,5.75],"rotation":0,"texture":"#2","tintindex":0},"down":{"uv":[9.0,3.875,8.0,4.25],"rotation":0,"texture":"#2","tintindex":0}}},{"from":[7.390476,8.428572,8.285714],"to":[8.533334,10.714286,8.857143],"rotation":{"angle":0.0,"axis":"y","origin":[7.9619045,11.535803,7.3906655]},"faces":{"east":{"uv":[8.125,1.125,8.25,1.625],"rotation":0,"texture":"#2","tintindex":0},"south":{"uv":[9.625,10.25,9.875,10.75],"rotation":0,"texture":"#2","tintindex":0},"north":{"uv":[3.125,8.0,3.375,8.5],"rotation":0,"texture":"#2","tintindex":0},"west":{"uv":[2.875,9.125,3.0,9.625],"rotation":0,"texture":"#2","tintindex":0},"up":{"uv":[8.5,11.25,8.25,11.125],"rotation":0,"texture":"#2","tintindex":0},"down":{"uv":[0.25,11.25,0.0,11.375],"rotation":0,"texture":"#2","tintindex":0}}},{"from":[6.247619,7.857143,6.5714283],"to":[9.67619,9.0,9.428572],"rotation":{"angle":0.0,"axis":"y","origin":[7.9619045,11.535803,7.3906655]},"faces":{"east":{"uv":[10.0,2.625,10.625,2.875],"rotation":0,"texture":"#2","tintindex":0},"south":{"uv":[9.875,1.375,10.625,1.625],"rotation":0,"texture":"#2","tintindex":0},"north":{"uv":[9.875,1.0,10.625,1.25],"rotation":0,"texture":"#2","tintindex":0},"west":{"uv":[10.0,3.0,10.625,3.25],"rotation":0,"texture":"#2","tintindex":0},"up":{"uv":[7.875,4.625,7.125,4.0],"rotation":0,"texture":"#2","tintindex":0},"down":{"uv":[3.375,7.25,2.625,7.875],"rotation":0,"texture":"#2","tintindex":0}}},{"from":[6.7690725,7.5401535,6.542857],"to":[8.540501,8.168725,9.457143],"rotation":{"angle":-22.5,"axis":"z","origin":[7.9619045,11.535803,7.3906655]},"faces":{"east":{"uv":[3.625,2.0,4.25,2.125],"rotation":0,"texture":"#2","tintindex":0},"south":{"uv":[11.125,5.625,11.5,5.75],"rotation":0,"texture":"#2","tintindex":0},"north":{"uv":[2.625,6.375,3.0,6.5],"rotation":0,"texture":"#2","tintindex":0},"west":{"uv":[10.875,0.375,11.5,0.5],"rotation":0,"texture":"#2","tintindex":0},"up":{"uv":[5.625,10.25,5.25,9.625],"rotation":0,"texture":"#2","tintindex":0},"down":{"uv":[2.0,9.75,1.625,10.375],"rotation":0,"texture":"#2","tintindex":0}}},{"from":[7.3833084,7.5401535,6.542857],"to":[9.154737,8.168725,9.457143],"rotation":{"angle":22.5,"axis":"z","origin":[7.9619045,11.535803,7.3906655]},"faces":{"east":{"uv":[11.0,3.0,11.625,3.125],"rotation":0,"texture":"#2","tintindex":0},"south":{"uv":[11.125,8.875,11.5,9.0],"rotation":0,"texture":"#2","tintindex":0},"north":{"uv":[11.125,8.625,11.5,8.75],"rotation":0,"texture":"#2","tintindex":0},"west":{"uv":[11.0,3.25,11.625,3.375],"rotation":0,"texture":"#2","tintindex":0},"up":{"uv":[3.25,10.375,2.875,9.75],"rotation":0,"texture":"#2","tintindex":0},"down":{"uv":[3.75,9.75,3.375,10.375],"rotation":0,"texture":"#2","tintindex":0}}},{"from":[10.24762,14.714286,8.857143],"to":[5.6761904,10.714286,6.5714283],"rotation":{"angle":0.0,"axis":"y","origin":[7.9619045,12.714286,7.714286]},"faces":{"east":{"uv":[3.5,7.75,4.0,8.625],"rotation":0,"texture":"#2","tintindex":0},"south":{"uv":[5.25,6.125,6.25,7.0],"rotation":0,"texture":"#2","tintindex":0},"north":{"uv":[4.125,6.125,5.125,7.0],"rotation":0,"texture":"#2","tintindex":0},"west":{"uv":[4.125,7.75,4.625,8.625],"rotation":0,"texture":"#2","tintindex":0},"up":{"uv":[8.0,7.5,7.0,7.0],"rotation":0,"texture":"#2","tintindex":0},"down":{"uv":[4.75,7.125,3.75,7.625],"rotation":0,"texture":"#2","tintindex":0}}}],"display":{"head":{"translation":[0.0,-6.4,0.0],"scale":[4.0,4.0,4.0]}}}