{"textures":{"2":"modelengine:entity/em_corruptedpuker"},"elements":[{"from":[6.240304,3.979526,7.3714285],"to":[8.068875,8.66524,9.2],"rotation":{"angle":0.0,"axis":"y","origin":[11.15459,-5.677617,6.5714283]},"faces":{"east":{"uv":[2.625,8.0,3.0,9.0],"rotation":0,"texture":"#2","tintindex":0},"south":{"uv":[8.125,0.0,8.5,1.0],"rotation":0,"texture":"#2","tintindex":0},"north":{"uv":[0.625,7.875,1.0,8.875],"rotation":0,"texture":"#2","tintindex":0},"west":{"uv":[8.125,6.25,8.5,7.25],"rotation":0,"texture":"#2","tintindex":0},"up":{"uv":[10.375,10.5,10.0,10.125],"rotation":0,"texture":"#2","tintindex":0},"down":{"uv":[10.625,1.75,10.25,2.125],"rotation":0,"texture":"#2","tintindex":0}}},{"from":[5.838126,0.4846139,7.428571],"to":[7.552412,4.4846144,9.142858],"rotation":{"angle":22.5,"axis":"z","origin":[7.408874,5.0807195,8.071428]},"faces":{"east":{"uv":[1.75,8.75,2.125,9.625],"rotation":0,"texture":"#2","tintindex":0},"south":{"uv":[3.125,8.75,3.5,9.625],"rotation":0,"texture":"#2","tintindex":0},"north":{"uv":[7.5,8.625,7.875,9.5],"rotation":0,"texture":"#2","tintindex":0},"west":{"uv":[3.625,8.75,4.0,9.625],"rotation":0,"texture":"#2","tintindex":0},"up":{"uv":[10.625,3.75,10.25,3.375],"rotation":0,"texture":"#2","tintindex":0},"down":{"uv":[10.625,3.875,10.25,4.25],"rotation":0,"texture":"#2","tintindex":0}}},{"from":[7.5289106,-0.31059933,7.3714285],"to":[9.357482,0.9465442,9.2],"rotation":{"angle":0.0,"axis":"y","origin":[7.408874,5.0807195,8.071428]},"faces":{"east":{"uv":[5.375,10.625,5.75,10.875],"rotation":0,"texture":"#2","tintindex":0},"south":{"uv":[10.0,10.625,10.375,10.875],"rotation":0,"texture":"#2","tintindex":0},"north":{"uv":[4.875,10.625,5.25,10.875],"rotation":0,"texture":"#2","tintindex":0},"west":{"uv":[10.5,10.625,10.875,10.875],"rotation":0,"texture":"#2","tintindex":0},"up":{"uv":[4.75,10.625,4.375,10.25],"rotation":0,"texture":"#2","tintindex":0},"down":{"uv":[10.625,6.0,10.25,6.375],"rotation":0,"texture":"#2","tintindex":0}}},{"from":[5.4091573,-1.2621279,7.36],"to":[6.689157,0.01787281,9.211429],"rotation":{"angle":22.5,"axis":"z","origin":[7.408874,5.0807195,8.071428]},"faces":{"east":{"uv":[10.75,1.0,11.125,1.25],"rotation":0,"texture":"#2","tintindex":0},"south":{"uv":[11.0,9.5,11.25,9.75],"rotation":0,"texture":"#2","tintindex":0},"north":{"uv":[5.5,11.0,5.75,11.25],"rotation":0,"texture":"#2","tintindex":0},"west":{"uv":[10.75,1.375,11.125,1.625],"rotation":0,"texture":"#2","tintindex":0},"up":{"uv":[4.0,7.0,3.75,6.625],"rotation":0,"texture":"#2","tintindex":0},"down":{"uv":[6.5,10.625,6.25,11.0],"rotation":0,"texture":"#2","tintindex":0}}},{"from":[4.253596,-2.113037,7.714286],"to":[4.7107387,-1.0844669,8.171429],"rotation":{"angle":45.0,"axis":"z","origin":[7.408874,5.0807195,8.071428]},"faces":{"east":{"uv":[4.375,9.75,4.5,10.0],"rotation":0,"texture":"#2","tintindex":0},"south":{"uv":[4.5,11.25,4.625,11.5],"rotation":0,"texture":"#2","tintindex":0},"north":{"uv":[9.125,6.875,9.25,7.125],"rotation":0,"texture":"#2","tintindex":0},"west":{"uv":[11.25,6.375,11.375,6.625],"rotation":0,"texture":"#2","tintindex":0},"up":{"uv":[1.25,2.125,1.125,2.0],"rotation":0,"texture":"#2","tintindex":0},"down":{"uv":[10.125,3.375,10.0,3.5],"rotation":0,"texture":"#2","tintindex":0}}},{"from":[3.1946526,-1.1938438,7.428571],"to":[4.3375096,-0.05098629,9.142858],"rotation":{"angle":45.0,"axis":"z","origin":[7.408874,5.0807195,8.071428]},"faces":{"east":{"uv":[10.75,1.75,11.125,2.0],"rotation":0,"texture":"#2","tintindex":0},"south":{"uv":[11.0,9.875,11.25,10.125],"rotation":0,"texture":"#2","tintindex":0},"north":{"uv":[9.875,11.0,10.125,11.25],"rotation":0,"texture":"#2","tintindex":0},"west":{"uv":[2.125,10.75,2.5,11.0],"rotation":0,"texture":"#2","tintindex":0},"up":{"uv":[0.25,11.125,0.0,10.75],"rotation":0,"texture":"#2","tintindex":0},"down":{"uv":[11.0,2.5,10.75,2.875],"rotation":0,"texture":"#2","tintindex":0}}},{"from":[5.7021112,-2.987527,7.4742856],"to":[6.1821113,-1.9360981,7.9542856],"rotation":{"angle":22.5,"axis":"z","origin":[7.408874,5.0807195,8.071428]},"faces":{"east":{"uv":[11.25,7.125,11.375,7.375],"rotation":0,"texture":"#2","tintindex":0},"south":{"uv":[11.25,7.5,11.375,7.75],"rotation":0,"texture":"#2","tintindex":0},"north":{"uv":[11.25,6.75,11.375,7.0],"rotation":0,"texture":"#2","tintindex":0},"west":{"uv":[11.25,7.875,11.375,8.125],"rotation":0,"texture":"#2","tintindex":0},"up":{"uv":[9.25,10.125,9.125,10.0],"rotation":0,"texture":"#2","tintindex":0},"down":{"uv":[11.875,2.25,11.75,2.375],"rotation":0,"texture":"#2","tintindex":0}}},{"from":[11.907122,-1.815093,7.4857144],"to":[12.935694,-1.3579512,7.9428573],"rotation":{"angle":-22.5,"axis":"z","origin":[7.408874,5.0807195,8.071428]},"faces":{"east":{"uv":[11.75,2.5,11.875,2.625],"rotation":0,"texture":"#2","tintindex":0},"south":{"uv":[9.125,11.25,9.375,11.375],"rotation":0,"texture":"#2","tintindex":0},"north":{"uv":[11.25,8.25,11.5,8.375],"rotation":0,"texture":"#2","tintindex":0},"west":{"uv":[2.75,11.75,2.875,11.875],"rotation":0,"texture":"#2","tintindex":0},"up":{"uv":[11.5,9.25,11.25,9.125],"rotation":0,"texture":"#2","tintindex":0},"down":{"uv":[9.75,11.25,9.5,11.375],"rotation":0,"texture":"#2","tintindex":0}}},{"from":[12.451713,-1.6990738,7.714286],"to":[13.59457,-1.4133596,7.714286],"rotation":{"angle":-22.5,"axis":"z","origin":[7.408874,5.0807195,8.071428]},"faces":{"east":{"uv":[4.125,5.5,4.125,5.625],"rotation":0,"texture":"#2","tintindex":0},"south":{"uv":[11.25,10.875,11.5,11.0],"rotation":0,"texture":"#2","tintindex":0},"north":{"uv":[10.25,11.25,10.5,11.375],"rotation":0,"texture":"#2","tintindex":0},"west":{"uv":[4.125,5.75,4.125,5.875],"rotation":0,"texture":"#2","tintindex":0},"up":{"uv":[0.875,5.375,0.625,5.375],"rotation":0,"texture":"#2","tintindex":0},"down":{"uv":[7.25,1.875,7.0,1.875],"rotation":0,"texture":"#2","tintindex":0}}},{"from":[6.988783,-4.087267,7.714286],"to":[7.1908135,-3.8852358,7.714286],"rotation":{"angle":22.5,"axis":"z","origin":[7.408874,5.0807195,8.071428]},"faces":{"east":{"uv":[6.25,5.75,6.25,5.875],"rotation":0,"texture":"#2","tintindex":0},"south":{"uv":[3.0,11.75,3.125,11.875],"rotation":0,"texture":"#2","tintindex":0},"north":{"uv":[11.75,2.75,11.875,2.875],"rotation":0,"texture":"#2","tintindex":0},"west":{"uv":[4.75,7.75,4.75,7.875],"rotation":0,"texture":"#2","tintindex":0},"up":{"uv":[3.25,4.375,3.125,4.375],"rotation":0,"texture":"#2","tintindex":0},"down":{"uv":[7.5,1.875,7.375,1.875],"rotation":0,"texture":"#2","tintindex":0}}},{"from":[6.988783,-4.087267,8.428572],"to":[7.1908135,-3.8852358,8.428572],"rotation":{"angle":22.5,"axis":"z","origin":[7.408874,5.0807195,8.071428]},"faces":{"east":{"uv":[1.125,7.875,1.125,8.0],"rotation":0,"texture":"#2","tintindex":0},"south":{"uv":[3.25,11.75,3.375,11.875],"rotation":0,"texture":"#2","tintindex":0},"north":{"uv":[11.75,3.0,11.875,3.125],"rotation":0,"texture":"#2","tintindex":0},"west":{"uv":[4.75,8.0,4.75,8.125],"rotation":0,"texture":"#2","tintindex":0},"up":{"uv":[3.625,7.625,3.5,7.625],"rotation":0,"texture":"#2","tintindex":0},"down":{"uv":[7.875,3.875,7.75,3.875],"rotation":0,"texture":"#2","tintindex":0}}},{"from":[9.660882,-3.5501566,7.714286],"to":[10.529197,-3.3206062,7.714286],"rotation":{"angle":0.0,"axis":"y","origin":[7.408874,5.0807195,8.071428]},"faces":{"east":{"uv":[1.125,8.125,1.125,8.25],"rotation":0,"texture":"#2","tintindex":0},"south":{"uv":[11.375,0.0,11.625,0.125],"rotation":0,"texture":"#2","tintindex":0},"north":{"uv":[11.25,11.125,11.5,11.25],"rotation":0,"texture":"#2","tintindex":0},"west":{"uv":[8.125,7.375,8.125,7.5],"rotation":0,"texture":"#2","tintindex":0},"up":{"uv":[8.0,6.25,7.75,6.25],"rotation":0,"texture":"#2","tintindex":0},"down":{"uv":[3.375,8.625,3.125,8.625],"rotation":0,"texture":"#2","tintindex":0}}},{"from":[7.2432547,-3.3747902,7.9428573],"to":[7.528969,-2.2319326,7.9428573],"rotation":{"angle":22.5,"axis":"z","origin":[7.408874,5.0807195,8.071428]},