{"textures":{"2":"modelengine:entity/em_corruptedpuker"},"elements":[{"from":[9.841354,-2.987527,8.902857],"to":[10.321354,-1.9360981,9.382857],"rotation":{"angle":-22.5,"axis":"z","origin":[8.614592,5.0807195,8.071428]},"faces":{"east":{"uv":[1.75,11.75,1.875,12.0],"rotation":0,"texture":"#2","tintindex":0},"south":{"uv":[2.0,11.75,2.125,12.0],"rotation":0,"texture":"#2","tintindex":0},"north":{"uv":[1.5,11.75,1.625,12.0],"rotation":0,"texture":"#2","tintindex":0},"west":{"uv":[2.25,11.75,2.375,12.0],"rotation":0,"texture":"#2","tintindex":0},"up":{"uv":[12.0,5.625,11.875,5.5],"rotation":0,"texture":"#2","tintindex":0},"down":{"uv":[12.0,5.75,11.875,5.875],"rotation":0,"texture":"#2","tintindex":0}}},{"from":[3.0877714,-1.815093,8.914286],"to":[4.116343,-1.3579512,9.3714285],"rotation":{"angle":22.5,"axis":"z","origin":[8.614592,5.0807195,8.071428]},"faces":{"east":{"uv":[4.5,11.875,4.625,12.0],"rotation":0,"texture":"#2","tintindex":0},"south":{"uv":[0.0,11.75,0.25,11.875],"rotation":0,"texture":"#2","tintindex":0},"north":{"uv":[11.625,11.5,11.875,11.625],"rotation":0,"texture":"#2","tintindex":0},"west":{"uv":[5.0,11.875,5.125,12.0],"rotation":0,"texture":"#2","tintindex":0},"up":{"uv":[12.0,0.125,11.75,0.0],"rotation":0,"texture":"#2","tintindex":0},"down":{"uv":[0.875,11.75,0.625,11.875],"rotation":0,"texture":"#2","tintindex":0}}},{"from":[8.832651,-4.087267,9.142858],"to":[9.034682,-3.8852358,9.142858],"rotation":{"angle":-22.5,"axis":"z","origin":[8.614592,5.0807195,8.071428]},"faces":{"east":{"uv":[0.125,12.0,0.125,12.125],"rotation":0,"texture":"#2","tintindex":0},"south":{"uv":[4.25,11.875,4.375,12.0],"rotation":0,"texture":"#2","tintindex":0},"north":{"uv":[4.0,11.875,4.125,12.0],"rotation":0,"texture":"#2","tintindex":0},"west":{"uv":[0.25,12.0,0.25,12.125],"rotation":0,"texture":"#2","tintindex":0},"up":{"uv":[12.125,2.125,12.0,2.125],"rotation":0,"texture":"#2","tintindex":0},"down":{"uv":[12.125,2.25,12.0,2.25],"rotation":0,"texture":"#2","tintindex":0}}},{"from":[2.4288955,-1.6990738,9.142858],"to":[3.5717525,-1.4133596,9.142858],"rotation":{"angle":22.5,"axis":"z","origin":[8.614592,5.0807195,8.071428]},"faces":{"east":{"uv":[11.875,11.875,11.875,12.0],"rotation":0,"texture":"#2","tintindex":0},"south":{"uv":[11.625,11.25,11.875,11.375],"rotation":0,"texture":"#2","tintindex":0},"north":{"uv":[11.25,11.625,11.5,11.75],"rotation":0,"texture":"#2","tintindex":0},"west":{"uv":[0.0,12.0,0.0,12.125],"rotation":0,"texture":"#2","tintindex":0},"up":{"uv":[0.875,12.0,0.625,12.0],"rotation":0,"texture":"#2","tintindex":0},"down":{"uv":[12.25,2.0,12.0,2.0],"rotation":0,"texture":"#2","tintindex":0}}},{"from":[5.4942684,-3.5501566,9.142858],"to":[6.362583,-3.3206062,9.142858],"rotation":{"angle":0.0,"axis":"y","origin":[8.614592,5.0807195,8.071428]},"faces":{"east":{"uv":[11.0,11.875,11.0,12.0],"rotation":0,"texture":"#2","tintindex":0},"south":{"uv":[11.625,11.0,11.875,11.125],"rotation":0,"texture":"#2","tintindex":0},"north":{"uv":[10.875,11.625,11.125,11.75],"rotation":0,"texture":"#2","tintindex":0},"west":{"uv":[11.125,11.875,11.125,12.0],"rotation":0,"texture":"#2","tintindex":0},"up":{"uv":[11.5,11.875,11.25,11.875],"rotation":0,"texture":"#2","tintindex":0},"down":{"uv":[12.125,11.75,11.875,11.75],"rotation":0,"texture":"#2","tintindex":0}}},{"from":[3.0877714,-1.815093,8.2],"to":[4.116343,-1.3579512,8.657143],"rotation":{"angle":22.5,"axis":"z","origin":[8.614592,5.0807195,8.071428]},"faces":{"east":{"uv":[11.875,1.75,12.0,1.875],"rotation":0,"texture":"#2","tintindex":0},"south":{"uv":[11.625,10.125,11.875,10.25],"rotation":0,"texture":"#2","tintindex":0},"north":{"uv":[9.75,11.625,10.0,11.75],"rotation":0,"texture":"#2","tintindex":0},"west":{"uv":[3.75,11.875,3.875,12.0],"rotation":0,"texture":"#2","tintindex":0},"up":{"uv":[10.75,11.75,10.5,11.625],"rotation":0,"texture":"#2","tintindex":0},"down":{"uv":[11.875,10.75,11.625,10.875],"rotation":0,"texture":"#2","tintindex":0}}},{"from":[9.841354,-2.987527,8.188571],"to":[10.321354,-1.9360981,8.668571],"rotation":{"angle":-22.5,"axis":"z","origin":[8.614592,5.0807195,8.071428]},"faces":{"east":{"uv":[8.25,11.625,8.375,11.875],"rotation":0,"texture":"#2","tintindex":0},"south":{"uv":[11.625,8.5,11.75,8.75],"rotation":0,"texture":"#2","tintindex":0},"north":{"uv":[11.625,8.125,11.75,8.375],"rotation":0,"texture":"#2","tintindex":0},"west":{"uv":[11.625,8.875,11.75,9.125],"rotation":0,"texture":"#2","tintindex":0},"up":{"uv":[12.0,1.375,11.875,1.25],"rotation":0,"texture":"#2","tintindex":0},"down":{"uv":[12.0,1.5,11.875,1.625],"rotation":0,"texture":"#2","tintindex":0}}},{"from":[2.4288955,-1.6990738,8.428572],"to":[3.5717525,-1.4133596,8.428572],"rotation":{"angle":22.5,"axis":"z","origin":[8.614592,5.0807195,8.071428]},"faces":{"east":{"uv":[9.875,11.875,9.875,12.0],"rotation":0,"texture":"#2","tintindex":0},"south":{"uv":[7.875,11.625,8.125,11.75],"rotation":0,"texture":"#2","tintindex":0},"north":{"uv":[7.5,11.625,7.75,11.75],"rotation":0,"texture":"#2","tintindex":0},"west":{"uv":[10.0,11.875,10.0,12.0],"rotation":0,"texture":"#2","tintindex":0},"up":{"uv":[10.5,11.875,10.25,11.875],"rotation":0,"texture":"#2","tintindex":0},"down":{"uv":[10.875,11.875,10.625,11.875],"rotation":0,"texture":"#2","tintindex":0}}},{"from":[5.4942684,-3.5501566,8.428572],"to":[6.362583,-3.3206062,8.428572],"rotation":{"angle":0.0,"axis":"y","origin":[8.614592,5.0807195,8.071428]},"faces":{"east":{"uv":[11.875,8.625,11.875,8.75],"rotation":0,"texture":"#2","tintindex":0},"south":{"uv":[7.125,11.625,7.375,11.75],"rotation":0,"texture":"#2","tintindex":0},"north":{"uv":[11.625,6.0,11.875,6.125],"rotation":0,"texture":"#2","tintindex":0},"west":{"uv":[11.875,8.875,11.875,9.0],"rotation":0,"texture":"#2","tintindex":0},"up":{"uv":[12.125,9.125,11.875,9.125],"rotation":0,"texture":"#2","tintindex":0},"down":{"uv":[9.75,11.875,9.5,11.875],"rotation":0,"texture":"#2","tintindex":0}}},{"from":[2.5507226,-1.0153399,7.9428573],"to":[2.7527533,-0.8133087,7.9428573],"rotation":{"angle":22.5,"axis":"z","origin":[8.614592,5.0807195,8.071428]},"faces":{"east":{"uv":[8.125,11.875,8.125,12.0],"rotation":0,"texture":"#2","tintindex":0},"south":{"uv":[1.25,11.875,1.375,12.0],"rotation":0,"texture":"#2","tintindex":0},"north":{"uv":[11.875,1.0,12.0,1.125],"rotation":0,"texture":"#2","tintindex":0},"west":{"uv":[11.875,8.25,11.875,8.375],"rotation":0,"texture":"#2","tintindex":0},"up":{"uv":[12.0,8.5,11.875,8.5],"rotation":0,"texture":"#2","tintindex":0},"down":{"uv":[8.75,11.875,8.625,11.875],"rotation":0,"texture":"#2","tintindex":0}}},{"from":[11.773836,-2.6677732,7.9428573],"to":[12.003387,-1.7994585,7.9428573],"rotation":{"angle":-45.0,"axis":"z","origin":[8.614592,5.0807195,8.071428]},"faces":{"east":{"uv":[11.875,7.875,11.875,8.125],"rotation":0,"texture":"#2","tintindex":0},"south":{"uv":[5.875,11.625,6.0,11.875],"rotation":0,"texture":"#2","tintindex":0},"north":{"uv":[11.625,5.625,11.75,5.875],"rotation":0,"texture":"#2","tintindex":0},"west":{"uv":[8.0,11.875,8.0,12.125],"rotation":0,"texture":"#2","tintindex":0},"up":{"uv":[11.5,10.125,11.375,10.125],"rotation":0,"texture":"#2","tintindex":0},"down":{"uv":[11.5,10.75,11.375,10.75],"rotation":0,"texture":"#2","tintindex":0}}},{"from":[8.494496,-3.3747902,7.9428573],"to":[8.7802105,-2.2319326,7.9428573],"rotation":{"angle":-22.5,"axis":"z","origin":[8.614592,5.0807195,8.071428]},"faces":{"east":{"uv":[11.875,7.5,11.875,7.75],"rotation":0,"texture":"#2","tintindex":0},"south":{"uv":[5.625,11.625,5.75,11.875],"rotation":0,"texture":"#2","tintindex":0},"north":{"uv":[5.375,11.625,5.5,11.875],"rotation":0,"texture":"#2","tintindex":0},"west":{"uv":[7.875,11.875,7.875,12.125],"rotation":0,"texture":"#2","tintindex":0},"up":{"uv":[4.25,11.125,4.125,11.125],"rotation":0,"texture":"#2","tintindex":0},"down":{"uv":[11.5,0.25,11.375,0.25],"rotation":0,"texture":"#2","tintindex":0}}},{"from":[5.4942684,-3.5501566,7.714286],"to":[6.362583,-3.3206062,7.714286],