{"textures":{"0":"modelengine:entity/darkblood_resources"},"elements":[{"from":[-1.1428576,-1.1428576,8.0],"to":[17.142857,17.142857,8.0],"rotation":{"angle":0.0,"axis":"y","origin":[8.0,8.0,8.0]},"faces":{"east":{"uv":[-0.03175,0.001,-0.047875,7.999],"rotation":0,"texture":"#0","tintindex":0},"south":{"uv":[1.4995,15.5005,1.0005,15.9995],"rotation":0,"texture":"#0","tintindex":0},"north":{"uv":[1.0005,15.9995,1.4995,15.5005],"rotation":180,"texture":"#0","tintindex":0},"west":{"uv":[-0.03175,0.001,-0.047875,7.999],"rotation":0,"texture":"#0","tintindex":0},"up":{"uv":[0.001,-0.03175,7.999,-0.047875],"rotation":0,"texture":"#0","tintindex":0},"down":{"uv":[0.001,-0.03175,7.999,-0.047875],"rotation":0,"texture":"#0","tintindex":0}}},{"from":[8.0,-1.1428576,-1.1428576],"to":[8.0,17.142857,17.142857],"rotation":{"angle":0.0,"axis":"y","origin":[8.0,8.0,8.0]},"faces":{"east":{"uv":[1.0005,15.9995,1.4995,15.5005],"rotation":180,"texture":"#0","tintindex":0},"south":{"uv":[-0.03175,0.001,-0.047875,7.999],"rotation":0,"texture":"#0","tintindex":0},"north":{"uv":[-0.03175,0.001,-0.047875,7.999],"rotation":0,"texture":"#0","tintindex":0},"west":{"uv":[1.4995,15.5005,1.0005,15.9995],"rotation":0,"texture":"#0","tintindex":0},"up":{"uv":[0.001,-0.03175,7.999,-0.047875],"rotation":90,"texture":"#0","tintindex":0},"down":{"uv":[0.001,-0.03175,7.999,-0.047875],"rotation":270,"texture":"#0","tintindex":0}}}],"display":{"head":{"translation":[0.0,-6.4,0.0],"scale":[4.0,4.0,4.0]}}}