{"textures":{"0":"modelengine:entity/darkblood_resources"},"elements":[{"from":[-10.285715,8.0,-10.285715],"to":[26.285715,8.0,26.285715],"rotation":{"angle":0.0,"axis":"y","origin":[21.53143,8.0,21.53143]},"faces":{"east":{"uv":[0.001,-5.0E-4,7.999,-0.016625],"rotation":180,"texture":"#0","tintindex":0},"south":{"uv":[-5.0E-4,0.001,-0.016625,7.999],"rotation":270,"texture":"#0","tintindex":0},"north":{"uv":[-5.0E-4,0.001,-0.016625,7.999],"rotation":90,"texture":"#0","tintindex":0},"west":{"uv":[0.001,-5.0E-4,7.999,-0.016625],"rotation":0,"texture":"#0","tintindex":0},"up":{"uv":[14.0005,1.0005,14.9995,1.9995],"rotation":270,"texture":"#0","tintindex":0},"down":{"uv":[14.9995,1.0005,14.0005,1.9995],"rotation":270,"texture":"#0","tintindex":0}}},{"from":[8.0,-10.285715,-10.285715],"to":[8.0,26.285715,26.285715],"rotation":{"angle":0.0,"axis":"y","origin":[8.0,8.0,8.0]},"faces":{"east":{"uv":[14.9995,1.0005,14.0005,1.9995],"rotation":180,"texture":"#0","tintindex":0},"south":{"uv":[-5.0E-4,0.001,-0.016625,7.999],"rotation":180,"texture":"#0","tintindex":0},"north":{"uv":[-5.0E-4,0.001,-0.016625,7.999],"rotation":180,"texture":"#0","tintindex":0},"west":{"uv":[14.0005,1.0005,14.9995,1.9995],"rotation":180,"texture":"#0","tintindex":0},"up":{"uv":[0.001,-5.0E-4,7.999,-0.016625],"rotation":90,"texture":"#0","tintindex":0},"down":{"uv":[0.001,-5.0E-4,7.999,-0.016625],"rotation":270,"texture":"#0","tintindex":0}}},{"from":[-10.285715,-10.285715,8.0],"to":[26.285715,26.285715,8.0],"rotation":{"angle":0.0,"axis":"y","origin":[8.0,8.0,8.0]},"faces":{"east":{"uv":[-5.0E-4,0.001,-0.016625,7.999],"rotation":180,"texture":"#0","tintindex":0},"south":{"uv":[14.9995,1.0005,14.0005,1.9995],"rotation":180,"texture":"#0","tintindex":0},"north":{"uv":[14.0005,1.0005,14.9995,1.9995],"rotation":180,"texture":"#0","tintindex":0},"west":{"uv":[-5.0E-4,0.001,-0.016625,7.999],"rotation":180,"texture":"#0","tintindex":0},"up":{"uv":[0.001,-5.0E-4,7.999,-0.016625],"rotation":180,"texture":"#0","tintindex":0},"down":{"uv":[0.001,-5.0E-4,7.999,-0.016625],"rotation":180,"texture":"#0","tintindex":0}}}],"display":{"head":{"translation":[0.0,-6.4,0.0],"scale":[4.0,4.0,4.0]}}}