{"textures":{"0":"modelengine:entity/darkblood_resources"},"elements":[{"from":[-10.285715,-10.285715,8.0],"to":[26.285715,26.285715,8.0],"rotation":{"angle":0.0,"axis":"y","origin":[8.0,8.0,8.0]},"faces":{"east":{"uv":[0.001,-0.016125,7.999,-0.03225],"rotation":270,"texture":"#0","tintindex":0},"south":{"uv":[6.9995,3.0005,6.0005,3.9995],"rotation":270,"texture":"#0","tintindex":0},"north":{"uv":[6.0005,3.0005,6.9995,3.9995],"rotation":90,"texture":"#0","tintindex":0},"west":{"uv":[0.001,-0.016125,7.999,-0.03225],"rotation":270,"texture":"#0","tintindex":0},"up":{"uv":[-0.016125,0.001,-0.03225,7.999],"rotation":270,"texture":"#0","tintindex":0},"down":{"uv":[-0.016125,0.001,-0.03225,7.999],"rotation":270,"texture":"#0","tintindex":0}}}],"display":{"head":{"translation":[0.0,-6.4,0.0],"scale":[4.0,4.0,4.0]}}}