{"textures":{"0":"modelengine:entity/wolfmob39phase2part"},"elements":[{"from":[6.4228573,8.009523,6.8723807],"to":[9.577143,10.900952,8.975238],"rotation":{"angle":0.0,"axis":"y","origin":[8.0,9.455238,7.9238095]},"faces":{"east":{"uv":[12.0,13.666667,13.333333,15.333333],"rotation":0,"texture":"#0","tintindex":0},"south":{"uv":[11.666667,0.0,13.666667,1.6666666],"rotation":0,"texture":"#0","tintindex":0},"north":{"uv":[10.666667,10.333333,12.666667,12.0],"rotation":0,"texture":"#0","tintindex":0},"west":{"uv":[13.333333,13.666667,14.666667,15.333333],"rotation":0,"texture":"#0","tintindex":0},"up":{"uv":[14.666667,12.333333,12.666667,11.0],"rotation":0,"texture":"#0","tintindex":0},"down":{"uv":[14.666667,12.333333,12.666667,13.666667],"rotation":0,"texture":"#0","tintindex":0}}},{"from":[9.577143,9.586667,5.558095],"to":[12.205715,9.586667,8.975238],"rotation":{"angle":0.0,"axis":"y","origin":[9.577143,9.586667,7.2666664]},"faces":{"east":{"uv":[0.0,0.0,2.0,0.0],"rotation":0,"texture":"#0","tintindex":0},"south":{"uv":[0.0,0.0,1.6666666,0.0],"rotation":0,"texture":"#0","tintindex":0},"north":{"uv":[0.0,0.0,1.6666666,0.0],"rotation":0,"texture":"#0","tintindex":0},"west":{"uv":[0.0,0.0,2.0,0.0],"rotation":0,"texture":"#0","tintindex":0},"up":{"uv":[13.333333,3.6666667,11.666667,1.6666666],"rotation":0,"texture":"#0","tintindex":0},"down":{"uv":[5.0,12.0,3.3333333,14.0],"rotation":0,"texture":"#0","tintindex":0}}},{"from":[3.7942853,9.586667,5.558095],"to":[6.4228573,9.586667,8.975238],"rotation":{"angle":0.0,"axis":"y","origin":[6.4228573,9.586667,7.2666664]},"faces":{"east":{"uv":[0.0,0.0,2.0,0.0],"rotation":0,"texture":"#0","tintindex":0},"south":{"uv":[0.0,0.0,1.6666666,0.0],"rotation":0,"texture":"#0","tintindex":0},"north":{"uv":[0.0,0.0,1.6666666,0.0],"rotation":0,"texture":"#0","tintindex":0},"west":{"uv":[0.0,0.0,2.0,0.0],"rotation":0,"texture":"#0","tintindex":0},"up":{"uv":[13.666667,5.6666665,12.0,3.6666667],"rotation":0,"texture":"#0","tintindex":0},"down":{"uv":[6.6666665,12.0,5.0,14.0],"rotation":0,"texture":"#0","tintindex":0}}}],"display":{"head":{"translation":[0.0,-6.4,0.0],"scale":[4.0,4.0,4.0]}}}