{"textures":{"0":"modelengine:entity/wolfmob39phase2part"},"elements":[{"from":[6.948571,6.248133,6.948571],"to":[9.051429,7.8252764,9.051429],"rotation":{"angle":0.0,"axis":"y","origin":[8.0,6.7738476,6.4228573]},"faces":{"east":{"uv":[5.3333335,14.0,6.6666665,15.0],"rotation":0,"texture":"#0","tintindex":0},"south":{"uv":[14.0,6.0,15.333333,7.0],"rotation":0,"texture":"#0","tintindex":0},"north":{"uv":[10.333333,6.0,11.666667,7.0],"rotation":0,"texture":"#0","tintindex":0},"west":{"uv":[14.0,7.0,15.333333,8.0],"rotation":0,"texture":"#0","tintindex":0},"up":{"uv":[4.6666665,10.0,3.3333333,8.666667],"rotation":0,"texture":"#0","tintindex":0},"down":{"uv":[10.0,7.0,8.666667,8.333333],"rotation":0,"texture":"#0","tintindex":0}}},{"from":[7.737143,3.3567047,7.4742856],"to":[7.737143,6.248133,8.525714],"rotation":{"angle":-22.5,"axis":"z","origin":[8.0,6.7738476,6.4228573]},"faces":{"east":{"uv":[14.0,8.0,14.666667,9.666667],"rotation":0,"texture":"#0","tintindex":0},"south":{"uv":[0.0,0.0,0.0,1.6666666],"rotation":0,"texture":"#0","tintindex":0},"north":{"uv":[0.0,0.0,0.0,1.6666666],"rotation":0,"texture":"#0","tintindex":0},"west":{"uv":[2.0,14.333333,2.6666667,16.0],"rotation":0,"texture":"#0","tintindex":0},"up":{"uv":[0.0,0.6666667,0.0,0.0],"rotation":0,"texture":"#0","tintindex":0},"down":{"uv":[0.0,0.0,0.0,0.6666667],"rotation":0,"texture":"#0","tintindex":0}}},{"from":[8.262857,3.3567047,7.4742856],"to":[8.262857,6.248133,8.525714],"rotation":{"angle":22.5,"axis":"z","origin":[8.0,6.7738476,6.4228573]},"faces":{"east":{"uv":[2.6666667,14.333333,3.3333333,16.0],"rotation":0,"texture":"#0","tintindex":0},"south":{"uv":[0.0,0.0,0.0,1.6666666],"rotation":0,"texture":"#0","tintindex":0},"north":{"uv":[0.0,0.0,0.0,1.6666666],"rotation":0,"texture":"#0","tintindex":0},"west":{"uv":[14.666667,1.6666666,15.333333,3.3333333],"rotation":0,"texture":"#0","tintindex":0},"up":{"uv":[0.0,0.6666667,0.0,0.0],"rotation":0,"texture":"#0","tintindex":0},"down":{"uv":[0.0,0.0,0.0,0.6666667],"rotation":0,"texture":"#0","tintindex":0}}}],"display":{"head":{"translation":[0.0,-6.4,0.0],"scale":[4.0,4.0,4.0]}}}