{"textures":{"0":"modelengine:entity/wolfmob39phase2part"},"elements":[{"from":[9.577143,9.758095,5.558095],"to":[12.205715,9.758095,8.975238],"rotation":{"angle":0.0,"axis":"y","origin":[9.577143,9.758095,7.2666664]},"faces":{"east":{"uv":[0.0,0.0,2.0,0.0],"rotation":0,"texture":"#0","tintindex":0},"south":{"uv":[0.0,0.0,1.6666666,0.0],"rotation":0,"texture":"#0","tintindex":0},"north":{"uv":[0.0,0.0,1.6666666,0.0],"rotation":0,"texture":"#0","tintindex":0},"west":{"uv":[0.0,0.0,2.0,0.0],"rotation":0,"texture":"#0","tintindex":0},"up":{"uv":[10.333333,7.0,8.666667,5.0],"rotation":0,"texture":"#0","tintindex":0},"down":{"uv":[11.666667,0.0,10.0,2.0],"rotation":0,"texture":"#0","tintindex":0}}},{"from":[3.7942853,9.758095,5.558095],"to":[6.4228573,9.758095,8.975238],"rotation":{"angle":0.0,"axis":"y","origin":[6.4228573,9.758095,7.2666664]},"faces":{"east":{"uv":[0.0,0.0,2.0,0.0],"rotation":0,"texture":"#0","tintindex":0},"south":{"uv":[0.0,0.0,1.6666666,0.0],"rotation":0,"texture":"#0","tintindex":0},"north":{"uv":[0.0,0.0,1.6666666,0.0],"rotation":0,"texture":"#0","tintindex":0},"west":{"uv":[0.0,0.0,2.0,0.0],"rotation":0,"texture":"#0","tintindex":0},"up":{"uv":[11.666667,4.0,10.0,2.0],"rotation":0,"texture":"#0","tintindex":0},"down":{"uv":[5.0,10.0,3.3333333,12.0],"rotation":0,"texture":"#0","tintindex":0}}},{"from":[6.4228573,8.135238,6.8723807],"to":[9.577143,11.026667,8.975238],"rotation":{"angle":0.0,"axis":"y","origin":[8.0,9.580953,7.9238095]},"faces":{"east":{"uv":[9.333333,13.333333,10.666667,15.0],"rotation":0,"texture":"#0","tintindex":0},"south":{"uv":[10.0,8.666667,12.0,10.333333],"rotation":0,"texture":"#0","tintindex":0},"north":{"uv":[10.0,7.0,12.0,8.666667],"rotation":0,"texture":"#0","tintindex":0},"west":{"uv":[10.666667,13.333333,12.0,15.0],"rotation":0,"texture":"#0","tintindex":0},"up":{"uv":[10.666667,13.333333,8.666667,12.0],"rotation":0,"texture":"#0","tintindex":0},"down":{"uv":[12.666667,12.0,10.666667,13.333333],"rotation":0,"texture":"#0","tintindex":0}}}],"display":{"head":{"translation":[0.0,-6.4,0.0],"scale":[4.0,4.0,4.0]}}}