{"textures":{"0":"modelengine:entity/wolfmob39phase2part"},"elements":[{"from":[6.365714,8.0391245,6.9619665],"to":[9.634286,11.19341,8.801967],"rotation":{"angle":0.0,"axis":"y","origin":[8.0,9.616267,7.8819666]},"faces":{"east":{"uv":[0.0,14.0,1.0,16.0],"rotation":0,"texture":"#0","tintindex":0},"south":{"uv":[6.6666665,6.3333335,8.666667,8.333333],"rotation":0,"texture":"#0","tintindex":0},"north":{"uv":[4.6666665,6.3333335,6.6666665,8.333333],"rotation":0,"texture":"#0","tintindex":0},"west":{"uv":[1.0,14.0,2.0,16.0],"rotation":0,"texture":"#0","tintindex":0},"up":{"uv":[5.3333335,15.0,3.3333333,14.0],"rotation":0,"texture":"#0","tintindex":0},"down":{"uv":[16.0,5.0,14.0,6.0],"rotation":0,"texture":"#0","tintindex":0}}},{"from":[4.582857,0.33523798,9.971225],"to":[11.417143,7.9580956,9.971225],"rotation":{"angle":0.0,"axis":"y","origin":[8.0,9.535238,10.49694]},"faces":{"east":{"uv":[0.0,0.0,0.0,4.3333335],"rotation":0,"texture":"#0","tintindex":0},"south":{"uv":[4.0,0.0,8.0,4.3333335],"rotation":0,"texture":"#0","tintindex":0},"north":{"uv":[0.0,0.0,4.0,4.3333335],"rotation":0,"texture":"#0","tintindex":0},"west":{"uv":[0.0,0.0,0.0,4.3333335],"rotation":0,"texture":"#0","tintindex":0},"up":{"uv":[4.0,0.0,0.0,0.0],"rotation":0,"texture":"#0","tintindex":0},"down":{"uv":[4.0,0.0,0.0,0.0],"rotation":0,"texture":"#0","tintindex":0}}},{"from":[4.582857,8.0391245,9.327681],"to":[11.417143,11.19341,9.327681],"rotation":{"angle":-22.5,"axis":"x","origin":[8.0,9.616267,9.853395]},"faces":{"east":{"uv":[0.0,0.0,0.0,2.0],"rotation":0,"texture":"#0","tintindex":0},"south":{"uv":[4.0,4.3333335,8.0,6.3333335],"rotation":0,"texture":"#0","tintindex":0},"north":{"uv":[0.0,4.3333335,4.0,6.3333335],"rotation":0,"texture":"#0","tintindex":0},"west":{"uv":[0.0,0.0,0.0,2.0],"rotation":0,"texture":"#0","tintindex":0},"up":{"uv":[4.0,0.0,0.0,0.0],"rotation":0,"texture":"#0","tintindex":0},"down":{"uv":[4.0,0.0,0.0,0.0],"rotation":0,"texture":"#0","tintindex":0}}},{"from":[5.8971424,11.19341,7.7505383],"to":[10.102858,15.136267,7.7505383],"rotation":{"angle":0.0,"axis":"y","origin":[8.0,13.559124,8.197395]},"faces":{"east":{"uv":[0.0,0.0,0.0,2.3333333],"rotation":0,"texture":"#0","tintindex":0},"south":{"uv":[2.3333333,6.3333335,4.6666665,8.666667],"rotation":0,"texture":"#0","tintindex":0},"north":{"uv":[0.0,6.3333335,2.3333333,8.666667],"rotation":0,"texture":"#0","tintindex":0},"west":{"uv":[0.0,0.0,0.0,2.3333333],"rotation":0,"texture":"#0","tintindex":0},"up":{"uv":[2.3333333,0.0,0.0,0.0],"rotation":0,"texture":"#0","tintindex":0},"down":{"uv":[2.3333333,0.0,0.0,0.0],"rotation":0,"texture":"#0","tintindex":0}}}],"display":{"head":{"translation":[0.0,-6.4,0.0],"scale":[4.0,4.0,4.0]}}}