{"textures":{"0":"modelengine:entity/wolfmob39phase2part"},"elements":[{"from":[6.4228573,5.948571,6.948571],"to":[9.577143,8.84,9.051429],"rotation":{"angle":0.0,"axis":"y","origin":[8.0,16.588572,6.4228573]},"faces":{"east":{"uv":[2.0,12.666667,3.3333333,14.333333],"rotation":0,"texture":"#0","tintindex":0},"south":{"uv":[8.0,1.6666666,10.0,3.3333333],"rotation":0,"texture":"#0","tintindex":0},"north":{"uv":[8.0,0.0,10.0,1.6666666],"rotation":0,"texture":"#0","tintindex":0},"west":{"uv":[13.333333,1.6666666,14.666667,3.3333333],"rotation":0,"texture":"#0","tintindex":0},"up":{"uv":[14.0,7.0,12.0,5.6666665],"rotation":0,"texture":"#0","tintindex":0},"down":{"uv":[8.666667,12.0,6.6666665,13.333333],"rotation":0,"texture":"#0","tintindex":0}}}],"display":{"head":{"translation":[0.0,-6.4,0.0],"scale":[4.0,4.0,4.0]}}}