{"textures":{"0":"modelengine:entity/wolfmob39phase2part"},"elements":[{"from":[9.577143,9.758095,5.5009522],"to":[12.205715,9.758095,8.918096],"rotation":{"angle":0.0,"axis":"y","origin":[9.577143,9.758095,7.2095237]},"faces":{"east":{"uv":[0.0,0.0,2.0,0.0],"rotation":0,"texture":"#0","tintindex":0},"south":{"uv":[0.0,0.0,1.6666666,0.0],"rotation":0,"texture":"#0","tintindex":0},"north":{"uv":[0.0,0.0,1.6666666,0.0],"rotation":0,"texture":"#0","tintindex":0},"west":{"uv":[0.0,0.0,2.0,0.0],"rotation":0,"texture":"#0","tintindex":0},"up":{"uv":[6.6666665,12.0,5.0,10.0],"rotation":0,"texture":"#0","tintindex":0},"down":{"uv":[12.0,4.0,10.333333,6.0],"rotation":0,"texture":"#0","tintindex":0}}},{"from":[6.4228573,8.158095,6.815238],"to":[9.577143,11.049524,8.918096],"rotation":{"angle":0.0,"axis":"y","origin":[8.0,9.603809,7.866667]},"faces":{"east":{"uv":[13.666667,0.0,15.0,1.6666666],"rotation":0,"texture":"#0","tintindex":0},"south":{"uv":[8.666667,10.333333,10.666667,12.0],"rotation":0,"texture":"#0","tintindex":0},"north":{"uv":[6.6666665,10.333333,8.666667,12.0],"rotation":0,"texture":"#0","tintindex":0},"west":{"uv":[13.666667,3.3333333,15.0,5.0],"rotation":0,"texture":"#0","tintindex":0},"up":{"uv":[2.0,14.0,0.0,12.666667],"rotation":0,"texture":"#0","tintindex":0},"down":{"uv":[14.666667,9.666667,12.666667,11.0],"rotation":0,"texture":"#0","tintindex":0}}},{"from":[3.7942853,9.758095,5.5009522],"to":[6.4228573,9.758095,8.918096],"rotation":{"angle":0.0,"axis":"y","origin":[6.4228573,9.758095,7.2095237]},"faces":{"east":{"uv":[0.0,0.0,2.0,0.0],"rotation":0,"texture":"#0","tintindex":0},"south":{"uv":[0.0,0.0,1.6666666,0.0],"rotation":0,"texture":"#0","tintindex":0},"north":{"uv":[0.0,0.0,1.6666666,0.0],"rotation":0,"texture":"#0","tintindex":0},"west":{"uv":[0.0,0.0,2.0,0.0],"rotation":0,"texture":"#0","tintindex":0},"up":{"uv":[1.6666666,12.666667,0.0,10.666667],"rotation":0,"texture":"#0","tintindex":0},"down":{"uv":[3.3333333,10.666667,1.6666666,12.666667],"rotation":0,"texture":"#0","tintindex":0}}}],"display":{"head":{"translation":[0.0,-6.4,0.0],"scale":[4.0,4.0,4.0]}}}