{"textures":{"0":"modelengine:entity/wolfmob39phase2part"},"elements":[{"from":[6.4228573,7.8838096,6.815238],"to":[9.577143,10.775238,8.918096],"rotation":{"angle":0.0,"axis":"y","origin":[8.0,9.329524,7.866667]},"faces":{"east":{"uv":[6.6666665,13.333333,8.0,15.0],"rotation":0,"texture":"#0","tintindex":0},"south":{"uv":[4.6666665,8.333333,6.6666665,10.0],"rotation":0,"texture":"#0","tintindex":0},"north":{"uv":[8.0,3.3333333,10.0,5.0],"rotation":0,"texture":"#0","tintindex":0},"west":{"uv":[8.0,13.333333,9.333333,15.0],"rotation":0,"texture":"#0","tintindex":0},"up":{"uv":[14.0,8.333333,12.0,7.0],"rotation":0,"texture":"#0","tintindex":0},"down":{"uv":[14.0,8.333333,12.0,9.666667],"rotation":0,"texture":"#0","tintindex":0}}},{"from":[9.577143,9.529524,5.5009522],"to":[12.205715,9.529524,8.918096],"rotation":{"angle":0.0,"axis":"y","origin":[9.577143,9.529524,7.2095237]},"faces":{"east":{"uv":[0.0,0.0,2.0,0.0],"rotation":0,"texture":"#0","tintindex":0},"south":{"uv":[0.0,0.0,1.6666666,0.0],"rotation":0,"texture":"#0","tintindex":0},"north":{"uv":[0.0,0.0,1.6666666,0.0],"rotation":0,"texture":"#0","tintindex":0},"west":{"uv":[0.0,0.0,2.0,0.0],"rotation":0,"texture":"#0","tintindex":0},"up":{"uv":[8.333333,10.333333,6.6666665,8.333333],"rotation":0,"texture":"#0","tintindex":0},"down":{"uv":[10.0,8.333333,8.333333,10.333333],"rotation":0,"texture":"#0","tintindex":0}}},{"from":[3.7942853,9.529524,5.5009522],"to":[6.4228573,9.529524,8.918096],"rotation":{"angle":0.0,"axis":"y","origin":[6.4228573,9.529524,7.2095237]},"faces":{"east":{"uv":[0.0,0.0,2.0,0.0],"rotation":0,"texture":"#0","tintindex":0},"south":{"uv":[0.0,0.0,1.6666666,0.0],"rotation":0,"texture":"#0","tintindex":0},"north":{"uv":[0.0,0.0,1.6666666,0.0],"rotation":0,"texture":"#0","tintindex":0},"west":{"uv":[0.0,0.0,2.0,0.0],"rotation":0,"texture":"#0","tintindex":0},"up":{"uv":[1.6666666,10.666667,0.0,8.666667],"rotation":0,"texture":"#0","tintindex":0},"down":{"uv":[3.3333333,8.666667,1.6666666,10.666667],"rotation":0,"texture":"#0","tintindex":0}}}],"display":{"head":{"translation":[0.0,-6.4,0.0],"scale":[4.0,4.0,4.0]}}}