{"textures":{"0":"modelengine:entity/skeletoncrossbow"},"elements":[{"from":[7.6887302,9.3714285,7.7714286],"to":[8.374444,10.4,8.4],"rotation":{"angle":0.0,"axis":"y","origin":[8.031588,9.885715,8.085714]},"faces":{"east":{"uv":[1.625,7.75,1.75,7.96875],"rotation":0,"texture":"#0","tintindex":0},"south":{"uv":[5.5,7.625,5.65625,7.84375],"rotation":0,"texture":"#0","tintindex":0},"north":{"uv":[7.625,5.375,7.78125,5.59375],"rotation":0,"texture":"#0","tintindex":0},"west":{"uv":[1.75,7.75,1.875,7.96875],"rotation":0,"texture":"#0","tintindex":0},"up":{"uv":[2.40625,8.0,2.25,7.875],"rotation":0,"texture":"#0","tintindex":0},"down":{"uv":[2.65625,7.875,2.5,8.0],"rotation":0,"texture":"#0","tintindex":0}}},{"from":[7.4030156,9.6,7.6571426],"to":[8.660158,10.228572,8.514286],"rotation":{"angle":0.0,"axis":"y","origin":[8.031588,9.914286,8.085714]},"faces":{"east":{"uv":[6.125,7.75,6.3125,7.875],"rotation":0,"texture":"#0","tintindex":0},"south":{"uv":[7.625,2.625,7.90625,2.75],"rotation":0,"texture":"#0","tintindex":0},"north":{"uv":[7.625,2.25,7.90625,2.375],"rotation":0,"texture":"#0","tintindex":0},"west":{"uv":[7.75,6.25,7.9375,6.375],"rotation":0,"texture":"#0","tintindex":0},"up":{"uv":[7.65625,3.5625,7.375,3.375],"rotation":0,"texture":"#0","tintindex":0},"down":{"uv":[5.03125,7.375,4.75,7.5625],"rotation":0,"texture":"#0","tintindex":0}}},{"from":[6.5458727,7.542857,7.2],"to":[9.517302,9.3714285,8.4],"rotation":{"angle":0.0,"axis":"y","origin":[8.031588,8.457143,7.8]},"faces":{"east":{"uv":[1.25,5.625,1.5,6.03125],"rotation":0,"texture":"#0","tintindex":0},"south":{"uv":[3.875,3.25,4.53125,3.65625],"rotation":0,"texture":"#0","tintindex":0},"north":{"uv":[3.75,2.75,4.40625,3.15625],"rotation":0,"texture":"#0","tintindex":0},"west":{"uv":[5.625,2.375,5.875,2.78125],"rotation":0,"texture":"#0","tintindex":0},"up":{"uv":[5.53125,1.375,4.875,1.125],"rotation":0,"texture":"#0","tintindex":0},"down":{"uv":[1.90625,4.875,1.25,5.125],"rotation":0,"texture":"#0","tintindex":0}}}],"display":{"head":{"translation":[0.0,-6.4,0.0],"scale":[4.0,4.0,4.0]}}}