{"textures":{"0":"modelengine:entity/skeletoncrossbow"},"elements":[{"from":[6.2639313,7.7979693,4.9142857],"to":[6.8353596,8.369398,5.485714],"rotation":{"angle":45.0,"axis":"z","origin":[6.5496454,8.083684,5.2]},"faces":{"east":{"uv":[6.625,6.75,6.75,6.875],"rotation":0,"texture":"#0","tintindex":0},"south":{"uv":[1.375,6.875,1.5,7.0],"rotation":0,"texture":"#0","tintindex":0},"north":{"uv":[2.125,6.75,2.25,6.875],"rotation":0,"texture":"#0","tintindex":0},"west":{"uv":[6.875,3.5,7.0,3.625],"rotation":0,"texture":"#0","tintindex":0},"up":{"uv":[7.0,4.125,6.875,4.0],"rotation":0,"texture":"#0","tintindex":0},"down":{"uv":[3.75,7.0,3.625,7.125],"rotation":0,"texture":"#0","tintindex":0}}},{"from":[6.717013,6.5837016,6.933559],"to":[9.0027275,8.9265585,7.619273],"rotation":{"angle":22.5,"axis":"x","origin":[7.85987,7.7551303,7.2764163]},"faces":{"east":{"uv":[5.375,6.25,5.53125,6.75],"rotation":0,"texture":"#0","tintindex":0},"south":{"uv":[4.0,0.5,4.5,1.0],"rotation":0,"texture":"#0","tintindex":0},"north":{"uv":[4.0,0.0,4.5,0.5],"rotation":0,"texture":"#0","tintindex":0},"west":{"uv":[3.5,6.5,3.65625,7.0],"rotation":0,"texture":"#0","tintindex":0},"up":{"uv":[7.0,5.15625,6.5,5.0],"rotation":0,"texture":"#0","tintindex":0},"down":{"uv":[7.0,5.25,6.5,5.40625],"rotation":0,"texture":"#0","tintindex":0}}},{"from":[7.02113,6.540827,5.034718],"to":[8.69861,7.3408265,5.7204323],"rotation":{"angle":0.0,"axis":"y","origin":[7.8598704,6.9408264,5.377575]},"faces":{"east":{"uv":[7.75,0.0,7.90625,0.1875],"rotation":0,"texture":"#0","tintindex":0},"south":{"uv":[4.625,6.625,5.0,6.8125],"rotation":0,"texture":"#0","tintindex":0},"north":{"uv":[6.625,4.375,7.0,4.5625],"rotation":0,"texture":"#0","tintindex":0},"west":{"uv":[0.25,7.75,0.40625,7.9375],"rotation":0,"texture":"#0","tintindex":0},"up":{"uv":[7.625,5.53125,7.25,5.375],"rotation":0,"texture":"#0","tintindex":0},"down":{"uv":[7.625,5.625,7.25,5.78125],"rotation":0,"texture":"#0","tintindex":0}}},{"from":[6.717013,7.569398,4.971429],"to":[9.0027275,8.083684,5.714286],"rotation":{"angle":0.0,"axis":"y","origin":[7.85987,7.826541,5.342857]},"faces":{"east":{"uv":[1.0,7.875,1.15625,8.0],"rotation":0,"texture":"#0","tintindex":0},"south":{"uv":[7.25,5.25,7.75,5.375],"rotation":0,"texture":"#0","tintindex":0},"north":{"uv":[7.25,3.25,7.75,3.375],"rotation":0,"texture":"#0","tintindex":0},"west":{"uv":[7.875,1.125,8.03125,1.25],"rotation":0,"texture":"#0","tintindex":0},"up":{"uv":[7.0,5.65625,6.5,5.5],"rotation":0,"texture":"#0","tintindex":0},"down":{"uv":[6.125,6.5,5.625,6.65625],"rotation":0,"texture":"#0","tintindex":0}}},{"from":[6.1455846,8.083684,5.028571],"to":[9.574156,10.940826,8.457143],"rotation":{"angle":0.0,"axis":"y","origin":[7.85987,9.512256,6.742857]},"faces":{"east":{"uv":[0.0,3.0,0.75,3.625],"rotation":0,"texture":"#0","tintindex":0},"south":{"uv":[3.0,2.125,3.75,2.75],"rotation":0,"texture":"#0","tintindex":0},"north":{"uv":[2.375,1.5,3.125,2.125],"rotation":0,"texture":"#0","tintindex":0},"west":{"uv":[3.0,2.75,3.75,3.375],"rotation":0,"texture":"#0","tintindex":0},"up":{"uv":[3.125,0.75,2.375,0.0],"rotation":0,"texture":"#0","tintindex":0},"down":{"uv":[3.125,0.75,2.375,1.5],"rotation":0,"texture":"#0","tintindex":0}}},{"from":[6.601414,6.540827,5.0876284],"to":[7.2871284,7.0551124,7.144771],"rotation":{"angle":-22.5,"axis":"y","origin":[6.9442716,6.7979693,6.1162]},"faces":{"east":{"uv":[7.25,5.875,7.6875,6.0],"rotation":0,"texture":"#0","tintindex":0},"south":{"uv":[7.875,1.375,8.03125,1.5],"rotation":0,"texture":"#0","tintindex":0},"north":{"uv":[7.875,1.25,8.03125,1.375],"rotation":0,"texture":"#0","tintindex":0},"west":{"uv":[6.375,7.25,6.8125,7.375],"rotation":0,"texture":"#0","tintindex":0},"up":{"uv":[1.03125,7.5625,0.875,7.125],"rotation":0,"texture":"#0","tintindex":0},"down":{"uv":[1.28125,7.125,1.125,7.5625],"rotation":0,"texture":"#0","tintindex":0}}},{"from":[8.432611,6.540827,5.0876284],"to":[9.118326,7.0551124,7.144771],"rotation":{"angle":22.5,"axis":"y","origin":[8.775469,6.7979693,6.1162]},"faces":{"east":{"uv":[7.25,7.0,7.6875,7.125],"rotation":0,"texture":"#0","tintindex":0},"south":{"uv":[7.875,1.625,8.03125,1.75],"rotation":0,"texture":"#0","tintindex":0},"north":{"uv":[7.875,1.5,8.03125,1.625],"rotation":0,"texture":"#0","tintindex":0},"west":{"uv":[7.25,7.125,7.6875,7.25],"rotation":0,"texture":"#0","tintindex":0},"up":{"uv":[2.03125,7.5625,1.875,7.125],"rotation":0,"texture":"#0","tintindex":0},"down":{"uv":[2.28125,7.125,2.125,7.5625],"rotation":0,"texture":"#0","tintindex":0}}},{"from":[8.88438,7.7979693,4.9142857],"to":[9.455809,8.369398,5.485714],"rotation":{"angle":-45.0,"axis":"z","origin":[9.1700945,8.083684,5.2]},"faces":{"east":{"uv":[5.5,7.25,5.625,7.375],"rotation":0,"texture":"#0","tintindex":0},"south":{"uv":[6.875,7.25,7.0,7.375],"rotation":0,"texture":"#0","tintindex":0},"north":{"uv":[2.375,7.125,2.5,7.25],"rotation":0,"texture":"#0","tintindex":0},"west":{"uv":[2.75,7.875,2.875,8.0],"rotation":0,"texture":"#0","tintindex":0},"up":{"uv":[3.0,8.0,2.875,7.875],"rotation":0,"texture":"#0","tintindex":0},"down":{"uv":[3.125,7.875,3.0,8.0],"rotation":0,"texture":"#0","tintindex":0}}},{"from":[6.0884414,10.102708,4.9714284],"to":[9.631299,11.53128,8.514286],"rotation":{"angle":0.0,"axis":"y","origin":[7.85987,10.816994,6.742857]},"faces":{"east":{"uv":[4.0,1.375,4.78125,1.6875],"rotation":0,"texture":"#0","tintindex":0},"south":{"uv":[4.0,1.75,4.78125,2.0625],"rotation":0,"texture":"#0","tintindex":0},"north":{"uv":[4.0,1.0,4.78125,1.3125],"rotation":0,"texture":"#0","tintindex":0},"west":{"uv":[4.0,2.125,4.78125,2.4375],"rotation":0,"texture":"#0","tintindex":0},"up":{"uv":[2.03125,3.03125,1.25,2.25],"rotation":0,"texture":"#0","tintindex":0},"down":{"uv":[2.90625,2.25,2.125,3.03125],"rotation":0,"texture":"#0","tintindex":0}}},{"from":[5.802727,10.216993,4.8571424],"to":[5.802727,13.531279,10.571428],"rotation":{"angle":0.0,"axis":"y","origin":[5.802727,11.874136,7.714286]},"faces":{"east":{"uv":[1.125,0.0,2.375,0.71875],"rotation":0,"texture":"#0","tintindex":0},"south":{"uv":[0.0,0.0,0.0,0.71875],"rotation":0,"texture":"#0","tintindex":0},"north":{"uv":[0.0,0.0,0.0,0.71875],"rotation":0,"texture":"#0","tintindex":0},"west":{"uv":[1.125,0.75,2.375,1.46875],"rotation":0,"texture":"#0","tintindex":0},"up":{"uv":[0.0,1.25,0.0,0.0],"rotation":0,"texture":"#0","tintindex":0},"down":{"uv":[0.0,0.0,0.0,1.25],"rotation":0,"texture":"#0","tintindex":0}}},{"from":[9.802728,10.216993,4.8571424],"to":[9.802728,13.531279,10.571428],"rotation":{"angle":0.0,"axis":"y","origin":[9.802728,11.874136,7.714286]},"faces":{"east":{"uv":[1.125,1.5,2.375,2.21875],"rotation":0,"texture":"#0","tintindex":0},"south":{"uv":[0.0,0.0,0.0,0.71875],"rotation":0,"texture":"#0","tintindex":0},"north":{"uv":[0.0,0.0,0.0,0.71875],"rotation":0,"texture":"#0","tintindex":0},"west":{"uv":[0.0,2.25,1.25,2.96875],"rotation":0,"texture":"#0","tintindex":0},"up":{"uv":[0.0,1.25,0.0,0.0],"rotation":0,"texture":"#0","tintindex":0},"down":{"uv":[0.0,0.0,0.0,1.25],"rotation":0,"texture":"#0","tintindex":0}}},{"from":[7.517013,11.53128,6.4],"to":[8.202727,11.816994,7.0857143],"rotation":{"angle":0.0,"axis":"y","origin":[7.85987,11.674136,6.742857]},"faces":{"east":{"uv":[5.5,7.875,5.65625,7.9375],"rotation":0,"texture":"#0","tintindex":0},"south":{"uv":[7.875,5.5,8.03125,5.5625],"rotation":0,"texture":"#0","tintindex":0},"north":{"uv":[7.875,5.375,8.03125,5.4375],"rotation":0,"texture":"#0","tintindex":0},"west":{"uv":[5.75,7.875,5.90625,7.9375],"rotation":0,"texture":"#0","tintindex":0},"up":{"uv":[7.90625,1.90625,7.75,1.75],"rotation":0,"texture":"#0","tintindex":0},"down":{"uv":[7.90625,2.0,7.75,2.15625],"rotation":0,"texture":"#0","tintindex":0}}},{"from":[5.5170126,10.102708,4.3999996],"to":[10.202727,10.5027075,9.085714],"rotation":{"angle":0.0,"axis":"y","origin":[7.85987,10.302708,6.742857]},"faces":{"east":{"uv":[5.875,0.875,6.90625,0.96875],"rotation":0,"texture":"#0","tintindex":0},