{"textures":{"0":"modelengine:entity/skeletoncrossbow"},"elements":[{"from":[7.414358,6.7583447,7.142857],"to":[8.671501,8.015488,8.342857],"rotation":{"angle":45.0,"axis":"z","origin":[8.04293,7.386916,7.742857]},"faces":{"east":{"uv":[1.875,6.75,2.125,7.03125],"rotation":0,"texture":"#0","tintindex":0},"south":{"uv":[5.625,6.125,5.90625,6.40625],"rotation":0,"texture":"#0","tintindex":0},"north":{"uv":[6.125,5.25,6.40625,5.53125],"rotation":0,"texture":"#0","tintindex":0},"west":{"uv":[6.75,2.0,7.0,2.28125],"rotation":0,"texture":"#0","tintindex":0},"up":{"uv":[7.03125,2.625,6.75,2.375],"rotation":0,"texture":"#0","tintindex":0},"down":{"uv":[3.28125,6.75,3.0,7.0],"rotation":0,"texture":"#0","tintindex":0}}},{"from":[7.51127,4.742857,7.3142858],"to":[8.654127,7.142857,8.171429],"rotation":{"angle":0.0,"axis":"y","origin":[8.082699,5.942857,7.742857]},"faces":{"east":{"uv":[5.625,5.5,5.8125,6.03125],"rotation":0,"texture":"#0","tintindex":0},"south":{"uv":[5.125,4.875,5.375,5.40625],"rotation":0,"texture":"#0","tintindex":0},"north":{"uv":[4.75,5.125,5.0,5.65625],"rotation":0,"texture":"#0","tintindex":0},"west":{"uv":[3.125,5.75,3.3125,6.28125],"rotation":0,"texture":"#0","tintindex":0},"up":{"uv":[4.0,7.6875,3.75,7.5],"rotation":0,"texture":"#0","tintindex":0},"down":{"uv":[4.25,7.5,4.0,7.6875],"rotation":0,"texture":"#0","tintindex":0}}},{"from":[7.6826987,3.485714,6.857143],"to":[9.225555,5.3142858,8.342857],"rotation":{"angle":0.0,"axis":"y","origin":[8.454127,4.3999996,7.6]},"faces":{"east":{"uv":[5.375,0.25,5.6875,0.65625],"rotation":0,"texture":"#0","tintindex":0},"south":{"uv":[0.5,5.125,0.84375,5.53125],"rotation":0,"texture":"#0","tintindex":0},"north":{"uv":[5.0,3.625,5.34375,4.03125],"rotation":0,"texture":"#0","tintindex":0},"west":{"uv":[5.375,3.625,5.6875,4.03125],"rotation":0,"texture":"#0","tintindex":0},"up":{"uv":[5.84375,1.0625,5.5,0.75],"rotation":0,"texture":"#0","tintindex":0},"down":{"uv":[5.34375,5.5,5.0,5.8125],"rotation":0,"texture":"#0","tintindex":0}}}],"display":{"head":{"translation":[0.0,-6.4,0.0],"scale":[4.0,4.0,4.0]}}}