{"textures":{"0":"modelengine:entity/skeletoncrossbow"},"elements":[{"from":[7.428571,4.6601586,6.6285715],"to":[8.6285715,5.5173016,7.885714],"rotation":{"angle":0.0,"axis":"y","origin":[8.028571,5.08873,7.257143]},"faces":{"east":{"uv":[5.875,7.375,6.15625,7.5625],"rotation":0,"texture":"#0","tintindex":0},"south":{"uv":[2.125,7.625,2.375,7.8125],"rotation":0,"texture":"#0","tintindex":0},"north":{"uv":[1.875,7.625,2.125,7.8125],"rotation":0,"texture":"#0","tintindex":0},"west":{"uv":[6.25,7.375,6.53125,7.5625],"rotation":0,"texture":"#0","tintindex":0},"up":{"uv":[7.25,4.28125,7.0,4.0],"rotation":0,"texture":"#0","tintindex":0},"down":{"uv":[4.5,7.0,4.25,7.28125],"rotation":0,"texture":"#0","tintindex":0}}},{"from":[7.357215,6.7583447,7.4857144],"to":[8.614358,8.015488,8.685715],"rotation":{"angle":45.0,"axis":"z","origin":[7.9857864,7.386916,8.085714]},"faces":{"east":{"uv":[7.0,4.375,7.25,4.65625],"rotation":0,"texture":"#0","tintindex":0},"south":{"uv":[6.375,6.0,6.65625,6.28125],"rotation":0,"texture":"#0","tintindex":0},"north":{"uv":[4.25,6.375,4.53125,6.65625],"rotation":0,"texture":"#0","tintindex":0},"west":{"uv":[5.0,7.0,5.25,7.28125],"rotation":0,"texture":"#0","tintindex":0},"up":{"uv":[7.28125,5.25,7.0,5.0],"rotation":0,"texture":"#0","tintindex":0},"down":{"uv":[5.53125,7.0,5.25,7.25],"rotation":0,"texture":"#0","tintindex":0}}},{"from":[7.4541273,4.742857,7.6571426],"to":[8.596984,7.142857,8.514286],"rotation":{"angle":0.0,"axis":"y","origin":[8.025556,5.942857,8.085714]},"faces":{"east":{"uv":[5.875,4.875,6.0625,5.40625],"rotation":0,"texture":"#0","tintindex":0},"south":{"uv":[4.125,5.375,4.375,5.90625],"rotation":0,"texture":"#0","tintindex":0},"north":{"uv":[3.875,5.375,4.125,5.90625],"rotation":0,"texture":"#0","tintindex":0},"west":{"uv":[5.125,5.875,5.3125,6.40625],"rotation":0,"texture":"#0","tintindex":0},"up":{"uv":[2.625,7.8125,2.375,7.625],"rotation":0,"texture":"#0","tintindex":0},"down":{"uv":[2.875,7.625,2.625,7.8125],"rotation":0,"texture":"#0","tintindex":0}}}],"display":{"head":{"translation":[0.0,-6.4,0.0],"scale":[4.0,4.0,4.0]}}}