{"textures":{"0":"modelengine:entity/skeletoncrossbow"},"elements":[{"from":[7.357215,6.9297733,7.542857],"to":[8.614358,8.186916,8.742857],"rotation":{"angle":45.0,"axis":"z","origin":[7.9857864,7.558345,8.142858]},"faces":{"east":{"uv":[7.0,5.25,7.25,5.53125],"rotation":0,"texture":"#0","tintindex":0},"south":{"uv":[0.0,6.5,0.28125,6.78125],"rotation":0,"texture":"#0","tintindex":0},"north":{"uv":[6.375,6.375,6.65625,6.65625],"rotation":0,"texture":"#0","tintindex":0},"west":{"uv":[7.0,5.625,7.25,5.90625],"rotation":0,"texture":"#0","tintindex":0},"up":{"uv":[7.28125,6.75,7.0,6.5],"rotation":0,"texture":"#0","tintindex":0},"down":{"uv":[7.28125,6.75,7.0,7.0],"rotation":0,"texture":"#0","tintindex":0}}},{"from":[7.4541273,4.9142857,7.714286],"to":[8.596984,7.3142858,8.571428],"rotation":{"angle":0.0,"axis":"y","origin":[8.025556,6.1142855,8.142858]},"faces":{"east":{"uv":[5.875,5.5,6.0625,6.03125],"rotation":0,"texture":"#0","tintindex":0},"south":{"uv":[5.375,5.0,5.625,5.53125],"rotation":0,"texture":"#0","tintindex":0},"north":{"uv":[5.375,4.375,5.625,4.90625],"rotation":0,"texture":"#0","tintindex":0},"west":{"uv":[0.5,6.0,0.6875,6.53125],"rotation":0,"texture":"#0","tintindex":0},"up":{"uv":[3.125,7.8125,2.875,7.625],"rotation":0,"texture":"#0","tintindex":0},"down":{"uv":[5.0,7.625,4.75,7.8125],"rotation":0,"texture":"#0","tintindex":0}}},{"from":[7.397621,4.465001,7.542857],"to":[8.654764,5.722144,8.742857],"rotation":{"angle":45.0,"axis":"z","origin":[8.026193,5.0935726,8.142858]},"faces":{"east":{"uv":[6.125,7.0,6.375,7.28125],"rotation":0,"texture":"#0","tintindex":0},"south":{"uv":[2.625,6.5,2.90625,6.78125],"rotation":0,"texture":"#0","tintindex":0},"north":{"uv":[1.125,6.5,1.40625,6.78125],"rotation":0,"texture":"#0","tintindex":0},"west":{"uv":[7.0,7.0,7.25,7.28125],"rotation":0,"texture":"#0","tintindex":0},"up":{"uv":[7.40625,0.25,7.125,0.0],"rotation":0,"texture":"#0","tintindex":0},"down":{"uv":[0.78125,7.125,0.5,7.375],"rotation":0,"texture":"#0","tintindex":0}}}],"display":{"head":{"translation":[0.0,-6.4,0.0],"scale":[4.0,4.0,4.0]}}}