{"textures":{"0":"modelengine:entity/skeletoncrossbow"},"elements":[{"from":[6.22767,7.0012174,7.142857],"to":[8.513385,8.715504,8.857143],"rotation":{"angle":22.5,"axis":"z","origin":[7.3705273,7.8583603,8.0]},"faces":{"east":{"uv":[2.875,4.875,3.25,5.25],"rotation":0,"texture":"#0","tintindex":0},"south":{"uv":[4.5,0.0,5.0,0.375],"rotation":0,"texture":"#0","tintindex":0},"north":{"uv":[3.125,1.75,3.625,2.125],"rotation":0,"texture":"#0","tintindex":0},"west":{"uv":[5.0,0.25,5.375,0.625],"rotation":0,"texture":"#0","tintindex":0},"up":{"uv":[5.0,0.75,4.5,0.375],"rotation":0,"texture":"#0","tintindex":0},"down":{"uv":[5.0,2.5,4.5,2.875],"rotation":0,"texture":"#0","tintindex":0}}},{"from":[6.997621,4.7507153,7.2],"to":[8.254764,6.0078583,8.4],"rotation":{"angle":45.0,"axis":"z","origin":[7.6261926,5.379287,7.8]},"faces":{"east":{"uv":[5.0,6.625,5.25,6.90625],"rotation":0,"texture":"#0","tintindex":0},"south":{"uv":[1.125,6.125,1.40625,6.40625],"rotation":0,"texture":"#0","tintindex":0},"north":{"uv":[3.875,6.0,4.15625,6.28125],"rotation":0,"texture":"#0","tintindex":0},"west":{"uv":[6.75,0.25,7.0,0.53125],"rotation":0,"texture":"#0","tintindex":0},"up":{"uv":[6.90625,4.875,6.625,4.625],"rotation":0,"texture":"#0","tintindex":0},"down":{"uv":[7.03125,0.625,6.75,0.875],"rotation":0,"texture":"#0","tintindex":0}}},{"from":[7.054127,5.2,7.3714285],"to":[8.196984,7.6,8.228572],"rotation":{"angle":0.0,"axis":"y","origin":[7.6255555,6.4,7.8]},"faces":{"east":{"uv":[5.625,4.875,5.8125,5.40625],"rotation":0,"texture":"#0","tintindex":0},"south":{"uv":[4.5,5.125,4.75,5.65625],"rotation":0,"texture":"#0","tintindex":0},"north":{"uv":[3.25,5.125,3.5,5.65625],"rotation":0,"texture":"#0","tintindex":0},"west":{"uv":[5.375,5.625,5.5625,6.15625],"rotation":0,"texture":"#0","tintindex":0},"up":{"uv":[3.5,7.6875,3.25,7.5],"rotation":0,"texture":"#0","tintindex":0},"down":{"uv":[3.75,7.5,3.5,7.6875],"rotation":0,"texture":"#0","tintindex":0}}},{"from":[6.9572153,7.2154875,7.2],"to":[8.214358,8.4726305,8.4],"rotation":{"angle":45.0,"axis":"z","origin":[7.5857863,7.844059,7.8]},"faces":{"east":{"uv":[0.75,6.75,1.0,7.03125],"rotation":0,"texture":"#0","tintindex":0},"south":{"uv":[6.125,4.875,6.40625,5.15625],"rotation":0,"texture":"#0","tintindex":0},"north":{"uv":[6.125,3.625,6.40625,3.90625],"rotation":0,"texture":"#0","tintindex":0},"west":{"uv":[6.75,1.375,7.0,1.65625],"rotation":0,"texture":"#0","tintindex":0},"up":{"uv":[1.78125,7.0,1.5,6.75],"rotation":0,"texture":"#0","tintindex":0},"down":{"uv":[7.03125,1.75,6.75,2.0],"rotation":0,"texture":"#0","tintindex":0}}}],"display":{"head":{"translation":[0.0,-6.4,0.0],"scale":[4.0,4.0,4.0]}}}