{"textures":{"0":"modelengine:entity/skeletoncrossbow"},"elements":[{"from":[7.385642,6.7583447,7.4857144],"to":[8.642785,8.015488,8.685715],"rotation":{"angle":-45.0,"axis":"z","origin":[8.014214,7.386916,8.085714]},"faces":{"east":{"uv":[2.5,6.875,2.75,7.15625],"rotation":0,"texture":"#0","tintindex":0},"south":{"uv":[0.75,6.375,1.03125,6.65625],"rotation":0,"texture":"#0","tintindex":0},"north":{"uv":[6.25,4.5,6.53125,4.78125],"rotation":0,"texture":"#0","tintindex":0},"west":{"uv":[2.75,6.875,3.0,7.15625],"rotation":0,"texture":"#0","tintindex":0},"up":{"uv":[4.90625,7.125,4.625,6.875],"rotation":0,"texture":"#0","tintindex":0},"down":{"uv":[6.90625,6.875,6.625,7.125],"rotation":0,"texture":"#0","tintindex":0}}},{"from":[7.4030156,4.742857,7.6571426],"to":[8.545873,7.142857,8.514286],"rotation":{"angle":0.0,"axis":"y","origin":[7.9744444,5.942857,8.085714]},"faces":{"east":{"uv":[5.875,2.0,6.0625,2.53125],"rotation":0,"texture":"#0","tintindex":0},"south":{"uv":[5.375,2.375,5.625,2.90625],"rotation":0,"texture":"#0","tintindex":0},"north":{"uv":[2.375,5.375,2.625,5.90625],"rotation":0,"texture":"#0","tintindex":0},"west":{"uv":[2.875,5.875,3.0625,6.40625],"rotation":0,"texture":"#0","tintindex":0},"up":{"uv":[6.875,7.6875,6.625,7.5],"rotation":0,"texture":"#0","tintindex":0},"down":{"uv":[7.125,7.5,6.875,7.6875],"rotation":0,"texture":"#0","tintindex":0}}},{"from":[7.3714285,4.6601586,6.6285715],"to":[8.571428,5.5173016,7.885714],"rotation":{"angle":0.0,"axis":"y","origin":[7.9714284,5.08873,7.257143]},"faces":{"east":{"uv":[7.375,5.0,7.65625,5.1875],"rotation":0,"texture":"#0","tintindex":0},"south":{"uv":[0.5,7.625,0.75,7.8125],"rotation":0,"texture":"#0","tintindex":0},"north":{"uv":[7.5,7.375,7.75,7.5625],"rotation":0,"texture":"#0","tintindex":0},"west":{"uv":[5.5,7.375,5.78125,7.5625],"rotation":0,"texture":"#0","tintindex":0},"up":{"uv":[7.25,0.53125,7.0,0.25],"rotation":0,"texture":"#0","tintindex":0},"down":{"uv":[1.625,7.0,1.375,7.28125],"rotation":0,"texture":"#0","tintindex":0}}}],"display":{"head":{"translation":[0.0,-6.4,0.0],"scale":[4.0,4.0,4.0]}}}