{"textures":{"0":"modelengine:entity/skeletoncrossbow"},"elements":[{"from":[7.3284993,6.7583447,7.142857],"to":[8.585642,8.015488,8.342857],"rotation":{"angle":-45.0,"axis":"z","origin":[7.957071,7.386916,7.742857]},"faces":{"east":{"uv":[0.0,6.875,0.25,7.15625],"rotation":0,"texture":"#0","tintindex":0},"south":{"uv":[6.25,4.125,6.53125,4.40625],"rotation":0,"texture":"#0","tintindex":0},"north":{"uv":[6.25,3.125,6.53125,3.40625],"rotation":0,"texture":"#0","tintindex":0},"west":{"uv":[0.25,6.875,0.5,7.15625],"rotation":0,"texture":"#0","tintindex":0},"up":{"uv":[1.28125,7.125,1.0,6.875],"rotation":0,"texture":"#0","tintindex":0},"down":{"uv":[2.40625,6.875,2.125,7.125],"rotation":0,"texture":"#0","tintindex":0}}},{"from":[7.345873,4.742857,7.3142858],"to":[8.48873,7.142857,8.171429],"rotation":{"angle":0.0,"axis":"y","origin":[7.9173017,5.942857,7.742857]},"faces":{"east":{"uv":[5.875,0.25,6.0625,0.78125],"rotation":0,"texture":"#0","tintindex":0},"south":{"uv":[2.125,5.375,2.375,5.90625],"rotation":0,"texture":"#0","tintindex":0},"north":{"uv":[1.875,5.375,2.125,5.90625],"rotation":0,"texture":"#0","tintindex":0},"west":{"uv":[5.875,1.375,6.0625,1.90625],"rotation":0,"texture":"#0","tintindex":0},"up":{"uv":[7.75,4.6875,7.5,4.5],"rotation":0,"texture":"#0","tintindex":0},"down":{"uv":[5.5,7.5,5.25,7.6875],"rotation":0,"texture":"#0","tintindex":0}}},{"from":[6.774444,3.485714,6.857143],"to":[8.317302,5.3142858,8.342857],"rotation":{"angle":0.0,"axis":"y","origin":[7.5458727,4.3999996,7.6]},"faces":{"east":{"uv":[5.5,1.375,5.8125,1.78125],"rotation":0,"texture":"#0","tintindex":0},"south":{"uv":[1.25,5.125,1.59375,5.53125],"rotation":0,"texture":"#0","tintindex":0},"north":{"uv":[0.875,5.125,1.21875,5.53125],"rotation":0,"texture":"#0","tintindex":0},"west":{"uv":[5.5,1.875,5.8125,2.28125],"rotation":0,"texture":"#0","tintindex":0},"up":{"uv":[0.84375,5.9375,0.5,5.625],"rotation":0,"texture":"#0","tintindex":0},"down":{"uv":[1.21875,5.625,0.875,5.9375],"rotation":0,"texture":"#0","tintindex":0}}},{"from":[7.08873,1.8037124,6.342857],"to":[7.945873,4.2037125,6.857143],"rotation":{"angle":0.0,"axis":"y","origin":[7.5173016,3.0037127,6.6]},"faces":{"east":{"uv":[4.5,7.0,4.625,7.53125],"rotation":0,"texture":"#0","tintindex":0},"south":{"uv":[0.0,5.875,0.1875,6.40625],"rotation":0,"texture":"#0","tintindex":0},"north":{"uv":[4.625,5.75,4.8125,6.28125],"rotation":0,"texture":"#0","tintindex":0},"west":{"uv":[4.625,7.125,4.75,7.65625],"rotation":0,"texture":"#0","tintindex":0},"up":{"uv":[7.9375,5.375,7.75,5.25],"rotation":0,"texture":"#0","tintindex":0},"down":{"uv":[5.9375,7.75,5.75,7.875],"rotation":0,"texture":"#0","tintindex":0}}},{"from":[7.08873,3.3465695,6.0857143],"to":[7.945873,5.060855,6.342857],"rotation":{"angle":0.0,"axis":"y","origin":[7.5173016,4.2037125,6.214286]},"faces":{"east":{"uv":[7.75,5.875,7.8125,6.25],"rotation":0,"texture":"#0","tintindex":0},"south":{"uv":[6.75,6.5,6.9375,6.875],"rotation":0,"texture":"#0","tintindex":0},"north":{"uv":[6.375,6.75,6.5625,7.125],"rotation":0,"texture":"#0","tintindex":0},"west":{"uv":[6.0,7.75,6.0625,8.125],"rotation":0,"texture":"#0","tintindex":0},"up":{"uv":[8.0625,4.6875,7.875,4.625],"rotation":0,"texture":"#0","tintindex":0},"down":{"uv":[5.4375,7.875,5.25,7.9375],"rotation":0,"texture":"#0","tintindex":0}}},{"from":[7.6887302,0.77514076,6.0857143],"to":[7.945873,1.8037124,7.028571],"rotation":{"angle":0.0,"axis":"y","origin":[7.8173013,1.2894268,6.5571427]},"faces":{"east":{"uv":[7.5,0.0,7.71875,0.21875],"rotation":0,"texture":"#0","tintindex":0},"south":{"uv":[7.875,4.125,7.9375,4.34375],"rotation":0,"texture":"#0","tintindex":0},"north":{"uv":[7.875,3.875,7.9375,4.09375],"rotation":0,"texture":"#0","tintindex":0},"west":{"uv":[0.25,7.5,0.46875,7.71875],"rotation":0,"texture":"#0","tintindex":0},"up":{"uv":[4.3125,8.09375,4.25,7.875],"rotation":0,"texture":"#0","tintindex":0},"down":{"uv":[4.4375,7.875,4.375,8.09375],"rotation":0,"texture":"#0","tintindex":0}}},{"from":[7.08873,0.77514076,6.0857143],"to":[7.345873,1.8037124,7.028571],"rotation":{"angle":0.0,"axis":"y","origin":[7.2173014,1.2894268,6.5571427]},"faces":{"east":{"uv":[1.375,7.5,1.59375,7.71875],"rotation":0,"texture":"#0","tintindex":0},"south":{"uv":[4.5,7.875,4.5625,8.09375],"rotation":0,"texture":"#0","tintindex":0},"north":{"uv":[7.875,4.375,7.9375,4.59375],"rotation":0,"texture":"#0","tintindex":0},"west":{"uv":[1.625,7.5,1.84375,7.71875],"rotation":0,"texture":"#0","tintindex":0},"up":{"uv":[4.8125,8.09375,4.75,7.875],"rotation":0,"texture":"#0","tintindex":0},"down":{"uv":[4.9375,7.875,4.875,8.09375],"rotation":0,"texture":"#0","tintindex":0}}},{"from":[5.88873,1.0322833,6.1714287],"to":[7.08873,1.3751407,6.7714286],"rotation":{"angle":0.0,"axis":"y","origin":[6.48873,1.203712,6.4714284]},"faces":{"east":{"uv":[7.375,7.875,7.5,7.9375],"rotation":0,"texture":"#0","tintindex":0},"south":{"uv":[7.875,3.125,8.125,3.1875],"rotation":0,"texture":"#0","tintindex":0},"north":{"uv":[7.875,3.0,8.125,3.0625],"rotation":0,"texture":"#0","tintindex":0},"west":{"uv":[7.875,7.375,8.0,7.4375],"rotation":0,"texture":"#0","tintindex":0},"up":{"uv":[7.875,5.875,7.625,5.75],"rotation":0,"texture":"#0","tintindex":0},"down":{"uv":[6.25,7.625,6.0,7.75],"rotation":0,"texture":"#0","tintindex":0}}},{"from":[7.2601585,0.3664751,6.5121317],"to":[7.774444,0.88076115,6.597846],"rotation":{"angle":-45.0,"axis":"x","origin":[7.5173016,0.62361765,6.554989]},"faces":{"east":{"uv":[8.0,0.25,8.03125,0.375],"rotation":0,"texture":"#0","tintindex":0},"south":{"uv":[7.875,3.5,8.0,3.625],"rotation":0,"texture":"#0","tintindex":0},"north":{"uv":[3.125,7.875,3.25,8.0],"rotation":0,"texture":"#0","tintindex":0},"west":{"uv":[0.375,8.0,0.40625,8.125],"rotation":0,"texture":"#0","tintindex":0},"up":{"uv":[8.125,0.40625,8.0,0.375],"rotation":0,"texture":"#0","tintindex":0},"down":{"uv":[8.125,0.5,8.0,0.53125],"rotation":0,"texture":"#0","tintindex":0}}},{"from":[7.345873,0.77514076,6.342857],"to":[7.6887302,1.8037124,6.857143],"rotation":{"angle":0.0,"axis":"y","origin":[7.5173016,1.2894268,6.6]},"faces":{"east":{"uv":[1.375,7.75,1.5,7.96875],"rotation":0,"texture":"#0","tintindex":0},"south":{"uv":[5.125,7.875,5.1875,8.09375],"rotation":0,"texture":"#0","tintindex":0},"north":{"uv":[5.0,7.875,5.0625,8.09375],"rotation":0,"texture":"#0","tintindex":0},"west":{"uv":[1.5,7.75,1.625,7.96875],"rotation":0,"texture":"#0","tintindex":0},"up":{"uv":[7.9375,7.625,7.875,7.5],"rotation":0,"texture":"#0","tintindex":0},"down":{"uv":[7.9375,7.625,7.875,7.75],"rotation":0,"texture":"#0","tintindex":0}}},{"from":[7.3744445,4.089427,5.685714],"to":[7.6601586,4.4894266,7.3142858],"rotation":{"angle":0.0,"axis":"y","origin":[7.5173016,4.289427,6.5]},"faces":{"east":{"uv":[7.625,4.75,7.96875,4.84375],"rotation":0,"texture":"#0","tintindex":0},"south":{"uv":[0.25,8.0,0.3125,8.09375],"rotation":0,"texture":"#0","tintindex":0},"north":{"uv":[8.0,0.125,8.0625,0.21875],"rotation":0,"texture":"#0","tintindex":0},"west":{"uv":[7.625,5.625,7.96875,5.71875],"rotation":0,"texture":"#0","tintindex":0},"up":{"uv":[6.4375,8.09375,6.375,7.75],"rotation":0,"texture":"#0","tintindex":0},"down":{"uv":[6.6875,7.75,6.625,8.09375],"rotation":0,"texture":"#0","tintindex":0}}},{"from":[5.4246545,1.2245097,6.0857143],"to":[6.1103687,1.5673671,6.857143],"rotation":{"angle":-45.0,"axis":"z","origin":[5.7675114,1.3959384,6.4714284]},"faces":{"east":{"uv":[7.125,7.875,7.28125,7.9375],"rotation":0,"texture":"#0","tintindex":0},"south":{"uv":[7.875,7.125,8.03125,7.1875],"rotation":0,"texture":"#0","tintindex":0},"north":{"uv":[7.875,7.0,8.03125,7.0625],"rotation":0,"texture":"#0","tintindex":0},"west":{"uv":[7.875,7.25,8.03125,7.3125],"rotation":0,"texture":"#0","tintindex":0},"up":{"uv":[3.40625,7.90625,3.25,7.75],"rotation":0,"texture":"#0","tintindex":0},"down":{"uv":[7.90625,3.25,7.75,3.40625],"rotation":0,"texture":"#0","tintindex":0}}},{"from":[8.924234,1.2245097,6.0857143],