{"textures":{"0":"modelengine:entity/skeletoncrossbow"},"elements":[{"from":[7.4866157,7.0012174,7.142857],"to":[9.77233,8.715504,8.857143],"rotation":{"angle":-22.5,"axis":"z","origin":[8.629473,7.8583603,8.0]},"faces":{"east":{"uv":[5.0,2.375,5.375,2.75],"rotation":0,"texture":"#0","tintindex":0},"south":{"uv":[4.5,3.75,5.0,4.125],"rotation":0,"texture":"#0","tintindex":0},"north":{"uv":[4.5,2.875,5.0,3.25],"rotation":0,"texture":"#0","tintindex":0},"west":{"uv":[5.0,2.75,5.375,3.125],"rotation":0,"texture":"#0","tintindex":0},"up":{"uv":[4.625,4.875,4.125,4.5],"rotation":0,"texture":"#0","tintindex":0},"down":{"uv":[5.0,4.125,4.5,4.5],"rotation":0,"texture":"#0","tintindex":0}}},{"from":[7.745236,4.7507153,7.2],"to":[9.002378,6.0078583,8.4],"rotation":{"angle":-45.0,"axis":"z","origin":[8.373807,5.379287,7.8]},"faces":{"east":{"uv":[3.75,6.75,4.0,7.03125],"rotation":0,"texture":"#0","tintindex":0},"south":{"uv":[6.0,6.125,6.28125,6.40625],"rotation":0,"texture":"#0","tintindex":0},"north":{"uv":[6.125,5.625,6.40625,5.90625],"rotation":0,"texture":"#0","tintindex":0},"west":{"uv":[4.0,6.75,4.25,7.03125],"rotation":0,"texture":"#0","tintindex":0},"up":{"uv":[4.53125,7.0,4.25,6.75],"rotation":0,"texture":"#0","tintindex":0},"down":{"uv":[5.53125,6.75,5.25,7.0],"rotation":0,"texture":"#0","tintindex":0}}},{"from":[7.8030157,5.2,7.3714285],"to":[8.945873,7.6,8.228572],"rotation":{"angle":0.0,"axis":"y","origin":[8.374444,6.4,7.8]},"faces":{"east":{"uv":[3.375,5.75,3.5625,6.28125],"rotation":0,"texture":"#0","tintindex":0},"south":{"uv":[1.625,5.375,1.875,5.90625],"rotation":0,"texture":"#0","tintindex":0},"north":{"uv":[2.875,5.25,3.125,5.78125],"rotation":0,"texture":"#0","tintindex":0},"west":{"uv":[4.375,5.75,4.5625,6.28125],"rotation":0,"texture":"#0","tintindex":0},"up":{"uv":[7.75,4.1875,7.5,4.0],"rotation":0,"texture":"#0","tintindex":0},"down":{"uv":[7.75,4.25,7.5,4.4375],"rotation":0,"texture":"#0","tintindex":0}}},{"from":[7.785642,7.2154875,7.2],"to":[9.042785,8.4726305,8.4],"rotation":{"angle":-45.0,"axis":"z","origin":[8.414213,7.844059,7.8]},"faces":{"east":{"uv":[5.625,6.75,5.875,7.03125],"rotation":0,"texture":"#0","tintindex":0},"south":{"uv":[6.25,2.75,6.53125,3.03125],"rotation":0,"texture":"#0","tintindex":0},"north":{"uv":[2.25,6.25,2.53125,6.53125],"rotation":0,"texture":"#0","tintindex":0},"west":{"uv":[5.875,6.75,6.125,7.03125],"rotation":0,"texture":"#0","tintindex":0},"up":{"uv":[7.03125,6.25,6.75,6.0],"rotation":0,"texture":"#0","tintindex":0},"down":{"uv":[7.03125,6.25,6.75,6.5],"rotation":0,"texture":"#0","tintindex":0}}}],"display":{"head":{"translation":[0.0,-6.4,0.0],"scale":[4.0,4.0,4.0]}}}