{"textures":{"0":"modelengine:entity/skeletoncrossbow"},"elements":[{"from":[7.385642,6.9297733,7.542857],"to":[8.642785,8.186916,8.742857],"rotation":{"angle":-45.0,"axis":"z","origin":[8.014214,7.558345,8.142858]},"faces":{"east":{"uv":[7.0,1.375,7.25,1.65625],"rotation":0,"texture":"#0","tintindex":0},"south":{"uv":[1.875,6.375,2.15625,6.65625],"rotation":0,"texture":"#0","tintindex":0},"north":{"uv":[1.5,6.375,1.78125,6.65625],"rotation":0,"texture":"#0","tintindex":0},"west":{"uv":[1.625,7.0,1.875,7.28125],"rotation":0,"texture":"#0","tintindex":0},"up":{"uv":[7.28125,1.125,7.0,0.875],"rotation":0,"texture":"#0","tintindex":0},"down":{"uv":[7.28125,2.0,7.0,2.25],"rotation":0,"texture":"#0","tintindex":0}}},{"from":[7.4030156,4.9142857,7.714286],"to":[8.545873,7.3142858,8.571428],"rotation":{"angle":0.0,"axis":"y","origin":[7.9744444,6.1142855,8.142858]},"faces":{"east":{"uv":[3.625,5.875,3.8125,6.40625],"rotation":0,"texture":"#0","tintindex":0},"south":{"uv":[5.375,3.0,5.625,3.53125],"rotation":0,"texture":"#0","tintindex":0},"north":{"uv":[2.625,5.375,2.875,5.90625],"rotation":0,"texture":"#0","tintindex":0},"west":{"uv":[4.875,5.875,5.0625,6.40625],"rotation":0,"texture":"#0","tintindex":0},"up":{"uv":[1.0,7.8125,0.75,7.625],"rotation":0,"texture":"#0","tintindex":0},"down":{"uv":[1.25,7.625,1.0,7.8125],"rotation":0,"texture":"#0","tintindex":0}}},{"from":[7.345236,4.465001,7.542857],"to":[8.602379,5.722144,8.742857],"rotation":{"angle":-45.0,"axis":"z","origin":[7.9738073,5.0935726,8.142858]},"faces":{"east":{"uv":[3.0,7.0,3.25,7.28125],"rotation":0,"texture":"#0","tintindex":0},"south":{"uv":[3.875,6.375,4.15625,6.65625],"rotation":0,"texture":"#0","tintindex":0},"north":{"uv":[3.125,6.375,3.40625,6.65625],"rotation":0,"texture":"#0","tintindex":0},"west":{"uv":[7.0,3.0,7.25,3.28125],"rotation":0,"texture":"#0","tintindex":0},"up":{"uv":[3.53125,7.25,3.25,7.0],"rotation":0,"texture":"#0","tintindex":0},"down":{"uv":[7.28125,3.375,7.0,3.625],"rotation":0,"texture":"#0","tintindex":0}}}],"display":{"head":{"translation":[0.0,-6.4,0.0],"scale":[4.0,4.0,4.0]}}}