{"textures":{"0":"modelengine:entity/skeletonaxe"},"elements":[{"from":[2.260158,0.22857094,8.057143],"to":[5.2315874,2.0571427,9.257143],"rotation":{"angle":0.0,"axis":"y","origin":[5.714286,5.3142858,8.285714]},"faces":{"east":{"uv":[2.0,10.0,2.5,10.8125],"rotation":0,"texture":"#0","tintindex":0},"south":{"uv":[5.5,0.0,6.8125,0.8125],"rotation":0,"texture":"#0","tintindex":0},"north":{"uv":[5.25,5.0,6.5625,5.8125],"rotation":0,"texture":"#0","tintindex":0},"west":{"uv":[10.0,5.5,10.5,6.3125],"rotation":0,"texture":"#0","tintindex":0},"up":{"uv":[8.0625,6.0,6.75,5.5],"rotation":0,"texture":"#0","tintindex":0},"down":{"uv":[8.8125,1.5,7.5,2.0],"rotation":0,"texture":"#0","tintindex":0}}},{"from":[3.4030156,2.0571427,8.6285715],"to":[4.08873,3.0857139,9.257143],"rotation":{"angle":0.0,"axis":"y","origin":[5.714286,5.3142858,8.285714]},"faces":{"east":{"uv":[12.5,14.5,12.75,14.9375],"rotation":0,"texture":"#0","tintindex":0},"south":{"uv":[14.25,12.25,14.5625,12.6875],"rotation":0,"texture":"#0","tintindex":0},"north":{"uv":[11.25,14.25,11.5625,14.6875],"rotation":0,"texture":"#0","tintindex":0},"west":{"uv":[12.75,14.5,13.0,14.9375],"rotation":0,"texture":"#0","tintindex":0},"up":{"uv":[15.0625,13.5,14.75,13.25],"rotation":0,"texture":"#0","tintindex":0},"down":{"uv":[15.3125,3.5,15.0,3.75],"rotation":0,"texture":"#0","tintindex":0}}},{"from":[3.117301,2.2857141,8.514286],"to":[4.374444,2.9142857,9.3714285],"rotation":{"angle":0.0,"axis":"y","origin":[5.714286,4.5142856,8.285714]},"faces":{"east":{"uv":[3.0,13.25,3.375,13.5],"rotation":0,"texture":"#0","tintindex":0},"south":{"uv":[14.25,12.0,14.8125,12.25],"rotation":0,"texture":"#0","tintindex":0},"north":{"uv":[14.25,11.75,14.8125,12.0],"rotation":0,"texture":"#0","tintindex":0},"west":{"uv":[14.5,7.75,14.875,8.0],"rotation":0,"texture":"#0","tintindex":0},"up":{"uv":[14.3125,2.375,13.75,2.0],"rotation":0,"texture":"#0","tintindex":0},"down":{"uv":[2.8125,13.75,2.25,14.125],"rotation":0,"texture":"#0","tintindex":0}}}],"display":{"head":{"translation":[0.0,-6.4,0.0],"scale":[4.0,4.0,4.0]}}}