{"textures":{"0":"modelengine:entity/skeletonaxe"},"elements":[{"from":[3.3398414,7.9428573,7.542857],"to":[4.596984,9.2,8.742857],"rotation":{"angle":45.0,"axis":"z","origin":[7.2,12.914286,8.342857]},"faces":{"east":{"uv":[13.0,6.5,13.5,7.0625],"rotation":0,"texture":"#0","tintindex":0},"south":{"uv":[10.5,11.75,11.0625,12.3125],"rotation":0,"texture":"#0","tintindex":0},"north":{"uv":[9.75,11.75,10.3125,12.3125],"rotation":0,"texture":"#0","tintindex":0},"west":{"uv":[8.0,13.0,8.5,13.5625],"rotation":0,"texture":"#0","tintindex":0},"up":{"uv":[13.5625,6.0,13.0,5.5],"rotation":0,"texture":"#0","tintindex":0},"down":{"uv":[13.5625,8.0,13.0,8.5],"rotation":0,"texture":"#0","tintindex":0}}},{"from":[7.4541273,4.9142857,7.714286],"to":[8.596984,7.3142858,8.571428],"rotation":{"angle":0.0,"axis":"y","origin":[7.2,12.914286,8.342857]},"faces":{"east":{"uv":[2.5,10.75,2.875,11.8125],"rotation":0,"texture":"#0","tintindex":0},"south":{"uv":[9.25,3.75,9.75,4.8125],"rotation":0,"texture":"#0","tintindex":0},"north":{"uv":[9.25,2.5,9.75,3.5625],"rotation":0,"texture":"#0","tintindex":0},"west":{"uv":[10.75,2.5,11.125,3.5625],"rotation":0,"texture":"#0","tintindex":0},"up":{"uv":[8.5,14.625,8.0,14.25],"rotation":0,"texture":"#0","tintindex":0},"down":{"uv":[14.75,8.5,14.25,8.875],"rotation":0,"texture":"#0","tintindex":0}}},{"from":[1.6255555,6.1714287,7.542857],"to":[2.8826985,7.428571,8.742857],"rotation":{"angle":45.0,"axis":"z","origin":[7.2,12.914286,8.342857]},"faces":{"east":{"uv":[8.5,13.0,9.0,13.5625],"rotation":0,"texture":"#0","tintindex":0},"south":{"uv":[0.0,12.0,0.5625,12.5625],"rotation":0,"texture":"#0","tintindex":0},"north":{"uv":[11.25,11.75,11.8125,12.3125],"rotation":0,"texture":"#0","tintindex":0},"west":{"uv":[13.0,8.5,13.5,9.0625],"rotation":0,"texture":"#0","tintindex":0},"up":{"uv":[9.5625,13.5,9.0,13.0],"rotation":0,"texture":"#0","tintindex":0},"down":{"uv":[13.5625,9.25,13.0,9.75],"rotation":0,"texture":"#0","tintindex":0}}}],"display":{"head":{"translation":[0.0,-6.4,0.0],"scale":[4.0,4.0,4.0]}}}