{"textures":{"0":"modelengine:entity/skeletonaxe"},"elements":[{"from":[7.054127,3.885714,4.9142857],"to":[7.51127,7.9428573,10.571428],"rotation":{"angle":0.0,"axis":"y","origin":[8.971429,11.142858,8.228572]},"faces":{"east":{"uv":[0.0,0.0,2.5,1.75],"rotation":0,"texture":"#0","tintindex":0},"south":{"uv":[8.0,10.25,8.1875,12.0],"rotation":0,"texture":"#0","tintindex":0},"north":{"uv":[6.75,7.25,6.9375,9.0],"rotation":0,"texture":"#0","tintindex":0},"west":{"uv":[0.0,1.75,2.5,3.5],"rotation":0,"texture":"#0","tintindex":0},"up":{"uv":[0.6875,11.25,0.5,8.75],"rotation":0,"texture":"#0","tintindex":0},"down":{"uv":[5.9375,9.0,5.75,11.5],"rotation":0,"texture":"#0","tintindex":0}}},{"from":[6.8826985,7.8058543,9.70433],"to":[7.6826987,8.491569,12.2186165],"rotation":{"angle":22.5,"axis":"x","origin":[8.971429,11.142858,8.228572]},"faces":{"east":{"uv":[10.25,7.75,11.375,8.0625],"rotation":0,"texture":"#0","tintindex":0},"south":{"uv":[14.5,5.75,14.875,6.0625],"rotation":0,"texture":"#0","tintindex":0},"north":{"uv":[14.5,5.25,14.875,5.5625],"rotation":0,"texture":"#0","tintindex":0},"west":{"uv":[10.75,1.0,11.875,1.3125],"rotation":0,"texture":"#0","tintindex":0},"up":{"uv":[1.125,10.625,0.75,9.5],"rotation":0,"texture":"#0","tintindex":0},"down":{"uv":[6.375,9.5,6.0,10.625],"rotation":0,"texture":"#0","tintindex":0}}},{"from":[6.876984,4.652176,10.500288],"to":[7.6769843,7.166462,10.900288],"rotation":{"angle":0.0,"axis":"y","origin":[8.971429,11.142858,8.228572]},"faces":{"east":{"uv":[0.0,13.75,0.1875,14.875],"rotation":0,"texture":"#0","tintindex":0},"south":{"uv":[4.75,9.75,5.125,10.875],"rotation":0,"texture":"#0","tintindex":0},"north":{"uv":[9.75,3.25,10.125,4.375],"rotation":0,"texture":"#0","tintindex":0},"west":{"uv":[0.25,13.75,0.4375,14.875],"rotation":0,"texture":"#0","tintindex":0},"up":{"uv":[15.375,3.9375,15.0,3.75],"rotation":0,"texture":"#0","tintindex":0},"down":{"uv":[4.375,15.0,4.0,15.1875],"rotation":0,"texture":"#0","tintindex":0}}},{"from":[6.825556,7.3857803,5.3202477],"to":[7.7398415,8.128637,8.577391],"rotation":{"angle":0.0,"axis":"y","origin":[8.971429,11.142858,8.228572]},"faces":{"east":{"uv":[9.5,2.0,10.9375,2.3125],"rotation":0,"texture":"#0","tintindex":0},"south":{"uv":[14.5,6.75,14.875,7.0625],"rotation":0,"texture":"#0","tintindex":0},"north":{"uv":[14.5,6.25,14.875,6.5625],"rotation":0,"texture":"#0","tintindex":0},"west":{"uv":[9.5,5.0,10.9375,5.3125],"rotation":0,"texture":"#0","tintindex":0},"up":{"uv":[1.125,9.4375,0.75,8.0],"rotation":0,"texture":"#0","tintindex":0},"down":{"uv":[4.375,8.0,4.0,9.4375],"rotation":0,"texture":"#0","tintindex":0}}},{"from":[6.825556,3.690001,5.320248],"to":[7.7398415,4.4328585,8.577391],"rotation":{"angle":0.0,"axis":"y","origin":[8.971429,0.6757808,8.228572]},"faces":{"east":{"uv":[9.5,6.75,10.9375,7.0625],"rotation":0,"texture":"#0","tintindex":0},"south":{"uv":[7.5,14.5,7.875,14.8125],"rotation":0,"texture":"#0","tintindex":0},"north":{"uv":[14.5,7.25,14.875,7.5625],"rotation":0,"texture":"#0","tintindex":0},"west":{"uv":[9.5,7.25,10.9375,7.5625],"rotation":0,"texture":"#0","tintindex":0},"up":{"uv":[6.375,9.4375,6.0,8.0],"rotation":0,"texture":"#0","tintindex":0},"down":{"uv":[8.625,8.5,8.25,9.9375],"rotation":0,"texture":"#0","tintindex":0}}},{"from":[6.8826985,3.3270698,9.70433],"to":[7.6826987,4.012784,12.2186165],"rotation":{"angle":-22.5,"axis":"x","origin":[8.971429,0.6757808,8.228572]},"faces":{"east":{"uv":[10.75,1.5,11.875,1.8125],"rotation":0,"texture":"#0","tintindex":0},"south":{"uv":[9.5,14.5,9.875,14.8125],"rotation":0,"texture":"#0","tintindex":0},"north":{"uv":[9.0,14.5,9.375,14.8125],"rotation":0,"texture":"#0","tintindex":0},"west":{"uv":[10.75,3.75,11.875,4.0625],"rotation":0,"texture":"#0","tintindex":0},"up":{"uv":[9.125,10.875,8.75,9.75],"rotation":0,"texture":"#0","tintindex":0},"down":{"uv":[0.375,10.0,0.0,11.125],"rotation":0,"texture":"#0","tintindex":0}}},{"from":[6.825556,3.0857139,4.2285714],"to":[7.854127,8.514286,5.3142858],"rotation":{"angle":0.0,"axis":"y","origin":[8.971429,11.142858,8.228572]},"faces":{"east":{"uv":[0.0,4.75,0.5,7.125],"rotation":0,"texture":"#0","tintindex":0},"south":{"uv":[4.0,5.5,4.4375,7.875],"rotation":0,"texture":"#0","tintindex":0},"north":{"uv":[1.0,4.75,1.4375,7.125],"rotation":0,"texture":"#0","tintindex":0},"west":{"uv":[0.5,4.75,1.0,7.125],"rotation":0,"texture":"#0","tintindex":0},"up":{"uv":[13.9375,10.5,13.5,10.0],"rotation":0,"texture":"#0","tintindex":0},"down":{"uv":[12.1875,13.5,11.75,14.0],"rotation":0,"texture":"#0","tintindex":0}}},{"from":[4.8798265,8.151327,7.142857],"to":[6.1369696,9.40847,8.342857],"rotation":{"angle":45.0,"axis":"z","origin":[8.457143,11.142858,8.228572]},"faces":{"east":{"uv":[6.0,12.25,6.5,12.8125],"rotation":0,"texture":"#0","tintindex":0},"south":{"uv":[8.25,11.25,8.8125,11.8125],"rotation":0,"texture":"#0","tintindex":0},"north":{"uv":[11.25,2.5,11.8125,3.0625],"rotation":0,"texture":"#0","tintindex":0},"west":{"uv":[12.25,6.0,12.75,6.5625],"rotation":0,"texture":"#0","tintindex":0},"up":{"uv":[7.0625,12.75,6.5,12.25],"rotation":0,"texture":"#0","tintindex":0},"down":{"uv":[12.8125,6.75,12.25,7.25],"rotation":0,"texture":"#0","tintindex":0}}},{"from":[7.51127,4.742857,7.3142858],"to":[8.654127,7.142857,8.171429],"rotation":{"angle":0.0,"axis":"y","origin":[8.457143,11.142858,8.228572]},"faces":{"east":{"uv":[3.75,10.25,4.125,11.3125],"rotation":0,"texture":"#0","tintindex":0},"south":{"uv":[8.75,3.75,9.25,4.8125],"rotation":0,"texture":"#0","tintindex":0},"north":{"uv":[8.75,2.5,9.25,3.5625],"rotation":0,"texture":"#0","tintindex":0},"west":{"uv":[4.25,10.25,4.625,11.3125],"rotation":0,"texture":"#0","tintindex":0},"up":{"uv":[9.5,14.375,9.0,14.0],"rotation":0,"texture":"#0","tintindex":0},"down":{"uv":[10.0,14.0,9.5,14.375],"rotation":0,"texture":"#0","tintindex":0}}},{"from":[7.6826987,3.485714,6.857143],"to":[9.225555,5.3142858,8.342857],"rotation":{"angle":0.0,"axis":"y","origin":[8.457143,11.142858,8.228572]},"faces":{"east":{"uv":[8.75,7.0,9.375,7.8125],"rotation":0,"texture":"#0","tintindex":0},"south":{"uv":[5.25,8.0,5.9375,8.8125],"rotation":0,"texture":"#0","tintindex":0},"north":{"uv":[3.0,8.0,3.6875,8.8125],"rotation":0,"texture":"#0","tintindex":0},"west":{"uv":[9.25,5.75,9.875,6.5625],"rotation":0,"texture":"#0","tintindex":0},"up":{"uv":[4.6875,10.125,4.0,9.5],"rotation":0,"texture":"#0","tintindex":0},"down":{"uv":[10.1875,7.75,9.5,8.375],"rotation":0,"texture":"#0","tintindex":0}}}],"display":{"head":{"translation":[0.0,-6.4,0.0],"scale":[4.0,4.0,4.0]}}}