{"textures":{"0":"modelengine:entity/skeletonaxe"},"elements":[{"from":[3.3398414,7.7714286,7.4857144],"to":[4.596984,9.028571,8.685715],"rotation":{"angle":45.0,"axis":"z","origin":[7.2,12.742857,8.285714]},"faces":{"east":{"uv":[13.0,2.5,13.5,3.0625],"rotation":0,"texture":"#0","tintindex":0},"south":{"uv":[1.25,11.75,1.8125,12.3125],"rotation":0,"texture":"#0","tintindex":0},"north":{"uv":[11.5,11.0,12.0625,11.5625],"rotation":0,"texture":"#0","tintindex":0},"west":{"uv":[13.0,3.25,13.5,3.8125],"rotation":0,"texture":"#0","tintindex":0},"up":{"uv":[13.5625,4.5,13.0,4.0],"rotation":0,"texture":"#0","tintindex":0},"down":{"uv":[5.0625,13.0,4.5,13.5],"rotation":0,"texture":"#0","tintindex":0}}},{"from":[7.4541273,4.742857,7.6571426],"to":[8.596984,7.142857,8.514286],"rotation":{"angle":0.0,"axis":"y","origin":[7.2,12.742857,8.285714]},"faces":{"east":{"uv":[10.25,10.5,10.625,11.5625],"rotation":0,"texture":"#0","tintindex":0},"south":{"uv":[1.5,9.25,2.0,10.3125],"rotation":0,"texture":"#0","tintindex":0},"north":{"uv":[7.75,9.0,8.25,10.0625],"rotation":0,"texture":"#0","tintindex":0},"west":{"uv":[0.75,10.75,1.125,11.8125],"rotation":0,"texture":"#0","tintindex":0},"up":{"uv":[2.0,14.625,1.5,14.25],"rotation":0,"texture":"#0","tintindex":0},"down":{"uv":[2.5,14.25,2.0,14.625],"rotation":0,"texture":"#0","tintindex":0}}},{"from":[7.428571,4.6601586,6.6285715],"to":[8.6285715,5.5173016,7.885714],"rotation":{"angle":0.0,"axis":"y","origin":[7.2,12.514286,8.0]},"faces":{"east":{"uv":[13.75,5.5,14.3125,5.875],"rotation":0,"texture":"#0","tintindex":0},"south":{"uv":[3.0,14.25,3.5,14.625],"rotation":0,"texture":"#0","tintindex":0},"north":{"uv":[2.5,14.25,3.0,14.625],"rotation":0,"texture":"#0","tintindex":0},"west":{"uv":[8.0,13.75,8.5625,14.125],"rotation":0,"texture":"#0","tintindex":0},"up":{"uv":[4.0,13.5625,3.5,13.0],"rotation":0,"texture":"#0","tintindex":0},"down":{"uv":[6.5,13.0,6.0,13.5625],"rotation":0,"texture":"#0","tintindex":0}}}],"display":{"head":{"translation":[0.0,-6.4,0.0],"scale":[4.0,4.0,4.0]}}}