{"textures":{"0":"modelengine:entity/skeletonaxe"},"elements":[{"from":[11.403016,7.9428573,7.542857],"to":[12.660158,9.2,8.742857],"rotation":{"angle":-45.0,"axis":"z","origin":[8.8,12.914286,8.342857]},"faces":{"east":{"uv":[12.75,7.25,13.25,7.8125],"rotation":0,"texture":"#0","tintindex":0},"south":{"uv":[6.75,11.5,7.3125,12.0625],"rotation":0,"texture":"#0","tintindex":0},"north":{"uv":[6.0,11.5,6.5625,12.0625],"rotation":0,"texture":"#0","tintindex":0},"west":{"uv":[7.5,12.75,8.0,13.3125],"rotation":0,"texture":"#0","tintindex":0},"up":{"uv":[12.3125,13.25,11.75,12.75],"rotation":0,"texture":"#0","tintindex":0},"down":{"uv":[13.5625,0.0,13.0,0.5],"rotation":0,"texture":"#0","tintindex":0}}},{"from":[7.4030156,4.9142857,7.714286],"to":[8.545873,7.3142858,8.571428],"rotation":{"angle":0.0,"axis":"y","origin":[8.8,12.914286,8.342857]},"faces":{"east":{"uv":[10.5,5.5,10.875,6.5625],"rotation":0,"texture":"#0","tintindex":0},"south":{"uv":[7.25,9.0,7.75,10.0625],"rotation":0,"texture":"#0","tintindex":0},"north":{"uv":[6.75,9.0,7.25,10.0625],"rotation":0,"texture":"#0","tintindex":0},"west":{"uv":[9.75,10.5,10.125,11.5625],"rotation":0,"texture":"#0","tintindex":0},"up":{"uv":[1.0,14.625,0.5,14.25],"rotation":0,"texture":"#0","tintindex":0},"down":{"uv":[1.5,14.25,1.0,14.625],"rotation":0,"texture":"#0","tintindex":0}}},{"from":[13.117302,6.1714287,7.542857],"to":[14.374445,7.428571,8.742857],"rotation":{"angle":-45.0,"axis":"z","origin":[8.8,12.914286,8.342857]},"faces":{"east":{"uv":[0.75,13.0,1.25,13.5625],"rotation":0,"texture":"#0","tintindex":0},"south":{"uv":[9.0,11.5,9.5625,12.0625],"rotation":0,"texture":"#0","tintindex":0},"north":{"uv":[11.5,7.25,12.0625,7.8125],"rotation":0,"texture":"#0","tintindex":0},"west":{"uv":[1.75,13.0,2.25,13.5625],"rotation":0,"texture":"#0","tintindex":0},"up":{"uv":[13.5625,2.5,13.0,2.0],"rotation":0,"texture":"#0","tintindex":0},"down":{"uv":[2.8125,13.0,2.25,13.5],"rotation":0,"texture":"#0","tintindex":0}}}],"display":{"head":{"translation":[0.0,-6.4,0.0],"scale":[4.0,4.0,4.0]}}}