{"textures":{"0":"modelengine:entity/skeletonaxe"},"elements":[{"from":[7.203016,4.0571427,3.142857],"to":[7.7173014,4.742857,9.428572],"rotation":{"angle":0.0,"axis":"y","origin":[8.914286,12.742857,7.9428573]},"faces":{"east":{"uv":[5.5,2.0,8.25,2.3125],"rotation":0,"texture":"#0","tintindex":0},"south":{"uv":[14.75,12.75,15.0,13.0625],"rotation":0,"texture":"#0","tintindex":0},"north":{"uv":[11.5,14.75,11.75,15.0625],"rotation":0,"texture":"#0","tintindex":0},"west":{"uv":[6.0,6.0,8.75,6.3125],"rotation":0,"texture":"#0","tintindex":0},"up":{"uv":[5.25,9.75,5.0,7.0],"rotation":0,"texture":"#0","tintindex":0},"down":{"uv":[1.5,7.25,1.25,10.0],"rotation":0,"texture":"#0","tintindex":0}}},{"from":[7.145873,3.9428568,3.4285712],"to":[7.774444,4.8571424,5.142857],"rotation":{"angle":0.0,"axis":"y","origin":[8.914286,12.742857,8.228572]},"faces":{"east":{"uv":[10.25,12.5,11.0,12.875],"rotation":0,"texture":"#0","tintindex":0},"south":{"uv":[14.75,3.0,15.0,3.375],"rotation":0,"texture":"#0","tintindex":0},"north":{"uv":[3.0,14.75,3.25,15.125],"rotation":0,"texture":"#0","tintindex":0},"west":{"uv":[11.0,12.5,11.75,12.875],"rotation":0,"texture":"#0","tintindex":0},"up":{"uv":[2.25,10.0,2.0,9.25],"rotation":0,"texture":"#0","tintindex":0},"down":{"uv":[10.75,2.5,10.5,3.25],"rotation":0,"texture":"#0","tintindex":0}}},{"from":[7.203016,2.2857141,3.5428567],"to":[7.7173014,3.9428568,3.9428568],"rotation":{"angle":0.0,"axis":"y","origin":[8.914286,12.742857,7.9428573]},"faces":{"east":{"uv":[11.0,14.0,11.1875,14.75],"rotation":0,"texture":"#0","tintindex":0},"south":{"uv":[10.75,14.0,11.0,14.75],"rotation":0,"texture":"#0","tintindex":0},"north":{"uv":[10.5,14.0,10.75,14.75],"rotation":0,"texture":"#0","tintindex":0},"west":{"uv":[3.5,14.25,3.6875,15.0],"rotation":0,"texture":"#0","tintindex":0},"up":{"uv":[15.25,5.9375,15.0,5.75],"rotation":0,"texture":"#0","tintindex":0},"down":{"uv":[15.25,6.0,15.0,6.1875],"rotation":0,"texture":"#0","tintindex":0}}},{"from":[7.145873,1.6174827,3.2498007],"to":[7.774444,2.5889115,4.335515],"rotation":{"angle":22.5,"axis":"x","origin":[7.7714286,1.6439576,3.1227098]},"faces":{"east":{"uv":[12.25,13.5,12.75,13.9375],"rotation":0,"texture":"#0","tintindex":0},"south":{"uv":[11.75,14.5,12.0,14.9375],"rotation":0,"texture":"#0","tintindex":0},"north":{"uv":[14.5,11.0,14.75,11.4375],"rotation":0,"texture":"#0","tintindex":0},"west":{"uv":[12.75,13.5,13.25,13.9375],"rotation":0,"texture":"#0","tintindex":0},"up":{"uv":[14.75,2.0,14.5,1.5],"rotation":0,"texture":"#0","tintindex":0},"down":{"uv":[14.75,2.0,14.5,2.5],"rotation":0,"texture":"#0","tintindex":0}}},{"from":[7.174444,1.2578001,4.202159],"to":[7.745873,2.2292285,6.602159],"rotation":{"angle":-22.5,"axis":"x","origin":[7.7714286,1.2842755,4.475068]},"faces":{"east":{"uv":[9.5,1.0,10.5625,1.4375],"rotation":0,"texture":"#0","tintindex":0},"south":{"uv":[12.25,14.5,12.5,14.9375],"rotation":0,"texture":"#0","tintindex":0},"north":{"uv":[12.0,14.5,12.25,14.9375],"rotation":0,"texture":"#0","tintindex":0},"west":{"uv":[9.5,1.5,10.5625,1.9375],"rotation":0,"texture":"#0","tintindex":0},"up":{"uv":[11.5,14.0625,11.25,13.0],"rotation":0,"texture":"#0","tintindex":0},"down":{"uv":[11.75,13.0,11.5,14.0625],"rotation":0,"texture":"#0","tintindex":0}}},{"from":[7.203016,2.344716,5.7120805],"to":[7.7173014,3.6018586,6.1120806],"rotation":{"angle":-45.0,"axis":"x","origin":[7.7714286,2.6176248,6.0856056]},"faces":{"east":{"uv":[14.5,12.75,14.6875,13.3125],"rotation":0,"texture":"#0","tintindex":0},"south":{"uv":[14.25,11.0,14.5,11.5625],"rotation":0,"texture":"#0","tintindex":0},"north":{"uv":[8.5,14.25,8.75,14.8125],"rotation":0,"texture":"#0","tintindex":0},"west":{"uv":[13.0,14.5,13.1875,15.0625],"rotation":0,"texture":"#0","tintindex":0},"up":{"uv":[15.25,6.4375,15.0,6.25],"rotation":0,"texture":"#0","tintindex":0},"down":{"uv":[15.25,6.5,15.0,6.6875],"rotation":0,"texture":"#0","tintindex":0}}},{"from":[7.174444,2.9323044,4.7226534],"to":[7.745873,3.332304,5.4083676],"rotation":{"angle":0.0,"axis":"y","origin":[7.7714286,3.305829,6.2783155]},"faces":{"east":{"uv":[15.0,5.0,15.3125,5.1875],"rotation":0,"texture":"#0","tintindex":0},"south":{"uv":[15.0,7.0,15.25,7.1875],"rotation":0,"texture":"#0","tintindex":0},"north":{"uv":[15.0,6.75,15.25,6.9375],"rotation":0,"texture":"#0","tintindex":0},"west":{"uv":[5.25,15.0,5.5625,15.1875],"rotation":0,"texture":"#0","tintindex":0},"up":{"uv":[15.0,14.8125,14.75,14.5],"rotation":0,"texture":"#0","tintindex":0},"down":{"uv":[0.25,15.0,0.0,15.3125],"rotation":0,"texture":"#0","tintindex":0}}},{"from":[7.203016,3.2751608,4.7226534],"to":[7.7173014,3.9608755,5.122653],"rotation":{"angle":0.0,"axis":"y","origin":[7.7714286,2.4623556,5.096178]},"faces":{"east":{"uv":[15.0,5.25,15.1875,5.5625],"rotation":0,"texture":"#0","tintindex":0},"south":{"uv":[15.0,1.0,15.25,1.3125],"rotation":0,"texture":"#0","tintindex":0},"north":{"uv":[0.25,15.0,0.5,15.3125],"rotation":0,"texture":"#0","tintindex":0},"west":{"uv":[5.75,15.0,5.9375,15.3125],"rotation":0,"texture":"#0","tintindex":0},"up":{"uv":[15.25,7.4375,15.0,7.25],"rotation":0,"texture":"#0","tintindex":0},"down":{"uv":[7.75,15.0,7.5,15.1875],"rotation":0,"texture":"#0","tintindex":0}}},{"from":[6.774444,3.485714,6.857143],"to":[8.317302,5.3142858,8.342857],"rotation":{"angle":0.0,"axis":"y","origin":[7.542857,11.142858,8.228572]},"faces":{"east":{"uv":[9.25,8.5,9.875,9.3125],"rotation":0,"texture":"#0","tintindex":0},"south":{"uv":[1.5,8.25,2.1875,9.0625],"rotation":0,"texture":"#0","tintindex":0},"north":{"uv":[7.5,8.0,8.1875,8.8125],"rotation":0,"texture":"#0","tintindex":0},"west":{"uv":[9.5,0.0,10.125,0.8125],"rotation":0,"texture":"#0","tintindex":0},"up":{"uv":[9.9375,10.125,9.25,9.5],"rotation":0,"texture":"#0","tintindex":0},"down":{"uv":[10.4375,2.5,9.75,3.125],"rotation":0,"texture":"#0","tintindex":0}}},{"from":[7.345873,4.742857,7.3142858],"to":[8.48873,7.142857,8.171429],"rotation":{"angle":0.0,"axis":"y","origin":[7.542857,11.142858,8.228572]},"faces":{"east":{"uv":[7.0,10.25,7.375,11.3125],"rotation":0,"texture":"#0","tintindex":0},"south":{"uv":[2.75,9.0,3.25,10.0625],"rotation":0,"texture":"#0","tintindex":0},"north":{"uv":[9.0,0.5,9.5,1.5625],"rotation":0,"texture":"#0","tintindex":0},"west":{"uv":[7.5,10.25,7.875,11.3125],"rotation":0,"texture":"#0","tintindex":0},"up":{"uv":[12.25,14.375,11.75,14.0],"rotation":0,"texture":"#0","tintindex":0},"down":{"uv":[12.75,14.0,12.25,14.375],"rotation":0,"texture":"#0","tintindex":0}}},{"from":[9.86303,8.151327,7.142857],"to":[11.120173,9.40847,8.342857],"rotation":{"angle":-45.0,"axis":"z","origin":[7.542857,11.142858,8.228572]},"faces":{"east":{"uv":[12.5,11.75,13.0,12.3125],"rotation":0,"texture":"#0","tintindex":0},"south":{"uv":[3.75,11.5,4.3125,12.0625],"rotation":0,"texture":"#0","tintindex":0},"north":{"uv":[3.0,11.5,3.5625,12.0625],"rotation":0,"texture":"#0","tintindex":0},"west":{"uv":[12.5,12.5,13.0,13.0625],"rotation":0,"texture":"#0","tintindex":0},"up":{"uv":[0.5625,13.25,0.0,12.75],"rotation":0,"texture":"#0","tintindex":0},"down":{"uv":[13.3125,0.5,12.75,1.0],"rotation":0,"texture":"#0","tintindex":0}}},{"from":[7.08873,8.447339,5.581785],"to":[7.8315873,9.093836,6.228283],"rotation":{"angle":-45.0,"axis":"x","origin":[7.345873,5.6652646,10.799711]},"faces":{"east":{"uv":[14.5,13.5,14.8125,13.8125],"rotation":0,"texture":"#0","tintindex":0},"south":{"uv":[13.75,14.5,14.0625,14.8125],"rotation":0,"texture":"#0","tintindex":0},"north":{"uv":[13.25,14.5,13.5625,14.8125],"rotation":0,"texture":"#0","tintindex":0},"west":{"uv":[14.5,14.0,14.8125,14.3125],"rotation":0,"texture":"#0","tintindex":0},"up":{"uv":[14.5625,14.8125,14.25,14.5],"rotation":0,"texture":"#0","tintindex":0},"down":{"uv":[15.0625,0.0,14.75,0.3125],"rotation":0,"texture":"#0","tintindex":0}}},{"from":[7.2315874,1.5330529,3.4282823],"to":[7.6887302,3.9509788,5.903352],"rotation":{"angle":0.0,"axis":"y","origin":[7.345873,5.6652646,10.799711]},