{"textures":{"0":"modelengine:entity/skeletonaxe"},"elements":[{"from":[11.403016,7.7714286,7.4857144],"to":[12.660158,9.028571,8.685715],"rotation":{"angle":-45.0,"axis":"z","origin":[8.8,12.742857,8.285714]},"faces":{"east":{"uv":[4.0,12.75,4.5,13.3125],"rotation":0,"texture":"#0","tintindex":0},"south":{"uv":[5.25,11.5,5.8125,12.0625],"rotation":0,"texture":"#0","tintindex":0},"north":{"uv":[4.5,11.5,5.0625,12.0625],"rotation":0,"texture":"#0","tintindex":0},"west":{"uv":[12.75,4.75,13.25,5.3125],"rotation":0,"texture":"#0","tintindex":0},"up":{"uv":[5.8125,13.25,5.25,12.75],"rotation":0,"texture":"#0","tintindex":0},"down":{"uv":[13.3125,6.0,12.75,6.5],"rotation":0,"texture":"#0","tintindex":0}}},{"from":[7.4030156,4.742857,7.6571426],"to":[8.545873,7.142857,8.514286],"rotation":{"angle":0.0,"axis":"y","origin":[8.8,12.742857,8.285714]},"faces":{"east":{"uv":[9.25,10.25,9.625,11.3125],"rotation":0,"texture":"#0","tintindex":0},"south":{"uv":[5.25,9.0,5.75,10.0625],"rotation":0,"texture":"#0","tintindex":0},"north":{"uv":[3.25,9.0,3.75,10.0625],"rotation":0,"texture":"#0","tintindex":0},"west":{"uv":[1.25,10.5,1.625,11.5625],"rotation":0,"texture":"#0","tintindex":0},"up":{"uv":[13.25,14.375,12.75,14.0],"rotation":0,"texture":"#0","tintindex":0},"down":{"uv":[13.75,14.0,13.25,14.375],"rotation":0,"texture":"#0","tintindex":0}}},{"from":[7.3714285,4.6601586,6.6285715],"to":[8.571428,5.5173016,7.885714],"rotation":{"angle":0.0,"axis":"y","origin":[8.8,12.514286,8.0]},"faces":{"east":{"uv":[3.0,13.75,3.5625,14.125],"rotation":0,"texture":"#0","tintindex":0},"south":{"uv":[13.75,14.0,14.25,14.375],"rotation":0,"texture":"#0","tintindex":0},"north":{"uv":[14.0,13.5,14.5,13.875],"rotation":0,"texture":"#0","tintindex":0},"west":{"uv":[13.75,4.0,14.3125,4.375],"rotation":0,"texture":"#0","tintindex":0},"up":{"uv":[7.0,13.3125,6.5,12.75],"rotation":0,"texture":"#0","tintindex":0},"down":{"uv":[7.5,12.75,7.0,13.3125],"rotation":0,"texture":"#0","tintindex":0}}}],"display":{"head":{"translation":[0.0,-6.4,0.0],"scale":[4.0,4.0,4.0]}}}