{"textures":{"0":"modelengine:entity/mso_snakewarrior2"},"elements":[{"from":[7.142857,6.285714,7.5714283],"to":[8.857143,8.285714,9.285714],"rotation":{"angle":0.0,"axis":"y","origin":[4.8571424,-2.285715,8.428572]},"faces":{"east":{"uv":[2.875,8.125,3.25,8.5625],"rotation":0,"texture":"#0","tintindex":0},"south":{"uv":[3.375,8.125,3.75,8.5625],"rotation":0,"texture":"#0","tintindex":0},"north":{"uv":[2.375,8.125,2.75,8.5625],"rotation":0,"texture":"#0","tintindex":0},"west":{"uv":[8.125,4.75,8.5,5.1875],"rotation":0,"texture":"#0","tintindex":0},"up":{"uv":[5.25,8.75,4.875,8.375],"rotation":0,"texture":"#0","tintindex":0},"down":{"uv":[8.875,0.5,8.5,0.875],"rotation":0,"texture":"#0","tintindex":0}}},{"from":[7.028571,4.5714283,7.457143],"to":[8.971429,6.285714,9.4],"rotation":{"angle":0.0,"axis":"y","origin":[4.8571424,-2.285715,8.428572]},"faces":{"east":{"uv":[5.75,7.75,6.1875,8.125],"rotation":0,"texture":"#0","tintindex":0},"south":{"uv":[6.375,7.75,6.8125,8.125],"rotation":0,"texture":"#0","tintindex":0},"north":{"uv":[7.75,4.25,8.1875,4.625],"rotation":0,"texture":"#0","tintindex":0},"west":{"uv":[0.0,7.875,0.4375,8.25],"rotation":0,"texture":"#0","tintindex":0},"up":{"uv":[7.9375,5.8125,7.5,5.375],"rotation":0,"texture":"#0","tintindex":0},"down":{"uv":[8.0625,6.0,7.625,6.4375],"rotation":0,"texture":"#0","tintindex":0}}},{"from":[7.1,6.285714,7.5142856],"to":[8.9,6.857143,9.342857],"rotation":{"angle":0.0,"axis":"y","origin":[4.8571424,-0.57142925,8.428572]},"faces":{"east":{"uv":[9.0,7.375,9.375,7.5],"rotation":0,"texture":"#0","tintindex":0},"south":{"uv":[7.625,9.0,8.0,9.125],"rotation":0,"texture":"#0","tintindex":0},"north":{"uv":[5.375,1.25,5.75,1.375],"rotation":0,"texture":"#0","tintindex":0},"west":{"uv":[9.0,7.625,9.375,7.75],"rotation":0,"texture":"#0","tintindex":0},"up":{"uv":[8.5,5.75,8.125,5.375],"rotation":0,"texture":"#0","tintindex":0},"down":{"uv":[8.625,0.0,8.25,0.375],"rotation":0,"texture":"#0","tintindex":0}}}],"display":{"head":{"translation":[0.0,-6.4,0.0],"scale":[4.0,4.0,4.0]}}}