{"textures":{"0":"modelengine:entity/mso_taloc"},"elements":[{"from":[-3.5617352,1.3664012,-2.6679325],"to":[8.346654,8.809144,18.667933],"rotation":{"angle":0.0,"axis":"y","origin":[-4.8021917,31.819626,5.3950396]},"faces":{"east":{"uv":[12.4375,11.0,13.3125,11.3125],"rotation":0,"texture":"#0","tintindex":0},"south":{"uv":[13.4375,1.6875,13.9375,2.0],"rotation":0,"texture":"#0","tintindex":0},"north":{"uv":[12.5625,13.375,13.0625,13.6875],"rotation":0,"texture":"#0","tintindex":0},"west":{"uv":[12.5625,1.625,13.4375,1.9375],"rotation":0,"texture":"#0","tintindex":0},"up":{"uv":[6.75,11.75,6.25,10.875],"rotation":0,"texture":"#0","tintindex":0},"down":{"uv":[11.0625,10.9375,10.5625,11.8125],"rotation":0,"texture":"#0","tintindex":0}}},{"from":[6.858105,1.11831,-2.4198408],"to":[20.751225,8.06487,18.419842],"rotation":{"angle":22.5,"axis":"z","origin":[6.7340593,5.087773,8.0]},"faces":{"east":{"uv":[12.75,8.5625,13.625,8.875],"rotation":0,"texture":"#0","tintindex":0},"south":{"uv":[13.4375,1.375,14.0,1.6875],"rotation":0,"texture":"#0","tintindex":0},"north":{"uv":[13.3125,6.875,13.875,7.1875],"rotation":0,"texture":"#0","tintindex":0},"west":{"uv":[12.75,8.875,13.625,9.1875],"rotation":0,"texture":"#0","tintindex":0},"up":{"uv":[1.0,11.6875,0.4375,10.8125],"rotation":0,"texture":"#0","tintindex":0},"down":{"uv":[1.5625,10.8125,1.0,11.6875],"rotation":0,"texture":"#0","tintindex":0}}},{"from":[16.781763,-3.8435192,2.541988],"to":[22.984049,10.545784,13.458012],"rotation":{"angle":22.5,"axis":"z","origin":[6.7340593,5.087773,8.0]},"faces":{"east":{"uv":[12.625,6.0625,13.0625,6.6875],"rotation":0,"texture":"#0","tintindex":0},"south":{"uv":[11.3125,13.5,11.5625,14.125],"rotation":0,"texture":"#0","tintindex":0},"north":{"uv":[11.0625,13.5,11.3125,14.125],"rotation":0,"texture":"#0","tintindex":0},"west":{"uv":[12.625,7.1875,13.0625,7.8125],"rotation":0,"texture":"#0","tintindex":0},"up":{"uv":[8.9375,8.4375,8.6875,8.0],"rotation":0,"texture":"#0","tintindex":0},"down":{"uv":[14.125,4.0,13.875,4.4375],"rotation":0,"texture":"#0","tintindex":0}}},{"from":[14.548941,13.27479,3.7824454],"to":[19.510769,20.469442,12.217554],"rotation":{"angle":0.0,"axis":"y","origin":[6.7340593,5.087773,8.0]},"faces":{"east":{"uv":[13.5625,13.9375,13.9375,14.25],"rotation":0,"texture":"#0","tintindex":0},"south":{"uv":[6.6875,14.375,6.875,14.6875],"rotation":0,"texture":"#0","tintindex":0},"north":{"uv":[6.0,14.375,6.1875,14.6875],"rotation":0,"texture":"#0","tintindex":0},"west":{"uv":[13.9375,13.5625,14.3125,13.875],"rotation":0,"texture":"#0","tintindex":0},"up":{"uv":[11.75,13.875,11.5625,13.5],"rotation":0,"texture":"#0","tintindex":0},"down":{"uv":[2.5625,14.25,2.375,14.625],"rotation":0,"texture":"#0","tintindex":0}}},{"from":[21.407278,-11.084051,5.0229025],"to":[26.82682,5.6206245,10.9770975],"rotation":{"angle":-22.5,"axis":"z","origin":[19.546593,8.515172,8.0]},"faces":{"east":{"uv":[8.6875,13.1875,8.9375,13.875],"rotation":0,"texture":"#0","tintindex":0},"south":{"uv":[9.75,13.5,10.0,14.1875],"rotation":0,"texture":"#0","tintindex":0},"north":{"uv":[8.9375,13.5,9.1875,14.1875],"rotation":0,"texture":"#0","tintindex":0},"west":{"uv":[13.0625,13.25,13.3125,13.9375],"rotation":0,"texture":"#0","tintindex":0},"up":{"uv":[4.1875,14.625,3.9375,14.375],"rotation":0,"texture":"#0","tintindex":0},"down":{"uv":[14.625,4.0625,14.375,4.3125],"rotation":0,"texture":"#0","tintindex":0}}},{"from":[-1.7010489,-10.045807,-1.427474],"to":[19.882906,8.809144,17.427475],"rotation":{"angle":0.0,"axis":"y","origin":[-4.8021917,31.819626,5.3950396]},"faces":{"east":{"uv":[0.875,10.0,1.6875,10.8125],"rotation":0,"texture":"#0","tintindex":0},"south":{"uv":[3.9375,9.625,3.0625,10.4375],"rotation":0,"texture":"#0","tintindex":0},"north":{"uv":[3.0625,9.625,3.9375,10.4375],"rotation":0,"texture":"#0","tintindex":0},"west":{"uv":[10.0625,1.75,10.875,2.5625],"rotation":0,"texture":"#0","tintindex":0},"up":{"uv":[10.75,0.8125,9.875,0.0],"rotation":0,"texture":"#0","tintindex":0},"down":{"uv":[10.8125,3.8125,9.9375,4.625],"rotation":0,"texture":"#0","tintindex":0}}},{"from":[-3.5617352,-16.0,-2.6679325],"to":[20.130997,-8.557257,18.667933],"rotation":{"angle":0.0,"axis":"y","origin":[-4.8021917,31.819626,5.3950396]},"faces":{"east":{"uv":[12.5625,1.9375,13.4375,2.25],"rotation":0,"texture":"#0","tintindex":0},"south":{"uv":[12.5625,1.9375,13.4375,2.25],"rotation":0,"texture":"#0","tintindex":0},"north":{"uv":[12.5625,1.9375,13.4375,2.25],"rotation":0,"texture":"#0","tintindex":0},"west":{"uv":[12.5625,1.9375,13.4375,2.25],"rotation":0,"texture":"#0","tintindex":0},"up":{"uv":[10.0,6.8125,9.0,5.9375],"rotation":0,"texture":"#0","tintindex":0},"down":{"uv":[10.0625,2.0625,9.0625,2.9375],"rotation":0,"texture":"#0","tintindex":0}}}],"display":{"head":{"translation":[0.0,-7.8550324,0.0],"scale":[4.0,4.0,4.0]}}}