{"textures":{"0":"modelengine:entity/mso_taloc"},"elements":[{"from":[2.0458055,-16.0,5.934705],"to":[13.954195,-9.5496235,13.129356],"rotation":{"angle":0.0,"axis":"y","origin":[8.0,-19.845419,13.005311]},"faces":{"east":{"uv":[7.0,14.125,6.6875,14.375],"rotation":0,"texture":"#0","tintindex":0},"south":{"uv":[14.25,7.6875,13.75,7.9375],"rotation":0,"texture":"#0","tintindex":0},"north":{"uv":[14.25,0.3125,13.75,0.5625],"rotation":0,"texture":"#0","tintindex":0},"west":{"uv":[7.0,14.125,6.6875,14.375],"rotation":0,"texture":"#0","tintindex":0},"up":{"uv":[13.5625,1.3125,14.0625,1.0],"rotation":0,"texture":"#0","tintindex":0},"down":{"uv":[13.5625,12.0625,14.0625,12.375],"rotation":0,"texture":"#0","tintindex":0}}},{"from":[2.2938972,-14.944405,11.543895],"to":[13.706102,-9.238302,14.272901],"rotation":{"angle":22.5,"axis":"x","origin":[8.0,-12.711582,11.419848]},"faces":{"east":{"uv":[11.4375,1.25,11.3125,1.5],"rotation":0,"texture":"#0","tintindex":0},"south":{"uv":[14.375,8.0625,13.875,8.3125],"rotation":0,"texture":"#0","tintindex":0},"north":{"uv":[14.375,6.8125,13.875,7.0625],"rotation":0,"texture":"#0","tintindex":0},"west":{"uv":[4.6875,3.0625,4.5625,3.3125],"rotation":0,"texture":"#0","tintindex":0},"up":{"uv":[1.125,4.6875,1.625,4.5625],"rotation":0,"texture":"#0","tintindex":0},"down":{"uv":[2.4375,8.3125,2.9375,8.4375],"rotation":0,"texture":"#0","tintindex":0}}},{"from":[2.2938972,-14.944405,4.6420403],"to":[13.706102,-9.238302,7.6191373],"rotation":{"angle":-22.5,"axis":"x","origin":[8.0,-12.711582,7.743183]},"faces":{"east":{"uv":[11.875,12.625,11.75,12.875],"rotation":0,"texture":"#0","tintindex":0},"south":{"uv":[14.375,8.5625,13.875,8.8125],"rotation":0,"texture":"#0","tintindex":0},"north":{"uv":[14.375,8.3125,13.875,8.5625],"rotation":0,"texture":"#0","tintindex":0},"west":{"uv":[9.4375,11.625,9.3125,11.875],"rotation":0,"texture":"#0","tintindex":0},"up":{"uv":[9.875,0.9375,10.375,0.8125],"rotation":0,"texture":"#0","tintindex":0},"down":{"uv":[10.75,0.6875,11.25,0.8125],"rotation":0,"texture":"#0","tintindex":0}}},{"from":[3.286263,-11.03817,4.074019],"to":[12.7137375,-7.0687065,14.990042],"rotation":{"angle":0.0,"axis":"y","origin":[8.0,-19.845419,13.005311]},"faces":{"east":{"uv":[14.5625,11.875,14.125,12.0625],"rotation":0,"texture":"#0","tintindex":0},"south":{"uv":[14.6875,0.75,14.3125,0.9375],"rotation":0,"texture":"#0","tintindex":0},"north":{"uv":[14.6875,0.5625,14.3125,0.75],"rotation":0,"texture":"#0","tintindex":0},"west":{"uv":[14.5,5.25,14.0625,5.4375],"rotation":0,"texture":"#0","tintindex":0},"up":{"uv":[13.3125,5.0,13.6875,4.5625],"rotation":0,"texture":"#0","tintindex":0},"down":{"uv":[13.3125,6.4375,13.6875,6.875],"rotation":0,"texture":"#0","tintindex":0}}},{"from":[2.6660337,-9.1774845,5.0663843],"to":[13.333966,-1.2385597,16.478592],"rotation":{"angle":22.5,"axis":"x","origin":[8.0,-5.9522953,9.53203]},"faces":{"east":{"uv":[13.5,0.0,14.0,0.3125],"rotation":0,"texture":"#0","tintindex":0},"south":{"uv":[14.0625,5.9375,13.625,6.25],"rotation":0,"texture":"#0","tintindex":0},"north":{"uv":[10.0625,1.75,9.625,2.0625],"rotation":0,"texture":"#0","tintindex":0},"west":{"uv":[14.0,0.0,13.5,0.3125],"rotation":0,"texture":"#0","tintindex":0},"up":{"uv":[9.0625,3.4375,9.5,2.9375],"rotation":0,"texture":"#0","tintindex":0},"down":{"uv":[12.875,4.5625,13.3125,5.0625],"rotation":0,"texture":"#0","tintindex":0}}},{"from":[2.0458055,-7.5311394,3.0816536],"to":[13.954195,3.4751787,17.777107],"rotation":{"angle":-22.5,"axis":"x","origin":[8.0,-5.9522953,9.53203]},"faces":{"east":{"uv":[4.5,12.625,5.125,13.0625],"rotation":0,"texture":"#0","tintindex":0},"south":{"uv":[6.5625,7.9375,6.0625,8.375],"rotation":0,"texture":"#0","tintindex":0},"north":{"uv":[2.9375,7.875,2.4375,8.3125],"rotation":0,"texture":"#0","tintindex":0},"west":{"uv":[5.125,12.625,4.5,13.0625],"rotation":0,"texture":"#0","tintindex":0},"up":{"uv":[12.125,4.25,12.625,3.625],"rotation":0,"texture":"#0","tintindex":0},"down":{"uv":[12.3125,2.375,12.8125,3.0],"rotation":0,"texture":"#0","tintindex":0}}},{"from":[1.4255767,0.12594414,-0.267581],"to":[14.574423,8.437008,16.106453],"rotation":{"angle":0.0,"axis":"y","origin":[8.0,-4.3397007,13.005311]},"faces":{"east":{"uv":[13.4375,9.8125,12.75,10.1875],"rotation":0,"texture":"#0","tintindex":0},"south":{"uv":[13.4375,9.8125,12.75,10.1875],"rotation":0,"texture":"#0","tintindex":0},"north":{"uv":[13.5625,1.0,13.0,1.375],"rotation":0,"texture":"#0","tintindex":0},"west":{"uv":[13.4375,9.8125,12.75,10.1875],"rotation":0,"texture":"#0","tintindex":0},"up":{"uv":[6.1875,12.4375,6.75,11.75],"rotation":0,"texture":"#0","tintindex":0},"down":{"uv":[10.25,11.8125,10.8125,12.5],"rotation":0,"texture":"#0","tintindex":0}}},{"from":[3.9064913,-12.278629,1.5931044],"to":[12.093509,-6.4484787,4.074019],"rotation":{"angle":0.0,"axis":"y","origin":[8.0,-19.845419,13.005311]},"faces":{"east":{"uv":[14.625,7.0,14.5,7.25],"rotation":0,"texture":"#0","tintindex":0},"south":{"uv":[12.25,7.1875,11.875,7.4375],"rotation":0,"texture":"#0","tintindex":0},"north":{"uv":[10.875,1.5,10.5,1.75],"rotation":0,"texture":"#0","tintindex":0},"west":{"uv":[1.4375,14.5,1.3125,14.75],"rotation":0,"texture":"#0","tintindex":0},"up":{"uv":[14.5,2.75,14.875,2.625],"rotation":0,"texture":"#0","tintindex":0},"down":{"uv":[14.5,4.6875,14.875,4.8125],"rotation":0,"texture":"#0","tintindex":0}}},{"from":[3.286263,-7.857113,-0.5156727],"to":[12.7137375,12.778607,4.3501487],"rotation":{"angle":-22.5,"axis":"x","origin":[8.0,-1.9208107,-2.1282673]},"faces":{"east":{"uv":[7.875,13.375,7.6875,14.25],"rotation":0,"texture":"#0","tintindex":0},"south":{"uv":[12.3125,2.375,11.9375,3.25],"rotation":0,"texture":"#0","tintindex":0},"north":{"uv":[1.875,11.9375,1.5,12.8125],"rotation":0,"texture":"#0","tintindex":0},"west":{"uv":[7.6875,13.375,7.5,14.25],"rotation":0,"texture":"#0","tintindex":0},"up":{"uv":[12.3125,8.75,12.6875,8.5625],"rotation":0,"texture":"#0","tintindex":0},"down":{"uv":[12.625,4.0625,13.0,4.25],"rotation":0,"texture":"#0","tintindex":0}}},{"from":[6.3874054,5.0761757,-6.3266497],"to":[9.612595,8.345497,-2.1090956],"rotation":{"angle":-45.0,"axis":"x","origin":[8.0,5.470379,-5.45833]},"faces":{"east":{"uv":[1.125,6.0,0.9375,6.125],"rotation":0,"texture":"#0","tintindex":0},"south":{"uv":[10.5,0.8125,10.375,0.9375],"rotation":0,"texture":"#0","tintindex":0},"north":{"uv":[7.375,3.875,7.25,4.0],"rotation":0,"texture":"#0","tintindex":0},"west":{"uv":[1.8125,4.5625,1.625,4.6875],"rotation":0,"texture":"#0","tintindex":0},"up":{"uv":[6.375,3.0625,6.5,2.875],"rotation":0,"texture":"#0","tintindex":0},"down":{"uv":[9.4375,10.625,9.5625,10.8125],"rotation":0,"texture":"#0","tintindex":0}}},{"from":[6.3874054,-1.654829,-3.4927702],"to":[9.612595,1.6144924,-0.5156727],"rotation":{"angle":-22.5,"axis":"x","origin":[8.0,-1.9208107,-2.1282673]},"faces":{"east":{"uv":[3.4375,13.5625,3.3125,13.6875],"rotation":0,"texture":"#0","tintindex":0},"south":{"uv":[1.25,13.5625,1.125,13.6875],"rotation":0,"texture":"#0","tintindex":0},"north":{"uv":[9.875,13.375,9.75,13.5],"rotation":0,"texture":"#0","tintindex":0},"west":{"uv":[13.5625,10.0625,13.4375,10.1875],"rotation":0,"texture":"#0","tintindex":0},"up":{"uv":[13.875,4.5625,14.0,4.4375],"rotation":0,"texture":"#0","tintindex":0},"down":{"uv":[13.9375,1.875,14.0625,2.0],"rotation":0,"texture":"#0","tintindex":0}}},{"from":[6.3874054,-8.912281,-2.31316],"to":[9.612595,-5.6429615,1.9043941],"rotation":{"angle":0.0,"axis":"y","origin":[8.0,-5.416935,-0.94865704]},"faces":{"east":{"uv":[5.6875,12.3125,5.5,12.4375],"rotation":0,"texture":"#0","tintindex":0},"south":{"uv":[14.3125,13.0,14.1875,13.125],"rotation":0,"texture":"#0","tintindex":0},"north":{"uv":[3.3125,14.0,3.1875,14.125],"rotation":0,"texture":"#0","tintindex":0},"west":{"uv":[10.4375,9.25,10.25,9.375],"rotation":0,"texture":"#0","tintindex":0},"up":{"uv":[5.6875,10.875,5.8125,10.6875],"rotation":0,"texture":"#0","tintindex":0},