{"textures":{"0":"modelengine:entity/mso_taloc"},"elements":[{"from":[-2.2957945,-0.122148514,-2.6679325],"to":[18.295795,18.856848,18.667933],"rotation":{"angle":0.0,"axis":"y","origin":[-6.017167,22.888332,5.3950396]},"faces":{"east":{"uv":[9.5625,9.375,10.4375,10.1875],"rotation":0,"texture":"#0","tintindex":0},"south":{"uv":[10.8125,4.625,9.9375,5.4375],"rotation":0,"texture":"#0","tintindex":0},"north":{"uv":[9.9375,4.625,10.8125,5.4375],"rotation":0,"texture":"#0","tintindex":0},"west":{"uv":[9.625,0.9375,10.5,1.75],"rotation":0,"texture":"#0","tintindex":0},"up":{"uv":[10.375,3.8125,9.5,2.9375],"rotation":0,"texture":"#0","tintindex":0},"down":{"uv":[10.375,6.8125,9.5,7.6875],"rotation":0,"texture":"#0","tintindex":0}}},{"from":[5.767177,-16.0,-0.18701744],"to":[21.396938,13.895019,16.187017],"rotation":{"angle":0.0,"axis":"y","origin":[2.0458055,8.002847,5.3950396]},"faces":{"east":{"uv":[6.8125,9.125,7.5,10.375],"rotation":0,"texture":"#0","tintindex":0},"south":{"uv":[8.9375,9.375,9.5625,10.625],"rotation":0,"texture":"#0","tintindex":0},"north":{"uv":[2.4375,9.375,3.0625,10.625],"rotation":0,"texture":"#0","tintindex":0},"west":{"uv":[7.5,9.125,8.1875,10.375],"rotation":0,"texture":"#0","tintindex":0},"up":{"uv":[11.9375,3.0,11.3125,2.3125],"rotation":0,"texture":"#0","tintindex":0},"down":{"uv":[11.9375,3.0,11.3125,3.6875],"rotation":0,"texture":"#0","tintindex":0}}}],"display":{"head":{"translation":[0.0,-11.869398,0.0],"scale":[4.0,4.0,4.0]}}}