{"textures":{"0":"modelengine:entity/mso_taloc"},"elements":[{"from":[20.06527,14.197648,0.5571165],"to":[22.630535,22.709665,9.30234],"rotation":{"angle":45.0,"axis":"y","origin":[-7.799287,13.001825,13.275843]},"faces":{"east":{"uv":[13.5625,13.5625,13.9375,13.9375],"rotation":0,"texture":"#0","tintindex":0},"south":{"uv":[0.3125,11.9375,0.4375,12.3125],"rotation":0,"texture":"#0","tintindex":0},"north":{"uv":[0.8125,8.625,0.9375,9.0],"rotation":0,"texture":"#0","tintindex":0},"west":{"uv":[13.9375,13.5625,13.5625,13.9375],"rotation":0,"texture":"#0","tintindex":0},"up":{"uv":[8.6875,13.75,8.5625,13.375],"rotation":0,"texture":"#0","tintindex":0},"down":{"uv":[9.8125,14.375,9.6875,14.75],"rotation":0,"texture":"#0","tintindex":0}}},{"from":[20.06527,5.8022337,-2.241355],"to":[22.630535,13.614634,8.602722],"rotation":{"angle":45.0,"axis":"y","origin":[-7.799287,13.001825,13.275843]},"faces":{"east":{"uv":[4.0,13.375,4.5,13.75],"rotation":0,"texture":"#0","tintindex":0},"south":{"uv":[11.1875,14.375,11.3125,14.75],"rotation":0,"texture":"#0","tintindex":0},"north":{"uv":[11.0625,14.375,11.1875,14.75],"rotation":0,"texture":"#0","tintindex":0},"west":{"uv":[4.5,13.375,4.0,13.75],"rotation":0,"texture":"#0","tintindex":0},"up":{"uv":[10.0,5.9375,9.875,5.4375],"rotation":0,"texture":"#0","tintindex":0},"down":{"uv":[0.625,14.25,0.5,14.75],"rotation":0,"texture":"#0","tintindex":0}}},{"from":[20.06527,-2.5931807,-3.407384],"to":[22.630535,5.2192183,8.602722],"rotation":{"angle":45.0,"axis":"y","origin":[-7.799287,13.001825,13.275843]},"faces":{"east":{"uv":[13.0625,6.0625,13.625,6.4375],"rotation":0,"texture":"#0","tintindex":0},"south":{"uv":[10.4375,14.375,10.5625,14.75],"rotation":0,"texture":"#0","tintindex":0},"north":{"uv":[10.3125,14.375,10.4375,14.75],"rotation":0,"texture":"#0","tintindex":0},"west":{"uv":[13.625,6.0625,13.0625,6.4375],"rotation":0,"texture":"#0","tintindex":0},"up":{"uv":[6.5,2.875,6.375,2.3125],"rotation":0,"texture":"#0","tintindex":0},"down":{"uv":[11.5,14.125,11.375,14.6875],"rotation":0,"texture":"#0","tintindex":0}}},{"from":[14.627646,-2.8263874,-3.0803404],"to":[18.941957,23.409283,15.809341],"rotation":{"angle":22.5,"axis":"y","origin":[-7.799287,13.001825,13.275843]},"faces":{"east":{"uv":[3.5,8.5,4.3125,9.625],"rotation":0,"texture":"#0","tintindex":0},"south":{"uv":[2.1875,12.625,2.375,13.75],"rotation":0,"texture":"#0","tintindex":0},"north":{"uv":[6.5625,12.4375,6.75,13.5625],"rotation":0,"texture":"#0","tintindex":0},"west":{"uv":[0.0,8.625,0.8125,9.75],"rotation":0,"texture":"#0","tintindex":0},"up":{"uv":[2.5625,14.25,2.375,13.4375],"rotation":0,"texture":"#0","tintindex":0},"down":{"uv":[5.0625,13.4375,4.875,14.25],"rotation":0,"texture":"#0","tintindex":0}}},{"from":[-3.7958736,-5.1584463,-10.253141],"to":[4.7161436,29.822447,8.63654],"rotation":{"angle":-45.0,"axis":"y","origin":[-7.799287,13.001825,13.275843]},"faces":{"east":{"uv":[6.5,2.3125,7.3125,3.875],"rotation":0,"texture":"#0","tintindex":0},"south":{"uv":[1.6875,10.375,2.0625,11.9375],"rotation":0,"texture":"#0","tintindex":0},"north":{"uv":[10.25,7.6875,10.625,9.25],"rotation":0,"texture":"#0","tintindex":0},"west":{"uv":[6.5625,4.9375,7.375,6.5],"rotation":0,"texture":"#0","tintindex":0},"up":{"uv":[7.5,13.0,7.125,12.1875],"rotation":0,"texture":"#0","tintindex":0},"down":{"uv":[3.875,12.25,3.5,13.0625],"rotation":0,"texture":"#0","tintindex":0}}}],"display":{"head":{"translation":[0.0,-6.4,0.0],"scale":[4.0,4.0,4.0]}}}