{"textures":{"0":"modelengine:entity/mso_taloc"},"elements":[{"from":[-3.4270916,-3.6424131,-7.693449],"to":[19.427092,6.968457,13.528292],"rotation":{"angle":0.0,"axis":"y","origin":[8.0,14.41873,0.1916914]},"faces":{"east":{"uv":[8.9375,8.0,10.25,8.6875],"rotation":0,"texture":"#0","tintindex":0},"south":{"uv":[7.5,8.4375,8.9375,9.125],"rotation":0,"texture":"#0","tintindex":0},"north":{"uv":[6.0625,8.4375,7.5,9.125],"rotation":0,"texture":"#0","tintindex":0},"west":{"uv":[8.9375,8.6875,10.25,9.375],"rotation":0,"texture":"#0","tintindex":0},"up":{"uv":[3.25,4.6875,1.8125,3.375],"rotation":0,"texture":"#0","tintindex":0},"down":{"uv":[4.6875,3.375,3.25,4.6875],"rotation":0,"texture":"#0","tintindex":0}}},{"from":[-6.283864,2.3351026,-14.061636],"to":[22.283863,17.190321,15.077446],"rotation":{"angle":-22.5,"axis":"x","origin":[8.0,14.41873,0.1916914]},"faces":{"east":{"uv":[3.5625,2.125,5.375,3.0625],"rotation":0,"texture":"#0","tintindex":0},"south":{"uv":[4.6875,3.0625,6.5,4.0],"rotation":0,"texture":"#0","tintindex":0},"north":{"uv":[2.25,4.6875,4.0625,5.625],"rotation":0,"texture":"#0","tintindex":0},"west":{"uv":[5.375,2.125,3.5625,3.0625],"rotation":0,"texture":"#0","tintindex":0},"up":{"uv":[1.8125,1.8125,0.0,0.0],"rotation":0,"texture":"#0","tintindex":0},"down":{"uv":[1.8125,1.8125,0.0,3.625],"rotation":0,"texture":"#0","tintindex":0}}},{"from":[-0.97842884,6.207423,-16.0],"to":[16.978428,29.14323,-1.3080263],"rotation":{"angle":22.5,"axis":"x","origin":[8.0,14.41873,0.1916914]},"faces":{"east":{"uv":[0.0,6.0,0.9375,7.4375],"rotation":0,"texture":"#0","tintindex":0},"south":{"uv":[1.125,4.6875,2.25,6.125],"rotation":0,"texture":"#0","tintindex":0},"north":{"uv":[0.0,4.5625,1.125,6.0],"rotation":0,"texture":"#0","tintindex":0},"west":{"uv":[0.9375,6.0,0.0,7.4375],"rotation":0,"texture":"#0","tintindex":0},"up":{"uv":[9.0,6.875,7.875,5.9375],"rotation":0,"texture":"#0","tintindex":0},"down":{"uv":[6.0625,7.9375,4.9375,8.875],"rotation":0,"texture":"#0","tintindex":0}}},{"from":[3.9188962,27.837275,-13.551338],"to":[12.081104,32.0,1.9568577],"rotation":{"angle":22.5,"axis":"x","origin":[8.0,14.41873,0.1916914]},"faces":{"east":{"uv":[12.75,5.125,13.75,5.375],"rotation":0,"texture":"#0","tintindex":0},"south":{"uv":[13.8125,2.25,14.3125,2.5],"rotation":0,"texture":"#0","tintindex":0},"north":{"uv":[13.75,10.9375,14.25,11.1875],"rotation":0,"texture":"#0","tintindex":0},"west":{"uv":[12.75,5.375,13.75,5.625],"rotation":0,"texture":"#0","tintindex":0},"up":{"uv":[9.4375,11.625,8.9375,10.625],"rotation":0,"texture":"#0","tintindex":0},"down":{"uv":[5.25,10.6875,4.75,11.6875],"rotation":0,"texture":"#0","tintindex":0}}},{"from":[4.08214,26.814213,-4.905567],"to":[11.91786,31.337208,6.68394],"rotation":{"angle":45.0,"axis":"x","origin":[8.0,14.41873,0.1916914]},"faces":{"east":{"uv":[9.5,7.6875,10.25,8.0],"rotation":0,"texture":"#0","tintindex":0},"south":{"uv":[13.625,5.625,14.125,5.9375],"rotation":0,"texture":"#0","tintindex":0},"north":{"uv":[13.625,3.0,14.125,3.3125],"rotation":0,"texture":"#0","tintindex":0},"west":{"uv":[12.875,3.25,13.625,3.5625],"rotation":0,"texture":"#0","tintindex":0},"up":{"uv":[4.0,6.375,3.5,5.625],"rotation":0,"texture":"#0","tintindex":0},"down":{"uv":[6.1875,11.6875,5.6875,12.4375],"rotation":0,"texture":"#0","tintindex":0}}},{"from":[4.245384,0.6341553,12.612732],"to":[11.754616,14.895094,18.3068],"rotation":{"angle":-22.5,"axis":"x","origin":[8.0,14.41873,0.1916914]},"faces":{"east":{"uv":[12.25,12.125,12.625,13.0],"rotation":0,"texture":"#0","tintindex":0},"south":{"uv":[11.4375,1.25,11.9375,2.125],"rotation":0,"texture":"#0","tintindex":0},"north":{"uv":[7.625,11.1875,8.125,12.0625],"rotation":0,"texture":"#0","tintindex":0},"west":{"uv":[0.3125,12.3125,0.6875,13.1875],"rotation":0,"texture":"#0","tintindex":0},"up":{"uv":[9.75,13.75,9.25,13.375],"rotation":0,"texture":"#0","tintindex":0},"down":{"uv":[10.6875,13.375,10.1875,13.75],"rotation":0,"texture":"#0","tintindex":0}}},{"from":[4.4086285,0.047195435,16.889717],"to":[11.591372,17.48088,22.748177],"rotation":{"angle":22.5,"axis":"x","origin":[8.0,14.41873,0.1916914]},"faces":{"east":{"uv":[3.5,11.125,3.875,12.25],"rotation":0,"texture":"#0","tintindex":0},"south":{"uv":[0.0,10.8125,0.4375,11.9375],"rotation":0,"texture":"#0","tintindex":0},"north":{"uv":[5.25,10.6875,5.6875,11.8125],"rotation":0,"texture":"#0","tintindex":0},"west":{"uv":[9.875,11.5,10.25,12.625],"rotation":0,"texture":"#0","tintindex":0},"up":{"uv":[13.75,10.9375,13.3125,10.5625],"rotation":0,"texture":"#0","tintindex":0},"down":{"uv":[13.75,10.9375,13.3125,11.3125],"rotation":0,"texture":"#0","tintindex":0}}},{"from":[-0.5703192,8.014536,-13.628729],"to":[16.57032,26.134638,-7.098963],"rotation":{"angle":-45.0,"axis":"x","origin":[8.0,14.41873,0.1916914]},"faces":{"east":{"uv":[10.8125,3.8125,11.25,4.9375],"rotation":0,"texture":"#0","tintindex":0},"south":{"uv":[1.875,6.75,2.9375,7.875],"rotation":0,"texture":"#0","tintindex":0},"north":{"uv":[6.625,0.9375,7.6875,2.0625],"rotation":0,"texture":"#0","tintindex":0},"west":{"uv":[9.4375,10.8125,9.875,11.9375],"rotation":0,"texture":"#0","tintindex":0},"up":{"uv":[11.875,5.375,10.8125,4.9375],"rotation":0,"texture":"#0","tintindex":0},"down":{"uv":[12.0625,5.375,11.0,5.8125],"rotation":0,"texture":"#0","tintindex":0}}},{"from":[-5.8757544,11.371806,-11.94533],"to":[21.875755,22.390787,14.663469],"rotation":{"angle":-45.0,"axis":"x","origin":[8.0,14.41873,0.1916914]},"faces":{"east":{"uv":[7.375,4.5625,9.0625,5.25],"rotation":0,"texture":"#0","tintindex":0},"south":{"uv":[7.3125,2.75,9.0625,3.4375],"rotation":0,"texture":"#0","tintindex":0},"north":{"uv":[7.3125,2.0625,9.0625,2.75],"rotation":0,"texture":"#0","tintindex":0},"west":{"uv":[9.0625,4.5625,7.375,5.25],"rotation":0,"texture":"#0","tintindex":0},"up":{"uv":[3.5625,1.6875,1.8125,0.0],"rotation":0,"texture":"#0","tintindex":0},"down":{"uv":[3.5625,1.6875,1.8125,3.375],"rotation":0,"texture":"#0","tintindex":0}}},{"from":[-2.6108704,1.3496423,12.813044],"to":[18.61087,16.368105,19.34281],"rotation":{"angle":22.5,"axis":"x","origin":[8.0,14.41873,0.1916914]},"faces":{"east":{"uv":[2.6875,11.6875,3.125,12.625],"rotation":0,"texture":"#0","tintindex":0},"south":{"uv":[6.5625,6.5,7.875,7.4375],"rotation":0,"texture":"#0","tintindex":0},"north":{"uv":[6.4375,0.0,7.75,0.9375],"rotation":0,"texture":"#0","tintindex":0},"west":{"uv":[4.75,11.6875,5.1875,12.625],"rotation":0,"texture":"#0","tintindex":0},"up":{"uv":[11.75,9.6875,10.4375,9.25],"rotation":0,"texture":"#0","tintindex":0},"down":{"uv":[11.75,9.6875,10.4375,10.125],"rotation":0,"texture":"#0","tintindex":0}}}],"display":{"head":{"translation":[0.0,38.837242,-13.85453],"scale":[4.0,4.0,4.0]}}}