{"textures":{"0":"modelengine:entity/mso_taloc"},"elements":[{"from":[-0.6831999,-13.767181,6.9458714],"to":[16.6832,21.709896,10.171061],"rotation":{"angle":0.0,"axis":"y","origin":[8.0,16.748068,15.3809805]},"faces":{"east":{"uv":[5.3125,12.875,5.4375,14.3125],"rotation":0,"texture":"#0","tintindex":0},"south":{"uv":[1.6875,7.5625,0.9375,9.0],"rotation":0,"texture":"#0","tintindex":0},"north":{"uv":[0.9375,7.5625,1.6875,9.0],"rotation":0,"texture":"#0","tintindex":0},"west":{"uv":[7.375,13.0,7.5,14.4375],"rotation":0,"texture":"#0","tintindex":0},"up":{"uv":[7.25,4.0,6.5,3.875],"rotation":0,"texture":"#0","tintindex":0},"down":{"uv":[12.0625,3.6875,11.3125,3.8125],"rotation":0,"texture":"#0","tintindex":0}}},{"from":[11.721372,-11.906492,6.325643],"to":[18.543886,-4.9599323,10.791289],"rotation":{"angle":0.0,"axis":"y","origin":[7.379771,16.748068,15.3809805]},"faces":{"east":{"uv":[5.4375,14.375,5.625,14.6875],"rotation":0,"texture":"#0","tintindex":0},"south":{"uv":[10.5625,11.5,10.25,11.8125],"rotation":0,"texture":"#0","tintindex":0},"north":{"uv":[10.25,11.5,10.5625,11.8125],"rotation":0,"texture":"#0","tintindex":0},"west":{"uv":[14.375,5.5625,14.5625,5.875],"rotation":0,"texture":"#0","tintindex":0},"up":{"uv":[8.8125,2.0625,8.5,1.875],"rotation":0,"texture":"#0","tintindex":0},"down":{"uv":[14.625,1.5,14.3125,1.6875],"rotation":0,"texture":"#0","tintindex":0}}},{"from":[-2.5438862,-11.906492,6.325643],"to":[4.2786283,-4.9599323,10.791289],"rotation":{"angle":0.0,"axis":"y","origin":[8.620229,16.748068,15.3809805]},"faces":{"east":{"uv":[5.625,14.375,5.8125,14.6875],"rotation":0,"texture":"#0","tintindex":0},"south":{"uv":[14.375,5.9375,14.0625,6.25],"rotation":0,"texture":"#0","tintindex":0},"north":{"uv":[14.0625,5.9375,14.375,6.25],"rotation":0,"texture":"#0","tintindex":0},"west":{"uv":[5.8125,14.375,6.0,14.6875],"rotation":0,"texture":"#0","tintindex":0},"up":{"uv":[14.625,5.25,14.3125,5.0625],"rotation":0,"texture":"#0","tintindex":0},"down":{"uv":[14.6875,5.875,14.375,6.0625],"rotation":0,"texture":"#0","tintindex":0}}},{"from":[5.0229025,-16.0,7.193963],"to":[14.202286,-12.278629,9.922969],"rotation":{"angle":-22.5,"axis":"z","origin":[8.0,-0.74237823,8.558466]},"faces":{"east":{"uv":[14.5,10.25,14.625,10.4375],"rotation":0,"texture":"#0","tintindex":0},"south":{"uv":[14.3125,1.3125,14.6875,1.5],"rotation":0,"texture":"#0","tintindex":0},"north":{"uv":[14.3125,1.125,14.6875,1.3125],"rotation":0,"texture":"#0","tintindex":0},"west":{"uv":[10.5625,14.5,10.6875,14.6875],"rotation":0,"texture":"#0","tintindex":0},"up":{"uv":[13.6875,5.125,13.3125,5.0],"rotation":0,"texture":"#0","tintindex":0},"down":{"uv":[14.5625,7.3125,14.1875,7.4375],"rotation":0,"texture":"#0","tintindex":0}}},{"from":[1.7977138,-16.0,7.193963],"to":[10.9770975,-12.278629,9.922969],"rotation":{"angle":22.5,"axis":"z","origin":[8.0,-0.74237823,8.558466]},"faces":{"east":{"uv":[7.5,14.5,7.625,14.6875],"rotation":0,"texture":"#0","tintindex":0},"south":{"uv":[1.0625,14.3125,1.4375,14.5],"rotation":0,"texture":"#0","tintindex":0},"north":{"uv":[14.3125,0.9375,14.6875,1.125],"rotation":0,"texture":"#0","tintindex":0},"west":{"uv":[7.625,14.5,7.75,14.6875],"rotation":0,"texture":"#0","tintindex":0},"up":{"uv":[13.0,0.6875,12.625,0.5625],"rotation":0,"texture":"#0","tintindex":0},"down":{"uv":[13.4375,7.6875,13.0625,7.8125],"rotation":0,"texture":"#0","tintindex":0}}}],"display":{"head":{"translation":[0.0,-54.461693,0.0],"scale":[4.0,4.0,4.0]}}}