{"textures":{"0":"modelengine:entity/mso_taloc"},"elements":[{"from":[4.3406515,-1.5332584,4.7748113],"to":[11.6593485,8.3904,11.225189],"rotation":{"angle":0.0,"axis":"y","origin":[-15.506664,74.196655,-2.0477037]},"faces":{"east":{"uv":[8.6875,13.875,8.9375,14.3125],"rotation":0,"texture":"#0","tintindex":0},"south":{"uv":[8.0625,13.75,8.375,14.1875],"rotation":0,"texture":"#0","tintindex":0},"north":{"uv":[13.75,5.0,14.0625,5.4375],"rotation":0,"texture":"#0","tintindex":0},"west":{"uv":[5.4375,13.9375,5.6875,14.375],"rotation":0,"texture":"#0","tintindex":0},"up":{"uv":[14.375,9.4375,14.0625,9.1875],"rotation":0,"texture":"#0","tintindex":0},"down":{"uv":[14.4375,2.8125,14.125,3.0625],"rotation":0,"texture":"#0","tintindex":0}}}],"display":{"head":{"translation":[0.0,-6.4,0.0],"scale":[4.0,4.0,4.0]}}}