{"textures":{"0":"modelengine:entity/mso_taloc"},"elements":[{"from":[7.653346,1.3664012,-2.6679325],"to":[19.561735,8.809144,18.667933],"rotation":{"angle":0.0,"axis":"y","origin":[20.802193,31.819626,5.3950396]},"faces":{"east":{"uv":[13.4375,1.625,12.5625,1.9375],"rotation":0,"texture":"#0","tintindex":0},"south":{"uv":[13.9375,1.6875,13.4375,2.0],"rotation":0,"texture":"#0","tintindex":0},"north":{"uv":[13.0625,13.375,12.5625,13.6875],"rotation":0,"texture":"#0","tintindex":0},"west":{"uv":[13.3125,11.0,12.4375,11.3125],"rotation":0,"texture":"#0","tintindex":0},"up":{"uv":[6.25,11.75,6.75,10.875],"rotation":0,"texture":"#0","tintindex":0},"down":{"uv":[10.5625,10.9375,11.0625,11.8125],"rotation":0,"texture":"#0","tintindex":0}}},{"from":[-4.7512255,1.11831,-2.4198408],"to":[9.141894,8.06487,18.419842],"rotation":{"angle":-22.5,"axis":"z","origin":[9.265941,5.087773,8.0]},"faces":{"east":{"uv":[13.625,8.875,12.75,9.1875],"rotation":0,"texture":"#0","tintindex":0},"south":{"uv":[14.0,1.375,13.4375,1.6875],"rotation":0,"texture":"#0","tintindex":0},"north":{"uv":[13.875,6.875,13.3125,7.1875],"rotation":0,"texture":"#0","tintindex":0},"west":{"uv":[13.625,8.5625,12.75,8.875],"rotation":0,"texture":"#0","tintindex":0},"up":{"uv":[0.4375,11.6875,1.0,10.8125],"rotation":0,"texture":"#0","tintindex":0},"down":{"uv":[1.0,10.8125,1.5625,11.6875],"rotation":0,"texture":"#0","tintindex":0}}},{"from":[-6.984049,-3.8435192,2.541988],"to":[-0.7817631,10.545784,13.458012],"rotation":{"angle":-22.5,"axis":"z","origin":[9.265941,5.087773,8.0]},"faces":{"east":{"uv":[13.0625,7.1875,12.625,7.8125],"rotation":0,"texture":"#0","tintindex":0},"south":{"uv":[11.5625,13.5,11.3125,14.125],"rotation":0,"texture":"#0","tintindex":0},"north":{"uv":[11.3125,13.5,11.0625,14.125],"rotation":0,"texture":"#0","tintindex":0},"west":{"uv":[13.0625,6.0625,12.625,6.6875],"rotation":0,"texture":"#0","tintindex":0},"up":{"uv":[8.6875,8.4375,8.9375,8.0],"rotation":0,"texture":"#0","tintindex":0},"down":{"uv":[13.875,4.0,14.125,4.4375],"rotation":0,"texture":"#0","tintindex":0}}},{"from":[-3.510769,13.27479,3.7824454],"to":[1.4510598,20.469442,12.217554],"rotation":{"angle":0.0,"axis":"y","origin":[9.265941,5.087773,8.0]},"faces":{"east":{"uv":[14.3125,13.5625,13.9375,13.875],"rotation":0,"texture":"#0","tintindex":0},"south":{"uv":[6.875,14.375,6.6875,14.6875],"rotation":0,"texture":"#0","tintindex":0},"north":{"uv":[6.1875,14.375,6.0,14.6875],"rotation":0,"texture":"#0","tintindex":0},"west":{"uv":[13.9375,13.9375,13.5625,14.25],"rotation":0,"texture":"#0","tintindex":0},"up":{"uv":[11.5625,13.875,11.75,13.5],"rotation":0,"texture":"#0","tintindex":0},"down":{"uv":[2.375,14.25,2.5625,14.625],"rotation":0,"texture":"#0","tintindex":0}}},{"from":[-10.82682,-11.084051,5.0229025],"to":[-5.407278,5.6206245,10.9770975],"rotation":{"angle":22.5,"axis":"z","origin":[-3.5465937,8.515172,8.0]},"faces":{"east":{"uv":[13.3125,13.25,13.0625,13.9375],"rotation":0,"texture":"#0","tintindex":0},"south":{"uv":[10.0,13.5,9.75,14.1875],"rotation":0,"texture":"#0","tintindex":0},"north":{"uv":[9.1875,13.5,8.9375,14.1875],"rotation":0,"texture":"#0","tintindex":0},"west":{"uv":[8.9375,13.1875,8.6875,13.875],"rotation":0,"texture":"#0","tintindex":0},"up":{"uv":[3.9375,14.625,4.1875,14.375],"rotation":0,"texture":"#0","tintindex":0},"down":{"uv":[14.375,4.0625,14.625,4.3125],"rotation":0,"texture":"#0","tintindex":0}}},{"from":[-3.882906,-10.045807,-1.427474],"to":[17.70105,8.809144,17.427475],"rotation":{"angle":0.0,"axis":"y","origin":[20.802193,31.819626,5.3950396]},"faces":{"east":{"uv":[10.875,1.75,10.0625,2.5625],"rotation":0,"texture":"#0","tintindex":0},"south":{"uv":[3.0625,9.625,3.9375,10.4375],"rotation":0,"texture":"#0","tintindex":0},"north":{"uv":[3.9375,9.625,3.0625,10.4375],"rotation":0,"texture":"#0","tintindex":0},"west":{"uv":[1.6875,10.0,0.875,10.8125],"rotation":0,"texture":"#0","tintindex":0},"up":{"uv":[9.875,0.8125,10.75,0.0],"rotation":0,"texture":"#0","tintindex":0},"down":{"uv":[9.9375,3.8125,10.8125,4.625],"rotation":0,"texture":"#0","tintindex":0}}},{"from":[-4.1309977,-16.0,-2.6679325],"to":[19.561735,-8.557257,18.667933],"rotation":{"angle":0.0,"axis":"y","origin":[20.802193,31.819626,5.3950396]},"faces":{"east":{"uv":[13.4375,1.9375,12.5625,2.25],"rotation":0,"texture":"#0","tintindex":0},"south":{"uv":[13.4375,1.9375,12.5625,2.25],"rotation":0,"texture":"#0","tintindex":0},"north":{"uv":[13.4375,1.9375,12.5625,2.25],"rotation":0,"texture":"#0","tintindex":0},"west":{"uv":[13.4375,1.9375,12.5625,2.25],"rotation":0,"texture":"#0","tintindex":0},"up":{"uv":[9.0,6.8125,10.0,5.9375],"rotation":0,"texture":"#0","tintindex":0},"down":{"uv":[9.0625,2.0625,10.0625,2.9375],"rotation":0,"texture":"#0","tintindex":0}}}],"display":{"head":{"translation":[0.0,-7.8550324,0.0],"scale":[4.0,4.0,4.0]}}}