{"textures":{"0":"modelengine:entity/mso_taloc"},"elements":[{"from":[4.3406515,-0.9618292,4.7748113],"to":[11.6593485,8.961828,11.225189],"rotation":{"angle":0.0,"axis":"y","origin":[-15.506664,74.76808,12.837783]},"faces":{"east":{"uv":[13.9375,10.0625,14.1875,10.5],"rotation":0,"texture":"#0","tintindex":0},"south":{"uv":[10.3125,13.75,10.625,14.1875],"rotation":0,"texture":"#0","tintindex":0},"north":{"uv":[10.0,13.75,10.3125,14.1875],"rotation":0,"texture":"#0","tintindex":0},"west":{"uv":[13.9375,12.6875,14.1875,13.125],"rotation":0,"texture":"#0","tintindex":0},"up":{"uv":[14.4375,3.8125,14.125,3.5625],"rotation":0,"texture":"#0","tintindex":0},"down":{"uv":[14.4375,3.8125,14.125,4.0625],"rotation":0,"texture":"#0","tintindex":0}}}],"display":{"head":{"translation":[0.0,-6.4,0.0],"scale":[4.0,4.0,4.0]}}}