{"textures":{"0":"modelengine:entity/mso_taloc"},"elements":[{"from":[5.6679406,-6.546381,1.0595384],"to":[10.33206,-1.3227739,8.02553],"rotation":{"angle":-22.5,"axis":"x","origin":[8.0,10.723639,-23.728321]},"faces":{"east":{"uv":[12.25,14.1875,12.5,14.5],"rotation":0,"texture":"#0","tintindex":0},"south":{"uv":[0.8125,14.4375,1.0,14.6875],"rotation":0,"texture":"#0","tintindex":0},"north":{"uv":[1.6875,7.5625,1.875,7.875],"rotation":0,"texture":"#0","tintindex":0},"west":{"uv":[14.1875,12.6875,14.4375,13.0],"rotation":0,"texture":"#0","tintindex":0},"up":{"uv":[2.5625,14.625,2.75,14.375],"rotation":0,"texture":"#0","tintindex":0},"down":{"uv":[14.625,2.75,14.4375,3.0],"rotation":0,"texture":"#0","tintindex":0}}}],"display":{"head":{"translation":[0.0,-6.4,0.0],"scale":[4.0,4.0,4.0]}}}