{"textures":{"0":"modelengine:entity/mso_taloc"},"elements":[{"from":[4.52672,-0.03148651,4.7748113],"to":[11.47328,8.031486,11.225189],"rotation":{"angle":0.0,"axis":"y","origin":[31.940823,65.774765,12.837783]},"faces":{"east":{"uv":[14.25,6.25,14.0,6.625],"rotation":0,"texture":"#0","tintindex":0},"south":{"uv":[14.25,13.875,13.9375,14.25],"rotation":0,"texture":"#0","tintindex":0},"north":{"uv":[10.375,2.5625,10.0625,2.9375],"rotation":0,"texture":"#0","tintindex":0},"west":{"uv":[5.3125,14.0,5.0625,14.375],"rotation":0,"texture":"#0","tintindex":0},"up":{"uv":[14.1875,2.75,14.5,2.5],"rotation":0,"texture":"#0","tintindex":0},"down":{"uv":[14.1875,3.3125,14.5,3.5625],"rotation":0,"texture":"#0","tintindex":0}}}],"display":{"head":{"translation":[0.0,-6.4,0.0],"scale":[4.0,4.0,4.0]}}}