{"textures":{"0":"modelengine:entity/mso_taloc"},"elements":[{"from":[3.513935,-2.492488,13.432737],"to":[12.445227,7.4311695,17.650291],"rotation":{"angle":-22.5,"axis":"x","origin":[7.979581,-0.38371086,15.045332]},"faces":{"east":{"uv":[12.0625,14.0625,12.25,14.5],"rotation":0,"texture":"#0","tintindex":0},"south":{"uv":[1.5,13.4375,1.875,13.875],"rotation":0,"texture":"#0","tintindex":0},"north":{"uv":[10.6875,13.375,11.0625,13.8125],"rotation":0,"texture":"#0","tintindex":0},"west":{"uv":[13.3125,14.0625,13.5,14.5],"rotation":0,"texture":"#0","tintindex":0},"up":{"uv":[4.3125,9.8125,3.9375,9.625],"rotation":0,"texture":"#0","tintindex":0},"down":{"uv":[12.6875,4.5625,12.3125,4.75],"rotation":0,"texture":"#0","tintindex":0}}},{"from":[3.2658439,-3.0828514,-0.17601871],"to":[12.693318,7.8331723,14.461376],"rotation":{"angle":0.0,"axis":"y","origin":[7.979581,0.018291473,11.856416]},"faces":{"east":{"uv":[13.25,3.625,12.625,4.0625],"rotation":0,"texture":"#0","tintindex":0},"south":{"uv":[13.25,5.625,13.625,6.0625],"rotation":0,"texture":"#0","tintindex":0},"north":{"uv":[2.6875,10.625,3.0625,11.0625],"rotation":0,"texture":"#0","tintindex":0},"west":{"uv":[12.625,3.625,13.25,4.0625],"rotation":0,"texture":"#0","tintindex":0},"up":{"uv":[2.25,6.75,1.875,6.125],"rotation":0,"texture":"#0","tintindex":0},"down":{"uv":[7.875,12.75,7.5,13.375],"rotation":0,"texture":"#0","tintindex":0}}},{"from":[3.0177522,3.0184455,-8.365368],"to":[12.94141,9.220732,4.783478],"rotation":{"angle":-22.5,"axis":"x","origin":[6.739124,-3.1838408,4.0392036]},"faces":{"east":{"uv":[13.625,3.3125,14.1875,3.5625],"rotation":0,"texture":"#0","tintindex":0},"south":{"uv":[10.875,2.3125,11.3125,2.5625],"rotation":0,"texture":"#0","tintindex":0},"north":{"uv":[3.0625,9.375,3.5,9.625],"rotation":0,"texture":"#0","tintindex":0},"west":{"uv":[14.1875,3.3125,13.625,3.5625],"rotation":0,"texture":"#0","tintindex":0},"up":{"uv":[9.9375,4.375,9.5,3.8125],"rotation":0,"texture":"#0","tintindex":0},"down":{"uv":[9.6875,12.8125,9.25,13.375],"rotation":0,"texture":"#0","tintindex":0}}},{"from":[3.2658439,6.4901853,-10.794464],"to":[12.693318,11.948196,-5.584545],"rotation":{"angle":-45.0,"axis":"x","origin":[6.739124,-0.20828342,1.6101065]},"faces":{"east":{"uv":[14.375,8.4375,14.625,8.6875],"rotation":0,"texture":"#0","tintindex":0},"south":{"uv":[13.0,1.375,13.375,1.625],"rotation":0,"texture":"#0","tintindex":0},"north":{"uv":[12.125,1.0,12.5,1.25],"rotation":0,"texture":"#0","tintindex":0},"west":{"uv":[8.875,14.375,9.125,14.625],"rotation":0,"texture":"#0","tintindex":0},"up":{"uv":[14.375,0.25,14.0,0.0],"rotation":0,"texture":"#0","tintindex":0},"down":{"uv":[14.375,11.3125,14.0,11.5625],"rotation":0,"texture":"#0","tintindex":0}}},{"from":[10.356764,-8.383554,-12.034922],"to":[15.814775,-2.4293594,2.850564],"rotation":{"angle":22.5,"axis":"z","origin":[0.68119764,-0.44462872,1.6101065]},"faces":{"east":{"uv":[13.4375,9.1875,14.0625,9.4375],"rotation":0,"texture":"#0","tintindex":0},"south":{"uv":[14.3125,13.5625,14.5625,13.8125],"rotation":0,"texture":"#0","tintindex":0},"north":{"uv":[13.0625,6.4375,13.3125,6.6875],"rotation":0,"texture":"#0","tintindex":0},"west":{"uv":[13.4375,9.8125,14.0625,10.0625],"rotation":0,"texture":"#0","tintindex":0},"up":{"uv":[2.375,14.375,2.125,13.75],"rotation":0,"texture":"#0","tintindex":0},"down":{"uv":[4.25,13.75,4.0,14.375],"rotation":0,"texture":"#0","tintindex":0}}},{"from":[12.94141,2.5207224,-11.538738],"to":[15.422324,3.5130882,2.6024723],"rotation":{"angle":0.0,"axis":"y","origin":[37.750553,-3.929655,0.3696494]},"faces":{"east":{"uv":[4.3125,8.8125,4.875,8.875],"rotation":0,"texture":"#0","tintindex":0},"south":{"uv":[6.0625,8.375,6.1875,8.4375],"rotation":0,"texture":"#0","tintindex":0},"north":{"uv":[7.75,6.4375,7.875,6.5],"rotation":0,"texture":"#0","tintindex":0},"west":{"uv":[11.4375,0.625,12.0,0.6875],"rotation":0,"texture":"#0","tintindex":0},"up":{"uv":[3.4375,14.9375,3.3125,14.375],"rotation":0,"texture":"#0","tintindex":0},"down":{"uv":[5.1875,14.375,5.0625,14.9375],"rotation":0,"texture":"#0","tintindex":0}}},{"from":[0.62872314,2.5207224,-11.538738],"to":[3.1096382,3.5130882,2.6024723],"rotation":{"angle":0.0,"axis":"y","origin":[-21.699505,-3.929655,0.3696494]},"faces":{"east":{"uv":[12.0,0.625,11.4375,0.6875],"rotation":0,"texture":"#0","tintindex":0},"south":{"uv":[6.1875,8.375,6.0625,8.4375],"rotation":0,"texture":"#0","tintindex":0},"north":{"uv":[7.875,6.4375,7.75,6.5],"rotation":0,"texture":"#0","tintindex":0},"west":{"uv":[4.875,8.8125,4.3125,8.875],"rotation":0,"texture":"#0","tintindex":0},"up":{"uv":[3.3125,14.9375,3.4375,14.375],"rotation":0,"texture":"#0","tintindex":0},"down":{"uv":[5.0625,14.375,5.1875,14.9375],"rotation":0,"texture":"#0","tintindex":0}}},{"from":[0.23627234,-8.383554,-12.034922],"to":[5.6942835,-2.4293594,2.850564],"rotation":{"angle":-22.5,"axis":"z","origin":[15.36985,-0.44462872,1.6101065]},"faces":{"east":{"uv":[14.0625,9.8125,13.4375,10.0625],"rotation":0,"texture":"#0","tintindex":0},"south":{"uv":[14.5625,13.5625,14.3125,13.8125],"rotation":0,"texture":"#0","tintindex":0},"north":{"uv":[13.3125,6.4375,13.0625,6.6875],"rotation":0,"texture":"#0","tintindex":0},"west":{"uv":[14.0625,9.1875,13.4375,9.4375],"rotation":0,"texture":"#0","tintindex":0},"up":{"uv":[2.125,14.375,2.375,13.75],"rotation":0,"texture":"#0","tintindex":0},"down":{"uv":[4.0,13.75,4.25,14.375],"rotation":0,"texture":"#0","tintindex":0}}},{"from":[3.0177522,-4.0752163,-11.836315],"to":[12.94141,-1.3462114,18.182747],"rotation":{"angle":0.0,"axis":"y","origin":[7.979581,0.018291473,11.856416]},"faces":{"east":{"uv":[12.8125,2.875,14.0625,3.0],"rotation":0,"texture":"#0","tintindex":0},"south":{"uv":[12.375,6.6875,12.8125,6.8125],"rotation":0,"texture":"#0","tintindex":0},"north":{"uv":[11.9375,6.6875,12.375,6.8125],"rotation":0,"texture":"#0","tintindex":0},"west":{"uv":[13.0625,7.5625,14.3125,7.6875],"rotation":0,"texture":"#0","tintindex":0},"up":{"uv":[4.3125,11.875,3.875,10.625],"rotation":0,"texture":"#0","tintindex":0},"down":{"uv":[4.75,10.625,4.3125,11.875],"rotation":0,"texture":"#0","tintindex":0}}}],"display":{"head":{"translation":[0.0,-6.4,0.0],"scale":[4.0,4.0,4.0]}}}