{"textures":{"0":"modelengine:entity/mso_taloc"},"elements":[{"from":[7.0849085,-4.4712477,-1.9683142],"to":[9.119258,8.173973,17.968315],"rotation":{"angle":22.5,"axis":"z","origin":[8.102083,7.557466,8.0]},"faces":{"east":{"uv":[3.5,11.125,2.6875,11.6875],"rotation":0,"texture":"#0","tintindex":0},"south":{"uv":[8.0625,14.375,7.9375,14.9375],"rotation":0,"texture":"#0","tintindex":0},"north":{"uv":[7.9375,14.375,7.8125,14.9375],"rotation":0,"texture":"#0","tintindex":0},"west":{"uv":[11.875,6.875,11.0625,7.4375],"rotation":0,"texture":"#0","tintindex":0},"up":{"uv":[6.5625,14.875,6.6875,14.0625],"rotation":0,"texture":"#0","tintindex":0},"down":{"uv":[3.5,14.125,3.625,14.9375],"rotation":0,"texture":"#0","tintindex":0}}}],"display":{"head":{"translation":[0.0,-6.4,0.0],"scale":[4.0,4.0,4.0]}}}