{"textures":{"0":"modelengine:entity/mso_taloc"},"elements":[{"from":[4.7127886,-4.3242855,3.5567083],"to":[11.287211,11.181429,9.01472],"rotation":{"angle":0.0,"axis":"y","origin":[-12.901703,64.955246,16.829601]},"faces":{"east":{"uv":[0.0,13.6875,0.25,14.3125],"rotation":0,"texture":"#0","tintindex":0},"south":{"uv":[0.3125,13.1875,0.625,13.8125],"rotation":0,"texture":"#0","tintindex":0},"north":{"uv":[3.5,13.0625,3.8125,13.6875],"rotation":0,"texture":"#0","tintindex":0},"west":{"uv":[1.125,13.6875,1.375,14.3125],"rotation":0,"texture":"#0","tintindex":0},"up":{"uv":[14.5625,14.125,14.25,13.875],"rotation":0,"texture":"#0","tintindex":0},"down":{"uv":[14.4375,14.25,14.125,14.5],"rotation":0,"texture":"#0","tintindex":0}}}],"display":{"head":{"translation":[0.0,-6.4,0.0],"scale":[4.0,4.0,4.0]}}}