{"textures":{"0":"modelengine:entity/mso_taloc"},"elements":[{"from":[0.7848911,-7.08634,3.6633954],"to":[17.65511,11.76861,20.03743],"rotation":{"angle":0.0,"axis":"y","origin":[7.9795427,-11.551985,16.936287]},"faces":{"east":{"uv":[7.5,10.375,8.1875,11.1875],"rotation":0,"texture":"#0","tintindex":0},"south":{"uv":[10.375,6.8125,11.0625,7.625],"rotation":0,"texture":"#0","tintindex":0},"north":{"uv":[6.8125,10.375,7.5,11.1875],"rotation":0,"texture":"#0","tintindex":0},"west":{"uv":[10.5625,10.125,11.25,10.9375],"rotation":0,"texture":"#0","tintindex":0},"up":{"uv":[11.4375,0.6875,10.75,0.0],"rotation":0,"texture":"#0","tintindex":0},"down":{"uv":[10.5625,10.8125,9.875,11.5],"rotation":0,"texture":"#0","tintindex":0}}},{"from":[1.0329828,-16.0,3.3137941],"to":[17.407017,-4.421809,14.891985],"rotation":{"angle":-45.0,"axis":"x","origin":[9.22,-5.3320684,6.7049675]},"faces":{"east":{"uv":[2.9375,6.75,3.4375,7.25],"rotation":0,"texture":"#0","tintindex":0},"south":{"uv":[12.0625,5.125,12.75,5.625],"rotation":0,"texture":"#0","tintindex":0},"north":{"uv":[10.8125,12.0,11.5,12.5],"rotation":0,"texture":"#0","tintindex":0},"west":{"uv":[7.375,5.9375,7.875,6.4375],"rotation":0,"texture":"#0","tintindex":0},"up":{"uv":[12.75,9.25,12.0625,8.75],"rotation":0,"texture":"#0","tintindex":0},"down":{"uv":[12.75,9.8125,12.0625,10.3125],"rotation":0,"texture":"#0","tintindex":0}}}],"display":{"head":{"translation":[0.0,-8.930464,0.0],"scale":[4.0,4.0,4.0]}}}