{"textures":{"0":"modelengine:entity/mso_taloc"},"elements":[{"from":[25.701464,-10.07538,0.5989814],"to":[29.395039,-4.4313,16.22874],"rotation":{"angle":22.5,"axis":"z","origin":[24.692566,-2.9150152,8.413861]},"faces":{"east":{"uv":[11.9375,3.25,12.875,3.625],"rotation":0,"texture":"#0","tintindex":0},"south":{"uv":[14.125,5.5625,14.375,5.9375],"rotation":0,"texture":"#0","tintindex":0},"north":{"uv":[14.125,4.0625,14.375,4.4375],"rotation":0,"texture":"#0","tintindex":0},"west":{"uv":[11.9375,11.3125,12.875,11.6875],"rotation":0,"texture":"#0","tintindex":0},"up":{"uv":[12.0,13.875,11.75,12.9375],"rotation":0,"texture":"#0","tintindex":0},"down":{"uv":[12.25,12.9375,12.0,13.875],"rotation":0,"texture":"#0","tintindex":0}}},{"from":[27.003944,-4.8654604,1.4673018],"to":[32.0,3.3651986,15.360421],"rotation":{"angle":22.5,"axis":"z","origin":[24.692566,-2.9150152,8.413861]},"faces":{"east":{"uv":[11.25,8.75,12.0625,9.25],"rotation":0,"texture":"#0","tintindex":0},"south":{"uv":[12.25,13.6875,12.5625,14.1875],"rotation":0,"texture":"#0","tintindex":0},"north":{"uv":[7.0,13.6875,7.3125,14.1875],"rotation":0,"texture":"#0","tintindex":0},"west":{"uv":[6.75,11.6875,7.5625,12.1875],"rotation":0,"texture":"#0","tintindex":0},"up":{"uv":[9.25,13.5,8.9375,12.6875],"rotation":0,"texture":"#0","tintindex":0},"down":{"uv":[1.25,12.75,0.9375,13.5625],"rotation":0,"texture":"#0","tintindex":0}}},{"from":[13.979144,-4.4313,-0.2693386],"to":[28.526718,1.6285586,17.097061],"rotation":{"angle":22.5,"axis":"z","origin":[24.692566,-2.9150152,8.413861]},"faces":{"east":{"uv":[11.875,4.75,12.875,5.125],"rotation":0,"texture":"#0","tintindex":0},"south":{"uv":[13.3125,10.625,12.4375,11.0],"rotation":0,"texture":"#0","tintindex":0},"north":{"uv":[12.4375,10.625,13.3125,11.0],"rotation":0,"texture":"#0","tintindex":0},"west":{"uv":[11.875,6.8125,12.875,7.1875],"rotation":0,"texture":"#0","tintindex":0},"up":{"uv":[1.6875,10.0,0.8125,9.0],"rotation":0,"texture":"#0","tintindex":0},"down":{"uv":[9.9375,4.375,9.0625,5.375],"rotation":0,"texture":"#0","tintindex":0}}},{"from":[15.368457,-5.820612,-0.4430027],"to":[21.860193,10.063093,17.270725],"rotation":{"angle":-45.0,"axis":"z","origin":[15.350428,0.8104825,8.413861]},"faces":{"east":{"uv":[2.4375,8.4375,3.5,9.375],"rotation":0,"texture":"#0","tintindex":0},"south":{"uv":[3.5,11.6875,3.125,12.625],"rotation":0,"texture":"#0","tintindex":0},"north":{"uv":[3.125,11.6875,3.5,12.625],"rotation":0,"texture":"#0","tintindex":0},"west":{"uv":[8.4375,3.4375,9.5,4.375],"rotation":0,"texture":"#0","tintindex":0},"up":{"uv":[9.3125,12.6875,8.9375,11.625],"rotation":0,"texture":"#0","tintindex":0},"down":{"uv":[1.5,11.6875,1.125,12.75],"rotation":0,"texture":"#0","tintindex":0}}},{"from":[14.326472,10.063093,3.0302777],"to":[21.860193,12.49439,13.797445],"rotation":{"angle":-45.0,"axis":"z","origin":[15.350428,0.8104825,8.413861]},"faces":{"east":{"uv":[8.4375,4.375,9.0625,4.5625],"rotation":0,"texture":"#0","tintindex":0},"south":{"uv":[9.75,14.1875,10.1875,14.375],"rotation":0,"texture":"#0","tintindex":0},"north":{"uv":[8.9375,14.1875,9.375,14.375],"rotation":0,"texture":"#0","tintindex":0},"west":{"uv":[11.25,4.75,11.875,4.9375],"rotation":0,"texture":"#0","tintindex":0},"up":{"uv":[6.5625,13.0625,6.125,12.4375],"rotation":0,"texture":"#0","tintindex":0},"down":{"uv":[13.0,1.0,12.5625,1.625],"rotation":0,"texture":"#0","tintindex":0}}},{"from":[15.542121,12.49439,6.503557],"to":[18.30008,16.401829,10.324165],"rotation":{"angle":-45.0,"axis":"z","origin":[14.829435,0.8104825,8.413861]},"faces":{"east":{"uv":[9.125,14.375,9.375,14.625],"rotation":0,"texture":"#0","tintindex":0},"south":{"uv":[14.5,2.375,14.6875,2.625],"rotation":0,"texture":"#0","tintindex":0},"north":{"uv":[14.5,2.125,14.6875,2.375],"rotation":0,"texture":"#0","tintindex":0},"west":{"uv":[14.375,9.1875,14.625,9.4375],"rotation":0,"texture":"#0","tintindex":0},"up":{"uv":[14.6875,3.5,14.5,3.25],"rotation":0,"texture":"#0","tintindex":0},"down":{"uv":[14.6875,4.4375,14.5,4.6875],"rotation":0,"texture":"#0","tintindex":0}}},{"from":[13.601027,10.908307,6.3298936],"to":[16.982204,14.815747,10.497829],"rotation":{"angle":-22.5,"axis":"z","origin":[18.545181,0.81548595,8.413861]},"faces":{"east":{"uv":[2.8125,14.375,3.0625,14.625],"rotation":0,"texture":"#0","tintindex":0},"south":{"uv":[14.375,13.25,14.5625,13.5],"rotation":0,"texture":"#0","tintindex":0},"north":{"uv":[13.0,14.375,13.1875,14.625],"rotation":0,"texture":"#0","tintindex":0},"west":{"uv":[3.0625,14.375,3.3125,14.625],"rotation":0,"texture":"#0","tintindex":0},"up":{"uv":[1.6875,11.9375,1.5,11.6875],"rotation":0,"texture":"#0","tintindex":0},"down":{"uv":[12.0625,5.125,11.875,5.375],"rotation":0,"texture":"#0","tintindex":0}}},{"from":[10.996066,8.129683,2.8566136],"to":[19.153006,10.908307,13.971109],"rotation":{"angle":-22.5,"axis":"z","origin":[18.545181,0.81548595,8.413861]},"faces":{"east":{"uv":[11.5625,13.875,12.25,14.0625],"rotation":0,"texture":"#0","tintindex":0},"south":{"uv":[11.4375,2.125,11.9375,2.3125],"rotation":0,"texture":"#0","tintindex":0},"north":{"uv":[4.8125,9.8125,5.3125,10.0],"rotation":0,"texture":"#0","tintindex":0},"west":{"uv":[13.9375,1.6875,14.625,1.875],"rotation":0,"texture":"#0","tintindex":0},"up":{"uv":[8.0625,12.75,7.5625,12.0625],"rotation":0,"texture":"#0","tintindex":0},"down":{"uv":[12.625,0.0,12.125,0.6875],"rotation":0,"texture":"#0","tintindex":0}}},{"from":[12.03805,-8.953115,-0.6166668],"to":[19.153006,8.129683,17.44439],"rotation":{"angle":-22.5,"axis":"z","origin":[18.545181,0.81548595,8.413861]},"faces":{"east":{"uv":[6.5625,7.4375,7.625,8.4375],"rotation":0,"texture":"#0","tintindex":0},"south":{"uv":[11.9375,5.8125,11.5,6.8125],"rotation":0,"texture":"#0","tintindex":0},"north":{"uv":[11.5,5.8125,11.9375,6.8125],"rotation":0,"texture":"#0","tintindex":0},"west":{"uv":[7.625,7.4375,8.6875,8.4375],"rotation":0,"texture":"#0","tintindex":0},"up":{"uv":[11.5,6.875,11.0625,5.8125],"rotation":0,"texture":"#0","tintindex":0},"down":{"uv":[11.5,10.9375,11.0625,12.0],"rotation":0,"texture":"#0","tintindex":0}}},{"from":[11.164461,12.841719,6.1562295],"to":[14.464077,16.749157,10.671494],"rotation":{"angle":0.0,"axis":"y","origin":[6.1282053,0.72865343,6.5903893]},"faces":{"east":{"uv":[2.125,14.375,2.375,14.625],"rotation":0,"texture":"#0","tintindex":0},"south":{"uv":[14.375,12.4375,14.5625,12.6875],"rotation":0,"texture":"#0","tintindex":0},"north":{"uv":[10.0,13.5,10.1875,13.75],"rotation":0,"texture":"#0","tintindex":0},"west":{"uv":[2.5625,14.375,2.8125,14.625],"rotation":0,"texture":"#0","tintindex":0},"up":{"uv":[6.625,1.1875,6.4375,0.9375],"rotation":0,"texture":"#0","tintindex":0},"down":{"uv":[0.8125,9.75,0.625,10.0],"rotation":0,"texture":"#0","tintindex":0}}},{"from":[1.6129413,10.063094,2.6829495],"to":[15.332397,12.841719,14.1447735],"rotation":{"angle":0.0,"axis":"y","origin":[5.2598853,0.72865343,6.5903893]},"faces":{"east":{"uv":[12.625,8.0625,13.3125,8.25],"rotation":0,"texture":"#0","tintindex":0},"south":{"uv":[13.625,9.4375,14.4375,9.625],"rotation":0,"texture":"#0","tintindex":0},"north":{"uv":[7.6875,1.875,8.5,2.0625],"rotation":0,"texture":"#0","tintindex":0},"west":{"uv":[13.875,8.8125,14.5625,9.0],"rotation":0,"texture":"#0","tintindex":0},"up":{"uv":[3.875,11.125,3.0625,10.4375],"rotation":0,"texture":"#0","tintindex":0},"down":{"uv":[11.3125,0.8125,10.5,1.5],"rotation":0,"texture":"#0","tintindex":0}}},{"from":[2.8149252,-8.432123,-0.7903309],"to":[15.332397,10.063094,17.618053],"rotation":{"angle":0.0,"axis":"y","origin":[5.2598853,0.72865343,6.5903893]},"faces":{"east":{"uv":[2.9375,7.3125,4.0,8.4375],"rotation":0,"texture":"#0","tintindex":0},"south":{"uv":[6.0625,8.875,5.3125,10.0],"rotation":0,"texture":"#0","tintindex":0},"north":{"uv":[5.3125,8.875,6.0625,10.0],"rotation":0,"texture":"#0","tintindex":0},"west":{"uv":[7.375,3.4375,8.4375,4.5625],"rotation":0,"texture":"#0","tintindex":0},"up":{"uv":[8.9375,10.1875,8.1875,9.125],