{"textures":{"0":"modelengine:entity/mso_taloc"},"elements":[{"from":[-13.395039,-10.07538,0.5989814],"to":[-9.701464,-4.4313,16.22874],"rotation":{"angle":-22.5,"axis":"z","origin":[-8.692566,-2.9150152,8.413861]},"faces":{"east":{"uv":[12.875,11.3125,11.9375,11.6875],"rotation":0,"texture":"#0","tintindex":0},"south":{"uv":[14.375,5.5625,14.125,5.9375],"rotation":0,"texture":"#0","tintindex":0},"north":{"uv":[14.375,4.0625,14.125,4.4375],"rotation":0,"texture":"#0","tintindex":0},"west":{"uv":[12.875,3.25,11.9375,3.625],"rotation":0,"texture":"#0","tintindex":0},"up":{"uv":[11.75,13.875,12.0,12.9375],"rotation":0,"texture":"#0","tintindex":0},"down":{"uv":[12.0,12.9375,12.25,13.875],"rotation":0,"texture":"#0","tintindex":0}}},{"from":[-16.0,-4.8654604,1.4673018],"to":[-11.003944,3.3651986,15.360421],"rotation":{"angle":-22.5,"axis":"z","origin":[-8.692566,-2.9150152,8.413861]},"faces":{"east":{"uv":[7.5625,11.6875,6.75,12.1875],"rotation":0,"texture":"#0","tintindex":0},"south":{"uv":[12.5625,13.6875,12.25,14.1875],"rotation":0,"texture":"#0","tintindex":0},"north":{"uv":[7.3125,13.6875,7.0,14.1875],"rotation":0,"texture":"#0","tintindex":0},"west":{"uv":[12.0625,8.75,11.25,9.25],"rotation":0,"texture":"#0","tintindex":0},"up":{"uv":[8.9375,13.5,9.25,12.6875],"rotation":0,"texture":"#0","tintindex":0},"down":{"uv":[0.9375,12.75,1.25,13.5625],"rotation":0,"texture":"#0","tintindex":0}}},{"from":[-12.526718,-4.4313,-0.2693386],"to":[2.020856,1.6285586,17.097061],"rotation":{"angle":-22.5,"axis":"z","origin":[-8.692566,-2.9150152,8.413861]},"faces":{"east":{"uv":[12.875,6.8125,11.875,7.1875],"rotation":0,"texture":"#0","tintindex":0},"south":{"uv":[12.4375,10.625,13.3125,11.0],"rotation":0,"texture":"#0","tintindex":0},"north":{"uv":[13.3125,10.625,12.4375,11.0],"rotation":0,"texture":"#0","tintindex":0},"west":{"uv":[12.875,4.75,11.875,5.125],"rotation":0,"texture":"#0","tintindex":0},"up":{"uv":[0.8125,10.0,1.6875,9.0],"rotation":0,"texture":"#0","tintindex":0},"down":{"uv":[9.0625,4.375,9.9375,5.375],"rotation":0,"texture":"#0","tintindex":0}}},{"from":[-5.8601933,-5.820612,-0.4430027],"to":[0.63154316,10.063093,17.270725],"rotation":{"angle":45.0,"axis":"z","origin":[0.6495724,0.8104825,8.413861]},"faces":{"east":{"uv":[9.5,3.4375,8.4375,4.375],"rotation":0,"texture":"#0","tintindex":0},"south":{"uv":[3.125,11.6875,3.5,12.625],"rotation":0,"texture":"#0","tintindex":0},"north":{"uv":[3.5,11.6875,3.125,12.625],"rotation":0,"texture":"#0","tintindex":0},"west":{"uv":[3.5,8.4375,2.4375,9.375],"rotation":0,"texture":"#0","tintindex":0},"up":{"uv":[8.9375,12.6875,9.3125,11.625],"rotation":0,"texture":"#0","tintindex":0},"down":{"uv":[1.125,11.6875,1.5,12.75],"rotation":0,"texture":"#0","tintindex":0}}},{"from":[-5.8601933,10.063093,3.0302777],"to":[1.6735277,12.49439,13.797445],"rotation":{"angle":45.0,"axis":"z","origin":[0.6495724,0.8104825,8.413861]},"faces":{"east":{"uv":[11.875,4.75,11.25,4.9375],"rotation":0,"texture":"#0","tintindex":0},"south":{"uv":[10.1875,14.1875,9.75,14.375],"rotation":0,"texture":"#0","tintindex":0},"north":{"uv":[9.375,14.1875,8.9375,14.375],"rotation":0,"texture":"#0","tintindex":0},"west":{"uv":[9.0625,4.375,8.4375,4.5625],"rotation":0,"texture":"#0","tintindex":0},"up":{"uv":[6.125,13.0625,6.5625,12.4375],"rotation":0,"texture":"#0","tintindex":0},"down":{"uv":[12.5625,1.0,13.0,1.625],"rotation":0,"texture":"#0","tintindex":0}}},{"from":[-2.3000803,12.49439,6.503557],"to":[0.45787907,16.401829,10.324165],"rotation":{"angle":45.0,"axis":"z","origin":[1.1705647,0.8104825,8.413861]},"faces":{"east":{"uv":[14.625,9.1875,14.375,9.4375],"rotation":0,"texture":"#0","tintindex":0},"south":{"uv":[14.6875,2.375,14.5,2.625],"rotation":0,"texture":"#0","tintindex":0},"north":{"uv":[14.6875,2.125,14.5,2.375],"rotation":0,"texture":"#0","tintindex":0},"west":{"uv":[9.375,14.375,9.125,14.625],"rotation":0,"texture":"#0","tintindex":0},"up":{"uv":[14.5,3.5,14.6875,3.25],"rotation":0,"texture":"#0","tintindex":0},"down":{"uv":[14.5,4.4375,14.6875,4.6875],"rotation":0,"texture":"#0","tintindex":0}}},{"from":[-0.9822054,10.908307,6.3298936],"to":[2.3989735,14.815747,10.497829],"rotation":{"angle":22.5,"axis":"z","origin":[-2.5451822,0.81548595,8.413861]},"faces":{"east":{"uv":[3.3125,14.375,3.0625,14.625],"rotation":0,"texture":"#0","tintindex":0},"south":{"uv":[14.5625,13.25,14.375,13.5],"rotation":0,"texture":"#0","tintindex":0},"north":{"uv":[13.1875,14.375,13.0,14.625],"rotation":0,"texture":"#0","tintindex":0},"west":{"uv":[3.0625,14.375,2.8125,14.625],"rotation":0,"texture":"#0","tintindex":0},"up":{"uv":[1.5,11.9375,1.6875,11.6875],"rotation":0,"texture":"#0","tintindex":0},"down":{"uv":[11.875,5.125,12.0625,5.375],"rotation":0,"texture":"#0","tintindex":0}}},{"from":[-3.1530056,8.129683,2.8566136],"to":[5.003934,10.908307,13.971109],"rotation":{"angle":22.5,"axis":"z","origin":[-2.5451822,0.81548595,8.413861]},"faces":{"east":{"uv":[14.625,1.6875,13.9375,1.875],"rotation":0,"texture":"#0","tintindex":0},"south":{"uv":[11.9375,2.125,11.4375,2.3125],"rotation":0,"texture":"#0","tintindex":0},"north":{"uv":[5.3125,9.8125,4.8125,10.0],"rotation":0,"texture":"#0","tintindex":0},"west":{"uv":[12.25,13.875,11.5625,14.0625],"rotation":0,"texture":"#0","tintindex":0},"up":{"uv":[7.5625,12.75,8.0625,12.0625],"rotation":0,"texture":"#0","tintindex":0},"down":{"uv":[12.125,0.0,12.625,0.6875],"rotation":0,"texture":"#0","tintindex":0}}},{"from":[-3.1530056,-8.953115,-0.6166668],"to":[3.9619498,8.129683,17.44439],"rotation":{"angle":22.5,"axis":"z","origin":[-2.5451822,0.81548595,8.413861]},"faces":{"east":{"uv":[8.6875,7.4375,7.625,8.4375],"rotation":0,"texture":"#0","tintindex":0},"south":{"uv":[11.5,5.8125,11.9375,6.8125],"rotation":0,"texture":"#0","tintindex":0},"north":{"uv":[11.9375,5.8125,11.5,6.8125],"rotation":0,"texture":"#0","tintindex":0},"west":{"uv":[7.625,7.4375,6.5625,8.4375],"rotation":0,"texture":"#0","tintindex":0},"up":{"uv":[11.0625,6.875,11.5,5.8125],"rotation":0,"texture":"#0","tintindex":0},"down":{"uv":[11.0625,10.9375,11.5,12.0],"rotation":0,"texture":"#0","tintindex":0}}},{"from":[1.535923,12.841719,6.1562295],"to":[4.835539,16.749157,10.671494],"rotation":{"angle":0.0,"axis":"y","origin":[9.871795,0.72865343,6.5903893]},"faces":{"east":{"uv":[2.8125,14.375,2.5625,14.625],"rotation":0,"texture":"#0","tintindex":0},"south":{"uv":[14.5625,12.4375,14.375,12.6875],"rotation":0,"texture":"#0","tintindex":0},"north":{"uv":[10.1875,13.5,10.0,13.75],"rotation":0,"texture":"#0","tintindex":0},"west":{"uv":[2.375,14.375,2.125,14.625],"rotation":0,"texture":"#0","tintindex":0},"up":{"uv":[6.4375,1.1875,6.625,0.9375],"rotation":0,"texture":"#0","tintindex":0},"down":{"uv":[0.625,9.75,0.8125,10.0],"rotation":0,"texture":"#0","tintindex":0}}},{"from":[0.66760254,10.063094,2.6829495],"to":[14.387058,12.841719,14.1447735],"rotation":{"angle":0.0,"axis":"y","origin":[10.740114,0.72865343,6.5903893]},"faces":{"east":{"uv":[14.5625,8.8125,13.875,9.0],"rotation":0,"texture":"#0","tintindex":0},"south":{"uv":[14.4375,9.4375,13.625,9.625],"rotation":0,"texture":"#0","tintindex":0},"north":{"uv":[8.5,1.875,7.6875,2.0625],"rotation":0,"texture":"#0","tintindex":0},"west":{"uv":[13.3125,8.0625,12.625,8.25],"rotation":0,"texture":"#0","tintindex":0},"up":{"uv":[3.0625,11.125,3.875,10.4375],"rotation":0,"texture":"#0","tintindex":0},"down":{"uv":[10.5,0.8125,11.3125,1.5],"rotation":0,"texture":"#0","tintindex":0}}},{"from":[0.66760254,-8.432123,-0.7903309],"to":[13.185075,10.063094,17.618053],"rotation":{"angle":0.0,"axis":"y","origin":[10.740114,0.72865343,6.5903893]},"faces":{"east":{"uv":[8.4375,3.4375,7.375,4.5625],"rotation":0,"texture":"#0","tintindex":0},"south":{"uv":[5.3125,8.875,6.0625,10.0],"rotation":0,"texture":"#0","tintindex":0},"north":{"uv":[6.0625,8.875,5.3125,10.0],"rotation":0,"texture":"#0","tintindex":0},"west":{"uv":[4.0,7.3125,2.9375,8.4375],"rotation":0,"texture":"#0","tintindex":0},