{"textures":{"2":"modelengine:entity/em_darklurker"},"elements":[{"from":[6.8117323,5.122383,7.3714285],"to":[8.068875,8.66524,8.6285715],"rotation":{"angle":0.0,"axis":"y","origin":[11.15459,-5.677617,6.5714283]},"faces":{"east":{"uv":[4.875,5.625,5.125,6.375],"rotation":0,"texture":"#2","tintindex":0},"south":{"uv":[5.75,4.0,6.0,4.75],"rotation":0,"texture":"#2","tintindex":0},"north":{"uv":[4.5,5.625,4.75,6.375],"rotation":0,"texture":"#2","tintindex":0},"west":{"uv":[5.75,4.875,6.0,5.625],"rotation":0,"texture":"#2","tintindex":0},"up":{"uv":[4.375,4.875,4.125,4.625],"rotation":0,"texture":"#2","tintindex":0},"down":{"uv":[1.375,6.875,1.125,7.125],"rotation":0,"texture":"#2","tintindex":0}}},{"from":[6.8688755,1.1795259,7.428571],"to":[8.011732,5.1795263,8.571428],"rotation":{"angle":22.5,"axis":"z","origin":[7.408874,5.0807195,8.071428]},"faces":{"east":{"uv":[0.375,5.375,0.625,6.25],"rotation":0,"texture":"#2","tintindex":0},"south":{"uv":[5.375,4.375,5.625,5.25],"rotation":0,"texture":"#2","tintindex":0},"north":{"uv":[0.0,5.375,0.25,6.25],"rotation":0,"texture":"#2","tintindex":0},"west":{"uv":[5.375,5.375,5.625,6.25],"rotation":0,"texture":"#2","tintindex":0},"up":{"uv":[1.75,7.125,1.5,6.875],"rotation":0,"texture":"#2","tintindex":0},"down":{"uv":[7.125,1.5,6.875,1.75],"rotation":0,"texture":"#2","tintindex":0}}},{"from":[8.258765,0.5071902,7.3714285],"to":[9.515907,1.7643337,8.6285715],"rotation":{"angle":0.0,"axis":"y","origin":[7.408874,5.0807195,8.071428]},"faces":{"east":{"uv":[6.875,2.25,7.125,2.5],"rotation":0,"texture":"#2","tintindex":0},"south":{"uv":[6.875,6.125,7.125,6.375],"rotation":0,"texture":"#2","tintindex":0},"north":{"uv":[6.875,1.875,7.125,2.125],"rotation":0,"texture":"#2","tintindex":0},"west":{"uv":[6.5,6.875,6.75,7.125],"rotation":0,"texture":"#2","tintindex":0},"up":{"uv":[7.125,6.75,6.875,6.5],"rotation":0,"texture":"#2","tintindex":0},"down":{"uv":[7.125,6.875,6.875,7.125],"rotation":0,"texture":"#2","tintindex":0}}},{"from":[6.4324284,-0.7384815,7.36],"to":[7.141,0.5415187,8.64],"rotation":{"angle":22.5,"axis":"z","origin":[7.408874,5.0807195,8.071428]},"faces":{"east":{"uv":[0.375,7.0,0.625,7.25],"rotation":0,"texture":"#2","tintindex":0},"south":{"uv":[6.25,7.5,6.375,7.75],"rotation":0,"texture":"#2","tintindex":0},"north":{"uv":[3.875,7.375,4.0,7.625],"rotation":0,"texture":"#2","tintindex":0},"west":{"uv":[2.625,7.0,2.875,7.25],"rotation":0,"texture":"#2","tintindex":0},"up":{"uv":[2.5,7.875,2.375,7.625],"rotation":0,"texture":"#2","tintindex":0},"down":{"uv":[3.625,7.625,3.5,7.875],"rotation":0,"texture":"#2","tintindex":0}}},{"from":[4.9438834,-1.6467962,7.4857144],"to":[5.4010267,-0.61822605,7.9428573],"rotation":{"angle":45.0,"axis":"z","origin":[7.408874,5.0807195,8.071428]},"faces":{"east":{"uv":[4.125,7.625,4.25,7.875],"rotation":0,"texture":"#2","tintindex":0},"south":{"uv":[7.625,4.375,7.75,4.625],"rotation":0,"texture":"#2","tintindex":0},"north":{"uv":[7.625,4.0,7.75,4.25],"rotation":0,"texture":"#2","tintindex":0},"west":{"uv":[7.625,4.75,7.75,5.0],"rotation":0,"texture":"#2","tintindex":0},"up":{"uv":[0.875,5.5,0.75,5.375],"rotation":0,"texture":"#2","tintindex":0},"down":{"uv":[8.25,6.0,8.125,6.125],"rotation":0,"texture":"#2","tintindex":0}}},{"from":[4.1438856,-0.8483505,7.428571],"to":[5.286742,0.29450607,8.571428],"rotation":{"angle":45.0,"axis":"z","origin":[7.408874,5.0807195,8.071428]},"faces":{"east":{"uv":[7.0,5.375,7.25,5.625],"rotation":0,"texture":"#2","tintindex":0},"south":{"uv":[7.125,0.0,7.375,0.25],"rotation":0,"texture":"#2","tintindex":0},"north":{"uv":[5.25,7.0,5.5,7.25],"rotation":0,"texture":"#2","tintindex":0},"west":{"uv":[7.125,2.625,7.375,2.875],"rotation":0,"texture":"#2","tintindex":0},"up":{"uv":[7.375,3.25,7.125,3.0],"rotation":0,"texture":"#2","tintindex":0},"down":{"uv":[7.375,3.375,7.125,3.625],"rotation":0,"texture":"#2","tintindex":0}}},{"from":[6.4468737,-2.3050785,7.4742856],"to":[6.9268737,-1.2536497,7.9542856],"rotation":{"angle":22.5,"axis":"z","origin":[7.408874,5.0807195,8.071428]},"faces":{"east":{"uv":[7.625,6.0,7.75,6.25],"rotation":0,"texture":"#2","tintindex":0},"south":{"uv":[7.625,6.375,7.75,6.625],"rotation":0,"texture":"#2","tintindex":0},"north":{"uv":[5.5,7.625,5.625,7.875],"rotation":0,"texture":"#2","tintindex":0},"west":{"uv":[6.5,7.625,6.625,7.875],"rotation":0,"texture":"#2","tintindex":0},"up":{"uv":[8.25,6.375,8.125,6.25],"rotation":0,"texture":"#2","tintindex":0},"down":{"uv":[8.25,6.5,8.125,6.625],"rotation":0,"texture":"#2","tintindex":0}}},{"from":[11.951184,-0.8059025,7.4857144],"to":[12.979755,-0.34875965,7.9428573],"rotation":{"angle":-22.5,"axis":"z","origin":[7.408874,5.0807195,8.071428]},"faces":{"east":{"uv":[8.25,7.0,8.125,7.125],"rotation":270,"texture":"#2","tintindex":0},"south":{"uv":[7.0,7.625,7.125,7.875],"rotation":270,"texture":"#2","tintindex":0},"north":{"uv":[6.75,7.625,6.875,7.875],"rotation":90,"texture":"#2","tintindex":0},"west":{"uv":[8.25,6.875,8.125,6.75],"rotation":270,"texture":"#2","tintindex":0},"up":{"uv":[7.625,6.75,7.75,7.0],"rotation":270,"texture":"#2","tintindex":0},"down":{"uv":[7.625,7.125,7.75,7.375],"rotation":270,"texture":"#2","tintindex":0}}},{"from":[12.495775,-0.68988323,7.714286],"to":[13.638632,-0.40416908,7.714286],"rotation":{"angle":-22.5,"axis":"z","origin":[7.408874,5.0807195,8.071428]},"faces":{"east":{"uv":[3.875,4.5,3.75,4.5],"rotation":270,"texture":"#2","tintindex":0},"south":{"uv":[7.5,7.625,7.625,7.875],"rotation":270,"texture":"#2","tintindex":0},"north":{"uv":[7.25,7.625,7.375,7.875],"rotation":90,"texture":"#2","tintindex":0},"west":{"uv":[3.625,4.5,3.5,4.5],"rotation":270,"texture":"#2","tintindex":0},"up":{"uv":[2.0,2.25,2.0,2.5],"rotation":270,"texture":"#2","tintindex":0},"down":{"uv":[2.0,2.625,2.0,2.875],"rotation":270,"texture":"#2","tintindex":0}}},{"from":[7.733546,-3.4048176,7.714286],"to":[7.935576,-3.2027864,7.714286],"rotation":{"angle":22.5,"axis":"z","origin":[7.408874,5.0807195,8.071428]},"faces":{"east":{"uv":[1.0,4.25,1.0,4.375],"rotation":0,"texture":"#2","tintindex":0},"south":{"uv":[8.25,0.375,8.375,0.5],"rotation":0,"texture":"#2","tintindex":0},"north":{"uv":[8.125,7.25,8.25,7.375],"rotation":0,"texture":"#2","tintindex":0},"west":{"uv":[4.375,2.25,4.375,2.375],"rotation":0,"texture":"#2","tintindex":0},"up":{"uv":[5.125,4.375,5.0,4.375],"rotation":0,"texture":"#2","tintindex":0},"down":{"uv":[6.75,6.125,6.625,6.125],"rotation":0,"texture":"#2","tintindex":0}}},{"from":[7.733546,-3.4048176,8.428572],"to":[7.935576,-3.2027864,8.428572],"rotation":{"angle":22.5,"axis":"z","origin":[7.408874,5.0807195,8.071428]},"faces":{"east":{"uv":[4.375,2.5,4.375,2.625],"rotation":0,"texture":"#2","tintindex":0},"south":{"uv":[8.25,0.875,8.375,1.0],"rotation":0,"texture":"#2","tintindex":0},"north":{"uv":[8.25,0.625,8.375,0.75],"rotation":0,"texture":"#2","tintindex":0},"west":{"uv":[1.0,4.5,1.0,4.625],"rotation":0,"texture":"#2","tintindex":0},"up":{"uv":[6.875,3.125,6.75,3.125],"rotation":0,"texture":"#2","tintindex":0},"down":{"uv":[7.125,5.75,7.0,5.75],"rotation":0,"texture":"#2","tintindex":0}}},{"from":[10.087791,-2.6346474,7.714286],"to":[10.956106,-2.405097,7.714286],"rotation":{"angle":0.0,"axis":"y","origin":[7.408874,5.0807195,8.071428]},"faces":{"east":{"uv":[1.0,4.75,1.0,4.875],"rotation":0,"texture":"#2","tintindex":0},"south":{"uv":[0.375,7.75,0.625,7.875],"rotation":0,"texture":"#2","tintindex":0},"north":{"uv":[7.625,5.125,7.875,5.25],"rotation":0,"texture":"#2","tintindex":0},"west":{"uv":[4.875,1.875,4.875,2.0],"rotation":0,"texture":"#2","tintindex":0},"up":{"uv":[8.0,5.625,7.75,5.625],"rotation":0,"texture":"#2","tintindex":0},"down":{"uv":[8.5,1.375,8.25,1.375],"rotation":0,"texture":"#2","tintindex":0}}},{"from":[7.988017,-2.6923409,7.714286],"to":[8.273731,-1.5494833,7.714286],"rotation":{"angle":22.5,"axis":"z","origin":[7.408874,5.0807195,8.071428]},"faces":{"east":{"uv":[2.875,5.0,2.875,5.25],"rotation":0,"texture":"#2","tintindex":0},