{"textures":{"0":"modelengine:entity/skeletonbow"},"elements":[{"from":[7.6887302,9.3714285,7.7714286],"to":[8.374444,10.4,8.4],"rotation":{"angle":0.0,"axis":"y","origin":[10.0,12.628572,7.428571]},"faces":{"east":{"uv":[6.5,7.625,6.625,7.84375],"rotation":0,"texture":"#0","tintindex":0},"south":{"uv":[0.25,7.75,0.40625,7.96875],"rotation":0,"texture":"#0","tintindex":0},"north":{"uv":[0.0,7.75,0.15625,7.96875],"rotation":0,"texture":"#0","tintindex":0},"west":{"uv":[1.0,7.75,1.125,7.96875],"rotation":0,"texture":"#0","tintindex":0},"up":{"uv":[8.03125,6.375,7.875,6.25],"rotation":0,"texture":"#0","tintindex":0},"down":{"uv":[6.53125,7.875,6.375,8.0],"rotation":0,"texture":"#0","tintindex":0}}},{"from":[7.4030156,9.6,7.6571426],"to":[8.660158,10.228572,8.514286],"rotation":{"angle":0.0,"axis":"y","origin":[10.0,11.828571,7.428571]},"faces":{"east":{"uv":[7.875,3.25,8.0625,3.375],"rotation":0,"texture":"#0","tintindex":0},"south":{"uv":[1.375,7.25,1.65625,7.375],"rotation":0,"texture":"#0","tintindex":0},"north":{"uv":[6.75,2.625,7.03125,2.75],"rotation":0,"texture":"#0","tintindex":0},"west":{"uv":[3.375,7.875,3.5625,8.0],"rotation":0,"texture":"#0","tintindex":0},"up":{"uv":[7.65625,7.5625,7.375,7.375],"rotation":0,"texture":"#0","tintindex":0},"down":{"uv":[0.28125,7.5,0.0,7.6875],"rotation":0,"texture":"#0","tintindex":0}}},{"from":[6.5458727,7.542857,7.2],"to":[9.517302,9.3714285,8.4],"rotation":{"angle":0.0,"axis":"y","origin":[10.0,12.628572,7.428571]},"faces":{"east":{"uv":[1.75,5.625,2.0,6.03125],"rotation":0,"texture":"#0","tintindex":0},"south":{"uv":[4.0,0.0,4.65625,0.40625],"rotation":0,"texture":"#0","tintindex":0},"north":{"uv":[3.75,3.5,4.40625,3.90625],"rotation":0,"texture":"#0","tintindex":0},"west":{"uv":[5.625,1.875,5.875,2.28125],"rotation":0,"texture":"#0","tintindex":0},"up":{"uv":[5.15625,1.5,4.5,1.25],"rotation":0,"texture":"#0","tintindex":0},"down":{"uv":[5.28125,4.125,4.625,4.375],"rotation":0,"texture":"#0","tintindex":0}}}],"display":{"head":{"translation":[0.0,-6.4,0.0],"scale":[4.0,4.0,4.0]}}}