{"textures":{"0":"modelengine:entity/skeletonbow"},"elements":[{"from":[6.748312,9.3714285,4.9142857],"to":[7.3197403,9.942858,5.485714],"rotation":{"angle":45.0,"axis":"z","origin":[8.691169,8.285714,6.742857]},"faces":{"east":{"uv":[5.375,0.25,5.5,0.375],"rotation":0,"texture":"#0","tintindex":0},"south":{"uv":[5.625,4.75,5.75,4.875],"rotation":0,"texture":"#0","tintindex":0},"north":{"uv":[4.75,0.375,4.875,0.5],"rotation":0,"texture":"#0","tintindex":0},"west":{"uv":[2.75,6.0,2.875,6.125],"rotation":0,"texture":"#0","tintindex":0},"up":{"uv":[6.125,5.125,6.0,5.0],"rotation":0,"texture":"#0","tintindex":0},"down":{"uv":[2.0,6.125,1.875,6.25],"rotation":0,"texture":"#0","tintindex":0}}},{"from":[6.717013,6.7693977,6.8],"to":[9.0027275,9.112255,7.4857144],"rotation":{"angle":22.5,"axis":"x","origin":[7.85987,7.512255,6.742857]},"faces":{"east":{"uv":[0.5,6.5,0.65625,7.0],"rotation":0,"texture":"#0","tintindex":0},"south":{"uv":[4.0,1.0,4.5,1.5],"rotation":0,"texture":"#0","tintindex":0},"north":{"uv":[4.0,0.5,4.5,1.0],"rotation":0,"texture":"#0","tintindex":0},"west":{"uv":[5.125,6.5,5.28125,7.0],"rotation":0,"texture":"#0","tintindex":0},"up":{"uv":[0.5,6.78125,0.0,6.625],"rotation":0,"texture":"#0","tintindex":0},"down":{"uv":[1.25,6.625,0.75,6.78125],"rotation":0,"texture":"#0","tintindex":0}}},{"from":[7.02113,6.540827,5.034718],"to":[8.69861,7.3408265,5.7204323],"rotation":{"angle":0.0,"axis":"y","origin":[7.8986106,7.512255,6.4632893]},"faces":{"east":{"uv":[0.5,7.75,0.65625,7.9375],"rotation":0,"texture":"#0","tintindex":0},"south":{"uv":[6.75,0.75,7.125,0.9375],"rotation":0,"texture":"#0","tintindex":0},"north":{"uv":[6.75,0.5,7.125,0.6875],"rotation":0,"texture":"#0","tintindex":0},"west":{"uv":[0.75,7.75,0.90625,7.9375],"rotation":0,"texture":"#0","tintindex":0},"up":{"uv":[7.75,4.53125,7.375,4.375],"rotation":0,"texture":"#0","tintindex":0},"down":{"uv":[7.75,4.625,7.375,4.78125],"rotation":0,"texture":"#0","tintindex":0}}},{"from":[6.717013,7.569398,4.971429],"to":[9.0027275,8.083684,5.714286],"rotation":{"angle":0.0,"axis":"y","origin":[7.85987,7.512255,6.4]},"faces":{"east":{"uv":[7.875,5.375,8.03125,5.5],"rotation":0,"texture":"#0","tintindex":0},"south":{"uv":[7.375,4.0,7.875,4.125],"rotation":0,"texture":"#0","tintindex":0},"north":{"uv":[7.375,2.625,7.875,2.75],"rotation":0,"texture":"#0","tintindex":0},"west":{"uv":[5.625,7.875,5.78125,8.0],"rotation":0,"texture":"#0","tintindex":0},"up":{"uv":[7.125,2.03125,6.625,1.875],"rotation":0,"texture":"#0","tintindex":0},"down":{"uv":[7.125,2.75,6.625,2.90625],"rotation":0,"texture":"#0","tintindex":0}}},{"from":[6.1455846,8.083684,5.028571],"to":[9.574156,10.940826,8.457143],"rotation":{"angle":0.0,"axis":"y","origin":[7.85987,7.512255,6.742857]},"faces":{"east":{"uv":[0.0,3.0,0.75,3.625],"rotation":0,"texture":"#0","tintindex":0},"south":{"uv":[3.0,2.125,3.75,2.75],"rotation":0,"texture":"#0","tintindex":0},"north":{"uv":[2.375,1.5,3.125,2.125],"rotation":0,"texture":"#0","tintindex":0},"west":{"uv":[3.0,2.75,3.75,3.375],"rotation":0,"texture":"#0","tintindex":0},"up":{"uv":[3.125,0.75,2.375,0.0],"rotation":0,"texture":"#0","tintindex":0},"down":{"uv":[3.125,0.75,2.375,1.5],"rotation":0,"texture":"#0","tintindex":0}}},{"from":[6.4312987,6.540827,5.485714],"to":[7.117013,7.0551124,7.542857],"rotation":{"angle":-22.5,"axis":"y","origin":[7.85987,7.512255,6.742857]},"faces":{"east":{"uv":[7.375,4.875,7.8125,5.0],"rotation":0,"texture":"#0","tintindex":0},"south":{"uv":[7.875,6.0,8.03125,6.125],"rotation":0,"texture":"#0","tintindex":0},"north":{"uv":[5.875,7.875,6.03125,8.0],"rotation":0,"texture":"#0","tintindex":0},"west":{"uv":[5.0,7.375,5.4375,7.5],"rotation":0,"texture":"#0","tintindex":0},"up":{"uv":[7.28125,5.6875,7.125,5.25],"rotation":0,"texture":"#0","tintindex":0},"down":{"uv":[6.03125,7.125,5.875,7.5625],"rotation":0,"texture":"#0","tintindex":0}}},{"from":[8.602727,6.540827,5.485714],"to":[9.288442,7.0551124,7.542857],"rotation":{"angle":22.5,"axis":"y","origin":[7.85987,7.512255,6.742857]},"faces":{"east":{"uv":[7.375,5.25,7.8125,5.375],"rotation":0,"texture":"#0","tintindex":0},"south":{"uv":[7.875,6.125,8.03125,6.25],"rotation":0,"texture":"#0","tintindex":0},"north":{"uv":[6.125,7.875,6.28125,8.0],"rotation":0,"texture":"#0","tintindex":0},"west":{"uv":[7.375,5.375,7.8125,5.5],"rotation":0,"texture":"#0","tintindex":0},"up":{"uv":[6.28125,7.5625,6.125,7.125],"rotation":0,"texture":"#0","tintindex":0},"down":{"uv":[6.53125,7.125,6.375,7.5625],"rotation":0,"texture":"#0","tintindex":0}}},{"from":[8.4,9.3714285,4.9142857],"to":[8.971429,9.942858,5.485714],"rotation":{"angle":-45.0,"axis":"z","origin":[7.028571,8.285714,6.742857]},"faces":{"east":{"uv":[4.875,6.375,5.0,6.5],"rotation":0,"texture":"#0","tintindex":0},"south":{"uv":[6.5,5.625,6.625,5.75],"rotation":0,"texture":"#0","tintindex":0},"north":{"uv":[2.625,6.375,2.75,6.5],"rotation":0,"texture":"#0","tintindex":0},"west":{"uv":[2.125,6.625,2.25,6.75],"rotation":0,"texture":"#0","tintindex":0},"up":{"uv":[6.75,6.25,6.625,6.125],"rotation":0,"texture":"#0","tintindex":0},"down":{"uv":[2.625,6.75,2.5,6.875],"rotation":0,"texture":"#0","tintindex":0}}},{"from":[6.0884414,10.102708,4.9714284],"to":[9.631299,11.53128,8.514286],"rotation":{"angle":0.0,"axis":"y","origin":[5.793799,8.674136,8.457143]},"faces":{"east":{"uv":[4.125,1.5,4.90625,1.8125],"rotation":0,"texture":"#0","tintindex":0},"south":{"uv":[4.125,1.875,4.90625,2.1875],"rotation":0,"texture":"#0","tintindex":0},"north":{"uv":[3.75,4.0,4.53125,4.3125],"rotation":0,"texture":"#0","tintindex":0},"west":{"uv":[2.25,4.125,3.03125,4.4375],"rotation":0,"texture":"#0","tintindex":0},"up":{"uv":[2.03125,3.03125,1.25,2.25],"rotation":0,"texture":"#0","tintindex":0},"down":{"uv":[2.90625,2.25,2.125,3.03125],"rotation":0,"texture":"#0","tintindex":0}}},{"from":[5.802727,10.216993,4.8571424],"to":[5.802727,13.531279,10.571428],"rotation":{"angle":0.0,"axis":"y","origin":[5.793799,8.674136,8.457143]},"faces":{"east":{"uv":[2.375,0.75,1.125,1.46875],"rotation":0,"texture":"#0","tintindex":0},"south":{"uv":[0.0,0.0,0.0,0.71875],"rotation":0,"texture":"#0","tintindex":0},"north":{"uv":[0.0,0.0,0.0,0.71875],"rotation":0,"texture":"#0","tintindex":0},"west":{"uv":[1.125,0.75,2.375,1.46875],"rotation":0,"texture":"#0","tintindex":0},"up":{"uv":[0.0,1.25,0.0,0.0],"rotation":0,"texture":"#0","tintindex":0},"down":{"uv":[0.0,0.0,0.0,1.25],"rotation":0,"texture":"#0","tintindex":0}}},{"from":[9.802728,10.216993,4.8571424],"to":[9.802728,13.531279,10.571428],"rotation":{"angle":0.0,"axis":"y","origin":[5.793799,8.674136,8.457143]},"faces":{"east":{"uv":[1.25,2.25,0.0,2.96875],"rotation":0,"texture":"#0","tintindex":0},"south":{"uv":[0.0,0.0,0.0,0.71875],"rotation":0,"texture":"#0","tintindex":0},"north":{"uv":[0.0,0.0,0.0,0.71875],"rotation":0,"texture":"#0","tintindex":0},"west":{"uv":[0.0,2.25,1.25,2.96875],"rotation":0,"texture":"#0","tintindex":0},"up":{"uv":[0.0,1.25,0.0,0.0],"rotation":0,"texture":"#0","tintindex":0},"down":{"uv":[0.0,0.0,0.0,1.25],"rotation":0,"texture":"#0","tintindex":0}}},{"from":[7.517013,11.53128,6.4],"to":[8.202727,11.816994,7.0857143],"rotation":{"angle":0.0,"axis":"y","origin":[5.793799,8.674136,8.457143]},"faces":{"east":{"uv":[7.5,7.875,7.65625,7.9375],"rotation":0,"texture":"#0","tintindex":0},"south":{"uv":[7.875,7.5,8.03125,7.5625],"rotation":0,"texture":"#0","tintindex":0},"north":{"uv":[7.875,7.375,8.03125,7.4375],"rotation":0,"texture":"#0","tintindex":0},"west":{"uv":[7.875,7.625,8.03125,7.6875],"rotation":0,"texture":"#0","tintindex":0},"up":{"uv":[7.90625,4.53125,7.75,4.375],"rotation":0,"texture":"#0","tintindex":0},"down":{"uv":[7.90625,4.625,7.75,4.78125],"rotation":0,"texture":"#0","tintindex":0}}},{"from":[5.5170126,10.102708,4.3999996],"to":[10.202727,10.5027075,9.085714],"rotation":{"angle":0.0,"axis":"y","origin":[5.793799,8.674136,8.457143]},"faces":{"east":{"uv":[3.875,6.0,4.90625,6.09375],"rotation":0,"texture":"#0","tintindex":0},