{"textures":{"0":"modelengine:entity/skeletonbow"},"elements":[{"from":[3.3398414,7.7714286,7.4857144],"to":[4.596984,9.028571,8.685715],"rotation":{"angle":45.0,"axis":"z","origin":[7.2,12.742857,8.285714]},"faces":{"east":{"uv":[7.125,1.75,7.375,2.03125],"rotation":0,"texture":"#0","tintindex":0},"south":{"uv":[6.375,6.25,6.65625,6.53125],"rotation":0,"texture":"#0","tintindex":0},"north":{"uv":[5.375,6.375,5.65625,6.65625],"rotation":0,"texture":"#0","tintindex":0},"west":{"uv":[7.125,2.375,7.375,2.65625],"rotation":0,"texture":"#0","tintindex":0},"up":{"uv":[7.40625,3.0,7.125,2.75],"rotation":0,"texture":"#0","tintindex":0},"down":{"uv":[3.28125,7.125,3.0,7.375],"rotation":0,"texture":"#0","tintindex":0}}},{"from":[7.4541273,4.742857,7.6571426],"to":[8.596984,7.142857,8.514286],"rotation":{"angle":0.0,"axis":"y","origin":[7.2,12.742857,8.285714]},"faces":{"east":{"uv":[0.25,6.0,0.4375,6.53125],"rotation":0,"texture":"#0","tintindex":0},"south":{"uv":[4.375,5.375,4.625,5.90625],"rotation":0,"texture":"#0","tintindex":0},"north":{"uv":[5.375,4.25,5.625,4.78125],"rotation":0,"texture":"#0","tintindex":0},"west":{"uv":[0.75,6.0,0.9375,6.53125],"rotation":0,"texture":"#0","tintindex":0},"up":{"uv":[6.25,7.8125,6.0,7.625],"rotation":0,"texture":"#0","tintindex":0},"down":{"uv":[6.5,7.625,6.25,7.8125],"rotation":0,"texture":"#0","tintindex":0}}},{"from":[7.428571,4.6601586,6.6285715],"to":[8.6285715,5.5173016,7.885714],"rotation":{"angle":0.0,"axis":"y","origin":[7.2,12.514286,8.0]},"faces":{"east":{"uv":[0.375,7.5,0.65625,7.6875],"rotation":0,"texture":"#0","tintindex":0},"south":{"uv":[7.125,7.625,7.375,7.8125],"rotation":0,"texture":"#0","tintindex":0},"north":{"uv":[6.875,7.625,7.125,7.8125],"rotation":0,"texture":"#0","tintindex":0},"west":{"uv":[0.75,7.5,1.03125,7.6875],"rotation":0,"texture":"#0","tintindex":0},"up":{"uv":[7.375,3.28125,7.125,3.0],"rotation":0,"texture":"#0","tintindex":0},"down":{"uv":[7.375,3.375,7.125,3.65625],"rotation":0,"texture":"#0","tintindex":0}}}],"display":{"head":{"translation":[0.0,-6.4,0.0],"scale":[4.0,4.0,4.0]}}}