{"textures":{"0":"modelengine:entity/skeletonbow"},"elements":[{"from":[4.8798265,8.151327,7.142857],"to":[6.1369696,9.40847,8.342857],"rotation":{"angle":45.0,"axis":"z","origin":[8.457143,11.142858,8.228572]},"faces":{"east":{"uv":[5.375,6.75,5.625,7.03125],"rotation":0,"texture":"#0","tintindex":0},"south":{"uv":[1.875,6.25,2.15625,6.53125],"rotation":0,"texture":"#0","tintindex":0},"north":{"uv":[6.125,5.375,6.40625,5.65625],"rotation":0,"texture":"#0","tintindex":0},"west":{"uv":[6.75,6.125,7.0,6.40625],"rotation":0,"texture":"#0","tintindex":0},"up":{"uv":[0.28125,7.125,0.0,6.875],"rotation":0,"texture":"#0","tintindex":0},"down":{"uv":[1.03125,6.875,0.75,7.125],"rotation":0,"texture":"#0","tintindex":0}}},{"from":[7.51127,4.742857,7.3142858],"to":[8.654127,7.142857,8.171429],"rotation":{"angle":0.0,"axis":"y","origin":[8.457143,11.142858,8.228572]},"faces":{"east":{"uv":[2.5,5.75,2.6875,6.28125],"rotation":0,"texture":"#0","tintindex":0},"south":{"uv":[0.25,5.375,0.5,5.90625],"rotation":0,"texture":"#0","tintindex":0},"north":{"uv":[0.0,5.375,0.25,5.90625],"rotation":0,"texture":"#0","tintindex":0},"west":{"uv":[5.75,4.5,5.9375,5.03125],"rotation":0,"texture":"#0","tintindex":0},"up":{"uv":[2.25,7.8125,2.0,7.625],"rotation":0,"texture":"#0","tintindex":0},"down":{"uv":[2.5,7.625,2.25,7.8125],"rotation":0,"texture":"#0","tintindex":0}}},{"from":[7.6826987,3.485714,6.857143],"to":[9.225555,5.3142858,8.342857],"rotation":{"angle":0.0,"axis":"y","origin":[8.457143,11.142858,8.228572]},"faces":{"east":{"uv":[5.375,4.875,5.6875,5.28125],"rotation":0,"texture":"#0","tintindex":0},"south":{"uv":[1.375,5.125,1.71875,5.53125],"rotation":0,"texture":"#0","tintindex":0},"north":{"uv":[1.0,5.125,1.34375,5.53125],"rotation":0,"texture":"#0","tintindex":0},"west":{"uv":[5.125,5.375,5.4375,5.78125],"rotation":0,"texture":"#0","tintindex":0},"up":{"uv":[5.84375,5.6875,5.5,5.375],"rotation":0,"texture":"#0","tintindex":0},"down":{"uv":[1.34375,5.625,1.0,5.9375],"rotation":0,"texture":"#0","tintindex":0}}},{"from":[8.31127,4.1465693,6.285714],"to":[8.9969845,4.832284,8.571428],"rotation":{"angle":0.0,"axis":"y","origin":[3.2255554,0.032283306,7.428571]},"faces":{"east":{"uv":[6.625,3.0,7.125,3.15625],"rotation":0,"texture":"#0","tintindex":0},"south":{"uv":[7.75,5.75,7.90625,5.90625],"rotation":0,"texture":"#0","tintindex":0},"north":{"uv":[7.75,5.5,7.90625,5.65625],"rotation":0,"texture":"#0","tintindex":0},"west":{"uv":[6.625,3.25,7.125,3.40625],"rotation":0,"texture":"#0","tintindex":0},"up":{"uv":[1.40625,7.125,1.25,6.625],"rotation":0,"texture":"#0","tintindex":0},"down":{"uv":[2.03125,6.625,1.875,7.125],"rotation":0,"texture":"#0","tintindex":0}}}],"display":{"head":{"translation":[0.0,-6.4,0.0],"scale":[4.0,4.0,4.0]}}}