{"textures":{"0":"modelengine:entity/skeletonbow"},"elements":[{"from":[3.3398414,7.9428573,7.542857],"to":[4.596984,9.2,8.742857],"rotation":{"angle":45.0,"axis":"z","origin":[7.2,12.914286,8.342857]},"faces":{"east":{"uv":[7.125,3.75,7.375,4.03125],"rotation":0,"texture":"#0","tintindex":0},"south":{"uv":[2.625,6.5,2.90625,6.78125],"rotation":0,"texture":"#0","tintindex":0},"north":{"uv":[1.5,6.5,1.78125,6.78125],"rotation":0,"texture":"#0","tintindex":0},"west":{"uv":[4.125,7.125,4.375,7.40625],"rotation":0,"texture":"#0","tintindex":0},"up":{"uv":[7.40625,4.375,7.125,4.125],"rotation":0,"texture":"#0","tintindex":0},"down":{"uv":[4.65625,7.125,4.375,7.375],"rotation":0,"texture":"#0","tintindex":0}}},{"from":[7.4541273,4.9142857,7.714286],"to":[8.596984,7.3142858,8.571428],"rotation":{"angle":0.0,"axis":"y","origin":[7.2,12.914286,8.342857]},"faces":{"east":{"uv":[1.0,6.0,1.1875,6.53125],"rotation":0,"texture":"#0","tintindex":0},"south":{"uv":[4.875,5.375,5.125,5.90625],"rotation":0,"texture":"#0","tintindex":0},"north":{"uv":[4.625,5.375,4.875,5.90625],"rotation":0,"texture":"#0","tintindex":0},"west":{"uv":[1.25,6.0,1.4375,6.53125],"rotation":0,"texture":"#0","tintindex":0},"up":{"uv":[7.625,7.8125,7.375,7.625],"rotation":0,"texture":"#0","tintindex":0},"down":{"uv":[7.875,7.625,7.625,7.8125],"rotation":0,"texture":"#0","tintindex":0}}},{"from":[1.6255555,6.1714287,7.542857],"to":[2.8826985,7.428571,8.742857],"rotation":{"angle":45.0,"axis":"z","origin":[7.2,12.914286,8.342857]},"faces":{"east":{"uv":[7.125,4.375,7.375,4.65625],"rotation":0,"texture":"#0","tintindex":0},"south":{"uv":[4.625,6.5,4.90625,6.78125],"rotation":0,"texture":"#0","tintindex":0},"north":{"uv":[4.25,6.5,4.53125,6.78125],"rotation":0,"texture":"#0","tintindex":0},"west":{"uv":[4.75,7.125,5.0,7.40625],"rotation":0,"texture":"#0","tintindex":0},"up":{"uv":[7.40625,5.25,7.125,5.0],"rotation":0,"texture":"#0","tintindex":0},"down":{"uv":[5.53125,7.125,5.25,7.375],"rotation":0,"texture":"#0","tintindex":0}}}],"display":{"head":{"translation":[0.0,-6.4,0.0],"scale":[4.0,4.0,4.0]}}}