{"textures":{"0":"modelengine:entity/skeletonbow"},"elements":[{"from":[11.403016,7.7714286,7.4857144],"to":[12.660158,9.028571,8.685715],"rotation":{"angle":-45.0,"axis":"z","origin":[8.8,12.742857,8.285714]},"faces":{"east":{"uv":[5.0,7.0,5.25,7.28125],"rotation":0,"texture":"#0","tintindex":0},"south":{"uv":[2.25,6.375,2.53125,6.65625],"rotation":0,"texture":"#0","tintindex":0},"north":{"uv":[6.375,1.25,6.65625,1.53125],"rotation":0,"texture":"#0","tintindex":0},"west":{"uv":[5.625,7.0,5.875,7.28125],"rotation":0,"texture":"#0","tintindex":0},"up":{"uv":[7.28125,5.0,7.0,4.75],"rotation":0,"texture":"#0","tintindex":0},"down":{"uv":[7.28125,6.0,7.0,6.25],"rotation":0,"texture":"#0","tintindex":0}}},{"from":[7.4030156,4.742857,7.6571426],"to":[8.545873,7.142857,8.514286],"rotation":{"angle":0.0,"axis":"y","origin":[8.8,12.742857,8.285714]},"faces":{"east":{"uv":[5.875,0.625,6.0625,1.15625],"rotation":0,"texture":"#0","tintindex":0},"south":{"uv":[5.375,3.625,5.625,4.15625],"rotation":0,"texture":"#0","tintindex":0},"north":{"uv":[3.625,5.375,3.875,5.90625],"rotation":0,"texture":"#0","tintindex":0},"west":{"uv":[5.125,5.875,5.3125,6.40625],"rotation":0,"texture":"#0","tintindex":0},"up":{"uv":[7.875,3.9375,7.625,3.75],"rotation":0,"texture":"#0","tintindex":0},"down":{"uv":[4.625,7.625,4.375,7.8125],"rotation":0,"texture":"#0","tintindex":0}}},{"from":[7.3714285,4.6601586,6.6285715],"to":[8.571428,5.5173016,7.885714],"rotation":{"angle":0.0,"axis":"y","origin":[8.8,12.514286,8.0]},"faces":{"east":{"uv":[7.5,0.0,7.78125,0.1875],"rotation":0,"texture":"#0","tintindex":0},"south":{"uv":[5.0,7.625,5.25,7.8125],"rotation":0,"texture":"#0","tintindex":0},"north":{"uv":[4.75,7.625,5.0,7.8125],"rotation":0,"texture":"#0","tintindex":0},"west":{"uv":[7.5,0.25,7.78125,0.4375],"rotation":0,"texture":"#0","tintindex":0},"up":{"uv":[7.25,6.53125,7.0,6.25],"rotation":0,"texture":"#0","tintindex":0},"down":{"uv":[7.25,6.625,7.0,6.90625],"rotation":0,"texture":"#0","tintindex":0}}}],"display":{"head":{"translation":[0.0,-6.4,0.0],"scale":[4.0,4.0,4.0]}}}