{"textures":{"0":"modelengine:entity/skeletonbow"},"elements":[{"from":[9.86303,8.151327,7.142857],"to":[11.120173,9.40847,8.342857],"rotation":{"angle":-45.0,"axis":"z","origin":[7.542857,11.142858,8.228572]},"faces":{"east":{"uv":[2.125,7.0,2.375,7.28125],"rotation":0,"texture":"#0","tintindex":0},"south":{"uv":[6.0,6.25,6.28125,6.53125],"rotation":0,"texture":"#0","tintindex":0},"north":{"uv":[6.25,3.875,6.53125,4.15625],"rotation":0,"texture":"#0","tintindex":0},"west":{"uv":[3.5,7.0,3.75,7.28125],"rotation":0,"texture":"#0","tintindex":0},"up":{"uv":[7.28125,2.375,7.0,2.125],"rotation":0,"texture":"#0","tintindex":0},"down":{"uv":[4.03125,7.0,3.75,7.25],"rotation":0,"texture":"#0","tintindex":0}}},{"from":[7.345873,4.742857,7.3142858],"to":[8.48873,7.142857,8.171429],"rotation":{"angle":0.0,"axis":"y","origin":[7.542857,11.142858,8.228572]},"faces":{"east":{"uv":[5.875,0.0,6.0625,0.53125],"rotation":0,"texture":"#0","tintindex":0},"south":{"uv":[3.375,5.375,3.625,5.90625],"rotation":0,"texture":"#0","tintindex":0},"north":{"uv":[3.125,5.375,3.375,5.90625],"rotation":0,"texture":"#0","tintindex":0},"west":{"uv":[0.5,5.875,0.6875,6.40625],"rotation":0,"texture":"#0","tintindex":0},"up":{"uv":[3.625,7.8125,3.375,7.625],"rotation":0,"texture":"#0","tintindex":0},"down":{"uv":[7.875,3.5,7.625,3.6875],"rotation":0,"texture":"#0","tintindex":0}}},{"from":[6.774444,3.485714,6.857143],"to":[8.317302,5.3142858,8.342857],"rotation":{"angle":0.0,"axis":"y","origin":[7.542857,11.142858,8.228572]},"faces":{"east":{"uv":[5.5,0.0,5.8125,0.40625],"rotation":0,"texture":"#0","tintindex":0},"south":{"uv":[2.125,5.125,2.46875,5.53125],"rotation":0,"texture":"#0","tintindex":0},"north":{"uv":[1.75,5.125,2.09375,5.53125],"rotation":0,"texture":"#0","tintindex":0},"west":{"uv":[5.5,0.5,5.8125,0.90625],"rotation":0,"texture":"#0","tintindex":0},"up":{"uv":[1.71875,5.9375,1.375,5.625],"rotation":0,"texture":"#0","tintindex":0},"down":{"uv":[5.96875,1.5,5.625,1.8125],"rotation":0,"texture":"#0","tintindex":0}}}],"display":{"head":{"translation":[0.0,-6.4,0.0],"scale":[4.0,4.0,4.0]}}}