{"textures":{"0":"modelengine:entity/skeletonbow"},"elements":[{"from":[11.403016,7.9428573,7.542857],"to":[12.660158,9.2,8.742857],"rotation":{"angle":-45.0,"axis":"z","origin":[8.8,12.914286,8.342857]},"faces":{"east":{"uv":[7.0,7.0,7.25,7.28125],"rotation":0,"texture":"#0","tintindex":0},"south":{"uv":[3.125,6.375,3.40625,6.65625],"rotation":0,"texture":"#0","tintindex":0},"north":{"uv":[6.375,2.375,6.65625,2.65625],"rotation":0,"texture":"#0","tintindex":0},"west":{"uv":[0.0,7.125,0.25,7.40625],"rotation":0,"texture":"#0","tintindex":0},"up":{"uv":[7.40625,0.25,7.125,0.0],"rotation":0,"texture":"#0","tintindex":0},"down":{"uv":[7.40625,0.25,7.125,0.5],"rotation":0,"texture":"#0","tintindex":0}}},{"from":[7.4030156,4.9142857,7.714286],"to":[8.545873,7.3142858,8.571428],"rotation":{"angle":0.0,"axis":"y","origin":[8.8,12.914286,8.342857]},"faces":{"east":{"uv":[5.875,5.125,6.0625,5.65625],"rotation":0,"texture":"#0","tintindex":0},"south":{"uv":[4.125,5.375,4.375,5.90625],"rotation":0,"texture":"#0","tintindex":0},"north":{"uv":[3.875,5.375,4.125,5.90625],"rotation":0,"texture":"#0","tintindex":0},"west":{"uv":[0.0,6.0,0.1875,6.53125],"rotation":0,"texture":"#0","tintindex":0},"up":{"uv":[5.75,7.8125,5.5,7.625],"rotation":0,"texture":"#0","tintindex":0},"down":{"uv":[6.0,7.625,5.75,7.8125],"rotation":0,"texture":"#0","tintindex":0}}},{"from":[13.117302,6.1714287,7.542857],"to":[14.374445,7.428571,8.742857],"rotation":{"angle":-45.0,"axis":"z","origin":[8.8,12.914286,8.342857]},"faces":{"east":{"uv":[7.125,0.5,7.375,0.78125],"rotation":0,"texture":"#0","tintindex":0},"south":{"uv":[3.875,6.375,4.15625,6.65625],"rotation":0,"texture":"#0","tintindex":0},"north":{"uv":[3.5,6.375,3.78125,6.65625],"rotation":0,"texture":"#0","tintindex":0},"west":{"uv":[0.75,7.125,1.0,7.40625],"rotation":0,"texture":"#0","tintindex":0},"up":{"uv":[1.28125,7.375,1.0,7.125],"rotation":0,"texture":"#0","tintindex":0},"down":{"uv":[2.03125,7.125,1.75,7.375],"rotation":0,"texture":"#0","tintindex":0}}}],"display":{"head":{"translation":[0.0,-6.4,0.0],"scale":[4.0,4.0,4.0]}}}