{"textures":{"0":"modelengine:entity/skeletonbow"},"elements":[{"from":[7.714286,6.8487573,5.0611343],"to":[8.285714,7.6760483,6.77542],"rotation":{"angle":22.5,"axis":"x","origin":[2.5714283,3.5344715,8.489706]},"faces":{"east":{"uv":[7.0,1.25,7.375,1.4375],"rotation":0,"texture":"#0","tintindex":0},"south":{"uv":[3.25,7.875,3.375,8.0625],"rotation":0,"texture":"#0","tintindex":0},"north":{"uv":[3.125,7.875,3.25,8.0625],"rotation":0,"texture":"#0","tintindex":0},"west":{"uv":[7.0,1.5,7.375,1.6875],"rotation":0,"texture":"#0","tintindex":0},"up":{"uv":[5.375,3.375,5.25,3.0],"rotation":0,"texture":"#0","tintindex":0},"down":{"uv":[5.375,3.75,5.25,4.125],"rotation":0,"texture":"#0","tintindex":0}}},{"from":[7.7714286,7.1248803,5.269112],"to":[8.228572,7.5289416,7.6466107],"rotation":{"angle":45.0,"axis":"x","origin":[2.5714283,8.677329,8.489706]},"faces":{"east":{"uv":[4.75,7.5,5.28125,7.59375],"rotation":0,"texture":"#0","tintindex":0},"south":{"uv":[0.0,8.0,0.09375,8.09375],"rotation":0,"texture":"#0","tintindex":0},"north":{"uv":[7.875,7.875,7.96875,7.96875],"rotation":0,"texture":"#0","tintindex":0},"west":{"uv":[7.5,5.0,8.03125,5.09375],"rotation":0,"texture":"#0","tintindex":0},"up":{"uv":[4.34375,8.03125,4.25,7.5],"rotation":0,"texture":"#0","tintindex":0},"down":{"uv":[5.46875,7.5,5.375,8.03125],"rotation":0,"texture":"#0","tintindex":0}}},{"from":[7.8285713,10.971203,5.897505],"to":[8.171429,11.8979225,6.284454],"rotation":{"angle":-22.5,"axis":"x","origin":[2.5714283,8.677329,8.489706]},"faces":{"east":{"uv":[7.875,6.625,7.96875,6.8125],"rotation":0,"texture":"#0","tintindex":0},"south":{"uv":[7.375,7.875,7.4375,8.0625],"rotation":0,"texture":"#0","tintindex":0},"north":{"uv":[7.25,7.875,7.3125,8.0625],"rotation":0,"texture":"#0","tintindex":0},"west":{"uv":[6.75,7.875,6.84375,8.0625],"rotation":0,"texture":"#0","tintindex":0},"up":{"uv":[8.0625,0.21875,8.0,0.125],"rotation":0,"texture":"#0","tintindex":0},"down":{"uv":[0.3125,8.0,0.25,8.09375],"rotation":0,"texture":"#0","tintindex":0}}}],"display":{"head":{"translation":[0.0,-6.4,0.0],"scale":[4.0,4.0,4.0]}}}