{"textures":{"0":"modelengine:entity/skeletonbow"},"elements":[{"from":[7.714286,6.8487573,9.22458],"to":[8.285714,7.6760483,10.938866],"rotation":{"angle":-22.5,"axis":"x","origin":[2.5714283,3.5344715,7.510294]},"faces":{"east":{"uv":[0.375,7.0,0.75,7.1875],"rotation":0,"texture":"#0","tintindex":0},"south":{"uv":[7.875,3.0,8.0,3.1875],"rotation":0,"texture":"#0","tintindex":0},"north":{"uv":[2.375,7.875,2.5,8.0625],"rotation":0,"texture":"#0","tintindex":0},"west":{"uv":[7.0,1.0,7.375,1.1875],"rotation":0,"texture":"#0","tintindex":0},"up":{"uv":[3.75,2.125,3.625,1.75],"rotation":0,"texture":"#0","tintindex":0},"down":{"uv":[3.25,4.125,3.125,4.5],"rotation":0,"texture":"#0","tintindex":0}}},{"from":[7.7714286,7.1248803,8.353389],"to":[8.228572,7.5289416,10.730888],"rotation":{"angle":-45.0,"axis":"x","origin":[2.5714283,8.677329,7.510294]},"faces":{"east":{"uv":[7.5,4.125,8.03125,4.21875],"rotation":0,"texture":"#0","tintindex":0},"south":{"uv":[7.875,7.75,7.96875,7.84375],"rotation":0,"texture":"#0","tintindex":0},"north":{"uv":[7.75,7.875,7.84375,7.96875],"rotation":0,"texture":"#0","tintindex":0},"west":{"uv":[7.5,4.25,8.03125,4.34375],"rotation":0,"texture":"#0","tintindex":0},"up":{"uv":[3.96875,8.03125,3.875,7.5],"rotation":0,"texture":"#0","tintindex":0},"down":{"uv":[4.21875,7.5,4.125,8.03125],"rotation":0,"texture":"#0","tintindex":0}}},{"from":[7.8285713,10.971203,9.715546],"to":[8.171429,11.8979225,10.102495],"rotation":{"angle":22.5,"axis":"x","origin":[2.5714283,8.677329,7.510294]},"faces":{"east":{"uv":[7.875,6.375,7.96875,6.5625],"rotation":0,"texture":"#0","tintindex":0},"south":{"uv":[7.875,7.125,7.9375,7.3125],"rotation":0,"texture":"#0","tintindex":0},"north":{"uv":[7.125,7.875,7.1875,8.0625],"rotation":0,"texture":"#0","tintindex":0},"west":{"uv":[6.625,7.875,6.71875,8.0625],"rotation":0,"texture":"#0","tintindex":0},"up":{"uv":[8.0625,0.09375,8.0,0.0],"rotation":0,"texture":"#0","tintindex":0},"down":{"uv":[0.1875,8.0,0.125,8.09375],"rotation":0,"texture":"#0","tintindex":0}}}],"display":{"head":{"translation":[0.0,-6.4,0.0],"scale":[4.0,4.0,4.0]}}}