{"textures":{"0":"modelengine:entity/skeletonking"},"elements":[{"from":[5.9714284,5.6557546,5.9468145],"to":[6.714286,7.4843264,7.203957],"rotation":{"angle":22.5,"axis":"y","origin":[6.4,6.285714,5.714286]},"faces":{"east":{"uv":[7.625,11.75,7.90625,12.15625],"rotation":0,"texture":"#0","tintindex":0},"south":{"uv":[12.125,10.5,12.28125,10.90625],"rotation":0,"texture":"#0","tintindex":0},"north":{"uv":[10.5,12.125,10.65625,12.53125],"rotation":0,"texture":"#0","tintindex":0},"west":{"uv":[8.0,11.75,8.28125,12.15625],"rotation":0,"texture":"#0","tintindex":0},"up":{"uv":[8.40625,12.53125,8.25,12.25],"rotation":0,"texture":"#0","tintindex":0},"down":{"uv":[8.65625,12.25,8.5,12.53125],"rotation":0,"texture":"#0","tintindex":0}}},{"from":[6.8285713,6.4,10.742857],"to":[8.142858,8.228572,13.142858],"rotation":{"angle":22.5,"axis":"x","origin":[9.828571,18.285715,9.142858]},"faces":{"east":{"uv":[2.625,11.0,3.15625,11.40625],"rotation":0,"texture":"#0","tintindex":0},"south":{"uv":[11.75,8.625,12.03125,9.03125],"rotation":0,"texture":"#0","tintindex":0},"north":{"uv":[8.375,11.75,8.65625,12.15625],"rotation":0,"texture":"#0","tintindex":0},"west":{"uv":[4.125,11.0,4.65625,11.40625],"rotation":0,"texture":"#0","tintindex":0},"up":{"uv":[10.90625,12.03125,10.625,11.5],"rotation":0,"texture":"#0","tintindex":0},"down":{"uv":[11.28125,11.5,11.0,12.03125],"rotation":0,"texture":"#0","tintindex":0}}},{"from":[8.257143,5.6557546,5.9468145],"to":[9.0,7.4843264,7.203957],"rotation":{"angle":-22.5,"axis":"y","origin":[8.571428,6.285714,5.714286]},"faces":{"east":{"uv":[8.75,11.75,9.03125,12.15625],"rotation":0,"texture":"#0","tintindex":0},"south":{"uv":[11.0,12.125,11.15625,12.53125],"rotation":0,"texture":"#0","tintindex":0},"north":{"uv":[10.75,12.125,10.90625,12.53125],"rotation":0,"texture":"#0","tintindex":0},"west":{"uv":[9.125,11.75,9.40625,12.15625],"rotation":0,"texture":"#0","tintindex":0},"up":{"uv":[8.90625,12.53125,8.75,12.25],"rotation":0,"texture":"#0","tintindex":0},"down":{"uv":[9.15625,12.25,9.0,12.53125],"rotation":0,"texture":"#0","tintindex":0}}},{"from":[6.885714,5.3142858,9.657143],"to":[8.085714,7.0857143,10.914286],"rotation":{"angle":22.5,"axis":"x","origin":[5.142857,18.285715,9.142858]},"faces":{"east":{"uv":[11.875,0.375,12.15625,0.75],"rotation":0,"texture":"#0","tintindex":0},"south":{"uv":[1.125,8.5,1.375,8.875],"rotation":0,"texture":"#0","tintindex":0},"north":{"uv":[3.125,7.25,3.375,7.625],"rotation":0,"texture":"#0","tintindex":0},"west":{"uv":[11.875,0.75,12.15625,1.125],"rotation":0,"texture":"#0","tintindex":0},"up":{"uv":[4.125,12.40625,3.875,12.125],"rotation":0,"texture":"#0","tintindex":0},"down":{"uv":[5.625,12.125,5.375,12.40625],"rotation":0,"texture":"#0","tintindex":0}}}],"display":{"head":{"translation":[0.0,-6.4,0.0],"scale":[4.0,4.0,4.0]}}}