{"textures":{"0":"modelengine:entity/skeletonking"},"elements":[{"from":[9.285714,5.6557546,5.9468145],"to":[10.028572,7.4843264,7.203957],"rotation":{"angle":-22.5,"axis":"y","origin":[9.6,6.285714,5.714286]},"faces":{"east":{"uv":[11.75,9.125,12.03125,9.53125],"rotation":0,"texture":"#0","tintindex":0},"south":{"uv":[11.25,12.125,11.40625,12.53125],"rotation":0,"texture":"#0","tintindex":0},"north":{"uv":[12.125,11.0,12.28125,11.40625],"rotation":0,"texture":"#0","tintindex":0},"west":{"uv":[9.5,11.75,9.78125,12.15625],"rotation":0,"texture":"#0","tintindex":0},"up":{"uv":[9.40625,12.53125,9.25,12.25],"rotation":0,"texture":"#0","tintindex":0},"down":{"uv":[9.65625,12.25,9.5,12.53125],"rotation":0,"texture":"#0","tintindex":0}}},{"from":[7.857143,6.4,10.742857],"to":[9.171429,8.228572,13.142858],"rotation":{"angle":22.5,"axis":"x","origin":[6.1714287,18.285715,9.142858]},"faces":{"east":{"uv":[10.625,11.0,11.15625,11.40625],"rotation":0,"texture":"#0","tintindex":0},"south":{"uv":[11.75,10.5,12.03125,10.90625],"rotation":0,"texture":"#0","tintindex":0},"north":{"uv":[9.875,11.75,10.15625,12.15625],"rotation":0,"texture":"#0","tintindex":0},"west":{"uv":[0.0,11.125,0.53125,11.53125],"rotation":0,"texture":"#0","tintindex":0},"up":{"uv":[11.65625,12.03125,11.375,11.5],"rotation":0,"texture":"#0","tintindex":0},"down":{"uv":[0.28125,11.625,0.0,12.15625],"rotation":0,"texture":"#0","tintindex":0}}},{"from":[7.0,5.6557546,5.9468145],"to":[7.742857,7.4843264,7.203957],"rotation":{"angle":22.5,"axis":"y","origin":[7.428571,6.285714,5.714286]},"faces":{"east":{"uv":[11.75,11.0,12.03125,11.40625],"rotation":0,"texture":"#0","tintindex":0},"south":{"uv":[12.125,11.5,12.28125,11.90625],"rotation":0,"texture":"#0","tintindex":0},"north":{"uv":[11.5,12.125,11.65625,12.53125],"rotation":0,"texture":"#0","tintindex":0},"west":{"uv":[11.75,11.5,12.03125,11.90625],"rotation":0,"texture":"#0","tintindex":0},"up":{"uv":[9.90625,12.53125,9.75,12.25],"rotation":0,"texture":"#0","tintindex":0},"down":{"uv":[10.15625,12.25,10.0,12.53125],"rotation":0,"texture":"#0","tintindex":0}}},{"from":[7.9142857,5.3142858,9.657143],"to":[9.114285,7.0857143,10.914286],"rotation":{"angle":22.5,"axis":"x","origin":[10.857143,18.285715,9.142858]},"faces":{"east":{"uv":[11.875,1.125,12.15625,1.5],"rotation":0,"texture":"#0","tintindex":0},"south":{"uv":[0.375,11.625,0.625,12.0],"rotation":0,"texture":"#0","tintindex":0},"north":{"uv":[6.625,9.625,6.875,10.0],"rotation":0,"texture":"#0","tintindex":0},"west":{"uv":[11.875,1.5,12.15625,1.875],"rotation":0,"texture":"#0","tintindex":0},"up":{"uv":[5.875,12.40625,5.625,12.125],"rotation":0,"texture":"#0","tintindex":0},"down":{"uv":[7.375,12.125,7.125,12.40625],"rotation":0,"texture":"#0","tintindex":0}}}],"display":{"head":{"translation":[0.0,-6.4,0.0],"scale":[4.0,4.0,4.0]}}}