{"textures":{"0":"modelengine:entity/skeletonking"},"elements":[{"from":[6.285714,9.657143,6.1714287],"to":[9.714286,12.514286,9.6],"rotation":{"angle":0.0,"axis":"y","origin":[8.0,9.085714,7.885714]},"faces":{"east":{"uv":[2.875,8.375,3.625,9.0],"rotation":0,"texture":"#0","tintindex":0},"south":{"uv":[0.0,8.5,0.75,9.125],"rotation":0,"texture":"#0","tintindex":0},"north":{"uv":[2.125,8.375,2.875,9.0],"rotation":0,"texture":"#0","tintindex":0},"west":{"uv":[3.625,8.5,4.375,9.125],"rotation":0,"texture":"#0","tintindex":0},"up":{"uv":[2.125,8.25,1.375,7.5],"rotation":0,"texture":"#0","tintindex":0},"down":{"uv":[7.25,7.5,6.5,8.25],"rotation":0,"texture":"#0","tintindex":0}}},{"from":[6.857143,8.342857,7.9428573],"to":[9.142858,10.685715,8.6285715],"rotation":{"angle":22.5,"axis":"x","origin":[8.0,9.085714,7.885714]},"faces":{"east":{"uv":[4.875,11.875,5.03125,12.375],"rotation":0,"texture":"#0","tintindex":0},"south":{"uv":[10.5,1.875,11.0,2.375],"rotation":0,"texture":"#0","tintindex":0},"north":{"uv":[6.5,4.625,7.0,5.125],"rotation":0,"texture":"#0","tintindex":0},"west":{"uv":[5.125,11.875,5.28125,12.375],"rotation":0,"texture":"#0","tintindex":0},"up":{"uv":[12.375,4.53125,11.875,4.375],"rotation":0,"texture":"#0","tintindex":0},"down":{"uv":[5.875,11.875,5.375,12.03125],"rotation":0,"texture":"#0","tintindex":0}}},{"from":[7.1612597,8.142858,6.177575],"to":[8.83874,8.942857,6.634718],"rotation":{"angle":0.0,"axis":"y","origin":[8.03874,9.085714,7.6061463]},"faces":{"east":{"uv":[1.875,12.5,1.96875,12.6875],"rotation":0,"texture":"#0","tintindex":0},"south":{"uv":[12.125,0.0,12.5,0.1875],"rotation":0,"texture":"#0","tintindex":0},"north":{"uv":[12.0,8.375,12.375,8.5625],"rotation":0,"texture":"#0","tintindex":0},"west":{"uv":[2.0,12.5,2.09375,12.6875],"rotation":0,"texture":"#0","tintindex":0},"up":{"uv":[3.75,6.46875,3.375,6.375],"rotation":0,"texture":"#0","tintindex":0},"down":{"uv":[4.0,8.375,3.625,8.46875],"rotation":0,"texture":"#0","tintindex":0}}},{"from":[8.742857,8.114285,6.6285715],"to":[9.428572,8.6285715,8.685715],"rotation":{"angle":22.5,"axis":"y","origin":[8.0,9.085714,7.885714]},"faces":{"east":{"uv":[6.5,7.375,6.9375,7.5],"rotation":0,"texture":"#0","tintindex":0},"south":{"uv":[9.875,8.625,10.03125,8.75],"rotation":0,"texture":"#0","tintindex":0},"north":{"uv":[3.0,9.875,3.15625,10.0],"rotation":0,"texture":"#0","tintindex":0},"west":{"uv":[9.875,4.375,10.3125,4.5],"rotation":0,"texture":"#0","tintindex":0},"up":{"uv":[7.53125,12.5625,7.375,12.125],"rotation":0,"texture":"#0","tintindex":0},"down":{"uv":[12.28125,8.625,12.125,9.0625],"rotation":0,"texture":"#0","tintindex":0}}},{"from":[6.5714283,8.114285,6.6285715],"to":[7.257143,8.6285715,8.685715],"rotation":{"angle":-22.5,"axis":"y","origin":[8.0,9.085714,7.885714]},"faces":{"east":{"uv":[10.75,5.875,11.1875,6.0],"rotation":0,"texture":"#0","tintindex":0},"south":{"uv":[10.25,1.875,10.40625,2.0],"rotation":0,"texture":"#0","tintindex":0},"north":{"uv":[4.125,10.125,4.28125,10.25],"rotation":0,"texture":"#0","tintindex":0},"west":{"uv":[10.875,3.75,11.3125,3.875],"rotation":0,"texture":"#0","tintindex":0},"up":{"uv":[12.28125,9.5625,12.125,9.125],"rotation":0,"texture":"#0","tintindex":0},"down":{"uv":[12.28125,9.625,12.125,10.0625],"rotation":0,"texture":"#0","tintindex":0}}},{"from":[6.857143,9.142858,6.1142855],"to":[9.142858,9.657143,6.857143],"rotation":{"angle":0.0,"axis":"y","origin":[8.0,9.085714,7.542857]},"faces":{"east":{"uv":[10.25,6.25,10.40625,6.375],"rotation":0,"texture":"#0","tintindex":0},"south":{"uv":[7.125,4.5,7.625,4.625],"rotation":0,"texture":"#0","tintindex":0},"north":{"uv":[5.75,5.125,6.25,5.25],"rotation":0,"texture":"#0","tintindex":0},"west":{"uv":[10.5,9.625,10.65625,9.75],"rotation":0,"texture":"#0","tintindex":0},"up":{"uv":[12.375,6.03125,11.875,5.875],"rotation":0,"texture":"#0","tintindex":0},"down":{"uv":[12.375,7.0,11.875,7.15625],"rotation":0,"texture":"#0","tintindex":0}}},{"from":[6.285714,8.571428,6.1714287],"to":[9.714286,9.657143,6.742857],"rotation":{"angle":0.0,"axis":"y","origin":[8.0,17.085714,7.885714]},"faces":{"east":{"uv":[6.0,1.75,6.125,2.0],"rotation":0,"texture":"#0","tintindex":0},"south":{"uv":[10.875,6.75,11.625,7.0],"rotation":0,"texture":"#0","tintindex":0},"north":{"uv":[10.75,10.125,11.5,10.375],"rotation":0,"texture":"#0","tintindex":0},"west":{"uv":[10.375,4.75,10.5,5.0],"rotation":0,"texture":"#0","tintindex":0},"up":{"uv":[12.375,7.0,11.625,6.875],"rotation":0,"texture":"#0","tintindex":0},"down":{"uv":[12.5,2.75,11.75,2.875],"rotation":0,"texture":"#0","tintindex":0}}},{"from":[6.0571427,11.657143,6.0571427],"to":[9.942858,14.457144,9.771429],"rotation":{"angle":0.0,"axis":"y","origin":[8.0,9.085714,7.714286]},"faces":{"east":{"uv":[7.875,1.75,8.6875,2.375],"rotation":0,"texture":"#0","tintindex":0},"south":{"uv":[7.875,1.125,8.71875,1.75],"rotation":0,"texture":"#0","tintindex":0},"north":{"uv":[7.75,4.0,8.59375,4.625],"rotation":0,"texture":"#0","tintindex":0},"west":{"uv":[7.875,2.375,8.6875,3.0],"rotation":0,"texture":"#0","tintindex":0},"up":{"uv":[3.34375,7.1875,2.5,6.375],"rotation":0,"texture":"#0","tintindex":0},"down":{"uv":[6.09375,6.375,5.25,7.1875],"rotation":0,"texture":"#0","tintindex":0}}}],"display":{"head":{"translation":[0.0,-6.4,0.0],"scale":[4.0,4.0,4.0]}}}