{"textures":{"0":"modelengine:entity/skeletonking"},"elements":[{"from":[7.1714287,2.8571424,6.6857142],"to":[9.057143,8.0,9.657143],"rotation":{"angle":0.0,"axis":"y","origin":[5.771428,6.857143,8.971429]},"faces":{"east":{"uv":[5.5,5.25,6.15625,6.375],"rotation":0,"texture":"#0","tintindex":0},"south":{"uv":[8.625,7.5,9.03125,8.625],"rotation":0,"texture":"#0","tintindex":0},"north":{"uv":[7.25,8.625,7.65625,9.75],"rotation":0,"texture":"#0","tintindex":0},"west":{"uv":[0.0,5.75,0.65625,6.875],"rotation":0,"texture":"#0","tintindex":0},"up":{"uv":[10.65625,10.40625,10.25,9.75],"rotation":0,"texture":"#0","tintindex":0},"down":{"uv":[8.40625,10.375,8.0,11.03125],"rotation":0,"texture":"#0","tintindex":0}}},{"from":[7.1142855,3.4285712,0.39999962],"to":[9.114285,5.714286,2.228571],"rotation":{"angle":-22.5,"axis":"x","origin":[9.2,17.714287,8.971429]},"faces":{"east":{"uv":[6.25,11.125,6.65625,11.625],"rotation":0,"texture":"#0","tintindex":0},"south":{"uv":[11.0,0.625,11.4375,1.125],"rotation":0,"texture":"#0","tintindex":0},"north":{"uv":[10.875,9.125,11.3125,9.625],"rotation":0,"texture":"#0","tintindex":0},"west":{"uv":[6.75,11.125,7.15625,11.625],"rotation":0,"texture":"#0","tintindex":0},"up":{"uv":[11.8125,4.15625,11.375,3.75],"rotation":0,"texture":"#0","tintindex":0},"down":{"uv":[11.8125,4.25,11.375,4.65625],"rotation":0,"texture":"#0","tintindex":0}}}],"display":{"head":{"translation":[0.0,-6.4,0.0],"scale":[4.0,4.0,4.0]}}}