{"textures":{"0":"modelengine:entity/skeletonking"},"elements":[{"from":[7.367528,7.6,7.142857],"to":[8.001045,8.396915,8.914286],"rotation":{"angle":0.0,"axis":"y","origin":[14.057143,11.942858,7.4857144]},"faces":{"east":{"uv":[4.375,12.125,4.75,12.3125],"rotation":0,"texture":"#0","tintindex":0},"south":{"uv":[12.5,0.0,12.625,0.1875],"rotation":0,"texture":"#0","tintindex":0},"north":{"uv":[0.0,12.5,0.125,12.6875],"rotation":0,"texture":"#0","tintindex":0},"west":{"uv":[12.125,4.625,12.5,4.8125],"rotation":0,"texture":"#0","tintindex":0},"up":{"uv":[5.25,9.5,5.125,9.125],"rotation":0,"texture":"#0","tintindex":0},"down":{"uv":[10.5,4.375,10.375,4.75],"rotation":0,"texture":"#0","tintindex":0}}},{"from":[5.824671,12.171429,7.142857],"to":[6.4581885,12.968344,8.914286],"rotation":{"angle":45.0,"axis":"z","origin":[14.057143,11.942858,7.4857144]},"faces":{"east":{"uv":[12.125,4.875,12.5,5.0625],"rotation":0,"texture":"#0","tintindex":0},"south":{"uv":[12.5,0.25,12.625,0.4375],"rotation":0,"texture":"#0","tintindex":0},"north":{"uv":[0.125,12.5,0.25,12.6875],"rotation":0,"texture":"#0","tintindex":0},"west":{"uv":[12.125,5.125,12.5,5.3125],"rotation":0,"texture":"#0","tintindex":0},"up":{"uv":[10.75,7.5,10.625,7.125],"rotation":0,"texture":"#0","tintindex":0},"down":{"uv":[11.125,0.0,11.0,0.375],"rotation":0,"texture":"#0","tintindex":0}}},{"from":[7.542857,6.8,7.257143],"to":[8.228572,7.8285713,8.8],"rotation":{"angle":0.0,"axis":"y","origin":[7.885714,7.6571426,6.857143]},"faces":{"east":{"uv":[12.0,7.875,12.34375,8.09375],"rotation":0,"texture":"#0","tintindex":0},"south":{"uv":[12.375,7.75,12.53125,7.96875],"rotation":0,"texture":"#0","tintindex":0},"north":{"uv":[12.375,7.0,12.53125,7.21875],"rotation":0,"texture":"#0","tintindex":0},"west":{"uv":[12.0,8.125,12.34375,8.34375],"rotation":0,"texture":"#0","tintindex":0},"up":{"uv":[12.40625,3.71875,12.25,3.375],"rotation":0,"texture":"#0","tintindex":0},"down":{"uv":[4.28125,12.25,4.125,12.59375],"rotation":0,"texture":"#0","tintindex":0}}},{"from":[8.114285,6.342857,7.257143],"to":[9.142858,7.028571,8.8],"rotation":{"angle":0.0,"axis":"y","origin":[7.885714,7.6571426,6.857143]},"faces":{"east":{"uv":[12.25,6.5,12.59375,6.65625],"rotation":0,"texture":"#0","tintindex":0},"south":{"uv":[12.375,8.25,12.59375,8.40625],"rotation":0,"texture":"#0","tintindex":0},"north":{"uv":[12.375,8.0,12.59375,8.15625],"rotation":0,"texture":"#0","tintindex":0},"west":{"uv":[12.25,7.25,12.59375,7.40625],"rotation":0,"texture":"#0","tintindex":0},"up":{"uv":[11.96875,12.34375,11.75,12.0],"rotation":0,"texture":"#0","tintindex":0},"down":{"uv":[12.21875,12.0,12.0,12.34375],"rotation":0,"texture":"#0","tintindex":0}}}],"display":{"head":{"translation":[0.0,-6.4,0.0],"scale":[4.0,4.0,4.0]}}}