{"textures":{"0":"modelengine:entity/skeletonking"},"elements":[{"from":[7.142857,3.2820015,7.3142858],"to":[8.857143,7.9677157,8.742857],"rotation":{"angle":0.0,"axis":"y","origin":[8.08873,10.25343,8.8]},"faces":{"east":{"uv":[2.625,9.875,2.9375,10.90625],"rotation":0,"texture":"#0","tintindex":0},"south":{"uv":[1.5,9.625,1.875,10.65625],"rotation":0,"texture":"#0","tintindex":0},"north":{"uv":[1.125,9.625,1.5,10.65625],"rotation":0,"texture":"#0","tintindex":0},"west":{"uv":[9.875,7.5,10.1875,8.53125],"rotation":0,"texture":"#0","tintindex":0},"up":{"uv":[12.125,5.4375,11.75,5.125],"rotation":0,"texture":"#0","tintindex":0},"down":{"uv":[7.625,11.75,7.25,12.0625],"rotation":0,"texture":"#0","tintindex":0}}},{"from":[5.711414,7.947615,7.142857],"to":[7.2542715,9.490472,8.914286],"rotation":{"angle":45.0,"axis":"z","origin":[8.08873,10.25343,9.3714285]},"faces":{"east":{"uv":[1.5,11.625,1.875,11.96875],"rotation":0,"texture":"#0","tintindex":0},"south":{"uv":[11.75,2.375,12.09375,2.71875],"rotation":0,"texture":"#0","tintindex":0},"north":{"uv":[11.625,8.25,11.96875,8.59375],"rotation":0,"texture":"#0","tintindex":0},"west":{"uv":[6.125,11.625,6.5,11.96875],"rotation":0,"texture":"#0","tintindex":0},"up":{"uv":[6.84375,12.0,6.5,11.625],"rotation":0,"texture":"#0","tintindex":0},"down":{"uv":[11.96875,6.5,11.625,6.875],"rotation":0,"texture":"#0","tintindex":0}}}],"display":{"head":{"translation":[0.0,-6.4,0.0],"scale":[4.0,4.0,4.0]}}}