{"textures":{"0":"modelengine:entity/skeletonking"},"elements":[{"from":[7.3976665,7.542857,7.431564],"to":[8.031184,8.342857,8.228479],"rotation":{"angle":-22.5,"axis":"y","origin":[8.0,8.114285,8.0]},"faces":{"east":{"uv":[3.25,12.375,3.4375,12.5625],"rotation":0,"texture":"#0","tintindex":0},"south":{"uv":[12.5,0.75,12.625,0.9375],"rotation":0,"texture":"#0","tintindex":0},"north":{"uv":[12.5,0.5,12.625,0.6875],"rotation":0,"texture":"#0","tintindex":0},"west":{"uv":[3.5,12.375,3.6875,12.5625],"rotation":0,"texture":"#0","tintindex":0},"up":{"uv":[12.625,1.1875,12.5,1.0],"rotation":0,"texture":"#0","tintindex":0},"down":{"uv":[12.625,1.25,12.5,1.4375],"rotation":0,"texture":"#0","tintindex":0}}},{"from":[8.285807,7.542857,6.769095],"to":[9.082722,8.342857,7.402612],"rotation":{"angle":0.0,"axis":"y","origin":[8.0,8.114285,8.0]},"faces":{"east":{"uv":[12.5,1.5,12.625,1.6875],"rotation":0,"texture":"#0","tintindex":0},"south":{"uv":[12.375,4.25,12.5625,4.4375],"rotation":0,"texture":"#0","tintindex":0},"north":{"uv":[12.375,4.0,12.5625,4.1875],"rotation":0,"texture":"#0","tintindex":0},"west":{"uv":[1.75,12.5,1.875,12.6875],"rotation":0,"texture":"#0","tintindex":0},"up":{"uv":[2.0625,9.0,1.875,8.875],"rotation":0,"texture":"#0","tintindex":0},"down":{"uv":[3.4375,9.0,3.25,9.125],"rotation":0,"texture":"#0","tintindex":0}}},{"from":[7.45499,7.6,7.011565],"to":[8.140704,8.285714,8.040136],"rotation":{"angle":-45.0,"axis":"y","origin":[8.0,8.114285,8.0]},"faces":{"east":{"uv":[12.375,8.5,12.59375,8.65625],"rotation":0,"texture":"#0","tintindex":0},"south":{"uv":[12.375,11.625,12.53125,11.78125],"rotation":0,"texture":"#0","tintindex":0},"north":{"uv":[12.375,11.375,12.53125,11.53125],"rotation":0,"texture":"#0","tintindex":0},"west":{"uv":[12.375,8.75,12.59375,8.90625],"rotation":0,"texture":"#0","tintindex":0},"up":{"uv":[12.53125,9.21875,12.375,9.0],"rotation":0,"texture":"#0","tintindex":0},"down":{"uv":[12.53125,9.25,12.375,9.46875],"rotation":0,"texture":"#0","tintindex":0}}},{"from":[8.716438,7.6,7.388435],"to":[9.402153,8.285714,8.4170065],"rotation":{"angle":22.5,"axis":"y","origin":[8.0,8.114285,8.0]},"faces":{"east":{"uv":[12.375,9.5,12.59375,9.65625],"rotation":0,"texture":"#0","tintindex":0},"south":{"uv":[12.0,12.375,12.15625,12.53125],"rotation":0,"texture":"#0","tintindex":0},"north":{"uv":[11.75,12.375,11.90625,12.53125],"rotation":0,"texture":"#0","tintindex":0},"west":{"uv":[12.375,9.75,12.59375,9.90625],"rotation":0,"texture":"#0","tintindex":0},"up":{"uv":[12.53125,10.59375,12.375,10.375],"rotation":0,"texture":"#0","tintindex":0},"down":{"uv":[12.53125,10.625,12.375,10.84375],"rotation":0,"texture":"#0","tintindex":0}}}],"display":{"head":{"translation":[0.0,-6.4,0.0],"scale":[4.0,4.0,4.0]}}}