{"textures":{"0":"modelengine:entity/skeletonking"},"elements":[{"from":[4.1469917,7.080272,6.2285714],"to":[5.8041344,9.080273,9.771429],"rotation":{"angle":22.5,"axis":"z","origin":[6.285714,7.142857,8.971429]},"faces":{"east":{"uv":[9.625,9.25,10.40625,9.6875],"rotation":0,"texture":"#0","tintindex":0},"south":{"uv":[11.375,9.25,11.75,9.6875],"rotation":0,"texture":"#0","tintindex":0},"north":{"uv":[11.375,8.75,11.75,9.1875],"rotation":0,"texture":"#0","tintindex":0},"west":{"uv":[9.75,0.625,10.53125,1.0625],"rotation":0,"texture":"#0","tintindex":0},"up":{"uv":[0.375,10.78125,0.0,10.0],"rotation":0,"texture":"#0","tintindex":0},"down":{"uv":[3.375,10.0,3.0,10.78125],"rotation":0,"texture":"#0","tintindex":0}}},{"from":[3.043715,6.3923297,5.6571426],"to":[4.12943,7.820901,10.342857],"rotation":{"angle":-22.5,"axis":"z","origin":[6.285714,7.142857,8.971429]},"faces":{"east":{"uv":[9.125,9.75,10.15625,10.0625],"rotation":0,"texture":"#0","tintindex":0},"south":{"uv":[3.25,12.0,3.5,12.3125],"rotation":0,"texture":"#0","tintindex":0},"north":{"uv":[12.0,3.0,12.25,3.3125],"rotation":0,"texture":"#0","tintindex":0},"west":{"uv":[9.875,0.0,10.90625,0.3125],"rotation":0,"texture":"#0","tintindex":0},"up":{"uv":[5.125,11.28125,4.875,10.25],"rotation":0,"texture":"#0","tintindex":0},"down":{"uv":[10.75,3.875,10.5,4.90625],"rotation":0,"texture":"#0","tintindex":0}}},{"from":[-0.8228617,5.2076273,4.2232957],"to":[0.26285267,8.750484,5.651867],"rotation":{"angle":-22.5,"axis":"z","origin":[7.2,-3.1428576,4.9714284]},"faces":{"east":{"uv":[10.625,0.625,10.9375,1.40625],"rotation":0,"texture":"#0","tintindex":0},"south":{"uv":[1.25,11.25,1.5,12.03125],"rotation":0,"texture":"#0","tintindex":0},"north":{"uv":[1.0,11.25,1.25,12.03125],"rotation":0,"texture":"#0","tintindex":0},"west":{"uv":[5.125,10.625,5.4375,11.40625],"rotation":0,"texture":"#0","tintindex":0},"up":{"uv":[12.25,3.6875,12.0,3.375],"rotation":0,"texture":"#0","tintindex":0},"down":{"uv":[6.375,12.0,6.125,12.3125],"rotation":0,"texture":"#0","tintindex":0}}},{"from":[3.043715,6.3404627,10.337582],"to":[4.12943,9.88332,11.766153],"rotation":{"angle":-22.5,"axis":"z","origin":[6.285714,7.142857,8.971429]},"faces":{"east":{"uv":[5.5,10.625,5.8125,11.40625],"rotation":0,"texture":"#0","tintindex":0},"south":{"uv":[2.125,11.25,2.375,12.03125],"rotation":0,"texture":"#0","tintindex":0},"north":{"uv":[1.875,11.25,2.125,12.03125],"rotation":0,"texture":"#0","tintindex":0},"west":{"uv":[5.875,10.625,6.1875,11.40625],"rotation":0,"texture":"#0","tintindex":0},"up":{"uv":[6.625,12.3125,6.375,12.0],"rotation":0,"texture":"#0","tintindex":0},"down":{"uv":[12.25,6.5,12.0,6.8125],"rotation":0,"texture":"#0","tintindex":0}}},{"from":[4.415144,4.7351866,6.285714],"to":[6.0722866,6.7351866,9.714286],"rotation":{"angle":-22.5,"axis":"z","origin":[6.285714,7.142857,8.971429]},"faces":{"east":{"uv":[9.75,3.0,10.5,3.4375],"rotation":0,"texture":"#0","tintindex":0},"south":{"uv":[11.5,0.5,11.875,0.9375],"rotation":0,"texture":"#0","tintindex":0},"north":{"uv":[10.25,11.375,10.625,11.8125],"rotation":0,"texture":"#0","tintindex":0},"west":{"uv":[4.375,9.75,5.125,10.1875],"rotation":0,"texture":"#0","tintindex":0},"up":{"uv":[4.5,11.0,4.125,10.25],"rotation":0,"texture":"#0","tintindex":0},"down":{"uv":[4.875,10.25,4.5,11.0],"rotation":0,"texture":"#0","tintindex":0}}},{"from":[5.2687025,3.1375813,6.6857142],"to":[6.5258455,7.880439,9.314285],"rotation":{"angle":0.0,"axis":"y","origin":[6.285714,7.142857,8.971429]},"faces":{"east":{"uv":[4.625,7.375,5.1875,8.40625],"rotation":0,"texture":"#0","tintindex":0},"south":{"uv":[9.125,10.125,9.40625,11.15625],"rotation":0,"texture":"#0","tintindex":0},"north":{"uv":[3.75,10.125,4.03125,11.15625],"rotation":0,"texture":"#0","tintindex":0},"west":{"uv":[5.875,7.375,6.4375,8.40625],"rotation":0,"texture":"#0","tintindex":0},"up":{"uv":[11.78125,2.1875,11.5,1.625],"rotation":0,"texture":"#0","tintindex":0},"down":{"uv":[2.90625,11.5,2.625,12.0625],"rotation":0,"texture":"#0","tintindex":0}}},{"from":[5.6687026,1.9375815,7.028571],"to":[8.068703,5.5375814,8.971429],"rotation":{"angle":0.0,"axis":"y","origin":[8.0,8.285714,8.971429]},"faces":{"east":{"uv":[0.625,9.75,1.0625,10.53125],"rotation":0,"texture":"#0","tintindex":0},"south":{"uv":[3.25,9.125,3.78125,9.90625],"rotation":0,"texture":"#0","tintindex":0},"north":{"uv":[9.125,3.0,9.65625,3.78125],"rotation":0,"texture":"#0","tintindex":0},"west":{"uv":[9.75,1.125,10.1875,1.90625],"rotation":0,"texture":"#0","tintindex":0},"up":{"uv":[11.40625,6.6875,10.875,6.25],"rotation":0,"texture":"#0","tintindex":0},"down":{"uv":[7.78125,10.875,7.25,11.3125],"rotation":0,"texture":"#0","tintindex":0}}},{"from":[4.697274,4.3947244,6.4],"to":[7.668703,9.251867,9.6],"rotation":{"angle":0.0,"axis":"y","origin":[6.285714,7.142857,8.971429]},"faces":{"east":{"uv":[6.125,1.125,6.8125,2.1875],"rotation":0,"texture":"#0","tintindex":0},"south":{"uv":[1.75,6.375,2.40625,7.4375],"rotation":0,"texture":"#0","tintindex":0},"north":{"uv":[6.25,6.25,6.90625,7.3125],"rotation":0,"texture":"#0","tintindex":0},"west":{"uv":[6.125,2.25,6.8125,3.3125],"rotation":0,"texture":"#0","tintindex":0},"up":{"uv":[6.78125,9.5625,6.125,8.875],"rotation":0,"texture":"#0","tintindex":0},"down":{"uv":[2.53125,9.0,1.875,9.6875],"rotation":0,"texture":"#0","tintindex":0}}}],"display":{"head":{"translation":[0.0,-6.4,0.0],"scale":[4.0,4.0,4.0]}}}