{"textures":{"0":"modelengine:entity/skeletonking"},"elements":[{"from":[5.3714285,12.571428,5.028571],"to":[10.6285715,14.285715,10.8],"rotation":{"angle":0.0,"axis":"y","origin":[8.0,-10.285715,8.457143]},"faces":{"east":{"uv":[7.875,3.0,9.125,3.375],"rotation":0,"texture":"#0","tintindex":0},"south":{"uv":[9.0,5.25,10.15625,5.625],"rotation":0,"texture":"#0","tintindex":0},"north":{"uv":[8.75,2.625,9.90625,3.0],"rotation":0,"texture":"#0","tintindex":0},"west":{"uv":[8.25,7.125,9.5,7.5],"rotation":0,"texture":"#0","tintindex":0},"up":{"uv":[1.15625,3.75,0.0,2.5],"rotation":0,"texture":"#0","tintindex":0},"down":{"uv":[3.65625,0.0,2.5,1.25],"rotation":0,"texture":"#0","tintindex":0}}},{"from":[11.334018,10.5954685,5.6571426],"to":[13.162589,14.766897,10.114285],"rotation":{"angle":22.5,"axis":"z","origin":[14.876875,-5.6902456,11.542857]},"faces":{"east":{"uv":[4.75,4.25,5.71875,5.15625],"rotation":0,"texture":"#0","tintindex":0},"south":{"uv":[5.625,9.625,6.03125,10.53125],"rotation":0,"texture":"#0","tintindex":0},"north":{"uv":[5.125,9.625,5.53125,10.53125],"rotation":0,"texture":"#0","tintindex":0},"west":{"uv":[5.0,0.0,5.96875,0.90625],"rotation":0,"texture":"#0","tintindex":0},"up":{"uv":[4.28125,10.09375,3.875,9.125],"rotation":0,"texture":"#0","tintindex":0},"down":{"uv":[9.53125,8.75,9.125,9.71875],"rotation":0,"texture":"#0","tintindex":0}}},{"from":[5.3714285,8.0,5.6],"to":[10.6285715,12.571428,10.171429],"rotation":{"angle":0.0,"axis":"y","origin":[8.0,-10.285715,8.457143]},"faces":{"east":{"uv":[1.25,4.5,2.25,5.5],"rotation":0,"texture":"#0","tintindex":0},"south":{"uv":[2.75,3.25,3.90625,4.25],"rotation":0,"texture":"#0","tintindex":0},"north":{"uv":[2.75,2.25,3.90625,3.25],"rotation":0,"texture":"#0","tintindex":0},"west":{"uv":[0.0,4.75,1.0,5.75],"rotation":0,"texture":"#0","tintindex":0},"up":{"uv":[2.40625,4.5,1.25,3.5],"rotation":0,"texture":"#0","tintindex":0},"down":{"uv":[1.15625,3.75,0.0,4.75],"rotation":0,"texture":"#0","tintindex":0}}},{"from":[5.428571,17.465061,2.4384642],"to":[10.571428,19.179346,3.009893],"rotation":{"angle":22.5,"axis":"x","origin":[8.0,-3.7349415,-9.561537]},"faces":{"east":{"uv":[4.75,11.0,4.875,11.375],"rotation":0,"texture":"#0","tintindex":0},"south":{"uv":[9.0,6.75,10.125,7.125],"rotation":0,"texture":"#0","tintindex":0},"north":{"uv":[9.0,6.375,10.125,6.75],"rotation":0,"texture":"#0","tintindex":0},"west":{"uv":[1.5,11.25,1.625,11.625],"rotation":0,"texture":"#0","tintindex":0},"up":{"uv":[12.625,6.375,11.5,6.25],"rotation":0,"texture":"#0","tintindex":0},"down":{"uv":[12.625,6.375,11.5,6.5],"rotation":0,"texture":"#0","tintindex":0}}},{"from":[5.3714285,18.063946,12.688187],"to":[10.6285715,19.778233,13.259615],"rotation":{"angle":-22.5,"axis":"x","origin":[8.0,-3.0789127,26.973902]},"faces":{"east":{"uv":[7.75,11.375,7.875,11.75],"rotation":0,"texture":"#0","tintindex":0},"south":{"uv":[9.0,6.0,10.15625,6.375],"rotation":0,"texture":"#0","tintindex":0},"north":{"uv":[9.0,5.625,10.15625,6.0],"rotation":0,"texture":"#0","tintindex":0},"west":{"uv":[4.625,11.5,4.75,11.875],"rotation":0,"texture":"#0","tintindex":0},"up":{"uv":[12.53125,5.875,11.375,5.75],"rotation":0,"texture":"#0","tintindex":0},"down":{"uv":[12.65625,2.25,11.5,2.375],"rotation":0,"texture":"#0","tintindex":0}}},{"from":[2.837411,10.5954685,5.6571426],"to":[4.6659822,14.766897,10.114285],"rotation":{"angle":-22.5,"axis":"z","origin":[1.1231251,-5.6902456,11.542857]},"faces":{"east":{"uv":[5.125,2.0,6.09375,2.90625],"rotation":0,"texture":"#0","tintindex":0},"south":{"uv":[8.625,9.625,9.03125,10.53125],"rotation":0,"texture":"#0","tintindex":0},"north":{"uv":[6.125,9.625,6.53125,10.53125],"rotation":0,"texture":"#0","tintindex":0},"west":{"uv":[5.125,3.0,6.09375,3.90625],"rotation":0,"texture":"#0","tintindex":0},"up":{"uv":[9.65625,1.59375,9.25,0.625],"rotation":0,"texture":"#0","tintindex":0},"down":{"uv":[9.65625,1.625,9.25,2.59375],"rotation":0,"texture":"#0","tintindex":0}}},{"from":[5.3714285,6.857143,5.5999994],"to":[10.6285715,8.0,10.171429],"rotation":{"angle":0.0,"axis":"y","origin":[8.0,-10.285715,8.571428]},"faces":{"east":{"uv":[10.25,6.0,11.25,6.25],"rotation":0,"texture":"#0","tintindex":0},"south":{"uv":[9.875,0.375,11.03125,0.625],"rotation":0,"texture":"#0","tintindex":0},"north":{"uv":[9.5,5.0,10.65625,5.25],"rotation":0,"texture":"#0","tintindex":0},"west":{"uv":[10.5,3.0,11.5,3.25],"rotation":0,"texture":"#0","tintindex":0},"up":{"uv":[4.90625,1.0,3.75,0.0],"rotation":0,"texture":"#0","tintindex":0},"down":{"uv":[5.15625,1.0,4.0,2.0],"rotation":0,"texture":"#0","tintindex":0}}}],"display":{"head":{"translation":[0.0,-6.4,0.0],"scale":[4.0,4.0,4.0]}}}