{"textures":{"0":"modelengine:entity/skeletonking"},"elements":[{"from":[7.142857,3.2820015,7.3142858],"to":[8.857143,7.9677157,8.742857],"rotation":{"angle":0.0,"axis":"y","origin":[7.91127,10.25343,8.8]},"faces":{"east":{"uv":[7.25,9.75,7.5625,10.78125],"rotation":0,"texture":"#0","tintindex":0},"south":{"uv":[6.875,8.875,7.25,9.90625],"rotation":0,"texture":"#0","tintindex":0},"north":{"uv":[8.25,8.75,8.625,9.78125],"rotation":0,"texture":"#0","tintindex":0},"west":{"uv":[7.625,9.75,7.9375,10.78125],"rotation":0,"texture":"#0","tintindex":0},"up":{"uv":[3.875,12.0625,3.5,11.75],"rotation":0,"texture":"#0","tintindex":0},"down":{"uv":[12.125,4.75,11.75,5.0625],"rotation":0,"texture":"#0","tintindex":0}}},{"from":[7.131297,3.7661524,7.2],"to":[8.959868,6.166153,8.857143],"rotation":{"angle":0.0,"axis":"y","origin":[6.9142857,13.200001,8.971429]},"faces":{"east":{"uv":[6.125,3.375,6.5,3.90625],"rotation":0,"texture":"#0","tintindex":0},"south":{"uv":[11.0,1.75,11.40625,2.28125],"rotation":0,"texture":"#0","tintindex":0},"north":{"uv":[11.0,1.125,11.40625,1.65625],"rotation":0,"texture":"#0","tintindex":0},"west":{"uv":[7.875,11.125,8.25,11.65625],"rotation":0,"texture":"#0","tintindex":0},"up":{"uv":[5.53125,11.875,5.125,11.5],"rotation":0,"texture":"#0","tintindex":0},"down":{"uv":[6.03125,11.5,5.625,11.875],"rotation":0,"texture":"#0","tintindex":0}}},{"from":[6.8170114,3.2518668,7.028571],"to":[9.217011,4.166153,9.028571],"rotation":{"angle":0.0,"axis":"y","origin":[6.9142857,13.771429,8.971429]},"faces":{"east":{"uv":[11.875,4.125,12.3125,4.3125],"rotation":0,"texture":"#0","tintindex":0},"south":{"uv":[11.75,5.5,12.28125,5.6875],"rotation":0,"texture":"#0","tintindex":0},"north":{"uv":[5.125,4.0,5.65625,4.1875],"rotation":0,"texture":"#0","tintindex":0},"west":{"uv":[4.375,11.875,4.8125,12.0625],"rotation":0,"texture":"#0","tintindex":0},"up":{"uv":[11.28125,10.0625,10.75,9.625],"rotation":0,"texture":"#0","tintindex":0},"down":{"uv":[11.40625,3.25,10.875,3.6875],"rotation":0,"texture":"#0","tintindex":0}}},{"from":[12.454746,5.996899,7.142857],"to":[14.397604,7.9397564,8.914286],"rotation":{"angle":-45.0,"axis":"z","origin":[9.837734,13.08789,8.857143]},"faces":{"east":{"uv":[11.375,4.75,11.75,5.1875],"rotation":0,"texture":"#0","tintindex":0},"south":{"uv":[9.0,11.25,9.4375,11.6875],"rotation":0,"texture":"#0","tintindex":0},"north":{"uv":[11.25,2.375,11.6875,2.8125],"rotation":0,"texture":"#0","tintindex":0},"west":{"uv":[11.375,5.25,11.75,5.6875],"rotation":0,"texture":"#0","tintindex":0},"up":{"uv":[11.8125,7.375,11.375,7.0],"rotation":0,"texture":"#0","tintindex":0},"down":{"uv":[7.6875,11.375,7.25,11.75],"rotation":0,"texture":"#0","tintindex":0}}},{"from":[6.6741543,6.2232957,7.028571],"to":[9.417011,7.70901,9.028571],"rotation":{"angle":0.0,"axis":"y","origin":[6.9142857,13.485715,8.971429]},"faces":{"east":{"uv":[11.625,0.0,12.0625,0.3125],"rotation":0,"texture":"#0","tintindex":0},"south":{"uv":[11.25,5.875,11.84375,6.1875],"rotation":0,"texture":"#0","tintindex":0},"north":{"uv":[0.0,8.125,0.59375,8.4375],"rotation":0,"texture":"#0","tintindex":0},"west":{"uv":[3.0,11.625,3.4375,11.9375],"rotation":0,"texture":"#0","tintindex":0},"up":{"uv":[10.59375,2.9375,10.0,2.5],"rotation":0,"texture":"#0","tintindex":0},"down":{"uv":[10.84375,8.25,10.25,8.6875],"rotation":0,"texture":"#0","tintindex":0}}}],"display":{"head":{"translation":[0.0,-6.4,0.0],"scale":[4.0,4.0,4.0]}}}