{"textures":{"0":"modelengine:entity/skeletonking"},"elements":[{"from":[10.195866,7.080272,6.2285714],"to":[11.853008,9.080273,9.771429],"rotation":{"angle":-22.5,"axis":"z","origin":[9.714286,7.142857,8.971429]},"faces":{"east":{"uv":[9.5,4.5,10.28125,4.9375],"rotation":0,"texture":"#0","tintindex":0},"south":{"uv":[6.25,10.625,6.625,11.0625],"rotation":0,"texture":"#0","tintindex":0},"north":{"uv":[8.375,0.625,8.75,1.0625],"rotation":0,"texture":"#0","tintindex":0},"west":{"uv":[9.625,8.75,10.40625,9.1875],"rotation":0,"texture":"#0","tintindex":0},"up":{"uv":[1.75,7.40625,1.375,6.625],"rotation":0,"texture":"#0","tintindex":0},"down":{"uv":[2.5,7.5,2.125,8.28125],"rotation":0,"texture":"#0","tintindex":0}}},{"from":[11.87057,6.3923297,5.6571426],"to":[12.956285,7.820901,10.342857],"rotation":{"angle":22.5,"axis":"z","origin":[9.714286,7.142857,8.971429]},"faces":{"east":{"uv":[9.5,7.125,10.53125,7.4375],"rotation":0,"texture":"#0","tintindex":0},"south":{"uv":[11.875,9.625,12.125,9.9375],"rotation":0,"texture":"#0","tintindex":0},"north":{"uv":[5.875,11.875,6.125,12.1875],"rotation":0,"texture":"#0","tintindex":0},"west":{"uv":[9.75,3.5,10.78125,3.8125],"rotation":0,"texture":"#0","tintindex":0},"up":{"uv":[0.625,11.03125,0.375,10.0],"rotation":0,"texture":"#0","tintindex":0},"down":{"uv":[7.25,10.0,7.0,11.03125],"rotation":0,"texture":"#0","tintindex":0}}},{"from":[15.737147,5.2076273,4.2232957],"to":[16.82286,8.750484,5.651867],"rotation":{"angle":22.5,"axis":"z","origin":[8.8,-3.1428576,4.9714284]},"faces":{"east":{"uv":[10.5,6.25,10.8125,7.03125],"rotation":0,"texture":"#0","tintindex":0},"south":{"uv":[4.5,5.375,4.75,6.15625],"rotation":0,"texture":"#0","tintindex":0},"north":{"uv":[2.25,4.5,2.5,5.28125],"rotation":0,"texture":"#0","tintindex":0},"west":{"uv":[10.5,8.75,10.8125,9.53125],"rotation":0,"texture":"#0","tintindex":0},"up":{"uv":[10.5,12.1875,10.25,11.875],"rotation":0,"texture":"#0","tintindex":0},"down":{"uv":[0.625,12.0,0.375,12.3125],"rotation":0,"texture":"#0","tintindex":0}}},{"from":[11.87057,6.3404627,10.337582],"to":[12.956285,9.88332,11.766153],"rotation":{"angle":22.5,"axis":"z","origin":[9.714286,7.142857,8.971429]},"faces":{"east":{"uv":[10.25,10.5,10.5625,11.28125],"rotation":0,"texture":"#0","tintindex":0},"south":{"uv":[1.625,10.75,1.875,11.53125],"rotation":0,"texture":"#0","tintindex":0},"north":{"uv":[0.75,5.75,1.0,6.53125],"rotation":0,"texture":"#0","tintindex":0},"west":{"uv":[0.625,10.625,0.9375,11.40625],"rotation":0,"texture":"#0","tintindex":0},"up":{"uv":[1.75,12.3125,1.5,12.0],"rotation":0,"texture":"#0","tintindex":0},"down":{"uv":[3.25,12.0,3.0,12.3125],"rotation":0,"texture":"#0","tintindex":0}}},{"from":[9.927713,4.7351866,6.285714],"to":[11.584856,6.7351866,9.714286],"rotation":{"angle":22.5,"axis":"z","origin":[9.714286,7.142857,8.971429]},"faces":{"east":{"uv":[1.875,9.75,2.625,10.1875],"rotation":0,"texture":"#0","tintindex":0},"south":{"uv":[4.75,11.375,5.125,11.8125],"rotation":0,"texture":"#0","tintindex":0},"north":{"uv":[3.75,11.25,4.125,11.6875],"rotation":0,"texture":"#0","tintindex":0},"west":{"uv":[9.75,2.0,10.5,2.4375],"rotation":0,"texture":"#0","tintindex":0},"up":{"uv":[10.5,7.125,10.125,6.375],"rotation":0,"texture":"#0","tintindex":0},"down":{"uv":[10.625,1.125,10.25,1.875],"rotation":0,"texture":"#0","tintindex":0}}},{"from":[9.474154,3.1375813,6.6857142],"to":[10.7312975,7.880439,9.314285],"rotation":{"angle":0.0,"axis":"y","origin":[9.714286,7.142857,8.971429]},"faces":{"east":{"uv":[5.25,7.25,5.8125,8.28125],"rotation":0,"texture":"#0","tintindex":0},"south":{"uv":[6.625,10.0,6.90625,11.03125],"rotation":0,"texture":"#0","tintindex":0},"north":{"uv":[3.375,10.0,3.65625,11.03125],"rotation":0,"texture":"#0","tintindex":0},"west":{"uv":[4.0,7.375,4.5625,8.40625],"rotation":0,"texture":"#0","tintindex":0},"up":{"uv":[0.90625,12.0625,0.625,11.5],"rotation":0,"texture":"#0","tintindex":0},"down":{"uv":[11.78125,1.0,11.5,1.5625],"rotation":0,"texture":"#0","tintindex":0}}},{"from":[7.9312973,2.5090098,7.028571],"to":[10.331297,6.1090097,8.971429],"rotation":{"angle":0.0,"axis":"y","origin":[8.0,8.285714,8.971429]},"faces":{"east":{"uv":[1.75,5.5,2.1875,6.28125],"rotation":0,"texture":"#0","tintindex":0},"south":{"uv":[0.0,9.125,0.53125,9.90625],"rotation":0,"texture":"#0","tintindex":0},"north":{"uv":[2.625,9.0,3.15625,9.78125],"rotation":0,"texture":"#0","tintindex":0},"west":{"uv":[4.0,6.5,4.4375,7.28125],"rotation":0,"texture":"#0","tintindex":0},"up":{"uv":[11.28125,7.5625,10.75,7.125],"rotation":0,"texture":"#0","tintindex":0},"down":{"uv":[11.28125,7.625,10.75,8.0625],"rotation":0,"texture":"#0","tintindex":0}}},{"from":[8.331297,4.3947244,6.4],"to":[11.302726,9.251867,9.6],"rotation":{"angle":0.0,"axis":"y","origin":[9.714286,7.142857,8.971429]},"faces":{"east":{"uv":[5.75,4.0,6.4375,5.0625],"rotation":0,"texture":"#0","tintindex":0},"south":{"uv":[6.25,5.125,6.90625,6.1875],"rotation":0,"texture":"#0","tintindex":0},"north":{"uv":[4.5,6.25,5.15625,7.3125],"rotation":0,"texture":"#0","tintindex":0},"west":{"uv":[6.0,0.0,6.6875,1.0625],"rotation":0,"texture":"#0","tintindex":0},"up":{"uv":[9.40625,5.1875,8.75,4.5],"rotation":0,"texture":"#0","tintindex":0},"down":{"uv":[1.78125,8.875,1.125,9.5625],"rotation":0,"texture":"#0","tintindex":0}}}],"display":{"head":{"translation":[0.0,-6.4,0.0],"scale":[4.0,4.0,4.0]}}}