{"textures":{"0":"modelengine:entity/skeletonking"},"elements":[{"from":[6.942857,2.8571424,6.6857142],"to":[8.828571,8.0,9.657143],"rotation":{"angle":0.0,"axis":"y","origin":[10.228572,6.857143,8.971429]},"faces":{"east":{"uv":[3.75,5.375,4.40625,6.5],"rotation":0,"texture":"#0","tintindex":0},"south":{"uv":[8.625,3.375,9.03125,4.5],"rotation":0,"texture":"#0","tintindex":0},"north":{"uv":[5.625,8.5,6.03125,9.625],"rotation":0,"texture":"#0","tintindex":0},"west":{"uv":[1.0,5.5,1.65625,6.625],"rotation":0,"texture":"#0","tintindex":0},"up":{"uv":[10.65625,5.90625,10.25,5.25],"rotation":0,"texture":"#0","tintindex":0},"down":{"uv":[10.65625,7.5,10.25,8.15625],"rotation":0,"texture":"#0","tintindex":0}}},{"from":[6.885714,3.4285712,0.39999962],"to":[8.885715,5.714286,2.228571],"rotation":{"angle":-22.5,"axis":"x","origin":[6.8,17.714287,8.971429]},"faces":{"east":{"uv":[11.125,0.0,11.53125,0.5],"rotation":0,"texture":"#0","tintindex":0},"south":{"uv":[10.875,8.625,11.3125,9.125],"rotation":0,"texture":"#0","tintindex":0},"north":{"uv":[10.875,8.125,11.3125,8.625],"rotation":0,"texture":"#0","tintindex":0},"west":{"uv":[3.25,11.125,3.65625,11.625],"rotation":0,"texture":"#0","tintindex":0},"up":{"uv":[11.6875,10.90625,11.25,10.5],"rotation":0,"texture":"#0","tintindex":0},"down":{"uv":[11.6875,11.0,11.25,11.40625],"rotation":0,"texture":"#0","tintindex":0}}}],"display":{"head":{"translation":[0.0,-6.4,0.0],"scale":[4.0,4.0,4.0]}}}