{"textures":{"0":"modelengine:entity/skeletonking"},"elements":[{"from":[7.3714285,6.4,7.257143],"to":[8.514286,8.057143,8.8],"rotation":{"angle":0.0,"axis":"y","origin":[2.514285,8.457143,8.114285]},"faces":{"east":{"uv":[6.125,8.5,6.46875,8.875],"rotation":0,"texture":"#0","tintindex":0},"south":{"uv":[2.5,3.875,2.75,4.25],"rotation":0,"texture":"#0","tintindex":0},"north":{"uv":[2.5,3.5,2.75,3.875],"rotation":0,"texture":"#0","tintindex":0},"west":{"uv":[10.625,1.5,10.96875,1.875],"rotation":0,"texture":"#0","tintindex":0},"up":{"uv":[4.125,12.09375,3.875,11.75],"rotation":0,"texture":"#0","tintindex":0},"down":{"uv":[12.125,1.875,11.875,2.21875],"rotation":0,"texture":"#0","tintindex":0}}},{"from":[7.9989543,6.0,7.0857143],"to":[8.632472,6.7969155,8.857143],"rotation":{"angle":0.0,"axis":"y","origin":[1.9428568,10.342857,7.428571]},"faces":{"east":{"uv":[12.125,2.375,12.5,2.5625],"rotation":0,"texture":"#0","tintindex":0},"south":{"uv":[3.25,10.875,3.375,11.0625],"rotation":0,"texture":"#0","tintindex":0},"north":{"uv":[8.5,10.375,8.625,10.5625],"rotation":0,"texture":"#0","tintindex":0},"west":{"uv":[2.5,12.125,2.875,12.3125],"rotation":0,"texture":"#0","tintindex":0},"up":{"uv":[6.875,1.125,6.75,0.75],"rotation":0,"texture":"#0","tintindex":0},"down":{"uv":[6.25,7.0,6.125,7.375],"rotation":0,"texture":"#0","tintindex":0}}},{"from":[7.7714286,5.2,7.2],"to":[8.457143,6.2285714,8.742857],"rotation":{"angle":0.0,"axis":"y","origin":[2.1714282,10.342857,7.3714285]},"faces":{"east":{"uv":[10.5,3.25,10.84375,3.46875],"rotation":0,"texture":"#0","tintindex":0},"south":{"uv":[4.875,12.375,5.03125,12.59375],"rotation":0,"texture":"#0","tintindex":0},"north":{"uv":[4.375,12.375,4.53125,12.59375],"rotation":0,"texture":"#0","tintindex":0},"west":{"uv":[0.0,10.875,0.34375,11.09375],"rotation":0,"texture":"#0","tintindex":0},"up":{"uv":[12.40625,1.34375,12.25,1.0],"rotation":0,"texture":"#0","tintindex":0},"down":{"uv":[12.40625,1.375,12.25,1.71875],"rotation":0,"texture":"#0","tintindex":0}}},{"from":[9.656097,10.571428,7.0857143],"to":[10.289615,11.368344,8.857143],"rotation":{"angle":-45.0,"axis":"z","origin":[1.9428568,10.342857,7.428571]},"faces":{"east":{"uv":[3.5,12.125,3.875,12.3125],"rotation":0,"texture":"#0","tintindex":0},"south":{"uv":[11.5,6.5,11.625,6.6875],"rotation":0,"texture":"#0","tintindex":0},"north":{"uv":[7.875,10.875,8.0,11.0625],"rotation":0,"texture":"#0","tintindex":0},"west":{"uv":[12.125,3.75,12.5,3.9375],"rotation":0,"texture":"#0","tintindex":0},"up":{"uv":[0.75,7.875,0.625,7.5],"rotation":0,"texture":"#0","tintindex":0},"down":{"uv":[7.875,1.125,7.75,1.5],"rotation":0,"texture":"#0","tintindex":0}}},{"from":[7.028571,4.685714,7.2],"to":[8.057143,5.3714285,8.742857],"rotation":{"angle":0.0,"axis":"y","origin":[7.885714,4.0571427,7.3714285]},"faces":{"east":{"uv":[12.25,2.875,12.59375,3.03125],"rotation":0,"texture":"#0","tintindex":0},"south":{"uv":[12.375,5.375,12.59375,5.53125],"rotation":0,"texture":"#0","tintindex":0},"north":{"uv":[5.125,12.375,5.34375,12.53125],"rotation":0,"texture":"#0","tintindex":0},"west":{"uv":[12.25,3.125,12.59375,3.28125],"rotation":0,"texture":"#0","tintindex":0},"up":{"uv":[6.84375,12.34375,6.625,12.0],"rotation":0,"texture":"#0","tintindex":0},"down":{"uv":[7.09375,12.0,6.875,12.34375],"rotation":0,"texture":"#0","tintindex":0}}},{"from":[7.683102,6.6857142,6.574421],"to":[8.316619,7.4857144,7.3713365],"rotation":{"angle":22.5,"axis":"y","origin":[7.714286,7.257143,7.142857]},"faces":{"east":{"uv":[12.375,1.75,12.5625,1.9375],"rotation":0,"texture":"#0","tintindex":0},"south":{"uv":[1.25,12.375,1.375,12.5625],"rotation":0,"texture":"#0","tintindex":0},"north":{"uv":[10.5,11.875,10.625,12.0625],"rotation":0,"texture":"#0","tintindex":0},"west":{"uv":[12.375,2.0,12.5625,2.1875],"rotation":0,"texture":"#0","tintindex":0},"up":{"uv":[2.875,12.5625,2.75,12.375],"rotation":0,"texture":"#0","tintindex":0},"down":{"uv":[3.875,12.375,3.75,12.5625],"rotation":0,"texture":"#0","tintindex":0}}},{"from":[7.5735817,6.742857,6.1544223],"to":[8.259295,7.428571,7.182994],"rotation":{"angle":45.0,"axis":"y","origin":[7.714286,7.257143,7.142857]},"faces":{"east":{"uv":[12.375,5.875,12.59375,6.03125],"rotation":0,"texture":"#0","tintindex":0},"south":{"uv":[12.375,11.125,12.53125,11.28125],"rotation":0,"texture":"#0","tintindex":0},"north":{"uv":[12.375,10.875,12.53125,11.03125],"rotation":0,"texture":"#0","tintindex":0},"west":{"uv":[6.125,12.375,6.34375,12.53125],"rotation":0,"texture":"#0","tintindex":0},"up":{"uv":[6.53125,12.59375,6.375,12.375],"rotation":0,"texture":"#0","tintindex":0},"down":{"uv":[6.78125,12.375,6.625,12.59375],"rotation":0,"texture":"#0","tintindex":0}}},{"from":[6.887867,6.8,5.6401367],"to":[7.9164386,7.3714285,6.325851],"rotation":{"angle":45.0,"axis":"y","origin":[7.714286,7.257143,7.142857]},"faces":{"east":{"uv":[3.0,10.875,3.15625,11.0],"rotation":0,"texture":"#0","tintindex":0},"south":{"uv":[5.875,7.25,6.09375,7.375],"rotation":0,"texture":"#0","tintindex":0},"north":{"uv":[5.25,6.25,5.46875,6.375],"rotation":0,"texture":"#0","tintindex":0},"west":{"uv":[10.875,7.0,11.03125,7.125],"rotation":0,"texture":"#0","tintindex":0},"up":{"uv":[12.59375,6.90625,12.375,6.75],"rotation":0,"texture":"#0","tintindex":0},"down":{"uv":[7.09375,12.375,6.875,12.53125],"rotation":0,"texture":"#0","tintindex":0}}},{"from":[6.646491,6.6857142,5.872664],"to":[7.443406,7.4857144,6.5061812],"rotation":{"angle":0.0,"axis":"y","origin":[7.714286,7.257143,7.142857]},"faces":{"east":{"uv":[4.625,12.375,4.75,12.5625],"rotation":0,"texture":"#0","tintindex":0},"south":{"uv":[3.0,12.375,3.1875,12.5625],"rotation":0,"texture":"#0","tintindex":0},"north":{"uv":[2.5,12.375,2.6875,12.5625],"rotation":0,"texture":"#0","tintindex":0},"west":{"uv":[12.375,12.25,12.5,12.4375],"rotation":0,"texture":"#0","tintindex":0},"up":{"uv":[3.3125,7.75,3.125,7.625],"rotation":0,"texture":"#0","tintindex":0},"down":{"uv":[5.8125,8.375,5.625,8.5],"rotation":0,"texture":"#0","tintindex":0}}},{"from":[6.942857,5.6571426,5.542857],"to":[7.8,6.5142856,9.542857],"rotation":{"angle":0.0,"axis":"y","origin":[-2.0,-5.771429,8.4]},"faces":{"east":{"uv":[11.375,7.375,12.25,7.5625],"rotation":0,"texture":"#0","tintindex":0},"south":{"uv":[0.75,12.375,0.9375,12.5625],"rotation":0,"texture":"#0","tintindex":0},"north":{"uv":[0.5,12.375,0.6875,12.5625],"rotation":0,"texture":"#0","tintindex":0},"west":{"uv":[11.375,7.625,12.25,7.8125],"rotation":0,"texture":"#0","tintindex":0},"up":{"uv":[2.5625,12.125,2.375,11.25],"rotation":0,"texture":"#0","tintindex":0},"down":{"uv":[11.5625,7.875,11.375,8.75],"rotation":0,"texture":"#0","tintindex":0}}},{"from":[7.3714285,0.28571415,16.228573],"to":[7.3714285,2.5714283,19.085714],"rotation":{"angle":-45.0,"axis":"x","origin":[-2.228572,-5.771429,8.4]},"faces":{"east":{"uv":[9.875,3.875,10.5,4.375],"rotation":0,"texture":"#0","tintindex":0},"south":{"uv":[0.0,0.0,0.0,0.5],"rotation":0,"texture":"#0","tintindex":0},"north":{"uv":[0.0,0.0,0.0,0.5],"rotation":0,"texture":"#0","tintindex":0},"west":{"uv":[8.0,9.875,8.625,10.375],"rotation":0,"texture":"#0","tintindex":0},"up":{"uv":[0.0,0.625,0.0,0.0],"rotation":0,"texture":"#0","tintindex":0},"down":{"uv":[0.0,0.0,0.0,0.625],"rotation":0,"texture":"#0","tintindex":0}}},{"from":[6.885714,1.4285712,16.8],"to":[7.857143,2.5714283,17.942858],"rotation":{"angle":-45.0,"axis":"x","origin":[-2.0,-5.771429,8.4]},"faces":{"east":{"uv":[2.5,2.25,2.75,2.5],"rotation":0,"texture":"#0","tintindex":0},"south":{"uv":[12.25,0.25,12.46875,0.5],"rotation":0,"texture":"#0","tintindex":0},"north":{"uv":[0.0,12.25,0.21875,12.5],"rotation":0,"texture":"#0","tintindex":0},"west":{"uv":[3.75,1.0,4.0,1.25],"rotation":0,"texture":"#0","tintindex":0},"up":{"uv":[12.46875,0.75,12.25,0.5],"rotation":0,"texture":"#0","tintindex":0},"down":{"uv":[12.46875,0.75,12.25,1.0],"rotation":0,"texture":"#0","tintindex":0}}},{"from":[6.714286,5.6571426,0.5714283],"to":[8.028571,6.857143,1.4285712],