{"textures":{"0":"modelengine:entity/wolfmob39"},"elements":[{"from":[5.142857,7.833075,6.857143],"to":[10.857143,10.690218,9.714286],"rotation":{"angle":0.0,"axis":"y","origin":[8.0,7.547361,8.0]},"faces":{"east":{"uv":[7.9375,0.0,8.25,0.3125],"rotation":0,"texture":"#0","tintindex":0},"south":{"uv":[6.125,2.0,6.75,2.3125],"rotation":0,"texture":"#0","tintindex":0},"north":{"uv":[6.0625,5.5,6.6875,5.8125],"rotation":0,"texture":"#0","tintindex":0},"west":{"uv":[7.9375,4.75,8.25,5.0625],"rotation":0,"texture":"#0","tintindex":0},"up":{"uv":[6.8125,5.375,6.1875,5.0625],"rotation":0,"texture":"#0","tintindex":0},"down":{"uv":[2.0625,6.25,1.4375,6.5625],"rotation":0,"texture":"#0","tintindex":0}}},{"from":[6.285714,7.833075,6.285714],"to":[9.714286,10.690218,6.857143],"rotation":{"angle":0.0,"axis":"y","origin":[8.0,7.547361,8.0]},"faces":{"east":{"uv":[1.75,8.8125,1.8125,9.125],"rotation":0,"texture":"#0","tintindex":0},"south":{"uv":[7.8125,1.5,8.1875,1.8125],"rotation":0,"texture":"#0","tintindex":0},"north":{"uv":[7.8125,1.1875,8.1875,1.5],"rotation":0,"texture":"#0","tintindex":0},"west":{"uv":[8.8125,2.0,8.875,2.3125],"rotation":0,"texture":"#0","tintindex":0},"up":{"uv":[9.125,1.9375,8.75,1.875],"rotation":0,"texture":"#0","tintindex":0},"down":{"uv":[9.125,1.9375,8.75,2.0],"rotation":0,"texture":"#0","tintindex":0}}}],"display":{"head":{"translation":[0.0,-6.4,0.0],"scale":[4.0,4.0,4.0]}}}