{"textures":{"0":"modelengine:entity/wolfmob39"},"elements":[{"from":[6.285714,2.6285715,6.857143],"to":[9.714286,5.485714,9.714286],"rotation":{"angle":0.0,"axis":"y","origin":[8.0,-12.800001,8.0]},"faces":{"east":{"uv":[7.875,3.75,8.1875,4.0625],"rotation":0,"texture":"#0","tintindex":0},"south":{"uv":[7.5625,0.0,7.9375,0.3125],"rotation":0,"texture":"#0","tintindex":0},"north":{"uv":[6.9375,5.75,7.3125,6.0625],"rotation":0,"texture":"#0","tintindex":0},"west":{"uv":[7.875,4.0625,8.1875,4.375],"rotation":0,"texture":"#0","tintindex":0},"up":{"uv":[8.0,4.75,7.625,4.4375],"rotation":0,"texture":"#0","tintindex":0},"down":{"uv":[7.3125,7.625,6.9375,7.9375],"rotation":0,"texture":"#0","tintindex":0}}},{"from":[6.285714,4.9142857,5.714286],"to":[9.714286,7.7714286,9.714286],"rotation":{"angle":-22.5,"axis":"x","origin":[8.0,6.0571427,8.571428]},"faces":{"east":{"uv":[7.375,2.25,7.8125,2.5625],"rotation":0,"texture":"#0","tintindex":0},"south":{"uv":[7.6875,0.3125,8.0625,0.625],"rotation":0,"texture":"#0","tintindex":0},"north":{"uv":[0.0,7.6875,0.375,8.0],"rotation":0,"texture":"#0","tintindex":0},"west":{"uv":[7.375,5.375,7.8125,5.6875],"rotation":0,"texture":"#0","tintindex":0},"up":{"uv":[6.9375,5.0,6.5625,4.5625],"rotation":0,"texture":"#0","tintindex":0},"down":{"uv":[7.1875,0.0,6.8125,0.4375],"rotation":0,"texture":"#0","tintindex":0}}},{"from":[5.714286,4.9142857,6.285714],"to":[10.285714,8.057143,10.285714],"rotation":{"angle":0.0,"axis":"y","origin":[8.0,8.342857,8.0]},"faces":{"east":{"uv":[1.0,6.8125,1.4375,7.1875],"rotation":0,"texture":"#0","tintindex":0},"south":{"uv":[3.0,6.375,3.5,6.75],"rotation":0,"texture":"#0","tintindex":0},"north":{"uv":[6.375,0.4375,6.875,0.8125],"rotation":0,"texture":"#0","tintindex":0},"west":{"uv":[6.8125,2.875,7.25,3.25],"rotation":0,"texture":"#0","tintindex":0},"up":{"uv":[0.5,6.3125,0.0,5.875],"rotation":0,"texture":"#0","tintindex":0},"down":{"uv":[6.375,4.1875,5.875,4.625],"rotation":0,"texture":"#0","tintindex":0}}},{"from":[2.8571424,3.1999998,6.9142857],"to":[4.5714283,6.342857,9.657143],"rotation":{"angle":45.0,"axis":"z","origin":[4.285714,7.3428574,8.285714]},"faces":{"east":{"uv":[0.8125,7.6875,1.125,8.0625],"rotation":0,"texture":"#0","tintindex":0},"south":{"uv":[1.125,8.25,1.3125,8.625],"rotation":0,"texture":"#0","tintindex":0},"north":{"uv":[6.6875,8.1875,6.875,8.5625],"rotation":0,"texture":"#0","tintindex":0},"west":{"uv":[4.75,7.6875,5.0625,8.0625],"rotation":0,"texture":"#0","tintindex":0},"up":{"uv":[4.6875,8.75,4.5,8.4375],"rotation":0,"texture":"#0","tintindex":0},"down":{"uv":[5.25,8.5,5.0625,8.8125],"rotation":0,"texture":"#0","tintindex":0}}},{"from":[3.5428567,5.942857,7.4857144],"to":[4.685714,7.3714285,9.085714],"rotation":{"angle":22.5,"axis":"z","origin":[4.285714,7.3428574,8.285714]},"faces":{"east":{"uv":[4.6875,5.0,4.875,5.1875],"rotation":0,"texture":"#0","tintindex":0},"south":{"uv":[8.625,8.6875,8.75,8.875],"rotation":0,"texture":"#0","tintindex":0},"north":{"uv":[7.375,6.625,7.5,6.8125],"rotation":0,"texture":"#0","tintindex":0},"west":{"uv":[1.8125,7.5625,2.0,7.75],"rotation":0,"texture":"#0","tintindex":0},"up":{"uv":[8.875,0.1875,8.75,0.0],"rotation":0,"texture":"#0","tintindex":0},"down":{"uv":[8.875,0.1875,8.75,0.375],"rotation":0,"texture":"#0","tintindex":0}}},{"from":[11.314286,5.942857,7.4857144],"to":[12.457144,7.3714285,9.085714],"rotation":{"angle":-22.5,"axis":"z","origin":[11.714286,7.3428574,8.285714]},"faces":{"east":{"uv":[8.0625,7.25,8.25,7.4375],"rotation":0,"texture":"#0","tintindex":0},"south":{"uv":[8.75,0.5625,8.875,0.75],"rotation":0,"texture":"#0","tintindex":0},"north":{"uv":[8.75,0.375,8.875,0.5625],"rotation":0,"texture":"#0","tintindex":0},"west":{"uv":[4.125,8.6875,4.3125,8.875],"rotation":0,"texture":"#0","tintindex":0},"up":{"uv":[8.875,0.9375,8.75,0.75],"rotation":0,"texture":"#0","tintindex":0},"down":{"uv":[8.875,0.9375,8.75,1.125],"rotation":0,"texture":"#0","tintindex":0}}},{"from":[11.428572,3.1999998,6.9142857],"to":[13.142858,6.342857,9.657143],"rotation":{"angle":-45.0,"axis":"z","origin":[11.714286,7.3428574,8.285714]},"faces":{"east":{"uv":[7.3125,7.6875,7.625,8.0625],"rotation":0,"texture":"#0","tintindex":0},"south":{"uv":[8.25,4.625,8.4375,5.0],"rotation":0,"texture":"#0","tintindex":0},"north":{"uv":[8.25,4.25,8.4375,4.625],"rotation":0,"texture":"#0","tintindex":0},"west":{"uv":[7.625,7.6875,7.9375,8.0625],"rotation":0,"texture":"#0","tintindex":0},"up":{"uv":[8.75,0.3125,8.5625,0.0],"rotation":0,"texture":"#0","tintindex":0},"down":{"uv":[8.75,0.3125,8.5625,0.625],"rotation":0,"texture":"#0","tintindex":0}}}],"display":{"head":{"translation":[0.0,-6.4,0.0],"scale":[4.0,4.0,4.0]}}}