{"textures":{"0":"modelengine:entity/wolfmob39","1":"modelengine:entity/wolfmob39glow"},"elements":[{"from":[5.714286,8.0,4.5714283],"to":[10.285714,8.0,11.428572],"rotation":{"angle":0.0,"axis":"z","origin":[9.714286,8.0,10.857143]},"faces":{"east":{"uv":[0.0,0.0,1.2,0.0],"rotation":0,"texture":"#0","tintindex":0},"south":{"uv":[0.0,0.0,0.8,0.0],"rotation":0,"texture":"#0","tintindex":0},"north":{"uv":[0.0,0.0,0.8,0.0],"rotation":0,"texture":"#0","tintindex":0},"west":{"uv":[0.0,0.0,1.2,0.0],"rotation":0,"texture":"#0","tintindex":0},"up":{"uv":[6.4,9.2,5.6,8.0],"rotation":0,"texture":"#0","tintindex":0},"down":{"uv":[8.8,5.8,8.0,7.0],"rotation":0,"texture":"#0","tintindex":0}}},{"from":[8.0,7.8934846,4.1714363],"to":[8.571428,8.464913,9.885722],"rotation":{"angle":-45.0,"axis":"x","origin":[7.714286,8.007771,7.142865]},"faces":{"east":{"uv":[8.0,0.0,11.333333,0.33333334],"rotation":0,"texture":"#1","tintindex":0},"south":{"uv":[5.0,7.0,5.3333335,7.3333335],"rotation":0,"texture":"#1","tintindex":0},"north":{"uv":[4.6666665,7.0,5.0,7.3333335],"rotation":0,"texture":"#1","tintindex":0},"west":{"uv":[8.0,0.33333334,11.333333,0.6666667],"rotation":0,"texture":"#1","tintindex":0},"up":{"uv":[8.333333,4.0,8.0,0.6666667],"rotation":0,"texture":"#1","tintindex":0},"down":{"uv":[2.3333333,8.0,2.0,11.333333],"rotation":0,"texture":"#1","tintindex":0}}},{"from":[8.114285,8.465143,4.914294],"to":[8.457143,8.465143,5.2571507],"rotation":{"angle":-45.0,"axis":"x","origin":[7.714286,8.007771,7.142865]},"faces":{"east":{"uv":[0.0,0.0,0.33333334,0.0],"rotation":0,"texture":"#1","tintindex":0},"south":{"uv":[0.0,0.0,0.33333334,0.0],"rotation":0,"texture":"#1","tintindex":0},"north":{"uv":[0.0,0.0,0.33333334,0.0],"rotation":0,"texture":"#1","tintindex":0},"west":{"uv":[0.0,0.0,0.33333334,0.0],"rotation":0,"texture":"#1","tintindex":0},"up":{"uv":[4.6666665,8.333333,4.3333335,8.0],"rotation":0,"texture":"#1","tintindex":0},"down":{"uv":[8.666667,1.0,8.333333,1.3333334],"rotation":0,"texture":"#1","tintindex":0}}},{"from":[8.114285,8.465143,6.2285795],"to":[8.457143,8.465143,6.571437],"rotation":{"angle":-45.0,"axis":"x","origin":[7.714286,8.007771,7.142865]},"faces":{"east":{"uv":[0.0,0.0,0.33333334,0.0],"rotation":0,"texture":"#1","tintindex":0},"south":{"uv":[0.0,0.0,0.33333334,0.0],"rotation":0,"texture":"#1","tintindex":0},"north":{"uv":[0.0,0.0,0.33333334,0.0],"rotation":0,"texture":"#1","tintindex":0},"west":{"uv":[0.0,0.0,0.33333334,0.0],"rotation":0,"texture":"#1","tintindex":0},"up":{"uv":[3.3333333,8.333333,3.0,8.0],"rotation":0,"texture":"#1","tintindex":0},"down":{"uv":[3.6666667,8.0,3.3333333,8.333333],"rotation":0,"texture":"#1","tintindex":0}}},{"from":[8.114285,8.465143,7.4857225],"to":[8.457143,8.465143,7.8285794],"rotation":{"angle":-45.0,"axis":"x","origin":[7.714286,8.007771,7.142865]},"faces":{"east":{"uv":[0.0,0.0,0.33333334,0.0],"rotation":0,"texture":"#1","tintindex":0},"south":{"uv":[0.0,0.0,0.33333334,0.0],"rotation":0,"texture":"#1","tintindex":0},"north":{"uv":[0.0,0.0,0.33333334,0.0],"rotation":0,"texture":"#1","tintindex":0},"west":{"uv":[0.0,0.0,0.33333334,0.0],"rotation":0,"texture":"#1","tintindex":0},"up":{"uv":[5.0,7.0,4.6666665,6.6666665],"rotation":0,"texture":"#1","tintindex":0},"down":{"uv":[5.3333335,6.6666665,5.0,7.0],"rotation":0,"texture":"#1","tintindex":0}}},{"from":[8.114285,8.465143,8.571437],"to":[8.457143,8.465143,9.257151],"rotation":{"angle":-45.0,"axis":"x","origin":[7.714286,8.007771,7.142865]},"faces":{"east":{"uv":[0.0,0.0,0.33333334,0.0],"rotation":0,"texture":"#1","tintindex":0},"south":{"uv":[0.0,0.0,0.33333334,0.0],"rotation":0,"texture":"#1","tintindex":0},"north":{"uv":[0.0,0.0,0.33333334,0.0],"rotation":0,"texture":"#1","tintindex":0},"west":{"uv":[0.0,0.0,0.33333334,0.0],"rotation":0,"texture":"#1","tintindex":0},"up":{"uv":[4.0,8.333333,3.6666667,8.0],"rotation":0,"texture":"#1","tintindex":0},"down":{"uv":[4.3333335,8.0,4.0,8.333333],"rotation":0,"texture":"#1","tintindex":0}}}],"display":{"head":{"translation":[0.0,-6.4,0.0],"scale":[4.0,4.0,4.0]}}}