{"textures":{"1":"modelengine:entity/wolfmob39glow"},"elements":[{"from":[5.714286,4.8571424,5.714286],"to":[10.285714,10.571428,10.285714],"rotation":{"angle":0.0,"axis":"y","origin":[8.0,1.7142854,8.0]},"faces":{"east":{"uv":[2.6666667,0.0,5.3333335,3.3333333],"rotation":0,"texture":"#1","tintindex":0},"south":{"uv":[0.0,3.3333333,2.6666667,6.6666665],"rotation":0,"texture":"#1","tintindex":0},"north":{"uv":[0.0,0.0,2.6666667,3.3333333],"rotation":0,"texture":"#1","tintindex":0},"west":{"uv":[2.6666667,3.3333333,5.3333335,6.6666665],"rotation":0,"texture":"#1","tintindex":0},"up":{"uv":[8.0,2.6666667,5.3333335,0.0],"rotation":0,"texture":"#1","tintindex":0},"down":{"uv":[8.0,2.6666667,5.3333335,5.3333335],"rotation":0,"texture":"#1","tintindex":0}}},{"from":[6.285714,4.285714,6.285714],"to":[9.714286,4.8571424,9.714286],"rotation":{"angle":0.0,"axis":"y","origin":[8.0,1.7142854,8.0]},"faces":{"east":{"uv":[8.0,5.0,10.0,5.3333335],"rotation":0,"texture":"#1","tintindex":0},"south":{"uv":[7.3333335,8.0,9.333333,8.333333],"rotation":0,"texture":"#1","tintindex":0},"north":{"uv":[8.0,4.6666665,10.0,5.0],"rotation":0,"texture":"#1","tintindex":0},"west":{"uv":[8.333333,0.6666667,10.333333,1.0],"rotation":0,"texture":"#1","tintindex":0},"up":{"uv":[7.3333335,7.3333335,5.3333335,5.3333335],"rotation":0,"texture":"#1","tintindex":0},"down":{"uv":[2.0,6.6666665,0.0,8.666667],"rotation":0,"texture":"#1","tintindex":0}}}],"display":{"head":{"translation":[0.0,-6.4,0.0],"scale":[4.0,4.0,4.0]}}}