{"textures":{"0":"modelengine:entity/wolfmob39"},"elements":[{"from":[6.857143,-1.4285717,7.428571],"to":[8.571428,7.714286,9.142858],"rotation":{"angle":0.0,"axis":"y","origin":[5.428571,15.428572,7.9428573]},"faces":{"east":{"uv":[1.4375,6.5625,1.625,7.5625],"rotation":0,"texture":"#0","tintindex":0},"south":{"uv":[1.625,6.5625,1.8125,7.5625],"rotation":0,"texture":"#0","tintindex":0},"north":{"uv":[6.5,6.4375,6.6875,7.4375],"rotation":0,"texture":"#0","tintindex":0},"west":{"uv":[1.8125,6.5625,2.0,7.5625],"rotation":0,"texture":"#0","tintindex":0},"up":{"uv":[8.875,6.3125,8.6875,6.125],"rotation":0,"texture":"#0","tintindex":0},"down":{"uv":[8.875,6.3125,8.6875,6.5],"rotation":0,"texture":"#0","tintindex":0}}},{"from":[6.857143,4.285714,6.857143],"to":[8.0,7.714286,7.428571],"rotation":{"angle":0.0,"axis":"y","origin":[5.428571,15.428572,7.9428573]},"faces":{"east":{"uv":[1.0,8.8125,1.0625,9.1875],"rotation":0,"texture":"#0","tintindex":0},"south":{"uv":[8.6875,2.0625,8.8125,2.4375],"rotation":0,"texture":"#0","tintindex":0},"north":{"uv":[1.9375,8.6875,2.0625,9.0625],"rotation":0,"texture":"#0","tintindex":0},"west":{"uv":[1.0625,8.8125,1.125,9.1875],"rotation":0,"texture":"#0","tintindex":0},"up":{"uv":[8.9375,7.375,8.8125,7.3125],"rotation":0,"texture":"#0","tintindex":0},"down":{"uv":[8.9375,7.8125,8.8125,7.875],"rotation":0,"texture":"#0","tintindex":0}}},{"from":[6.285714,1.4285712,7.428571],"to":[6.857143,8.285714,9.142858],"rotation":{"angle":0.0,"axis":"y","origin":[5.428571,15.428572,7.9428573]},"faces":{"east":{"uv":[7.375,1.5,7.5625,2.25],"rotation":0,"texture":"#0","tintindex":0},"south":{"uv":[6.8125,8.5625,6.875,9.3125],"rotation":0,"texture":"#0","tintindex":0},"north":{"uv":[3.9375,8.5625,4.0,9.3125],"rotation":0,"texture":"#0","tintindex":0},"west":{"uv":[3.875,7.375,4.0625,8.125],"rotation":0,"texture":"#0","tintindex":0},"up":{"uv":[7.25,5.0,7.1875,4.8125],"rotation":0,"texture":"#0","tintindex":0},"down":{"uv":[2.375,7.25,2.3125,7.4375],"rotation":0,"texture":"#0","tintindex":0}}},{"from":[7.428571,2.5714283,8.0],"to":[9.142858,7.142857,9.714286],"rotation":{"angle":0.0,"axis":"y","origin":[5.428571,15.428572,7.9428573]},"faces":{"east":{"uv":[8.125,2.0625,8.3125,2.5625],"rotation":0,"texture":"#0","tintindex":0},"south":{"uv":[2.9375,8.125,3.125,8.625],"rotation":0,"texture":"#0","tintindex":0},"north":{"uv":[1.8125,8.125,2.0,8.625],"rotation":0,"texture":"#0","tintindex":0},"west":{"uv":[3.125,8.125,3.3125,8.625],"rotation":0,"texture":"#0","tintindex":0},"up":{"uv":[7.625,8.875,7.4375,8.6875],"rotation":0,"texture":"#0","tintindex":0},"down":{"uv":[7.8125,8.6875,7.625,8.875],"rotation":0,"texture":"#0","tintindex":0}}},{"from":[7.428571,7.142857,8.0],"to":[9.714286,9.428572,9.714286],"rotation":{"angle":0.0,"axis":"y","origin":[5.428571,15.428572,7.9428573]},"faces":{"east":{"uv":[8.625,5.3125,8.8125,5.5625],"rotation":0,"texture":"#0","tintindex":0},"south":{"uv":[8.5,3.6875,8.75,3.9375],"rotation":0,"texture":"#0","tintindex":0},"north":{"uv":[8.5,3.4375,8.75,3.6875],"rotation":0,"texture":"#0","tintindex":0},"west":{"uv":[8.625,7.8125,8.8125,8.0625],"rotation":0,"texture":"#0","tintindex":0},"up":{"uv":[2.5625,8.875,2.3125,8.6875],"rotation":0,"texture":"#0","tintindex":0},"down":{"uv":[8.9375,2.4375,8.6875,2.625],"rotation":0,"texture":"#0","tintindex":0}}}],"display":{"head":{"translation":[0.0,-6.4,0.0],"scale":[4.0,4.0,4.0]}}}