{"textures":{"0":"modelengine:entity/wolfmob39"},"elements":[{"from":[5.105775,5.38338,6.2265882],"to":[7.9629183,9.38338,9.5408745],"rotation":{"angle":22.5,"axis":"z","origin":[5.3914895,9.097666,7.8837314]},"faces":{"east":{"uv":[7.0,2.125,7.375,2.5625],"rotation":0,"texture":"#0","tintindex":0},"south":{"uv":[7.5625,0.75,7.875,1.1875],"rotation":0,"texture":"#0","tintindex":0},"north":{"uv":[7.5,7.25,7.8125,7.6875],"rotation":0,"texture":"#0","tintindex":0},"west":{"uv":[3.5,7.125,3.875,7.5625],"rotation":0,"texture":"#0","tintindex":0},"up":{"uv":[2.9375,8.1875,2.625,7.8125],"rotation":0,"texture":"#0","tintindex":0},"down":{"uv":[4.375,7.8125,4.0625,8.1875],"rotation":0,"texture":"#0","tintindex":0}}},{"from":[6.2486324,8.240523,6.798017],"to":[9.105776,10.5262375,10.112303],"rotation":{"angle":22.5,"axis":"z","origin":[5.3914895,9.097666,7.8837314]},"faces":{"east":{"uv":[0.3125,8.125,0.6875,8.375],"rotation":0,"texture":"#0","tintindex":0},"south":{"uv":[8.1875,8.0625,8.5,8.3125],"rotation":0,"texture":"#0","tintindex":0},"north":{"uv":[4.3125,8.1875,4.625,8.4375],"rotation":0,"texture":"#0","tintindex":0},"west":{"uv":[8.125,1.8125,8.5,2.0625],"rotation":0,"texture":"#0","tintindex":0},"up":{"uv":[4.6875,8.1875,4.375,7.8125],"rotation":0,"texture":"#0","tintindex":0},"down":{"uv":[8.125,5.375,7.8125,5.75],"rotation":0,"texture":"#0","tintindex":0}}},{"from":[6.8200607,1.3833795,6.798017],"to":[9.105776,7.669094,9.083732],"rotation":{"angle":0.0,"axis":"y","origin":[5.3914895,9.097666,7.8837314]},"faces":{"east":{"uv":[6.6875,5.375,6.9375,6.0625],"rotation":0,"texture":"#0","tintindex":0},"south":{"uv":[6.6875,6.4375,6.9375,7.125],"rotation":0,"texture":"#0","tintindex":0},"north":{"uv":[0.25,6.625,0.5,7.3125],"rotation":0,"texture":"#0","tintindex":0},"west":{"uv":[0.5,6.75,0.75,7.4375],"rotation":0,"texture":"#0","tintindex":0},"up":{"uv":[8.75,1.875,8.5,1.625],"rotation":0,"texture":"#0","tintindex":0},"down":{"uv":[8.75,3.1875,8.5,3.4375],"rotation":0,"texture":"#0","tintindex":0}}},{"from":[9.105776,3.0976653,6.798017],"to":[9.848633,7.669094,9.65516],"rotation":{"angle":0.0,"axis":"y","origin":[5.3914895,9.097666,7.8837314]},"faces":{"east":{"uv":[4.75,7.1875,5.0625,7.6875],"rotation":0,"texture":"#0","tintindex":0},"south":{"uv":[8.4375,8.6875,8.5,9.1875],"rotation":0,"texture":"#0","tintindex":0},"north":{"uv":[7.875,8.6875,7.9375,9.1875],"rotation":0,"texture":"#0","tintindex":0},"west":{"uv":[2.0,7.25,2.3125,7.75],"rotation":0,"texture":"#0","tintindex":0},"up":{"uv":[8.875,3.8125,8.8125,3.5],"rotation":0,"texture":"#0","tintindex":0},"down":{"uv":[5.125,8.8125,5.0625,9.125],"rotation":0,"texture":"#0","tintindex":0}}},{"from":[6.2486324,4.8119516,9.083732],"to":[9.105776,11.669094,11.369446],"rotation":{"angle":22.5,"axis":"x","origin":[5.3914895,9.097666,7.8837314]},"faces":{"east":{"uv":[6.25,6.4375,6.5,7.1875],"rotation":0,"texture":"#0","tintindex":0},"south":{"uv":[5.6875,5.8125,6.0,6.5625],"rotation":0,"texture":"#0","tintindex":0},"north":{"uv":[5.375,5.8125,5.6875,6.5625],"rotation":0,"texture":"#0","tintindex":0},"west":{"uv":[6.5,0.8125,6.75,1.5625],"rotation":0,"texture":"#0","tintindex":0},"up":{"uv":[8.5625,0.25,8.25,0.0],"rotation":0,"texture":"#0","tintindex":0},"down":{"uv":[8.5625,0.25,8.25,0.5],"rotation":0,"texture":"#0","tintindex":0}}},{"from":[6.8200607,13.38338,10.7980175],"to":[7.9629183,15.669094,11.369446],"rotation":{"angle":22.5,"axis":"x","origin":[5.3914895,9.097666,7.8837314]},"faces":{"east":{"uv":[8.8125,6.75,8.875,7.0],"rotation":0,"texture":"#0","tintindex":0},"south":{"uv":[8.6875,8.3125,8.8125,8.5625],"rotation":0,"texture":"#0","tintindex":0},"north":{"uv":[7.25,4.1875,7.375,4.4375],"rotation":0,"texture":"#0","tintindex":0},"west":{"uv":[6.875,8.8125,6.9375,9.0625],"rotation":0,"texture":"#0","tintindex":0},"up":{"uv":[8.0,4.4375,7.875,4.375],"rotation":0,"texture":"#0","tintindex":0},"down":{"uv":[8.625,7.8125,8.5,7.875],"rotation":0,"texture":"#0","tintindex":0}}},{"from":[6.8200607,11.669094,10.226588],"to":[7.9629183,14.5262375,10.7980175],"rotation":{"angle":22.5,"axis":"x","origin":[5.3914895,9.097666,7.8837314]},"faces":{"east":{"uv":[5.125,8.8125,5.1875,9.125],"rotation":0,"texture":"#0","tintindex":0},"south":{"uv":[4.0,8.6875,4.125,9.0],"rotation":0,"texture":"#0","tintindex":0},"north":{"uv":[8.6875,2.8125,8.8125,3.125],"rotation":0,"texture":"#0","tintindex":0},"west":{"uv":[5.1875,8.8125,5.25,9.125],"rotation":0,"texture":"#0","tintindex":0},"up":{"uv":[8.9375,7.25,8.8125,7.1875],"rotation":0,"texture":"#0","tintindex":0},"down":{"uv":[8.9375,7.25,8.8125,7.3125],"rotation":0,"texture":"#0","tintindex":0}}},{"from":[6.8200607,8.240523,10.7980175],"to":[8.534347,13.38338,11.940874],"rotation":{"angle":22.5,"axis":"x","origin":[5.3914895,9.097666,7.8837314]},"faces":{"east":{"uv":[8.4375,0.5,8.5625,1.0625],"rotation":0,"texture":"#0","tintindex":0},"south":{"uv":[7.875,0.625,8.0625,1.1875],"rotation":0,"texture":"#0","tintindex":0},"north":{"uv":[2.125,7.75,2.3125,8.3125],"rotation":0,"texture":"#0","tintindex":0},"west":{"uv":[8.4375,1.0625,8.5625,1.625],"rotation":0,"texture":"#0","tintindex":0},"up":{"uv":[8.9375,7.75,8.75,7.625],"rotation":0,"texture":"#0","tintindex":0},"down":{"uv":[8.9375,8.6875,8.75,8.8125],"rotation":0,"texture":"#0","tintindex":0}}},{"from":[6.8200607,1.9548082,6.2265882],"to":[8.534347,4.8119516,6.798017],"rotation":{"angle":0.0,"axis":"y","origin":[5.3914895,11.954809,7.8837314]},"faces":{"east":{"uv":[5.375,8.8125,5.4375,9.125],"rotation":0,"texture":"#0","tintindex":0},"south":{"uv":[3.3125,8.5625,3.5,8.875],"rotation":0,"texture":"#0","tintindex":0},"north":{"uv":[1.5,8.5625,1.6875,8.875],"rotation":0,"texture":"#0","tintindex":0},"west":{"uv":[5.4375,8.8125,5.5,9.125],"rotation":0,"texture":"#0","tintindex":0},"up":{"uv":[7.125,8.875,6.9375,8.8125],"rotation":0,"texture":"#0","tintindex":0},"down":{"uv":[9.0,7.0,8.8125,7.0625],"rotation":0,"texture":"#0","tintindex":0}}}],"display":{"head":{"translation":[0.0,-6.4,0.0],"scale":[4.0,4.0,4.0]}}}