{"textures":{"0":"modelengine:entity/wolfmob39"},"elements":[{"from":[6.9353714,-0.9525337,6.5049043],"to":[9.221086,6.476038,8.21919],"rotation":{"angle":0.0,"axis":"y","origin":[10.363943,-6.6668196,7.6477613]},"faces":{"east":{"uv":[7.25,2.5625,7.4375,3.375],"rotation":0,"texture":"#0","tintindex":0},"south":{"uv":[6.0,6.125,6.25,6.9375],"rotation":0,"texture":"#0","tintindex":0},"north":{"uv":[6.0625,2.5,6.3125,3.3125],"rotation":0,"texture":"#0","tintindex":0},"west":{"uv":[7.25,3.375,7.4375,4.1875],"rotation":0,"texture":"#0","tintindex":0},"up":{"uv":[6.1875,8.75,5.9375,8.5625],"rotation":0,"texture":"#0","tintindex":0},"down":{"uv":[8.875,5.125,8.625,5.3125],"rotation":0,"texture":"#0","tintindex":0}}},{"from":[5.792514,3.0474668,6.6191897],"to":[8.078229,7.618895,8.904904],"rotation":{"angle":45.0,"axis":"z","origin":[5.5067997,5.3331804,6.7906184]},"faces":{"east":{"uv":[3.4375,7.5625,3.6875,8.0625],"rotation":0,"texture":"#0","tintindex":0},"south":{"uv":[7.5625,5.6875,7.8125,6.1875],"rotation":0,"texture":"#0","tintindex":0},"north":{"uv":[7.5625,1.6875,7.8125,2.1875],"rotation":0,"texture":"#0","tintindex":0},"west":{"uv":[6.0,7.5625,6.25,8.0625],"rotation":0,"texture":"#0","tintindex":0},"up":{"uv":[7.9375,8.6875,7.6875,8.4375],"rotation":0,"texture":"#0","tintindex":0},"down":{"uv":[8.6875,8.3125,8.4375,8.5625],"rotation":0,"texture":"#0","tintindex":0}}},{"from":[5.2210855,0.7617521,6.847761],"to":[6.9353714,5.3331804,8.562047],"rotation":{"angle":22.5,"axis":"z","origin":[5.5067997,5.3331804,6.7906184]},"faces":{"east":{"uv":[6.0,8.0625,6.1875,8.5625],"rotation":0,"texture":"#0","tintindex":0},"south":{"uv":[8.0625,6.75,8.25,7.25],"rotation":0,"texture":"#0","tintindex":0},"north":{"uv":[4.875,8.0625,5.0625,8.5625],"rotation":0,"texture":"#0","tintindex":0},"west":{"uv":[7.25,8.0625,7.4375,8.5625],"rotation":0,"texture":"#0","tintindex":0},"up":{"uv":[8.875,5.9375,8.6875,5.75],"rotation":0,"texture":"#0","tintindex":0},"down":{"uv":[8.875,5.9375,8.6875,6.125],"rotation":0,"texture":"#0","tintindex":0}}},{"from":[6.3639426,3.618895,6.5049043],"to":[8.649657,9.333181,9.9334755],"rotation":{"angle":22.5,"axis":"x","origin":[6.6496572,6.476038,6.7906184]},"faces":{"east":{"uv":[4.625,5.8125,5.0,6.4375],"rotation":0,"texture":"#0","tintindex":0},"south":{"uv":[4.5,7.1875,4.75,7.8125],"rotation":0,"texture":"#0","tintindex":0},"north":{"uv":[2.75,7.1875,3.0,7.8125],"rotation":0,"texture":"#0","tintindex":0},"west":{"uv":[5.0,5.8125,5.375,6.4375],"rotation":0,"texture":"#0","tintindex":0},"up":{"uv":[7.6875,8.4375,7.4375,8.0625],"rotation":0,"texture":"#0","tintindex":0},"down":{"uv":[7.9375,8.0625,7.6875,8.4375],"rotation":0,"texture":"#0","tintindex":0}}},{"from":[7.5068,-0.9525337,8.21919],"to":[9.792515,5.9046097,9.362047],"rotation":{"angle":0.0,"axis":"y","origin":[10.363943,-6.6668196,7.6477613]},"faces":{"east":{"uv":[7.9375,8.0625,8.0625,8.8125],"rotation":0,"texture":"#0","tintindex":0},"south":{"uv":[5.0,6.4375,5.25,7.1875],"rotation":0,"texture":"#0","tintindex":0},"north":{"uv":[4.75,6.4375,5.0,7.1875],"rotation":0,"texture":"#0","tintindex":0},"west":{"uv":[8.0625,8.0625,8.1875,8.8125],"rotation":0,"texture":"#0","tintindex":0},"up":{"uv":[8.9375,8.1875,8.6875,8.0625],"rotation":0,"texture":"#0","tintindex":0},"down":{"uv":[8.9375,8.1875,8.6875,8.3125],"rotation":0,"texture":"#0","tintindex":0}}}],"display":{"head":{"translation":[0.0,-6.4,0.0],"scale":[4.0,4.0,4.0]}}}