{"textures":{"0":"modelengine:entity/wolfmob39"},"elements":[{"from":[7.3142858,3.6,6.9142857],"to":[8.457143,8.742857,8.057143],"rotation":{"angle":0.0,"axis":"y","origin":[10.114286,1.3142858,7.4857144]},"faces":{"east":{"uv":[8.3125,8.3125,8.4375,8.875],"rotation":0,"texture":"#0","tintindex":0},"south":{"uv":[0.25,8.375,0.375,8.9375],"rotation":0,"texture":"#0","tintindex":0},"north":{"uv":[8.1875,8.3125,8.3125,8.875],"rotation":0,"texture":"#0","tintindex":0},"west":{"uv":[0.375,8.375,0.5,8.9375],"rotation":0,"texture":"#0","tintindex":0},"up":{"uv":[8.4375,2.5625,8.3125,2.4375],"rotation":0,"texture":"#0","tintindex":0},"down":{"uv":[8.9375,1.75,8.8125,1.875],"rotation":0,"texture":"#0","tintindex":0}}},{"from":[7.3142858,-3.8285723,6.9142857],"to":[8.457143,3.6,8.057143],"rotation":{"angle":0.0,"axis":"y","origin":[10.114286,1.3142858,7.4857144]},"faces":{"east":{"uv":[6.4375,7.9375,6.5625,8.75],"rotation":0,"texture":"#0","tintindex":0},"south":{"uv":[6.5625,7.9375,6.6875,8.75],"rotation":0,"texture":"#0","tintindex":0},"north":{"uv":[7.875,2.9375,8.0,3.75],"rotation":0,"texture":"#0","tintindex":0},"west":{"uv":[7.9375,6.625,8.0625,7.4375],"rotation":0,"texture":"#0","tintindex":0},"up":{"uv":[8.9375,2.4375,8.8125,2.3125],"rotation":0,"texture":"#0","tintindex":0},"down":{"uv":[8.9375,3.0,8.8125,3.125],"rotation":0,"texture":"#0","tintindex":0}}},{"from":[6.742857,1.885714,8.057143],"to":[8.457143,4.742857,8.6285715],"rotation":{"angle":0.0,"axis":"y","origin":[10.114286,1.3142858,7.4857144]},"faces":{"east":{"uv":[8.8125,2.6875,8.875,3.0],"rotation":0,"texture":"#0","tintindex":0},"south":{"uv":[1.3125,8.5625,1.5,8.875],"rotation":0,"texture":"#0","tintindex":0},"north":{"uv":[8.5625,1.25,8.75,1.5625],"rotation":0,"texture":"#0","tintindex":0},"west":{"uv":[8.8125,3.1875,8.875,3.5],"rotation":0,"texture":"#0","tintindex":0},"up":{"uv":[7.5625,5.75,7.375,5.6875],"rotation":0,"texture":"#0","tintindex":0},"down":{"uv":[8.75,1.5625,8.5625,1.625],"rotation":0,"texture":"#0","tintindex":0}}},{"from":[6.742857,4.742857,7.4857144],"to":[7.3142858,8.171429,8.057143],"rotation":{"angle":0.0,"axis":"y","origin":[10.114286,1.3142858,7.4857144]},"faces":{"east":{"uv":[6.375,8.75,6.4375,9.125],"rotation":0,"texture":"#0","tintindex":0},"south":{"uv":[6.4375,8.75,6.5,9.125],"rotation":0,"texture":"#0","tintindex":0},"north":{"uv":[6.3125,8.75,6.375,9.125],"rotation":0,"texture":"#0","tintindex":0},"west":{"uv":[6.5,8.75,6.5625,9.125],"rotation":0,"texture":"#0","tintindex":0},"up":{"uv":[4.0625,8.1875,4.0,8.125],"rotation":0,"texture":"#0","tintindex":0},"down":{"uv":[6.9375,8.1875,6.875,8.25],"rotation":0,"texture":"#0","tintindex":0}}},{"from":[8.457143,4.742857,8.057143],"to":[9.028571,8.171429,8.6285715],"rotation":{"angle":0.0,"axis":"y","origin":[10.114286,1.3142858,7.4857144]},"faces":{"east":{"uv":[6.625,8.75,6.6875,9.125],"rotation":0,"texture":"#0","tintindex":0},"south":{"uv":[8.75,6.625,8.8125,7.0],"rotation":0,"texture":"#0","tintindex":0},"north":{"uv":[6.5625,8.75,6.625,9.125],"rotation":0,"texture":"#0","tintindex":0},"west":{"uv":[8.75,7.0,8.8125,7.375],"rotation":0,"texture":"#0","tintindex":0},"up":{"uv":[0.3125,8.375,0.25,8.3125],"rotation":0,"texture":"#0","tintindex":0},"down":{"uv":[8.375,3.1875,8.3125,3.25],"rotation":0,"texture":"#0","tintindex":0}}},{"from":[7.3142858,-0.40000057,8.057143],"to":[7.885714,1.885714,8.6285715],"rotation":{"angle":0.0,"axis":"y","origin":[10.114286,1.3142858,7.4857144]},"faces":{"east":{"uv":[5.5,8.8125,5.5625,9.0625],"rotation":0,"texture":"#0","tintindex":0},"south":{"uv":[5.5625,8.8125,5.625,9.0625],"rotation":0,"texture":"#0","tintindex":0},"north":{"uv":[8.8125,5.3125,8.875,5.5625],"rotation":0,"texture":"#0","tintindex":0},"west":{"uv":[5.625,8.8125,5.6875,9.0625],"rotation":0,"texture":"#0","tintindex":0},"up":{"uv":[8.5,1.8125,8.4375,1.75],"rotation":0,"texture":"#0","tintindex":0},"down":{"uv":[0.6875,8.5,0.625,8.5625],"rotation":0,"texture":"#0","tintindex":0}}},{"from":[6.742857,4.742857,8.057143],"to":[8.457143,8.742857,9.2],"rotation":{"angle":0.0,"axis":"y","origin":[10.114286,1.3142858,7.4857144]},"faces":{"east":{"uv":[2.8125,8.4375,2.9375,8.875],"rotation":0,"texture":"#0","tintindex":0},"south":{"uv":[5.8125,8.125,6.0,8.5625],"rotation":0,"texture":"#0","tintindex":0},"north":{"uv":[5.625,8.125,5.8125,8.5625],"rotation":0,"texture":"#0","tintindex":0},"west":{"uv":[3.5,8.5625,3.625,9.0],"rotation":0,"texture":"#0","tintindex":0},"up":{"uv":[8.9375,7.5,8.75,7.375],"rotation":0,"texture":"#0","tintindex":0},"down":{"uv":[8.9375,7.5,8.75,7.625],"rotation":0,"texture":"#0","tintindex":0}}},{"from":[8.457143,4.742857,6.9142857],"to":[9.028571,8.742857,8.057143],"rotation":{"angle":0.0,"axis":"y","origin":[10.114286,1.3142858,7.4857144]},"faces":{"east":{"uv":[3.625,8.5625,3.75,9.0],"rotation":0,"texture":"#0","tintindex":0},"south":{"uv":[8.5625,8.6875,8.625,9.125],"rotation":0,"texture":"#0","tintindex":0},"north":{"uv":[8.5,8.6875,8.5625,9.125],"rotation":0,"texture":"#0","tintindex":0},"west":{"uv":[3.75,8.5625,3.875,9.0],"rotation":0,"texture":"#0","tintindex":0},"up":{"uv":[8.875,7.1875,8.8125,7.0625],"rotation":0,"texture":"#0","tintindex":0},"down":{"uv":[7.1875,8.8125,7.125,8.9375],"rotation":0,"texture":"#0","tintindex":0}}},{"from":[5.6,4.1714287,6.9142857],"to":[6.742857,7.6,8.057143],"rotation":{"angle":22.5,"axis":"x","origin":[10.114286,1.3142858,7.4857144]},"faces":{"east":{"uv":[7.25,8.5625,7.375,8.9375],"rotation":0,"texture":"#0","tintindex":0},"south":{"uv":[1.125,8.625,1.25,9.0],"rotation":0,"texture":"#0","tintindex":0},"north":{"uv":[6.6875,8.5625,6.8125,8.9375],"rotation":0,"texture":"#0","tintindex":0},"west":{"uv":[1.8125,8.625,1.9375,9.0],"rotation":0,"texture":"#0","tintindex":0},"up":{"uv":[8.9375,3.9375,8.8125,3.8125],"rotation":0,"texture":"#0","tintindex":0},"down":{"uv":[5.8125,8.8125,5.6875,8.9375],"rotation":0,"texture":"#0","tintindex":0}}},{"from":[6.1714287,0.742857,7.4857144],"to":[7.3142858,5.885714,8.6285715],"rotation":{"angle":22.5,"axis":"x","origin":[10.114286,1.3142858,7.4857144]},"faces":{"east":{"uv":[8.375,3.1875,8.5,3.75],"rotation":0,"texture":"#0","tintindex":0},"south":{"uv":[8.375,6.75,8.5,7.3125],"rotation":0,"texture":"#0","tintindex":0},"north":{"uv":[0.5,8.375,0.625,8.9375],"rotation":0,"texture":"#0","tintindex":0},"west":{"uv":[8.375,7.3125,8.5,7.875],"rotation":0,"texture":"#0","tintindex":0},"up":{"uv":[5.9375,8.9375,5.8125,8.8125],"rotation":0,"texture":"#0","tintindex":0},"down":{"uv":[8.9375,6.625,8.8125,6.75],"rotation":0,"texture":"#0","tintindex":0}}}],"display":{"head":{"translation":[0.0,-6.4,0.0],"scale":[4.0,4.0,4.0]}}}