{"textures":{"0":"modelengine:entity/wolfmob39"},"elements":[{"from":[8.037082,5.38338,6.2265882],"to":[10.894225,9.38338,9.5408745],"rotation":{"angle":-22.5,"axis":"z","origin":[10.608511,9.097666,7.8837314]},"faces":{"east":{"uv":[6.9375,6.8125,7.3125,7.25],"rotation":0,"texture":"#0","tintindex":0},"south":{"uv":[7.4375,2.5625,7.75,3.0],"rotation":0,"texture":"#0","tintindex":0},"north":{"uv":[2.3125,7.4375,2.625,7.875],"rotation":0,"texture":"#0","tintindex":0},"west":{"uv":[7.0,0.8125,7.375,1.25],"rotation":0,"texture":"#0","tintindex":0},"up":{"uv":[0.6875,8.125,0.375,7.75],"rotation":0,"texture":"#0","tintindex":0},"down":{"uv":[2.125,7.75,1.8125,8.125],"rotation":0,"texture":"#0","tintindex":0}}},{"from":[6.8942246,8.240523,6.798017],"to":[9.751368,10.5262375,10.112303],"rotation":{"angle":-22.5,"axis":"z","origin":[10.608511,9.097666,7.8837314]},"faces":{"east":{"uv":[5.875,1.125,6.25,1.375],"rotation":0,"texture":"#0","tintindex":0},"south":{"uv":[8.1875,3.75,8.5,4.0],"rotation":0,"texture":"#0","tintindex":0},"north":{"uv":[2.5625,8.1875,2.875,8.4375],"rotation":0,"texture":"#0","tintindex":0},"west":{"uv":[8.0,3.25,8.375,3.5],"rotation":0,"texture":"#0","tintindex":0},"up":{"uv":[8.0625,2.9375,7.75,2.5625],"rotation":0,"texture":"#0","tintindex":0},"down":{"uv":[3.3125,7.75,3.0,8.125],"rotation":0,"texture":"#0","tintindex":0}}},{"from":[6.8942246,1.3833795,6.798017],"to":[9.179939,7.669094,9.083732],"rotation":{"angle":0.0,"axis":"y","origin":[10.608511,9.097666,7.8837314]},"faces":{"east":{"uv":[5.5,6.5625,5.75,7.25],"rotation":0,"texture":"#0","tintindex":0},"south":{"uv":[5.75,6.5625,6.0,7.25],"rotation":0,"texture":"#0","tintindex":0},"north":{"uv":[5.25,6.5625,5.5,7.25],"rotation":0,"texture":"#0","tintindex":0},"west":{"uv":[0.0,6.625,0.25,7.3125],"rotation":0,"texture":"#0","tintindex":0},"up":{"uv":[8.6875,5.0,8.4375,4.75],"rotation":0,"texture":"#0","tintindex":0},"down":{"uv":[8.6875,5.625,8.4375,5.875],"rotation":0,"texture":"#0","tintindex":0}}},{"from":[6.151367,3.0976653,6.798017],"to":[6.8942246,7.669094,9.65516],"rotation":{"angle":0.0,"axis":"y","origin":[10.608511,9.097666,7.8837314]},"faces":{"east":{"uv":[4.1875,6.75,4.5,7.25],"rotation":0,"texture":"#0","tintindex":0},"south":{"uv":[7.8125,8.6875,7.875,9.1875],"rotation":0,"texture":"#0","tintindex":0},"north":{"uv":[4.4375,7.25,4.5,7.75],"rotation":0,"texture":"#0","tintindex":0},"west":{"uv":[1.0,7.1875,1.3125,7.6875],"rotation":0,"texture":"#0","tintindex":0},"up":{"uv":[4.6875,5.8125,4.625,5.5],"rotation":0,"texture":"#0","tintindex":0},"down":{"uv":[6.8125,2.875,6.75,3.1875],"rotation":0,"texture":"#0","tintindex":0}}},{"from":[6.8942246,4.8119516,9.083732],"to":[9.751368,11.669094,11.369446],"rotation":{"angle":22.5,"axis":"x","origin":[10.608511,9.097666,7.8837314]},"faces":{"east":{"uv":[3.5,6.375,3.75,7.125],"rotation":0,"texture":"#0","tintindex":0},"south":{"uv":[2.6875,5.6875,3.0,6.4375],"rotation":0,"texture":"#0","tintindex":0},"north":{"uv":[2.375,5.6875,2.6875,6.4375],"rotation":0,"texture":"#0","tintindex":0},"west":{"uv":[3.75,6.375,4.0,7.125],"rotation":0,"texture":"#0","tintindex":0},"up":{"uv":[4.3125,8.4375,4.0,8.1875],"rotation":0,"texture":"#0","tintindex":0},"down":{"uv":[8.5,4.0,8.1875,4.25],"rotation":0,"texture":"#0","tintindex":0}}},{"from":[8.037082,13.38338,10.7980175],"to":[9.179939,15.669094,11.369446],"rotation":{"angle":22.5,"axis":"x","origin":[10.608511,9.097666,7.8837314]},"faces":{"east":{"uv":[1.4375,6.0,1.5,6.25],"rotation":0,"texture":"#0","tintindex":0},"south":{"uv":[3.875,7.125,4.0,7.375],"rotation":0,"texture":"#0","tintindex":0},"north":{"uv":[6.25,3.9375,6.375,4.1875],"rotation":0,"texture":"#0","tintindex":0},"west":{"uv":[2.0,6.5625,2.0625,6.8125],"rotation":0,"texture":"#0","tintindex":0},"up":{"uv":[7.3125,0.4375,7.1875,0.375],"rotation":0,"texture":"#0","tintindex":0},"down":{"uv":[7.5,4.75,7.375,4.8125],"rotation":0,"texture":"#0","tintindex":0}}},{"from":[8.037082,11.669094,10.226588],"to":[9.179939,14.5262375,10.7980175],"rotation":{"angle":22.5,"axis":"x","origin":[10.608511,9.097666,7.8837314]},"faces":{"east":{"uv":[8.25,0.5,8.3125,0.8125],"rotation":0,"texture":"#0","tintindex":0},"south":{"uv":[2.6875,8.6875,2.8125,9.0],"rotation":0,"texture":"#0","tintindex":0},"north":{"uv":[2.5625,8.6875,2.6875,9.0],"rotation":0,"texture":"#0","tintindex":0},"west":{"uv":[8.8125,1.125,8.875,1.4375],"rotation":0,"texture":"#0","tintindex":0},"up":{"uv":[7.6875,0.375,7.5625,0.3125],"rotation":0,"texture":"#0","tintindex":0},"down":{"uv":[7.875,2.9375,7.75,3.0],"rotation":0,"texture":"#0","tintindex":0}}},{"from":[7.4656534,8.240523,10.7980175],"to":[9.179939,13.38338,11.940874],"rotation":{"angle":22.5,"axis":"x","origin":[10.608511,9.097666,7.8837314]},"faces":{"east":{"uv":[2.0,8.125,2.125,8.6875],"rotation":0,"texture":"#0","tintindex":0},"south":{"uv":[1.125,7.6875,1.3125,8.25],"rotation":0,"texture":"#0","tintindex":0},"north":{"uv":[3.6875,7.5625,3.875,8.125],"rotation":0,"texture":"#0","tintindex":0},"west":{"uv":[8.25,6.75,8.375,7.3125],"rotation":0,"texture":"#0","tintindex":0},"up":{"uv":[2.0625,5.6875,1.875,5.5625],"rotation":0,"texture":"#0","tintindex":0},"down":{"uv":[6.25,3.3125,6.0625,3.4375],"rotation":0,"texture":"#0","tintindex":0}}},{"from":[7.4656534,1.9548082,6.2265882],"to":[9.179939,4.8119516,6.798017],"rotation":{"angle":0.0,"axis":"y","origin":[10.608511,11.954809,7.8837314]},"faces":{"east":{"uv":[2.9375,7.8125,3.0,8.125],"rotation":0,"texture":"#0","tintindex":0},"south":{"uv":[8.5625,0.625,8.75,0.9375],"rotation":0,"texture":"#0","tintindex":0},"north":{"uv":[0.625,8.5625,0.8125,8.875],"rotation":0,"texture":"#0","tintindex":0},"west":{"uv":[2.5625,7.875,2.625,8.1875],"rotation":0,"texture":"#0","tintindex":0},"up":{"uv":[2.0625,6.25,1.875,6.1875],"rotation":0,"texture":"#0","tintindex":0},"down":{"uv":[6.5625,4.9375,6.375,5.0],"rotation":0,"texture":"#0","tintindex":0}}}],"display":{"head":{"translation":[0.0,-6.4,0.0],"scale":[4.0,4.0,4.0]}}}