{"textures":{"0":"modelengine:entity/wolfmob39"},"elements":[{"from":[7.428571,-1.4285717,7.428571],"to":[9.142858,7.714286,9.142858],"rotation":{"angle":0.0,"axis":"y","origin":[10.571428,15.428572,7.9428573]},"faces":{"east":{"uv":[4.0,6.375,4.1875,7.375],"rotation":0,"texture":"#0","tintindex":0},"south":{"uv":[2.375,6.4375,2.5625,7.4375],"rotation":0,"texture":"#0","tintindex":0},"north":{"uv":[6.375,3.9375,6.5625,4.9375],"rotation":0,"texture":"#0","tintindex":0},"west":{"uv":[2.5625,6.4375,2.75,7.4375],"rotation":0,"texture":"#0","tintindex":0},"up":{"uv":[8.875,4.4375,8.6875,4.25],"rotation":0,"texture":"#0","tintindex":0},"down":{"uv":[4.5,8.6875,4.3125,8.875],"rotation":0,"texture":"#0","tintindex":0}}},{"from":[8.0,4.285714,6.857143],"to":[9.142858,7.714286,7.428571],"rotation":{"angle":0.0,"axis":"y","origin":[10.571428,15.428572,7.9428573]},"faces":{"east":{"uv":[3.0,8.75,3.0625,9.125],"rotation":0,"texture":"#0","tintindex":0},"south":{"uv":[2.625,7.4375,2.75,7.8125],"rotation":0,"texture":"#0","tintindex":0},"north":{"uv":[1.3125,7.1875,1.4375,7.5625],"rotation":0,"texture":"#0","tintindex":0},"west":{"uv":[3.0625,8.75,3.125,9.125],"rotation":0,"texture":"#0","tintindex":0},"up":{"uv":[5.5,4.4375,5.375,4.375],"rotation":0,"texture":"#0","tintindex":0},"down":{"uv":[4.625,6.375,4.5,6.4375],"rotation":0,"texture":"#0","tintindex":0}}},{"from":[9.142858,1.4285712,7.428571],"to":[9.714286,8.285714,9.142858],"rotation":{"angle":0.0,"axis":"y","origin":[10.571428,15.428572,7.9428573]},"faces":{"east":{"uv":[7.3125,6.8125,7.5,7.5625],"rotation":0,"texture":"#0","tintindex":0},"south":{"uv":[3.875,8.5625,3.9375,9.3125],"rotation":0,"texture":"#0","tintindex":0},"north":{"uv":[2.25,8.3125,2.3125,9.0625],"rotation":0,"texture":"#0","tintindex":0},"west":{"uv":[7.375,0.75,7.5625,1.5],"rotation":0,"texture":"#0","tintindex":0},"up":{"uv":[5.5,3.625,5.4375,3.4375],"rotation":0,"texture":"#0","tintindex":0},"down":{"uv":[6.3125,2.3125,6.25,2.5],"rotation":0,"texture":"#0","tintindex":0}}},{"from":[6.857143,2.5714283,8.0],"to":[8.571428,7.142857,9.714286],"rotation":{"angle":0.0,"axis":"y","origin":[10.571428,15.428572,7.9428573]},"faces":{"east":{"uv":[6.25,8.0,6.4375,8.5],"rotation":0,"texture":"#0","tintindex":0},"south":{"uv":[8.0625,0.3125,8.25,0.8125],"rotation":0,"texture":"#0","tintindex":0},"north":{"uv":[5.0625,8.0,5.25,8.5],"rotation":0,"texture":"#0","tintindex":0},"west":{"uv":[0.8125,8.0625,1.0,8.5625],"rotation":0,"texture":"#0","tintindex":0},"up":{"uv":[8.875,4.625,8.6875,4.4375],"rotation":0,"texture":"#0","tintindex":0},"down":{"uv":[8.875,4.625,8.6875,4.8125],"rotation":0,"texture":"#0","tintindex":0}}},{"from":[6.285714,7.142857,8.0],"to":[8.571428,9.428572,9.714286],"rotation":{"angle":0.0,"axis":"y","origin":[10.571428,15.428572,7.9428573]},"faces":{"east":{"uv":[0.8125,7.4375,1.0,7.6875],"rotation":0,"texture":"#0","tintindex":0},"south":{"uv":[8.4375,6.125,8.6875,6.375],"rotation":0,"texture":"#0","tintindex":0},"north":{"uv":[8.4375,5.875,8.6875,6.125],"rotation":0,"texture":"#0","tintindex":0},"west":{"uv":[7.4375,3.9375,7.625,4.1875],"rotation":0,"texture":"#0","tintindex":0},"up":{"uv":[4.0,5.9375,3.75,5.75],"rotation":0,"texture":"#0","tintindex":0},"down":{"uv":[7.1875,4.8125,6.9375,5.0],"rotation":0,"texture":"#0","tintindex":0}}}],"display":{"head":{"translation":[0.0,-6.4,0.0],"scale":[4.0,4.0,4.0]}}}