{"textures":{"0":"modelengine:entity/wolfmob39"},"elements":[{"from":[6.778906,-0.9525337,6.5049043],"to":[9.06462,6.476038,8.21919],"rotation":{"angle":0.0,"axis":"y","origin":[5.6360483,-6.6668196,7.6477613]},"faces":{"east":{"uv":[5.0625,7.1875,5.25,8.0],"rotation":0,"texture":"#0","tintindex":0},"south":{"uv":[1.1875,6.0,1.4375,6.8125],"rotation":0,"texture":"#0","tintindex":0},"north":{"uv":[4.25,5.9375,4.5,6.75],"rotation":0,"texture":"#0","tintindex":0},"west":{"uv":[6.25,7.1875,6.4375,8.0],"rotation":0,"texture":"#0","tintindex":0},"up":{"uv":[8.75,2.0625,8.5,1.875],"rotation":0,"texture":"#0","tintindex":0},"down":{"uv":[8.75,7.625,8.5,7.8125],"rotation":0,"texture":"#0","tintindex":0}}},{"from":[7.921763,3.0474668,6.6191897],"to":[10.207478,7.618895,8.904904],"rotation":{"angle":-45.0,"axis":"z","origin":[10.493192,5.3331804,6.7906184]},"faces":{"east":{"uv":[7.5625,1.1875,7.8125,1.6875],"rotation":0,"texture":"#0","tintindex":0},"south":{"uv":[1.3125,7.5625,1.5625,8.0625],"rotation":0,"texture":"#0","tintindex":0},"north":{"uv":[6.4375,7.4375,6.6875,7.9375],"rotation":0,"texture":"#0","tintindex":0},"west":{"uv":[1.5625,7.5625,1.8125,8.0625],"rotation":0,"texture":"#0","tintindex":0},"up":{"uv":[8.6875,6.625,8.4375,6.375],"rotation":0,"texture":"#0","tintindex":0},"down":{"uv":[7.6875,8.4375,7.4375,8.6875],"rotation":0,"texture":"#0","tintindex":0}}},{"from":[9.06462,0.7617521,6.847761],"to":[10.778906,5.3331804,8.562047],"rotation":{"angle":-22.5,"axis":"z","origin":[10.493192,5.3331804,6.7906184]},"faces":{"east":{"uv":[1.5,8.0625,1.6875,8.5625],"rotation":0,"texture":"#0","tintindex":0},"south":{"uv":[3.4375,8.0625,3.625,8.5625],"rotation":0,"texture":"#0","tintindex":0},"north":{"uv":[1.3125,8.0625,1.5,8.5625],"rotation":0,"texture":"#0","tintindex":0},"west":{"uv":[4.6875,8.0625,4.875,8.5625],"rotation":0,"texture":"#0","tintindex":0},"up":{"uv":[8.875,5.0,8.6875,4.8125],"rotation":0,"texture":"#0","tintindex":0},"down":{"uv":[8.875,5.5625,8.6875,5.75],"rotation":0,"texture":"#0","tintindex":0}}},{"from":[7.350334,3.618895,6.5049043],"to":[9.636049,9.333181,9.9334755],"rotation":{"angle":22.5,"axis":"x","origin":[9.350334,6.476038,6.7906184]},"faces":{"east":{"uv":[3.0,5.75,3.375,6.375],"rotation":0,"texture":"#0","tintindex":0},"south":{"uv":[6.6875,7.125,6.9375,7.75],"rotation":0,"texture":"#0","tintindex":0},"north":{"uv":[6.0,6.9375,6.25,7.5625],"rotation":0,"texture":"#0","tintindex":0},"west":{"uv":[3.375,5.75,3.75,6.375],"rotation":0,"texture":"#0","tintindex":0},"up":{"uv":[8.25,4.75,8.0,4.375],"rotation":0,"texture":"#0","tintindex":0},"down":{"uv":[8.3125,0.8125,8.0625,1.1875],"rotation":0,"texture":"#0","tintindex":0}}},{"from":[6.207477,-0.9525337,8.21919],"to":[8.493192,5.9046097,9.362047],"rotation":{"angle":0.0,"axis":"y","origin":[5.6360483,-6.6668196,7.6477613]},"faces":{"east":{"uv":[1.0,8.0625,1.125,8.8125],"rotation":0,"texture":"#0","tintindex":0},"south":{"uv":[4.5,6.4375,4.75,7.1875],"rotation":0,"texture":"#0","tintindex":0},"north":{"uv":[2.75,6.4375,3.0,7.1875],"rotation":0,"texture":"#0","tintindex":0},"west":{"uv":[1.6875,8.0625,1.8125,8.8125],"rotation":0,"texture":"#0","tintindex":0},"up":{"uv":[8.3125,2.9375,8.0625,2.8125],"rotation":0,"texture":"#0","tintindex":0},"down":{"uv":[8.9375,6.5,8.6875,6.625],"rotation":0,"texture":"#0","tintindex":0}}}],"display":{"head":{"translation":[0.0,-6.4,0.0],"scale":[4.0,4.0,4.0]}}}