{"textures":{"1":"modelengine:entity/wolfmob39glow"},"elements":[{"from":[6.857143,6.857143,6.857143],"to":[9.142858,9.142858,9.142858],"rotation":{"angle":0.0,"axis":"y","origin":[8.0,-7.4285717,6.857143]},"faces":{"east":{"uv":[3.3333333,6.6666665,4.6666665,8.0],"rotation":0,"texture":"#1","tintindex":0},"south":{"uv":[4.6666665,7.3333335,6.0,8.666667],"rotation":0,"texture":"#1","tintindex":0},"north":{"uv":[2.0,6.6666665,3.3333333,8.0],"rotation":0,"texture":"#1","tintindex":0},"west":{"uv":[7.3333335,5.3333335,8.666667,6.6666665],"rotation":0,"texture":"#1","tintindex":0},"up":{"uv":[7.3333335,8.666667,6.0,7.3333335],"rotation":0,"texture":"#1","tintindex":0},"down":{"uv":[8.666667,6.6666665,7.3333335,8.0],"rotation":0,"texture":"#1","tintindex":0}}}],"display":{"head":{"translation":[0.0,-6.4,0.0],"scale":[4.0,4.0,4.0]}}}