{"textures":{"0":"modelengine:entity/wolfmob39"},"elements":[{"from":[-5.714287,1.4237514,6.5714283],"to":[21.714287,4.2808948,9.428572],"rotation":{"angle":0.0,"axis":"y","origin":[14.857143,-7.1476774,7.428571]},"faces":{"east":{"uv":[0.0,8.0,0.3125,8.3125],"rotation":0,"texture":"#0","tintindex":0},"south":{"uv":[3.375,0.0,6.375,0.3125],"rotation":0,"texture":"#0","tintindex":0},"north":{"uv":[3.125,2.0,6.125,2.3125],"rotation":0,"texture":"#0","tintindex":0},"west":{"uv":[8.0,2.9375,8.3125,3.25],"rotation":0,"texture":"#0","tintindex":0},"up":{"uv":[6.375,0.625,3.375,0.3125],"rotation":0,"texture":"#0","tintindex":0},"down":{"uv":[6.375,0.625,3.375,0.9375],"rotation":0,"texture":"#0","tintindex":0}}},{"from":[15.428572,-14.00482,6.0],"to":[19.428572,9.423752,10.0],"rotation":{"angle":0.0,"axis":"y","origin":[14.857143,-7.1476774,7.428571]},"faces":{"east":{"uv":[0.4375,2.5,0.875,5.0625],"rotation":0,"texture":"#0","tintindex":0},"south":{"uv":[0.875,2.5,1.3125,5.0625],"rotation":0,"texture":"#0","tintindex":0},"north":{"uv":[0.0,2.5,0.4375,5.0625],"rotation":0,"texture":"#0","tintindex":0},"west":{"uv":[1.3125,2.5,1.75,5.0625],"rotation":0,"texture":"#0","tintindex":0},"up":{"uv":[1.0625,6.75,0.625,6.3125],"rotation":0,"texture":"#0","tintindex":0},"down":{"uv":[6.75,2.3125,6.3125,2.75],"rotation":0,"texture":"#0","tintindex":0}}},{"from":[-3.4285717,-14.00482,6.0],"to":[0.5714283,9.423752,10.0],"rotation":{"angle":0.0,"axis":"y","origin":[1.1428566,-7.1476774,7.428571]},"faces":{"east":{"uv":[2.1875,2.5,2.625,5.0625],"rotation":0,"texture":"#0","tintindex":0},"south":{"uv":[2.625,2.5,3.0625,5.0625],"rotation":0,"texture":"#0","tintindex":0},"north":{"uv":[1.75,2.5,2.1875,5.0625],"rotation":0,"texture":"#0","tintindex":0},"west":{"uv":[3.0625,2.5,3.5,5.0625],"rotation":0,"texture":"#0","tintindex":0},"up":{"uv":[6.75,3.1875,6.3125,2.75],"rotation":0,"texture":"#0","tintindex":0},"down":{"uv":[6.8125,0.0,6.375,0.4375],"rotation":0,"texture":"#0","tintindex":0}}},{"from":[-6.285715,8.852324,5.428571],"to":[22.285715,10.566609,10.571428],"rotation":{"angle":0.0,"axis":"y","origin":[14.857143,-10.00482,7.428571]},"faces":{"east":{"uv":[3.375,1.125,3.9375,1.3125],"rotation":0,"texture":"#0","tintindex":0},"south":{"uv":[3.375,0.9375,6.5,1.125],"rotation":0,"texture":"#0","tintindex":0},"north":{"uv":[3.125,2.3125,6.25,2.5],"rotation":0,"texture":"#0","tintindex":0},"west":{"uv":[3.9375,1.125,4.5,1.3125],"rotation":0,"texture":"#0","tintindex":0},"up":{"uv":[3.125,1.9375,0.0,1.375],"rotation":0,"texture":"#0","tintindex":0},"down":{"uv":[3.125,1.9375,0.0,2.5],"rotation":0,"texture":"#0","tintindex":0}}},{"from":[-7.4285717,10.566609,4.8571424],"to":[23.428572,13.423752,11.142858],"rotation":{"angle":0.0,"axis":"y","origin":[14.857143,-10.00482,7.428571]},"faces":{"east":{"uv":[0.5,6.0,1.1875,6.3125],"rotation":0,"texture":"#0","tintindex":0},"south":{"uv":[3.125,1.6875,6.5,2.0],"rotation":0,"texture":"#0","tintindex":0},"north":{"uv":[3.125,1.375,6.5,1.6875],"rotation":0,"texture":"#0","tintindex":0},"west":{"uv":[6.0,5.8125,6.6875,6.125],"rotation":0,"texture":"#0","tintindex":0},"up":{"uv":[3.375,0.6875,0.0,0.0],"rotation":0,"texture":"#0","tintindex":0},"down":{"uv":[3.375,0.6875,0.0,1.375],"rotation":0,"texture":"#0","tintindex":0}}},{"from":[21.79829,11.004557,4.8571424],"to":[24.084005,15.575985,11.142858],"rotation":{"angle":-22.5,"axis":"z","origin":[22.655434,12.433128,7.714286]},"faces":{"east":{"uv":[4.0,5.0,4.6875,5.5],"rotation":0,"texture":"#0","tintindex":0},"south":{"uv":[5.25,7.625,5.5,8.125],"rotation":0,"texture":"#0","tintindex":0},"north":{"uv":[7.625,3.9375,7.875,4.4375],"rotation":0,"texture":"#0","tintindex":0},"west":{"uv":[0.0,5.0625,0.6875,5.5625],"rotation":0,"texture":"#0","tintindex":0},"up":{"uv":[1.0,7.4375,0.75,6.75],"rotation":0,"texture":"#0","tintindex":0},"down":{"uv":[7.0,0.8125,6.75,1.5],"rotation":0,"texture":"#0","tintindex":0}}},{"from":[-6.9411488,10.090271,4.8],"to":[-4.8268633,14.947413,11.2],"rotation":{"angle":45.0,"axis":"z","origin":[-6.6554346,12.433128,7.714286]},"faces":{"east":{"uv":[3.5,4.4375,4.1875,5.0],"rotation":0,"texture":"#0","tintindex":0},"south":{"uv":[7.375,4.1875,7.625,4.75],"rotation":0,"texture":"#0","tintindex":0},"north":{"uv":[7.3125,5.75,7.5625,6.3125],"rotation":0,"texture":"#0","tintindex":0},"west":{"uv":[4.1875,4.4375,4.875,5.0],"rotation":0,"texture":"#0","tintindex":0},"up":{"uv":[7.0,2.1875,6.75,1.5],"rotation":0,"texture":"#0","tintindex":0},"down":{"uv":[7.0,2.1875,6.75,2.875],"rotation":0,"texture":"#0","tintindex":0}}},{"from":[-8.084005,11.004557,4.8571424],"to":[-5.798291,15.575985,11.142858],"rotation":{"angle":22.5,"axis":"z","origin":[-6.6554346,12.433128,7.714286]},"faces":{"east":{"uv":[0.6875,5.0625,1.375,5.5625],"rotation":0,"texture":"#0","tintindex":0},"south":{"uv":[5.75,7.625,6.0,8.125],"rotation":0,"texture":"#0","tintindex":0},"north":{"uv":[5.5,7.625,5.75,8.125],"rotation":0,"texture":"#0","tintindex":0},"west":{"uv":[1.375,5.0625,2.0625,5.5625],"rotation":0,"texture":"#0","tintindex":0},"up":{"uv":[3.25,7.4375,3.0,6.75],"rotation":0,"texture":"#0","tintindex":0},"down":{"uv":[3.5,6.75,3.25,7.4375],"rotation":0,"texture":"#0","tintindex":0}}},{"from":[20.826862,10.090271,4.8],"to":[22.941149,14.947413,11.2],"rotation":{"angle":-45.0,"axis":"z","origin":[22.655434,12.433128,7.714286]},"faces":{"east":{"uv":[4.375,2.5,5.0625,3.0625],"rotation":0,"texture":"#0","tintindex":0},"south":{"uv":[7.25,4.8125,7.5,5.375],"rotation":0,"texture":"#0","tintindex":0},"north":{"uv":[4.1875,7.25,4.4375,7.8125],"rotation":0,"texture":"#0","tintindex":0},"west":{"uv":[4.375,3.0625,5.0625,3.625],"rotation":0,"texture":"#0","tintindex":0},"up":{"uv":[6.8125,3.875,6.5625,3.1875],"rotation":0,"texture":"#0","tintindex":0},"down":{"uv":[6.8125,3.875,6.5625,4.5625],"rotation":0,"texture":"#0","tintindex":0}}},{"from":[8.0,8.0,8.0],"to":[8.571428,8.571428,8.571428],"rotation":{"angle":0.0,"axis":"y","origin":[8.0,8.0,8.0]},"faces":{"east":{"uv":[0.0,0.0,0.33333334,0.33333334],"rotation":0,"texture":"#missing","tintindex":0},"south":{"uv":[0.0,0.0,0.33333334,0.33333334],"rotation":0,"texture":"#missing","tintindex":0},"north":{"uv":[0.0,0.0,0.33333334,0.33333334],"rotation":0,"texture":"#missing","tintindex":0},"west":{"uv":[0.0,0.0,0.33333334,0.33333334],"rotation":0,"texture":"#missing","tintindex":0},"up":{"uv":[0.0,0.0,0.33333334,0.33333334],"rotation":0,"texture":"#missing","tintindex":0},"down":{"uv":[0.0,0.0,0.33333334,0.33333334],"rotation":0,"texture":"#missing","tintindex":0}}}],"display":{"head":{"translation":[0.0,-6.4,0.0],"scale":[4.0,4.0,4.0]}}}