{"textures":{"1":"modelengine:entity/wolfmob39glow"},"elements":[{"from":[7.714286,7.485531,5.1542854],"to":[8.285714,8.056959,10.868571],"rotation":{"angle":0.0,"axis":"y","origin":[7.428571,7.5998163,8.125714]},"faces":{"east":{"uv":[8.0,4.0,11.333333,4.3333335],"rotation":0,"texture":"#1","tintindex":0},"south":{"uv":[3.0,8.333333,3.3333333,8.666667],"rotation":0,"texture":"#1","tintindex":0},"north":{"uv":[8.333333,2.6666667,8.666667,3.0],"rotation":0,"texture":"#1","tintindex":0},"west":{"uv":[8.0,4.3333335,11.333333,4.6666665],"rotation":0,"texture":"#1","tintindex":0},"up":{"uv":[2.6666667,11.333333,2.3333333,8.0],"rotation":0,"texture":"#1","tintindex":0},"down":{"uv":[3.0,8.0,2.6666667,11.333333],"rotation":0,"texture":"#1","tintindex":0}}},{"from":[7.8285713,8.057189,5.8971424],"to":[8.171429,8.057189,6.24],"rotation":{"angle":0.0,"axis":"y","origin":[7.428571,7.5998163,8.125714]},"faces":{"east":{"uv":[0.0,0.0,0.33333334,0.0],"rotation":0,"texture":"#1","tintindex":0},"south":{"uv":[0.0,0.0,0.33333334,0.0],"rotation":0,"texture":"#1","tintindex":0},"north":{"uv":[0.0,0.0,0.33333334,0.0],"rotation":0,"texture":"#1","tintindex":0},"west":{"uv":[0.0,0.0,0.33333334,0.0],"rotation":0,"texture":"#1","tintindex":0},"up":{"uv":[8.666667,1.6666666,8.333333,1.3333334],"rotation":0,"texture":"#1","tintindex":0},"down":{"uv":[8.666667,1.6666666,8.333333,2.0],"rotation":0,"texture":"#1","tintindex":0}}},{"from":[7.8285713,8.057189,7.2114286],"to":[8.171429,8.057189,7.5542855],"rotation":{"angle":0.0,"axis":"y","origin":[7.428571,7.5998163,8.125714]},"faces":{"east":{"uv":[0.0,0.0,0.33333334,0.0],"rotation":0,"texture":"#1","tintindex":0},"south":{"uv":[0.0,0.0,0.33333334,0.0],"rotation":0,"texture":"#1","tintindex":0},"north":{"uv":[0.0,0.0,0.33333334,0.0],"rotation":0,"texture":"#1","tintindex":0},"west":{"uv":[0.0,0.0,0.33333334,0.0],"rotation":0,"texture":"#1","tintindex":0},"up":{"uv":[8.666667,2.3333333,8.333333,2.0],"rotation":0,"texture":"#1","tintindex":0},"down":{"uv":[8.666667,2.3333333,8.333333,2.6666667],"rotation":0,"texture":"#1","tintindex":0}}},{"from":[7.8285713,8.057189,8.468572],"to":[8.171429,8.057189,8.811429],"rotation":{"angle":0.0,"axis":"y","origin":[7.428571,7.5998163,8.125714]},"faces":{"east":{"uv":[0.0,0.0,0.33333334,0.0],"rotation":0,"texture":"#1","tintindex":0},"south":{"uv":[0.0,0.0,0.33333334,0.0],"rotation":0,"texture":"#1","tintindex":0},"north":{"uv":[0.0,0.0,0.33333334,0.0],"rotation":0,"texture":"#1","tintindex":0},"west":{"uv":[0.0,0.0,0.33333334,0.0],"rotation":0,"texture":"#1","tintindex":0},"up":{"uv":[8.666667,3.3333333,8.333333,3.0],"rotation":0,"texture":"#1","tintindex":0},"down":{"uv":[3.6666667,8.333333,3.3333333,8.666667],"rotation":0,"texture":"#1","tintindex":0}}},{"from":[7.8285713,8.057189,9.554286],"to":[8.171429,8.057189,10.24],"rotation":{"angle":0.0,"axis":"y","origin":[7.428571,7.5998163,8.125714]},"faces":{"east":{"uv":[0.0,0.0,0.33333334,0.0],"rotation":0,"texture":"#1","tintindex":0},"south":{"uv":[0.0,0.0,0.33333334,0.0],"rotation":0,"texture":"#1","tintindex":0},"north":{"uv":[0.0,0.0,0.33333334,0.0],"rotation":0,"texture":"#1","tintindex":0},"west":{"uv":[0.0,0.0,0.33333334,0.0],"rotation":0,"texture":"#1","tintindex":0},"up":{"uv":[8.666667,3.6666667,8.333333,3.3333333],"rotation":0,"texture":"#1","tintindex":0},"down":{"uv":[4.0,8.333333,3.6666667,8.666667],"rotation":0,"texture":"#1","tintindex":0}}}],"display":{"head":{"translation":[0.0,-6.4,0.0],"scale":[4.0,4.0,4.0]}}}