{"textures":{"0":"modelengine:entity/mso_hakar"},"elements":[{"from":[-0.73893166,7.8644986,2.6477818],"to":[16.77147,9.698921,19.115896],"rotation":{"angle":-22.5,"axis":"x","origin":[8.016269,5.389801,9.66465]},"faces":{"east":{"uv":[11.90625,6.25,12.53125,6.3125],"rotation":0,"texture":"#0","tintindex":0},"south":{"uv":[11.8125,8.15625,12.46875,8.21875],"rotation":0,"texture":"#0","tintindex":0},"north":{"uv":[11.03125,4.65625,11.6875,4.71875],"rotation":0,"texture":"#0","tintindex":0},"west":{"uv":[11.9375,4.875,12.5625,4.9375],"rotation":0,"texture":"#0","tintindex":0},"up":{"uv":[0.65625,9.5,0.0,8.875],"rotation":0,"texture":"#0","tintindex":0},"down":{"uv":[1.96875,8.96875,1.3125,9.59375],"rotation":0,"texture":"#0","tintindex":0}}},{"from":[-0.32201767,3.2367496,3.2731528],"to":[16.354555,8.031264,18.698982],"rotation":{"angle":-22.5,"axis":"x","origin":[8.016269,5.389801,9.66465]},"faces":{"east":{"uv":[11.21875,1.03125,11.84375,1.21875],"rotation":0,"texture":"#0","tintindex":0},"south":{"uv":[11.21875,1.03125,11.84375,1.21875],"rotation":0,"texture":"#0","tintindex":0},"north":{"uv":[11.21875,1.03125,11.84375,1.21875],"rotation":0,"texture":"#0","tintindex":0},"west":{"uv":[11.21875,1.03125,11.84375,1.21875],"rotation":0,"texture":"#0","tintindex":0},"up":{"uv":[9.78125,2.28125,9.15625,1.6875],"rotation":0,"texture":"#0","tintindex":0},"down":{"uv":[7.4375,9.1875,6.8125,9.78125],"rotation":0,"texture":"#0","tintindex":0}}},{"from":[3.6383996,6.3872824,1.6768904],"to":[12.361601,15.35094,16.060434],"rotation":{"angle":0.0,"axis":"y","origin":[8.057143,0.96008205,15.370605]},"faces":{"east":{"uv":[10.625,2.6875,11.15625,3.03125],"rotation":0,"texture":"#0","tintindex":0},"south":{"uv":[10.46875,10.59375,11.03125,10.9375],"rotation":0,"texture":"#0","tintindex":0},"north":{"uv":[10.59375,7.59375,11.15625,7.9375],"rotation":0,"texture":"#0","tintindex":0},"west":{"uv":[11.15625,2.6875,10.625,3.03125],"rotation":0,"texture":"#0","tintindex":0},"up":{"uv":[10.34375,2.15625,9.78125,1.625],"rotation":0,"texture":"#0","tintindex":0},"down":{"uv":[7.125,9.78125,6.5625,10.3125],"rotation":0,"texture":"#0","tintindex":0}}},{"from":[6.1401544,3.862121,2.1474843],"to":[9.892384,7.61435,3.1897702],"rotation":{"angle":-22.5,"axis":"x","origin":[8.016269,5.389801,9.66465]},"faces":{"east":{"uv":[6.25,5.34375,6.28125,5.46875],"rotation":0,"texture":"#0","tintindex":0},"south":{"uv":[10.78125,4.25,10.9375,4.375],"rotation":0,"texture":"#0","tintindex":0},"north":{"uv":[8.125,1.75,8.28125,1.875],"rotation":0,"texture":"#0","tintindex":0},"west":{"uv":[6.25,5.46875,6.28125,5.59375],"rotation":0,"texture":"#0","tintindex":0},"up":{"uv":[9.46875,2.3125,9.3125,2.28125],"rotation":0,"texture":"#0","tintindex":0},"down":{"uv":[5.59375,9.40625,5.4375,9.4375],"rotation":0,"texture":"#0","tintindex":0}}},{"from":[-1.5727596,1.4023266,2.2308674],"to":[17.605297,3.2367496,18.698982],"rotation":{"angle":-22.5,"axis":"x","origin":[8.016269,5.389801,9.66465]},"faces":{"east":{"uv":[11.875,0.1875,12.5,0.25],"rotation":0,"texture":"#0","tintindex":0},"south":{"uv":[11.8125,6.59375,12.53125,6.65625],"rotation":0,"texture":"#0","tintindex":0},"north":{"uv":[11.78125,3.4375,12.5,3.5],"rotation":0,"texture":"#0","tintindex":0},"west":{"uv":[11.875,10.625,12.5,10.6875],"rotation":0,"texture":"#0","tintindex":0},"up":{"uv":[4.8125,9.40625,4.09375,8.78125],"rotation":0,"texture":"#0","tintindex":0},"down":{"uv":[9.1875,8.8125,8.46875,9.4375],"rotation":0,"texture":"#0","tintindex":0}}}],"display":{"head":{"translation":[0.0,-6.4,0.0],"scale":[4.0,4.0,4.0]}}}