{"textures":{"0":"modelengine:entity/mso_hakar"},"elements":[{"from":[-1.6194801,-8.380339,0.67272377],"to":[17.558578,9.130061,15.264724],"rotation":{"angle":0.0,"axis":"y","origin":[7.9695487,-234.40732,9.018313]},"faces":{"east":{"uv":[9.75,9.375,9.1875,10.03125],"rotation":0,"texture":"#0","tintindex":0},"south":{"uv":[8.3125,4.375,9.03125,5.03125],"rotation":0,"texture":"#0","tintindex":0},"north":{"uv":[1.3125,8.3125,2.03125,8.96875],"rotation":0,"texture":"#0","tintindex":0},"west":{"uv":[9.1875,9.375,9.75,10.03125],"rotation":0,"texture":"#0","tintindex":0},"up":{"uv":[9.71875,1.6875,9.0,1.125],"rotation":0,"texture":"#0","tintindex":0},"down":{"uv":[9.75,7.1875,9.03125,7.75],"rotation":0,"texture":"#0","tintindex":0}}},{"from":[-1.5369148,-9.356289,-2.3915977],"to":[17.51607,0.8998027,7.864494],"rotation":{"angle":-45.0,"axis":"x","origin":[7.0515203,0.024282932,10.36598]},"faces":{"east":{"uv":[5.875,11.15625,6.25,11.53125],"rotation":0,"texture":"#0","tintindex":0},"south":{"uv":[5.40625,10.03125,6.125,10.40625],"rotation":0,"texture":"#0","tintindex":0},"north":{"uv":[2.71875,10.03125,3.4375,10.40625],"rotation":0,"texture":"#0","tintindex":0},"west":{"uv":[2.5625,11.1875,2.9375,11.5625],"rotation":0,"texture":"#0","tintindex":0},"up":{"uv":[9.6875,10.40625,8.96875,10.03125],"rotation":0,"texture":"#0","tintindex":0},"down":{"uv":[1.6875,10.09375,0.96875,10.46875],"rotation":0,"texture":"#0","tintindex":0}}}],"display":{"head":{"translation":[0.0,-6.4,0.0],"scale":[4.0,4.0,4.0]}}}