{"textures":{"0":"modelengine:entity/mso_hakar"},"elements":[{"from":[7.001802,20.391708,5.9119177],"to":[8.943115,23.433098,16.58914],"rotation":{"angle":22.5,"axis":"x","origin":[7.862986,9.85474,-25.774971]},"faces":{"east":{"uv":[8.3125,11.59375,8.84375,11.75],"rotation":0,"texture":"#0","tintindex":0},"south":{"uv":[6.0,12.03125,6.09375,12.1875],"rotation":0,"texture":"#0","tintindex":0},"north":{"uv":[1.125,12.03125,1.21875,12.1875],"rotation":0,"texture":"#0","tintindex":0},"west":{"uv":[8.84375,11.59375,9.375,11.75],"rotation":0,"texture":"#0","tintindex":0},"up":{"uv":[9.4375,12.28125,9.34375,11.75],"rotation":0,"texture":"#0","tintindex":0},"down":{"uv":[2.4375,11.8125,2.34375,12.34375],"rotation":0,"texture":"#0","tintindex":0}}}],"display":{"head":{"translation":[0.0,-6.4,0.0],"scale":[4.0,4.0,4.0]}}}