{"textures":{"0":"modelengine:entity/mso_hakar"},"elements":[{"from":[9.260979,4.1727114,12.034985],"to":[17.130653,7.0344114,21.107874],"rotation":{"angle":22.5,"axis":"z","origin":[4.574053,-6.2587833,21.16381]},"faces":{"east":{"uv":[9.84375,6.9375,10.28125,7.0625],"rotation":0,"texture":"#0","tintindex":0},"south":{"uv":[11.84375,1.0625,12.21875,1.1875],"rotation":0,"texture":"#0","tintindex":0},"north":{"uv":[11.8125,7.4375,12.1875,7.5625],"rotation":0,"texture":"#0","tintindex":0},"west":{"uv":[10.375,5.1875,10.8125,5.3125],"rotation":0,"texture":"#0","tintindex":0},"up":{"uv":[0.375,11.34375,0.0,10.90625],"rotation":0,"texture":"#0","tintindex":0},"down":{"uv":[10.4375,10.90625,10.0625,11.34375],"rotation":0,"texture":"#0","tintindex":0}}}],"display":{"head":{"translation":[0.0,-6.4,0.0],"scale":[4.0,4.0,4.0]}}}