{"textures":{"0":"modelengine:entity/mso_hakar"},"elements":[{"from":[6.3606424,22.866379,3.4126058],"to":[9.596165,26.425453,11.177858],"rotation":{"angle":22.5,"axis":"x","origin":[7.9175854,8.1879425,-36.104244]},"faces":{"east":{"uv":[12.0625,7.5625,11.6875,7.75],"rotation":0,"texture":"#0","tintindex":0},"south":{"uv":[6.34375,12.0,6.1875,12.1875],"rotation":0,"texture":"#0","tintindex":0},"north":{"uv":[12.15625,5.65625,12.0,5.84375],"rotation":0,"texture":"#0","tintindex":0},"west":{"uv":[10.96875,7.9375,10.59375,8.125],"rotation":0,"texture":"#0","tintindex":0},"up":{"uv":[6.46875,12.15625,6.625,11.78125],"rotation":0,"texture":"#0","tintindex":0},"down":{"uv":[5.46875,11.8125,5.625,12.1875],"rotation":0,"texture":"#0","tintindex":0}}}],"display":{"head":{"translation":[0.0,-6.4,0.0],"scale":[4.0,4.0,4.0]}}}