{"textures":{"0":"modelengine:entity/mso_hakar"},"elements":[{"from":[6.749257,3.5099425,6.731987],"to":[9.250743,8.512915,10.067301],"rotation":{"angle":0.0,"axis":"y","origin":[8.0,-47.249374,15.349851]},"faces":{"east":{"uv":[6.34375,12.0,6.46875,12.1875],"rotation":0,"texture":"#0","tintindex":0},"south":{"uv":[9.59375,10.6875,9.6875,10.875],"rotation":0,"texture":"#0","tintindex":0},"north":{"uv":[5.6875,8.40625,5.78125,8.59375],"rotation":0,"texture":"#0","tintindex":0},"west":{"uv":[8.9375,12.0,9.0625,12.1875],"rotation":0,"texture":"#0","tintindex":0},"up":{"uv":[11.03125,4.375,10.9375,4.25],"rotation":0,"texture":"#0","tintindex":0},"down":{"uv":[11.40625,9.5625,11.3125,9.6875],"rotation":0,"texture":"#0","tintindex":0}}},{"from":[6.8326397,1.5980625,8.01236],"to":[9.16736,3.9327826,10.347079],"rotation":{"angle":45.0,"axis":"x","origin":[8.0,4.0995483,9.6800165]},"faces":{"east":{"uv":[10.4375,9.125,10.53125,9.21875],"rotation":0,"texture":"#0","tintindex":0},"south":{"uv":[10.5,4.71875,10.59375,4.8125],"rotation":0,"texture":"#0","tintindex":0},"north":{"uv":[10.40625,4.71875,10.5,4.8125],"rotation":0,"texture":"#0","tintindex":0},"west":{"uv":[10.53125,9.125,10.625,9.21875],"rotation":0,"texture":"#0","tintindex":0},"up":{"uv":[10.6875,4.8125,10.59375,4.71875],"rotation":0,"texture":"#0","tintindex":0},"down":{"uv":[10.71875,9.125,10.625,9.21875],"rotation":0,"texture":"#0","tintindex":0}}},{"from":[8.0,3.5099425,9.650387],"to":[8.0,8.304457,15.070272],"rotation":{"angle":0.0,"axis":"y","origin":[8.0,-47.249374,15.349851]},"faces":{"east":{"uv":[11.90625,1.1875,12.125,1.375],"rotation":0,"texture":"#0","tintindex":0},"south":{"uv":[0.0,0.0,0.0,0.1875],"rotation":0,"texture":"#0","tintindex":0},"north":{"uv":[0.0,0.0,0.0,0.1875],"rotation":0,"texture":"#0","tintindex":0},"west":{"uv":[12.125,1.1875,11.90625,1.375],"rotation":0,"texture":"#0","tintindex":0},"up":{"uv":[0.0,0.21875,0.0,0.0],"rotation":0,"texture":"#0","tintindex":0},"down":{"uv":[0.0,0.0,0.0,0.21875],"rotation":0,"texture":"#0","tintindex":0}}},{"from":[7.0039663,3.5099425,9.650387],"to":[7.0039663,8.304457,15.070272],"rotation":{"angle":-22.5,"axis":"y","origin":[7.918252,5.9072,12.360331]},"faces":{"east":{"uv":[11.90625,1.1875,12.125,1.375],"rotation":0,"texture":"#0","tintindex":0},"south":{"uv":[0.0,0.0,0.0,0.1875],"rotation":0,"texture":"#0","tintindex":0},"north":{"uv":[0.0,0.0,0.0,0.1875],"rotation":0,"texture":"#0","tintindex":0},"west":{"uv":[12.125,1.1875,11.90625,1.375],"rotation":0,"texture":"#0","tintindex":0},"up":{"uv":[0.0,0.21875,0.0,0.0],"rotation":0,"texture":"#0","tintindex":0},"down":{"uv":[0.0,0.0,0.0,0.21875],"rotation":0,"texture":"#0","tintindex":0}}},{"from":[8.914286,3.5099425,9.650387],"to":[8.914286,8.304457,15.070272],"rotation":{"angle":22.5,"axis":"y","origin":[8.0,5.9072,12.360331]},"faces":{"east":{"uv":[11.90625,1.1875,12.125,1.375],"rotation":0,"texture":"#0","tintindex":0},"south":{"uv":[0.0,0.0,0.0,0.1875],"rotation":0,"texture":"#0","tintindex":0},"north":{"uv":[0.0,0.0,0.0,0.1875],"rotation":0,"texture":"#0","tintindex":0},"west":{"uv":[12.125,1.1875,11.90625,1.375],"rotation":0,"texture":"#0","tintindex":0},"up":{"uv":[0.0,0.21875,0.0,0.0],"rotation":0,"texture":"#0","tintindex":0},"down":{"uv":[0.0,0.0,0.0,0.21875],"rotation":0,"texture":"#0","tintindex":0}}}],"display":{"head":{"translation":[0.0,-6.4,0.0],"scale":[4.0,4.0,4.0]}}}