{"textures":{"0":"modelengine:entity/mso_hakar"},"elements":[{"from":[8.0,3.4751997,8.830172],"to":[8.0,8.478171,13.624685],"rotation":{"angle":0.0,"axis":"y","origin":[8.0,7.4331427,10.792035]},"faces":{"east":{"uv":[11.96875,4.28125,12.15625,4.46875],"rotation":0,"texture":"#0","tintindex":0},"south":{"uv":[0.0,0.0,0.0,0.1875],"rotation":0,"texture":"#0","tintindex":0},"north":{"uv":[0.0,0.0,0.0,0.1875],"rotation":0,"texture":"#0","tintindex":0},"west":{"uv":[7.25,11.96875,7.4375,12.15625],"rotation":0,"texture":"#0","tintindex":0},"up":{"uv":[0.0,0.1875,0.0,0.0],"rotation":0,"texture":"#0","tintindex":0},"down":{"uv":[0.0,0.0,0.0,0.1875],"rotation":0,"texture":"#0","tintindex":0}}},{"from":[6.957714,3.4751997,6.9540567],"to":[9.042286,8.478171,9.247086],"rotation":{"angle":0.0,"axis":"y","origin":[8.0,7.4331427,10.792035]},"faces":{"east":{"uv":[0.28125,11.34375,0.375,11.53125],"rotation":0,"texture":"#0","tintindex":0},"south":{"uv":[4.75,11.375,4.84375,11.5625],"rotation":0,"texture":"#0","tintindex":0},"north":{"uv":[8.65625,11.25,8.75,11.4375],"rotation":0,"texture":"#0","tintindex":0},"west":{"uv":[5.5625,11.53125,5.65625,11.71875],"rotation":0,"texture":"#0","tintindex":0},"up":{"uv":[7.84375,7.4375,7.75,7.34375],"rotation":0,"texture":"#0","tintindex":0},"down":{"uv":[8.90625,5.03125,8.8125,5.125],"rotation":0,"texture":"#0","tintindex":0}}},{"from":[7.041097,1.9205947,10.8768635],"to":[8.958903,3.5420103,12.49828],"rotation":{"angle":45.0,"axis":"x","origin":[8.0,7.4331427,10.792035]},"faces":{"east":{"uv":[1.96875,9.28125,2.03125,9.34375],"rotation":0,"texture":"#0","tintindex":0},"south":{"uv":[4.65625,9.625,4.71875,9.6875],"rotation":0,"texture":"#0","tintindex":0},"north":{"uv":[9.15625,6.46875,9.21875,6.53125],"rotation":0,"texture":"#0","tintindex":0},"west":{"uv":[4.71875,9.625,4.78125,9.6875],"rotation":0,"texture":"#0","tintindex":0},"up":{"uv":[9.78125,1.6875,9.71875,1.625],"rotation":0,"texture":"#0","tintindex":0},"down":{"uv":[1.96875,9.90625,1.90625,9.96875],"rotation":0,"texture":"#0","tintindex":0}}}],"display":{"head":{"translation":[0.0,-6.4,0.0],"scale":[4.0,4.0,4.0]}}}