{"textures":{"0":"modelengine:entity/mso_hakar"},"elements":[{"from":[2.371657,-0.7467413,3.7125998],"to":[13.628344,8.842287,12.884714],"rotation":{"angle":0.0,"axis":"y","origin":[8.0,-79.23086,13.873047]},"faces":{"east":{"uv":[7.28125,11.21875,6.9375,11.59375],"rotation":0,"texture":"#0","tintindex":0},"south":{"uv":[8.3125,10.875,8.75,11.25],"rotation":0,"texture":"#0","tintindex":0},"north":{"uv":[10.84375,1.21875,11.28125,1.59375],"rotation":0,"texture":"#0","tintindex":0},"west":{"uv":[6.9375,11.21875,7.28125,11.59375],"rotation":0,"texture":"#0","tintindex":0},"up":{"uv":[11.46875,10.9375,11.03125,10.59375],"rotation":0,"texture":"#0","tintindex":0},"down":{"uv":[11.5,6.0625,11.0625,6.40625],"rotation":0,"texture":"#0","tintindex":0}}},{"from":[8.0,-1.3721132,11.091983],"to":[8.0,8.425373,20.88947],"rotation":{"angle":0.0,"axis":"y","origin":[8.0,-79.23086,13.873047]},"faces":{"east":{"uv":[4.84375,11.1875,5.21875,11.5625],"rotation":0,"texture":"#0","tintindex":0},"south":{"uv":[0.0,0.0,0.0,0.375],"rotation":0,"texture":"#0","tintindex":0},"north":{"uv":[0.0,0.0,0.0,0.375],"rotation":0,"texture":"#0","tintindex":0},"west":{"uv":[5.21875,11.1875,4.84375,11.5625],"rotation":0,"texture":"#0","tintindex":0},"up":{"uv":[0.0,0.375,0.0,0.0],"rotation":0,"texture":"#0","tintindex":0},"down":{"uv":[0.0,0.0,0.0,0.375],"rotation":0,"texture":"#0","tintindex":0}}},{"from":[2.4550395,-3.249095,4.33393],"to":[13.54496,3.2547684,10.754411],"rotation":{"angle":45.0,"axis":"x","origin":[5.540206,-1.2479067,7.0438733]},"faces":{"east":{"uv":[11.71875,9.8125,11.96875,10.0625],"rotation":0,"texture":"#0","tintindex":0},"south":{"uv":[3.75,11.46875,4.15625,11.71875],"rotation":0,"texture":"#0","tintindex":0},"north":{"uv":[11.46875,0.0,11.875,0.25],"rotation":0,"texture":"#0","tintindex":0},"west":{"uv":[8.3125,11.75,8.5625,12.0],"rotation":0,"texture":"#0","tintindex":0},"up":{"uv":[11.875,10.71875,11.46875,10.46875],"rotation":0,"texture":"#0","tintindex":0},"down":{"uv":[11.90625,6.0625,11.5,6.3125],"rotation":0,"texture":"#0","tintindex":0}}}],"display":{"head":{"translation":[0.0,-6.4,0.0],"scale":[4.0,4.0,4.0]}}}