{"textures":{"0":"modelengine:entity/mso_hakar"},"elements":[{"from":[-2.0059433,-9.288078,0.71286106],"to":[18.005943,9.889979,16.972519],"rotation":{"angle":0.0,"axis":"y","origin":[8.0,-156.3546,12.749422]},"faces":{"east":{"uv":[4.09375,8.78125,3.46875,9.5],"rotation":0,"texture":"#0","tintindex":0},"south":{"uv":[8.28125,4.46875,9.03125,5.0],"rotation":0,"texture":"#0","tintindex":0},"north":{"uv":[2.4375,8.0625,3.1875,8.78125],"rotation":0,"texture":"#0","tintindex":0},"west":{"uv":[3.46875,8.78125,4.09375,9.5],"rotation":0,"texture":"#0","tintindex":0},"up":{"uv":[5.6875,9.03125,4.9375,8.40625],"rotation":0,"texture":"#0","tintindex":0},"down":{"uv":[9.21875,6.5625,8.46875,7.1875],"rotation":0,"texture":"#0","tintindex":0}}},{"from":[6.3323426,-13.457222,-6.7915964],"to":[9.667657,10.723808,2.380518],"rotation":{"angle":-22.5,"axis":"x","origin":[8.0,6.3462076,7.1750326]},"faces":{"east":{"uv":[8.625,9.4375,8.96875,10.34375],"rotation":0,"texture":"#0","tintindex":0},"south":{"uv":[0.0,11.34375,0.125,12.25],"rotation":0,"texture":"#0","tintindex":0},"north":{"uv":[9.4375,11.21875,9.5625,12.125],"rotation":0,"texture":"#0","tintindex":0},"west":{"uv":[0.625,9.75,0.96875,10.65625],"rotation":0,"texture":"#0","tintindex":0},"up":{"uv":[3.625,12.21875,3.5,11.875],"rotation":0,"texture":"#0","tintindex":0},"down":{"uv":[7.0,11.875,6.875,12.21875],"rotation":0,"texture":"#0","tintindex":0}}},{"from":[15.504457,-5.1189356,-0.120967865],"to":[19.673601,0.7178645,18.640177],"rotation":{"angle":0.0,"axis":"y","origin":[8.0,-156.3546,12.749422]},"faces":{"east":{"uv":[10.96875,4.71875,11.6875,4.9375],"rotation":0,"texture":"#0","tintindex":0},"south":{"uv":[11.96875,9.8125,12.125,10.03125],"rotation":0,"texture":"#0","tintindex":0},"north":{"uv":[9.0625,11.96875,9.21875,12.1875],"rotation":0,"texture":"#0","tintindex":0},"west":{"uv":[10.96875,4.9375,11.6875,5.15625],"rotation":0,"texture":"#0","tintindex":0},"up":{"uv":[10.34375,12.0625,10.1875,11.34375],"rotation":0,"texture":"#0","tintindex":0},"down":{"uv":[4.59375,11.375,4.4375,12.09375],"rotation":0,"texture":"#0","tintindex":0}}},{"from":[14.092875,-3.987131,-0.03758526],"to":[18.178635,0.09862995,0.71286106],"rotation":{"angle":45.0,"axis":"z","origin":[16.094063,-2.8197699,9.259604]},"faces":{"east":{"uv":[6.25,5.03125,6.28125,5.1875],"rotation":0,"texture":"#0","tintindex":0},"south":{"uv":[8.78125,12.0,8.9375,12.15625],"rotation":0,"texture":"#0","tintindex":0},"north":{"uv":[8.625,12.0,8.78125,12.15625],"rotation":0,"texture":"#0","tintindex":0},"west":{"uv":[6.25,5.1875,6.28125,5.34375],"rotation":0,"texture":"#0","tintindex":0},"up":{"uv":[6.21875,5.78125,6.0625,5.75],"rotation":0,"texture":"#0","tintindex":0},"down":{"uv":[0.84375,8.28125,0.6875,8.3125],"rotation":0,"texture":"#0","tintindex":0}}},{"from":[-2.2603827,-3.987131,-0.03758526],"to":[1.825377,0.09862995,0.71286106],"rotation":{"angle":-45.0,"axis":"z","origin":[-0.17581177,-2.8197699,9.259604]},"faces":{"east":{"uv":[6.28125,5.1875,6.25,5.34375],"rotation":0,"texture":"#0","tintindex":0},"south":{"uv":[8.9375,12.0,8.78125,12.15625],"rotation":0,"texture":"#0","tintindex":0},"north":{"uv":[8.78125,12.0,8.625,12.15625],"rotation":0,"texture":"#0","tintindex":0},"west":{"uv":[6.28125,5.03125,6.25,5.1875],"rotation":0,"texture":"#0","tintindex":0},"up":{"uv":[6.0625,5.78125,6.21875,5.75],"rotation":0,"texture":"#0","tintindex":0},"down":{"uv":[0.6875,8.28125,0.84375,8.3125],"rotation":0,"texture":"#0","tintindex":0}}},{"from":[15.296,-6.5781355,-0.32942486],"to":[19.882057,-4.9104786,18.848633],"rotation":{"angle":0.0,"axis":"y","origin":[8.0,-163.02522,12.749422]},"faces":{"east":{"uv":[11.46875,10.875,12.1875,10.9375],"rotation":0,"texture":"#0","tintindex":0},"south":{"uv":[10.15625,6.40625,10.34375,6.46875],"rotation":0,"texture":"#0","tintindex":0},"north":{"uv":[0.96875,10.03125,1.15625,10.09375],"rotation":0,"texture":"#0","tintindex":0},"west":{"uv":[11.59375,7.0625,12.3125,7.125],"rotation":0,"texture":"#0","tintindex":0},"up":{"uv":[0.9375,11.84375,0.75,11.125],"rotation":0,"texture":"#0","tintindex":0},"down":{"uv":[5.84375,11.21875,5.65625,11.9375],"rotation":0,"texture":"#0","tintindex":0}}},{"from":[16.12983,0.7178645,-0.32942486],"to":[19.882057,1.7601504,18.848633],"rotation":{"angle":0.0,"axis":"y","origin":[8.0,-156.3546,12.749422]},"faces":{"east":{"uv":[8.1875,3.09375,8.90625,3.125],"rotation":0,"texture":"#0","tintindex":0},"south":{"uv":[9.0,1.71875,9.15625,1.75],"rotation":0,"texture":"#0","tintindex":0},"north":{"uv":[9.0,1.6875,9.15625,1.71875],"rotation":0,"texture":"#0","tintindex":0},"west":{"uv":[11.71875,4.625,12.4375,4.65625],"rotation":0,"texture":"#0","tintindex":0},"up":{"uv":[4.75,12.09375,4.59375,11.375],"rotation":0,"texture":"#0","tintindex":0},"down":{"uv":[10.5,11.375,10.34375,12.09375],"rotation":0,"texture":"#0","tintindex":0}}},{"from":[-0.12982845,-6.5781355,18.848633],"to":[16.12983,-4.9104786,19.890919],"rotation":{"angle":0.0,"axis":"y","origin":[8.0,-163.02522,12.749422]},"faces":{"east":{"uv":[6.25,5.59375,6.28125,5.65625],"rotation":0,"texture":"#0","tintindex":0},"south":{"uv":[11.875,0.125,12.5,0.1875],"rotation":0,"texture":"#0","tintindex":0},"north":{"uv":[11.84375,5.59375,12.46875,5.65625],"rotation":0,"texture":"#0","tintindex":0},"west":{"uv":[7.84375,7.34375,7.875,7.40625],"rotation":0,"texture":"#0","tintindex":0},"up":{"uv":[12.53125,1.40625,11.90625,1.375],"rotation":0,"texture":"#0","tintindex":0},"down":{"uv":[12.5625,5.0625,11.9375,5.09375],"rotation":0,"texture":"#0","tintindex":0}}},{"from":[0.49554253,-5.1189356,14.887947],"to":[15.504457,0.7178645,19.474005],"rotation":{"angle":0.0,"axis":"y","origin":[8.0,-156.3546,12.749422]},"faces":{"east":{"uv":[2.8125,5.0625,3.0,5.28125],"rotation":0,"texture":"#0","tintindex":0},"south":{"uv":[11.25,3.875,11.8125,4.09375],"rotation":0,"texture":"#0","tintindex":0},"north":{"uv":[11.21875,8.25,11.78125,8.46875],"rotation":0,"texture":"#0","tintindex":0},"west":{"uv":[7.4375,9.1875,7.625,9.40625],"rotation":0,"texture":"#0","tintindex":0},"up":{"uv":[11.9375,9.09375,11.375,8.90625],"rotation":0,"texture":"#0","tintindex":0},"down":{"uv":[12.0,4.09375,11.4375,4.28125],"rotation":0,"texture":"#0","tintindex":0}}},{"from":[-1.9225597,-11.434126,-2.4046612],"to":[17.92256,-0.01067543,9.102174],"rotation":{"angle":-45.0,"axis":"x","origin":[7.3746285,-0.8861952,10.352917]},"faces":{"east":{"uv":[2.59375,10.75,3.03125,11.1875],"rotation":0,"texture":"#0","tintindex":0},"south":{"uv":[9.625,8.125,10.375,8.5625],"rotation":0,"texture":"#0","tintindex":0},"north":{"uv":[7.46875,2.625,8.21875,3.0625],"rotation":0,"texture":"#0","tintindex":0},"west":{"uv":[3.03125,10.75,2.59375,11.1875],"rotation":0,"texture":"#0","tintindex":0},"up":{"uv":[10.40625,4.8125,9.65625,4.375],"rotation":0,"texture":"#0","tintindex":0},"down":{"uv":[5.40625,9.6875,4.65625,10.125],"rotation":0,"texture":"#0","tintindex":0}}},{"from":[-0.12982845,0.7178645,15.930233],"to":[16.12983,1.7601504,19.890919],"rotation":{"angle":0.0,"axis":"y","origin":[8.0,-156.3546,12.749422]},"faces":{"east":{"uv":[0.84375,8.28125,1.0,8.3125],"rotation":0,"texture":"#0","tintindex":0},"south":{"uv":[11.875,10.6875,12.5,10.71875],"rotation":0,"texture":"#0","tintindex":0},"north":{"uv":[1.90625,10.0,2.53125,10.03125],"rotation":0,"texture":"#0","tintindex":0},"west":{"uv":[1.0,8.28125,1.15625,8.3125],"rotation":0,"texture":"#0","tintindex":0},"up":{"uv":[11.78125,3.5,11.15625,3.34375],"rotation":0,"texture":"#0","tintindex":0},"down":{"uv":[12.09375,10.71875,11.46875,10.875],"rotation":0,"texture":"#0","tintindex":0}}},{"from":[6.5408,-3.3727102,-7.091526],"to":[9.4592,4.965576,-3.1308403],"rotation":{"angle":45.0,"axis":"x","origin":[8.208457,1.2133474,2.9144173]},"faces":{"east":{"uv":[11.8125,7.84375,11.96875,8.15625],"rotation":0,"texture":"#0","tintindex":0},"south":{"uv":[5.625,11.9375,5.75,12.25],"rotation":0,"texture":"#0","tintindex":0},