{"textures":{"0":"modelengine:entity/mso_hakar"},"elements":[{"from":[-0.2549038,-4.268305,1.8045626],"to":[16.254904,4.820427,10.976677],"rotation":{"angle":45.0,"axis":"x","origin":[8.0,-2.2671156,4.5145054]},"faces":{"east":{"uv":[5.78125,10.40625,6.125,10.75],"rotation":0,"texture":"#0","tintindex":0},"south":{"uv":[10.40625,4.375,11.03125,4.71875],"rotation":0,"texture":"#0","tintindex":0},"north":{"uv":[2.59375,10.40625,3.21875,10.75],"rotation":0,"texture":"#0","tintindex":0},"west":{"uv":[6.25,11.25,6.59375,11.59375],"rotation":0,"texture":"#0","tintindex":0},"up":{"uv":[5.78125,10.75,5.15625,10.40625],"rotation":0,"texture":"#0","tintindex":0},"down":{"uv":[9.40625,10.40625,8.78125,10.75],"rotation":0,"texture":"#0","tintindex":0}}},{"from":[-0.3382864,-1.8249111,1.1712575],"to":[16.338287,12.350175,14.0956],"rotation":{"angle":0.0,"axis":"y","origin":[8.0,-118.24823,11.957075]},"faces":{"east":{"uv":[10.59375,7.59375,10.09375,8.125],"rotation":0,"texture":"#0","tintindex":0},"south":{"uv":[0.0,9.5,0.625,10.03125],"rotation":0,"texture":"#0","tintindex":0},"north":{"uv":[8.0,9.4375,8.625,9.96875],"rotation":0,"texture":"#0","tintindex":0},"west":{"uv":[10.09375,7.59375,10.59375,8.125],"rotation":0,"texture":"#0","tintindex":0},"up":{"uv":[10.375,0.5,9.75,0.0],"rotation":0,"texture":"#0","tintindex":0},"down":{"uv":[10.375,0.5,9.75,1.0],"rotation":0,"texture":"#0","tintindex":0}}},{"from":[8.0,-15.583084,9.176012],"to":[8.0,-0.15725422,24.393385],"rotation":{"angle":0.0,"axis":"y","origin":[8.0,-118.24823,11.957075]},"faces":{"east":{"uv":[5.4375,9.4375,6.0,10.03125],"rotation":0,"texture":"#0","tintindex":0},"south":{"uv":[0.0,0.0,0.0,0.59375],"rotation":0,"texture":"#0","tintindex":0},"north":{"uv":[0.0,0.0,0.0,0.59375],"rotation":0,"texture":"#0","tintindex":0},"west":{"uv":[6.0,9.4375,5.4375,10.03125],"rotation":0,"texture":"#0","tintindex":0},"up":{"uv":[0.0,0.5625,0.0,0.0],"rotation":0,"texture":"#0","tintindex":0},"down":{"uv":[0.0,0.0,0.0,0.5625],"rotation":0,"texture":"#0","tintindex":0}}},{"from":[0.704,-16.0,1.379714],"to":[15.296,-1.8249111,12.219486],"rotation":{"angle":0.0,"axis":"y","origin":[8.0,-118.24823,11.957075]},"faces":{"east":{"uv":[10.46875,10.375,10.0625,10.90625],"rotation":0,"texture":"#0","tintindex":0},"south":{"uv":[9.75,9.375,10.3125,9.90625],"rotation":0,"texture":"#0","tintindex":0},"north":{"uv":[9.75,7.0625,10.3125,7.59375],"rotation":0,"texture":"#0","tintindex":0},"west":{"uv":[10.0625,10.375,10.46875,10.90625],"rotation":0,"texture":"#0","tintindex":0},"up":{"uv":[2.59375,10.78125,2.03125,10.375],"rotation":0,"texture":"#0","tintindex":0},"down":{"uv":[10.9375,2.28125,10.375,2.6875],"rotation":0,"texture":"#0","tintindex":0}}}],"display":{"head":{"translation":[0.0,-22.798864,0.0],"scale":[4.0,4.0,4.0]}}}