{"textures":{"0":"modelengine:entity/mso_hakar"},"elements":[{"from":[2.9970284,-3.902401,3.1515427],"to":[13.002972,8.188114,13.991315],"rotation":{"angle":0.0,"axis":"y","origin":[29.679544,-144.50676,13.520447]},"faces":{"east":{"uv":[0.40625,9.5625,0.0,10.03125],"rotation":0,"texture":"#0","tintindex":0},"south":{"uv":[0.375,9.53125,0.0,10.0],"rotation":0,"texture":"#0","tintindex":0},"north":{"uv":[0.375,9.53125,0.0,10.0],"rotation":0,"texture":"#0","tintindex":0},"west":{"uv":[0.40625,9.53125,0.0,10.0],"rotation":0,"texture":"#0","tintindex":0},"up":{"uv":[0.0,9.9375,0.375,9.53125],"rotation":0,"texture":"#0","tintindex":0},"down":{"uv":[0.0,9.5,0.375,9.90625],"rotation":0,"texture":"#0","tintindex":0}}}],"display":{"head":{"translation":[0.0,-6.4,0.0],"scale":[4.0,4.0,4.0]}}}