{"textures":{"0":"modelengine:entity/mso_hakar"},"elements":[{"from":[4.6646852,-1.5088005,3.962057],"to":[11.335315,8.080229,11.466515],"rotation":{"angle":0.0,"axis":"y","origin":[-13.679544,-166.29417,12.663303]},"faces":{"east":{"uv":[0.0625,9.59375,0.34375,9.96875],"rotation":0,"texture":"#0","tintindex":0},"south":{"uv":[8.59375,4.5,8.84375,4.875],"rotation":0,"texture":"#0","tintindex":0},"north":{"uv":[8.4375,1.25,8.6875,1.625],"rotation":0,"texture":"#0","tintindex":0},"west":{"uv":[0.0,9.5625,0.28125,9.9375],"rotation":0,"texture":"#0","tintindex":0},"up":{"uv":[0.25,9.90625,0.0,9.625],"rotation":0,"texture":"#0","tintindex":0},"down":{"uv":[11.9375,4.875,11.6875,5.15625],"rotation":0,"texture":"#0","tintindex":0}}}],"display":{"head":{"translation":[0.0,-6.4,0.0],"scale":[4.0,4.0,4.0]}}}