{"textures":{"0":"modelengine:entity/mso_hakar"},"elements":[{"from":[4.585472,5.9849415,1.547132],"to":[11.414528,8.586487,7.5957246],"rotation":{"angle":0.0,"axis":"y","origin":[8.58713,1.8344774,16.596752]},"faces":{"east":{"uv":[10.5,3.875,10.78125,4.0],"rotation":0,"texture":"#0","tintindex":0},"south":{"uv":[11.875,0.0,12.21875,0.125],"rotation":0,"texture":"#0","tintindex":0},"north":{"uv":[9.75,7.59375,10.09375,7.71875],"rotation":0,"texture":"#0","tintindex":0},"west":{"uv":[1.46875,11.96875,1.75,12.09375],"rotation":0,"texture":"#0","tintindex":0},"up":{"uv":[5.5625,11.8125,5.21875,11.53125],"rotation":0,"texture":"#0","tintindex":0},"down":{"uv":[6.1875,11.53125,5.84375,11.8125],"rotation":0,"texture":"#0","tintindex":0}}}],"display":{"head":{"translation":[0.0,-6.4,0.0],"scale":[4.0,4.0,4.0]}}}