{"textures":{"0":"modelengine:entity/mso_hakar"},"elements":[{"from":[5.713538,5.6556215,9.018572],"to":[10.243269,9.8618,18.078033],"rotation":{"angle":0.0,"axis":"y","origin":[7.9175854,8.08099,-26.009087]},"faces":{"east":{"uv":[12.0,3.65625,11.5625,3.875],"rotation":0,"texture":"#0","tintindex":0},"south":{"uv":[0.5,11.84375,0.28125,12.0625],"rotation":0,"texture":"#0","tintindex":0},"north":{"uv":[12.03125,11.75,11.8125,11.96875],"rotation":0,"texture":"#0","tintindex":0},"west":{"uv":[6.21875,7.21875,5.78125,7.4375],"rotation":0,"texture":"#0","tintindex":0},"up":{"uv":[5.0625,5.75,5.28125,5.3125],"rotation":0,"texture":"#0","tintindex":0},"down":{"uv":[8.96875,9.4375,9.1875,9.875],"rotation":0,"texture":"#0","tintindex":0}}}],"display":{"head":{"translation":[0.0,-6.4,0.0],"scale":[4.0,4.0,4.0]}}}