{"textures":{"0":"modelengine:entity/mso_hakar"},"elements":[{"from":[4.4562283,2.3807998,5.1331654],"to":[11.543772,8.426057,12.220709],"rotation":{"angle":0.0,"axis":"y","origin":[8.0,-63.387436,14.6682415]},"faces":{"east":{"uv":[10.8125,11.75,11.09375,11.96875],"rotation":0,"texture":"#0","tintindex":0},"south":{"uv":[6.1875,11.78125,6.46875,12.0],"rotation":0,"texture":"#0","tintindex":0},"north":{"uv":[9.0625,11.75,9.34375,11.96875],"rotation":0,"texture":"#0","tintindex":0},"west":{"uv":[11.78125,8.25,12.0625,8.46875],"rotation":0,"texture":"#0","tintindex":0},"up":{"uv":[1.25,10.03125,0.96875,9.75],"rotation":0,"texture":"#0","tintindex":0},"down":{"uv":[9.6875,10.40625,9.40625,10.6875],"rotation":0,"texture":"#0","tintindex":0}}},{"from":[8.0,2.3638854,12.5189495],"to":[8.0,8.2006855,18.35575],"rotation":{"angle":-22.5,"axis":"x","origin":[8.0,4.8822856,14.180206]},"faces":{"east":{"uv":[11.84375,0.65625,12.0625,0.875],"rotation":0,"texture":"#0","tintindex":0},"south":{"uv":[0.0,0.0,0.0,0.21875],"rotation":0,"texture":"#0","tintindex":0},"north":{"uv":[0.0,0.0,0.0,0.21875],"rotation":0,"texture":"#0","tintindex":0},"west":{"uv":[12.0625,0.65625,11.84375,0.875],"rotation":0,"texture":"#0","tintindex":0},"up":{"uv":[0.0,0.21875,0.0,0.0],"rotation":0,"texture":"#0","tintindex":0},"down":{"uv":[0.0,0.0,0.0,0.21875],"rotation":0,"texture":"#0","tintindex":0}}},{"from":[8.8,1.9638853,11.261806],"to":[8.8,7.800686,17.098606],"rotation":{"angle":22.5,"axis":"y","origin":[8.0,4.8822856,14.180206]},"faces":{"east":{"uv":[11.84375,0.65625,12.0625,0.875],"rotation":0,"texture":"#0","tintindex":0},"south":{"uv":[0.0,0.0,0.0,0.21875],"rotation":0,"texture":"#0","tintindex":0},"north":{"uv":[0.0,0.0,0.0,0.21875],"rotation":0,"texture":"#0","tintindex":0},"west":{"uv":[12.0625,0.65625,11.84375,0.875],"rotation":0,"texture":"#0","tintindex":0},"up":{"uv":[0.0,0.21875,0.0,0.0],"rotation":0,"texture":"#0","tintindex":0},"down":{"uv":[0.0,0.0,0.0,0.21875],"rotation":0,"texture":"#0","tintindex":0}}},{"from":[7.118252,1.9638853,11.261806],"to":[7.118252,7.800686,17.098606],"rotation":{"angle":-22.5,"axis":"y","origin":[7.918252,4.8822856,14.180206]},"faces":{"east":{"uv":[11.84375,0.65625,12.0625,0.875],"rotation":0,"texture":"#0","tintindex":0},"south":{"uv":[0.0,0.0,0.0,0.21875],"rotation":0,"texture":"#0","tintindex":0},"north":{"uv":[0.0,0.0,0.0,0.21875],"rotation":0,"texture":"#0","tintindex":0},"west":{"uv":[12.0625,0.65625,11.84375,0.875],"rotation":0,"texture":"#0","tintindex":0},"up":{"uv":[0.0,0.21875,0.0,0.0],"rotation":0,"texture":"#0","tintindex":0},"down":{"uv":[0.0,0.0,0.0,0.21875],"rotation":0,"texture":"#0","tintindex":0}}},{"from":[4.5396113,0.8106518,6.1183624],"to":[11.460388,5.771932,11.121334],"rotation":{"angle":45.0,"axis":"x","origin":[8.0,2.7493033,7.5775623]},"faces":{"east":{"uv":[11.96875,0.25,12.15625,0.4375],"rotation":0,"texture":"#0","tintindex":0},"south":{"uv":[3.9375,8.59375,4.1875,8.78125],"rotation":0,"texture":"#0","tintindex":0},"north":{"uv":[8.21875,6.5625,8.46875,6.75],"rotation":0,"texture":"#0","tintindex":0},"west":{"uv":[11.96875,0.4375,12.15625,0.625],"rotation":0,"texture":"#0","tintindex":0},"up":{"uv":[12.09375,1.0625,11.84375,0.875],"rotation":0,"texture":"#0","tintindex":0},"down":{"uv":[1.21875,11.84375,0.96875,12.03125],"rotation":0,"texture":"#0","tintindex":0}}}],"display":{"head":{"translation":[0.0,-6.4,0.0],"scale":[4.0,4.0,4.0]}}}