{"textures":{"0":"modelengine:entity/mso_hakar"},"elements":[{"from":[13.040494,8.147117,-11.365902],"to":[13.040494,12.049435,10.617156],"rotation":{"angle":0.0,"axis":"y","origin":[8.58713,4.1109385,10.057505]},"faces":{"east":{"uv":[10.3125,7.40625,11.375,7.59375],"rotation":0,"texture":"#0","tintindex":0},"south":{"uv":[0.0,0.0,0.0,0.1875],"rotation":0,"texture":"#0","tintindex":0},"north":{"uv":[0.0,0.0,0.0,0.1875],"rotation":0,"texture":"#0","tintindex":0},"west":{"uv":[10.5,3.5,11.5625,3.6875],"rotation":0,"texture":"#0","tintindex":0},"up":{"uv":[0.0,1.0625,0.0,0.0],"rotation":0,"texture":"#0","tintindex":0},"down":{"uv":[0.0,0.0,0.0,1.0625],"rotation":0,"texture":"#0","tintindex":0}}},{"from":[2.9752069,8.147117,-11.365902],"to":[2.9752069,12.049435,10.617156],"rotation":{"angle":0.0,"axis":"y","origin":[8.58713,4.1109385,10.057505]},"faces":{"east":{"uv":[11.5625,3.5,10.5,3.6875],"rotation":0,"texture":"#0","tintindex":0},"south":{"uv":[0.0,0.0,0.0,0.1875],"rotation":0,"texture":"#0","tintindex":0},"north":{"uv":[0.0,0.0,0.0,0.1875],"rotation":0,"texture":"#0","tintindex":0},"west":{"uv":[11.375,7.40625,10.3125,7.59375],"rotation":0,"texture":"#0","tintindex":0},"up":{"uv":[0.0,1.0625,0.0,0.0],"rotation":0,"texture":"#0","tintindex":0},"down":{"uv":[0.0,0.0,0.0,1.0625],"rotation":0,"texture":"#0","tintindex":0}}},{"from":[2.634313,2.88835,-11.691095],"to":[13.365686,8.147117,10.617156],"rotation":{"angle":0.0,"axis":"y","origin":[8.58713,4.1109385,10.057505]},"faces":{"east":{"uv":[0.0,9.5625,0.5625,9.75],"rotation":0,"texture":"#0","tintindex":0},"south":{"uv":[8.46875,4.4375,9.0,4.8125],"rotation":0,"texture":"#0","tintindex":0},"north":{"uv":[8.4375,4.4375,8.8125,4.625],"rotation":0,"texture":"#0","tintindex":0},"west":{"uv":[0.0,9.5625,0.625,9.78125],"rotation":0,"texture":"#0","tintindex":0},"up":{"uv":[8.46875,7.8125,7.9375,6.75],"rotation":0,"texture":"#0","tintindex":0},"down":{"uv":[0.625,8.09375,0.0625,8.84375],"rotation":0,"texture":"#0","tintindex":0}}}],"display":{"head":{"translation":[0.0,-6.4,0.0],"scale":[4.0,4.0,4.0]}}}