{"textures":{"0":"modelengine:entity/mso_hakar"},"elements":[{"from":[7.1661716,2.6711082,10.072124],"to":[8.833829,10.717554,13.324055],"rotation":{"angle":22.5,"axis":"x","origin":[8.0,14.073714,22.662935]},"faces":{"east":{"uv":[12.0625,10.9375,11.9375,11.25],"rotation":0,"texture":"#0","tintindex":0},"south":{"uv":[1.96875,9.59375,1.90625,9.90625],"rotation":0,"texture":"#0","tintindex":0},"north":{"uv":[2.03125,8.96875,1.96875,9.28125],"rotation":0,"texture":"#0","tintindex":0},"west":{"uv":[7.8125,11.9375,7.6875,12.25],"rotation":0,"texture":"#0","tintindex":0},"up":{"uv":[4.59375,10.125,4.65625,10.0],"rotation":0,"texture":"#0","tintindex":0},"down":{"uv":[9.6875,10.21875,9.75,10.34375],"rotation":0,"texture":"#0","tintindex":0}}},{"from":[8.0,6.7568684,3.6516428],"to":[8.0,22.391155,13.240672],"rotation":{"angle":22.5,"axis":"x","origin":[8.0,14.073714,22.662935]},"faces":{"east":{"uv":[10.0625,10.375,9.6875,10.96875],"rotation":0,"texture":"#0","tintindex":0},"south":{"uv":[0.0,0.0,0.0,0.59375],"rotation":0,"texture":"#0","tintindex":0},"north":{"uv":[0.0,0.0,0.0,0.59375],"rotation":0,"texture":"#0","tintindex":0},"west":{"uv":[7.875,6.75,7.5,7.34375],"rotation":0,"texture":"#0","tintindex":0},"up":{"uv":[0.0,0.375,0.0,0.0],"rotation":0,"texture":"#0","tintindex":0},"down":{"uv":[0.0,0.0,0.0,0.375],"rotation":0,"texture":"#0","tintindex":0}}}],"display":{"head":{"translation":[0.0,-6.4,0.0],"scale":[4.0,4.0,4.0]}}}