{"textures":{"0":"modelengine:entity/mso_hakar"},"elements":[{"from":[6.292736,5.721198,-0.094213486],"to":[9.707264,15.509512,3.3528347],"rotation":{"angle":22.5,"axis":"x","origin":[2.2409863,-6.4996567,6.785432]},"faces":{"east":{"uv":[10.0,11.6875,9.84375,12.15625],"rotation":0,"texture":"#0","tintindex":0},"south":{"uv":[8.3125,11.6875,8.15625,12.15625],"rotation":0,"texture":"#0","tintindex":0},"north":{"uv":[4.3125,11.6875,4.15625,12.15625],"rotation":0,"texture":"#0","tintindex":0},"west":{"uv":[8.15625,11.6875,8.0,12.15625],"rotation":0,"texture":"#0","tintindex":0},"up":{"uv":[12.03125,2.75,12.1875,2.59375],"rotation":0,"texture":"#0","tintindex":0},"down":{"uv":[12.03125,2.75,12.1875,2.90625],"rotation":0,"texture":"#0","tintindex":0}}}],"display":{"head":{"translation":[0.0,-6.4,0.0],"scale":[4.0,4.0,4.0]}}}