{"textures":{"0":"modelengine:entity/mso_hakar"},"elements":[{"from":[6.1238856,3.5794282,5.9572535],"to":[9.876114,8.5824,10.54331],"rotation":{"angle":0.0,"axis":"y","origin":[8.0,-52.18286,14.9086485]},"faces":{"east":{"uv":[0.375,10.90625,0.5625,11.09375],"rotation":0,"texture":"#0","tintindex":0},"south":{"uv":[11.8125,11.96875,11.96875,12.15625],"rotation":0,"texture":"#0","tintindex":0},"north":{"uv":[10.8125,11.96875,10.96875,12.15625],"rotation":0,"texture":"#0","tintindex":0},"west":{"uv":[4.84375,10.9375,5.03125,11.125],"rotation":0,"texture":"#0","tintindex":0},"up":{"uv":[12.125,12.15625,11.96875,11.96875],"rotation":0,"texture":"#0","tintindex":0},"down":{"uv":[0.65625,12.0,0.5,12.1875],"rotation":0,"texture":"#0","tintindex":0}}},{"from":[6.2072687,1.2253442,6.194174],"to":[9.792731,4.477276,9.446105],"rotation":{"angle":-45.0,"axis":"x","origin":[8.0,3.72683,7.1530766]},"faces":{"east":{"uv":[12.0,6.46875,12.125,6.59375],"rotation":0,"texture":"#0","tintindex":0},"south":{"uv":[5.28125,12.03125,5.40625,12.15625],"rotation":0,"texture":"#0","tintindex":0},"north":{"uv":[10.25,1.0,10.375,1.125],"rotation":0,"texture":"#0","tintindex":0},"west":{"uv":[5.75,12.03125,5.875,12.15625],"rotation":0,"texture":"#0","tintindex":0},"up":{"uv":[12.15625,5.96875,12.03125,5.84375],"rotation":0,"texture":"#0","tintindex":0},"down":{"uv":[6.0,12.03125,5.875,12.15625],"rotation":0,"texture":"#0","tintindex":0}}},{"from":[8.0,3.3709717,9.834557],"to":[8.0,8.165485,15.4629],"rotation":{"angle":0.0,"axis":"y","origin":[8.0,-52.18286,14.9086485]},"faces":{"east":{"uv":[2.65625,11.90625,2.875,12.09375],"rotation":0,"texture":"#0","tintindex":0},"south":{"uv":[0.0,0.0,0.0,0.1875],"rotation":0,"texture":"#0","tintindex":0},"north":{"uv":[0.0,0.0,0.0,0.1875],"rotation":0,"texture":"#0","tintindex":0},"west":{"uv":[2.875,11.90625,2.65625,12.09375],"rotation":0,"texture":"#0","tintindex":0},"up":{"uv":[0.0,0.21875,0.0,0.0],"rotation":0,"texture":"#0","tintindex":0},"down":{"uv":[0.0,0.0,0.0,0.21875],"rotation":0,"texture":"#0","tintindex":0}}},{"from":[8.742857,3.3709717,9.834557],"to":[8.742857,8.165485,15.4629],"rotation":{"angle":22.5,"axis":"y","origin":[8.0,5.7682285,12.648727]},"faces":{"east":{"uv":[2.65625,11.90625,2.875,12.09375],"rotation":0,"texture":"#0","tintindex":0},"south":{"uv":[0.0,0.0,0.0,0.1875],"rotation":0,"texture":"#0","tintindex":0},"north":{"uv":[0.0,0.0,0.0,0.1875],"rotation":0,"texture":"#0","tintindex":0},"west":{"uv":[2.875,11.90625,2.65625,12.09375],"rotation":0,"texture":"#0","tintindex":0},"up":{"uv":[0.0,0.21875,0.0,0.0],"rotation":0,"texture":"#0","tintindex":0},"down":{"uv":[0.0,0.0,0.0,0.21875],"rotation":0,"texture":"#0","tintindex":0}}}],"display":{"head":{"translation":[0.0,-6.4,0.0],"scale":[4.0,4.0,4.0]}}}