{"textures":{"0":"modelengine:entity/mso_hakar"},"elements":[{"from":[6.9431224,3.7225914,-1.4106045],"to":[9.056878,13.836099,0.8982668],"rotation":{"angle":45.0,"axis":"x","origin":[2.2409863,-14.002514,12.926958]},"faces":{"east":{"uv":[7.84375,11.4375,7.71875,11.9375],"rotation":0,"texture":"#0","tintindex":0},"south":{"uv":[7.6875,11.8125,7.59375,12.3125],"rotation":0,"texture":"#0","tintindex":0},"north":{"uv":[6.1875,11.8125,6.09375,12.3125],"rotation":0,"texture":"#0","tintindex":0},"west":{"uv":[0.625,10.03125,0.5,10.53125],"rotation":0,"texture":"#0","tintindex":0},"up":{"uv":[12.03125,8.84375,12.125,8.71875],"rotation":0,"texture":"#0","tintindex":0},"down":{"uv":[11.25,12.03125,11.34375,12.15625],"rotation":0,"texture":"#0","tintindex":0}}}],"display":{"head":{"translation":[0.0,-6.4,0.0],"scale":[4.0,4.0,4.0]}}}