{"textures":{"0":"modelengine:entity/mso_hakar"},"elements":[{"from":[3.8308568,-4.0452585,3.4139423],"to":[12.169144,8.045258,12.586058],"rotation":{"angle":0.0,"axis":"y","origin":[-13.679544,-156.74011,12.9490185]},"faces":{"east":{"uv":[0.0625,9.5625,0.40625,10.03125],"rotation":0,"texture":"#0","tintindex":0},"south":{"uv":[0.09375,9.53125,0.40625,10.0],"rotation":0,"texture":"#0","tintindex":0},"north":{"uv":[0.0625,9.5625,0.375,10.03125],"rotation":0,"texture":"#0","tintindex":0},"west":{"uv":[0.03125,9.53125,0.375,10.0],"rotation":0,"texture":"#0","tintindex":0},"up":{"uv":[0.40625,9.96875,0.09375,9.625],"rotation":0,"texture":"#0","tintindex":0},"down":{"uv":[11.125,11.40625,10.8125,11.75],"rotation":0,"texture":"#0","tintindex":0}}}],"display":{"head":{"translation":[0.0,-6.4,0.0],"scale":[4.0,4.0,4.0]}}}