{"textures":{"0":"modelengine:entity/mso_hakar"},"elements":[{"from":[-2.8397722,-8.2864895,-2.8128376],"to":[18.839771,6.305512,17.19905],"rotation":{"angle":0.0,"axis":"y","origin":[8.0,-174.3226,11.72521]},"faces":{"east":{"uv":[9.75,0.5625,9.0,1.125],"rotation":0,"texture":"#0","tintindex":0},"south":{"uv":[2.03125,8.78125,2.84375,9.34375],"rotation":0,"texture":"#0","tintindex":0},"north":{"uv":[6.8125,8.625,7.625,9.1875],"rotation":0,"texture":"#0","tintindex":0},"west":{"uv":[9.0,0.5625,9.75,1.125],"rotation":0,"texture":"#0","tintindex":0},"up":{"uv":[8.28125,2.625,7.46875,1.875],"rotation":0,"texture":"#0","tintindex":0},"down":{"uv":[8.3125,4.375,7.5,5.125],"rotation":0,"texture":"#0","tintindex":0}}},{"from":[-2.6313143,-13.100788,-5.930357],"to":[18.631313,0.9909148,8.244728],"rotation":{"angle":-45.0,"axis":"x","origin":[8.0,0.11539459,6.82722]},"faces":{"east":{"uv":[10.5,5.875,9.96875,6.40625],"rotation":0,"texture":"#0","tintindex":0},"south":{"uv":[8.90625,2.3125,9.71875,2.84375],"rotation":0,"texture":"#0","tintindex":0},"north":{"uv":[7.625,8.875,8.4375,9.40625],"rotation":0,"texture":"#0","tintindex":0},"west":{"uv":[9.96875,5.875,10.5,6.40625],"rotation":0,"texture":"#0","tintindex":0},"up":{"uv":[9.71875,5.5625,8.90625,5.03125],"rotation":0,"texture":"#0","tintindex":0},"down":{"uv":[9.71875,5.5625,8.90625,6.09375],"rotation":0,"texture":"#0","tintindex":0}}},{"from":[-3.6736012,-4.9511747,5.3169923],"to":[19.673601,10.891569,19.908993],"rotation":{"angle":22.5,"axis":"x","origin":[8.0,0.67716885,13.238363]},"faces":{"east":{"uv":[8.0,9.40625,7.4375,10.0],"rotation":0,"texture":"#0","tintindex":0},"south":{"uv":[8.3125,4.40625,9.03125,5.0],"rotation":0,"texture":"#0","tintindex":0},"north":{"uv":[8.125,0.0,9.0,0.59375],"rotation":0,"texture":"#0","tintindex":0},"west":{"uv":[7.4375,9.40625,8.0,10.0],"rotation":0,"texture":"#0","tintindex":0},"up":{"uv":[9.0,1.75,8.125,1.1875],"rotation":0,"texture":"#0","tintindex":0},"down":{"uv":[9.15625,1.75,8.28125,2.3125],"rotation":0,"texture":"#0","tintindex":0}}},{"from":[5.498514,0.46871138,-4.0635796],"to":[20.298971,9.223912,17.407507],"rotation":{"angle":22.5,"axis":"z","origin":[8.0,10.474655,7.1931067]},"faces":{"east":{"uv":[8.28125,4.4375,9.03125,4.78125],"rotation":0,"texture":"#0","tintindex":0},"south":{"uv":[8.40625,4.5,8.96875,4.84375],"rotation":0,"texture":"#0","tintindex":0},"north":{"uv":[10.5,6.0625,11.0625,6.40625],"rotation":0,"texture":"#0","tintindex":0},"west":{"uv":[7.34375,9.5625,8.15625,9.90625],"rotation":0,"texture":"#0","tintindex":0},"up":{"uv":[8.9375,5.03125,8.375,4.40625],"rotation":0,"texture":"#0","tintindex":0},"down":{"uv":[9.03125,8.0,8.46875,8.8125],"rotation":0,"texture":"#0","tintindex":0}}},{"from":[-4.38072,0.46871138,-4.0635796],"to":[10.419738,9.223912,17.407507],"rotation":{"angle":-22.5,"axis":"z","origin":[7.918252,10.474655,7.1931067]},"faces":{"east":{"uv":[8.15625,9.5625,7.34375,9.90625],"rotation":0,"texture":"#0","tintindex":0},"south":{"uv":[8.96875,4.5,8.40625,4.84375],"rotation":0,"texture":"#0","tintindex":0},"north":{"uv":[11.0625,6.0625,10.5,6.40625],"rotation":0,"texture":"#0","tintindex":0},"west":{"uv":[9.03125,4.4375,8.28125,4.78125],"rotation":0,"texture":"#0","tintindex":0},"up":{"uv":[8.375,5.03125,8.9375,4.40625],"rotation":0,"texture":"#0","tintindex":0},"down":{"uv":[8.46875,8.0,9.03125,8.8125],"rotation":0,"texture":"#0","tintindex":0}}},{"from":[6.3323426,-5.3680887,-6.7735233],"to":[9.667657,3.8040261,-0.9367218],"rotation":{"angle":22.5,"axis":"x","origin":[8.0,-0.99048805,7.1931067]},"faces":{"east":{"uv":[6.5625,9.4375,6.78125,9.78125],"rotation":0,"texture":"#0","tintindex":0},"south":{"uv":[3.375,11.875,3.5,12.21875],"rotation":0,"texture":"#0","tintindex":0},"north":{"uv":[1.84375,11.84375,1.96875,12.1875],"rotation":0,"texture":"#0","tintindex":0},"west":{"uv":[6.65625,11.65625,6.875,12.0],"rotation":0,"texture":"#0","tintindex":0},"up":{"uv":[4.9375,9.0,4.8125,8.78125],"rotation":0,"texture":"#0","tintindex":0},"down":{"uv":[4.59375,10.34375,4.46875,10.5625],"rotation":0,"texture":"#0","tintindex":0}}},{"from":[6.5408,0.3901434,-7.073452],"to":[9.4592,8.72843,-3.1127663],"rotation":{"angle":-45.0,"axis":"x","origin":[8.208457,4.142372,2.9324913]},"faces":{"east":{"uv":[7.4375,11.8125,7.59375,12.125],"rotation":0,"texture":"#0","tintindex":0},"south":{"uv":[4.75,11.9375,4.875,12.25],"rotation":0,"texture":"#0","tintindex":0},"north":{"uv":[11.6875,11.90625,11.8125,12.21875],"rotation":0,"texture":"#0","tintindex":0},"west":{"uv":[7.84375,11.8125,8.0,12.125],"rotation":0,"texture":"#0","tintindex":0},"up":{"uv":[5.15625,10.75,5.03125,10.59375],"rotation":0,"texture":"#0","tintindex":0},"down":{"uv":[4.15625,12.03125,4.03125,12.1875],"rotation":0,"texture":"#0","tintindex":0}}},{"from":[8.625372,-8.078032,-2.6043797],"to":[15.296,-5.7850037,13.655278],"rotation":{"angle":-22.5,"axis":"y","origin":[17.380573,-6.8272886,5.5254493]},"faces":{"east":{"uv":[8.90625,3.03125,9.53125,3.125],"rotation":0,"texture":"#0","tintindex":0},"south":{"uv":[8.3125,5.03125,8.5625,5.125],"rotation":0,"texture":"#0","tintindex":0},"north":{"uv":[7.5,7.34375,7.75,7.4375],"rotation":0,"texture":"#0","tintindex":0},"west":{"uv":[11.625,9.46875,12.25,9.5625],"rotation":0,"texture":"#0","tintindex":0},"up":{"uv":[11.21875,8.5625,10.96875,7.9375],"rotation":0,"texture":"#0","tintindex":0},"down":{"uv":[9.84375,10.96875,9.59375,11.59375],"rotation":0,"texture":"#0","tintindex":0}}},{"from":[0.6222515,-8.078032,-2.6043797],"to":[7.2928805,-5.7850037,13.655278],"rotation":{"angle":22.5,"axis":"y","origin":[-1.4623203,-6.8272886,5.5254493]},"faces":{"east":{"uv":[12.25,9.46875,11.625,9.5625],"rotation":0,"texture":"#0","tintindex":0},"south":{"uv":[8.5625,5.03125,8.3125,5.125],"rotation":0,"texture":"#0","tintindex":0},"north":{"uv":[7.75,7.34375,7.5,7.4375],"rotation":0,"texture":"#0","tintindex":0},"west":{"uv":[9.53125,3.03125,8.90625,3.125],"rotation":0,"texture":"#0","tintindex":0},"up":{"uv":[10.96875,8.5625,11.21875,7.9375],"rotation":0,"texture":"#0","tintindex":0},"down":{"uv":[9.59375,10.96875,9.84375,11.59375],"rotation":0,"texture":"#0","tintindex":0}}},{"from":[4.8731427,-8.703403,-6.7735233],"to":[11.126858,-2.449689,3.023964],"rotation":{"angle":0.0,"axis":"y","origin":[8.0,-99.06957,7.556067]},"faces":{"east":{"uv":[11.125,11.59375,11.5,11.8125],"rotation":0,"texture":"#0","tintindex":0},"south":{"uv":[5.84375,11.8125,6.09375,12.03125],"rotation":0,"texture":"#0","tintindex":0},"north":{"uv":[9.71875,5.875,9.96875,6.09375],"rotation":0,"texture":"#0","tintindex":0},"west":{"uv":[0.9375,11.625,1.3125,11.84375],"rotation":0,"texture":"#0","tintindex":0},"up":{"uv":[5.6875,9.40625,5.4375,9.03125],"rotation":0,"texture":"#0","tintindex":0},"down":{"uv":[5.0,11.5625,4.75,11.9375],"rotation":0,"texture":"#0","tintindex":0}}},{"from":[7.791543,-12.038717,-11.776495],"to":[7.791543,0.88562584,3.023964],"rotation":{"angle":45.0,"axis":"z","origin":[8.0,-5.576545,-1.8747787]},"faces":{"east":{"uv":[4.59375,10.125,5.15625,10.59375],"rotation":0,"texture":"#0","tintindex":0},"south":{"uv":[0.0,0.0,0.0,0.46875],"rotation":0,"texture":"#0","tintindex":0},"north":{"uv":[0.0,0.0,0.0,0.46875],"rotation":0,"texture":"#0","tintindex":0},"west":{"uv":[5.15625,10.125,4.59375,10.59375],"rotation":0,"texture":"#0","tintindex":0},"up":{"uv":[0.0,0.5625,0.0,0.0],"rotation":0,"texture":"#0","tintindex":0},"down":{"uv":[0.0,0.0,0.0,0.5625],"rotation":0,"texture":"#0","tintindex":0}}},{"from":[8.208457,-12.038717,-11.776495],"to":[8.208457,0.88562584,3.023964],"rotation":{"angle":-45.0,"axis":"z","origin":[8.0,-5.576545,-1.8747787]},"faces":{"east":{"uv":[10.3125,9.21875,10.875,9.6875],"rotation":0,"texture":"#0","tintindex":0},"south":{"uv":[0.0,0.0,0.0,0.46875],"rotation":0,"texture":"#0","tintindex":0},"north":{"uv":[0.0,0.0,0.0,0.46875],"rotation":0,"texture":"#0","tintindex":0},"west":{"uv":[10.3125,9.21875,10.875,9.6875],"rotation":0,