{"textures":{"0":"modelengine:entity/mso_hakar"},"elements":[{"from":[8.241604,-16.0,-10.720005],"to":[8.241604,18.75675,32.0],"rotation":{"angle":0.0,"axis":"y","origin":[8.057691,20.454506,-1.1258478]},"faces":{"east":{"uv":[5.3125,2.65625,3.0,5.3125],"rotation":0,"texture":"#0","tintindex":0},"south":{"uv":[0.0,0.0,0.0,2.65625],"rotation":0,"texture":"#0","tintindex":0},"north":{"uv":[0.0,0.0,0.0,2.65625],"rotation":0,"texture":"#0","tintindex":0},"west":{"uv":[3.0,2.65625,5.3125,5.3125],"rotation":0,"texture":"#0","tintindex":0},"up":{"uv":[0.0,2.3125,0.0,0.0],"rotation":0,"texture":"#0","tintindex":0},"down":{"uv":[0.0,0.0,0.0,2.3125],"rotation":0,"texture":"#0","tintindex":0}}},{"from":[7.788631,19.43621,-5.1437874],"to":[7.788631,28.49567,29.155508],"rotation":{"angle":0.0,"axis":"y","origin":[8.057691,20.454506,-1.1258478]},"faces":{"east":{"uv":[7.28125,3.125,9.96875,3.75],"rotation":0,"texture":"#0","tintindex":0},"south":{"uv":[0.0,0.0,0.0,0.625],"rotation":0,"texture":"#0","tintindex":0},"north":{"uv":[0.0,0.0,0.0,0.625],"rotation":0,"texture":"#0","tintindex":0},"west":{"uv":[7.28125,3.75,9.96875,4.375],"rotation":0,"texture":"#0","tintindex":0},"up":{"uv":[0.0,2.6875,0.0,0.0],"rotation":0,"texture":"#0","tintindex":0},"down":{"uv":[0.0,0.0,0.0,2.6875],"rotation":0,"texture":"#0","tintindex":0}}},{"from":[6.8826847,18.75675,-1.5200033],"to":[9.147551,21.2481,23.393515],"rotation":{"angle":0.0,"axis":"y","origin":[8.057691,20.454506,-1.1258478]},"faces":{"east":{"uv":[8.15625,1.1875,9.0,1.375],"rotation":0,"texture":"#0","tintindex":0},"south":{"uv":[5.0,12.0,5.15625,12.1875],"rotation":0,"texture":"#0","tintindex":0},"north":{"uv":[12.0,4.09375,12.15625,4.28125],"rotation":0,"texture":"#0","tintindex":0},"west":{"uv":[8.125,1.1875,8.9375,1.375],"rotation":0,"texture":"#0","tintindex":0},"up":{"uv":[8.71875,5.0,8.5625,4.40625],"rotation":0,"texture":"#0","tintindex":0},"down":{"uv":[9.0,4.375,8.84375,5.0],"rotation":0,"texture":"#0","tintindex":0}}}],"display":{"head":{"translation":[0.0,-57.2239,36.84723],"scale":[4.0,4.0,4.0]}}}