{"textures":{"0":"modelengine:entity/mso_hakar"},"elements":[{"from":[6.3323426,12.7682705,7.5978765],"to":[9.667657,18.56338,18.77118],"rotation":{"angle":-45.0,"axis":"x","origin":[7.5830855,10.683699,18.729488]},"faces":{"east":{"uv":[2.0625,11.59375,2.46875,11.8125],"rotation":0,"texture":"#0","tintindex":0},"south":{"uv":[10.96875,11.96875,11.09375,12.1875],"rotation":0,"texture":"#0","tintindex":0},"north":{"uv":[9.21875,11.96875,9.34375,12.1875],"rotation":0,"texture":"#0","tintindex":0},"west":{"uv":[11.59375,5.65625,12.0,5.875],"rotation":0,"texture":"#0","tintindex":0},"up":{"uv":[5.0625,8.375,4.9375,7.96875],"rotation":0,"texture":"#0","tintindex":0},"down":{"uv":[4.4375,11.6875,4.3125,12.09375],"rotation":0,"texture":"#0","tintindex":0}}}],"display":{"head":{"translation":[0.0,-6.4,0.0],"scale":[4.0,4.0,4.0]}}}