{"textures":{"0":"modelengine:entity/mso_hakar"},"elements":[{"from":[8.0,-12.405161,10.8310585],"to":[8.0,-7.8191023,21.879288],"rotation":{"angle":0.0,"axis":"y","origin":[8.0,-100.061386,13.612123]},"faces":{"east":{"uv":[11.65625,5.28125,12.0625,5.46875],"rotation":0,"texture":"#0","tintindex":0},"south":{"uv":[0.0,0.0,0.0,0.1875],"rotation":0,"texture":"#0","tintindex":0},"north":{"uv":[0.0,0.0,0.0,0.1875],"rotation":0,"texture":"#0","tintindex":0},"west":{"uv":[12.0625,5.28125,11.65625,5.46875],"rotation":0,"texture":"#0","tintindex":0},"up":{"uv":[0.0,0.40625,0.0,0.0],"rotation":0,"texture":"#0","tintindex":0},"down":{"uv":[0.0,0.0,0.0,0.40625],"rotation":0,"texture":"#0","tintindex":0}}},{"from":[1.9547429,-11.988245,3.2432184],"to":[14.045258,2.1868405,13.249162],"rotation":{"angle":0.0,"axis":"y","origin":[8.0,-100.061386,13.612123]},"faces":{"east":{"uv":[10.84375,6.40625,10.46875,6.9375],"rotation":0,"texture":"#0","tintindex":0},"south":{"uv":[10.375,0.0,10.84375,0.53125],"rotation":0,"texture":"#0","tintindex":0},"north":{"uv":[8.3125,10.34375,8.78125,10.875],"rotation":0,"texture":"#0","tintindex":0},"west":{"uv":[10.46875,6.40625,10.84375,6.9375],"rotation":0,"texture":"#0","tintindex":0},"up":{"uv":[11.25,4.25,10.78125,3.875],"rotation":0,"texture":"#0","tintindex":0},"down":{"uv":[6.34375,10.78125,5.875,11.15625],"rotation":0,"texture":"#0","tintindex":0}}},{"from":[-0.5876179,-7.8017273,2.0526462],"to":[16.505869,-4.2579556,14.97699],"rotation":{"angle":0.0,"axis":"y","origin":[7.959126,-166.6214,13.672293]},"faces":{"east":{"uv":[9.78125,2.15625,10.28125,2.28125],"rotation":0,"texture":"#0","tintindex":0},"south":{"uv":[11.65625,5.15625,12.3125,5.28125],"rotation":0,"texture":"#0","tintindex":0},"north":{"uv":[11.625,9.34375,12.28125,9.46875],"rotation":0,"texture":"#0","tintindex":0},"west":{"uv":[10.59375,3.375,11.09375,3.5],"rotation":0,"texture":"#0","tintindex":0},"up":{"uv":[10.375,2.78125,9.71875,2.28125],"rotation":0,"texture":"#0","tintindex":0},"down":{"uv":[10.375,4.8125,9.71875,5.3125],"rotation":0,"texture":"#0","tintindex":0}}},{"from":[0.7873826,-0.31551266,3.6560912],"to":[15.212618,7.35571,11.327314],"rotation":{"angle":45.0,"axis":"x","origin":[7.0410976,1.6856756,6.3660345]},"faces":{"east":{"uv":[6.9375,11.59375,7.21875,11.875],"rotation":0,"texture":"#0","tintindex":0},"south":{"uv":[11.15625,2.78125,11.6875,3.0625],"rotation":0,"texture":"#0","tintindex":0},"north":{"uv":[11.15625,2.5,11.6875,2.78125],"rotation":0,"texture":"#0","tintindex":0},"west":{"uv":[9.5625,11.59375,9.84375,11.875],"rotation":0,"texture":"#0","tintindex":0},"up":{"uv":[11.6875,3.34375,11.15625,3.0625],"rotation":0,"texture":"#0","tintindex":0},"down":{"uv":[11.6875,7.59375,11.15625,7.875],"rotation":0,"texture":"#0","tintindex":0}}},{"from":[-0.17070293,-7.5932703,2.4695606],"to":[16.088955,6.5818167,14.560076],"rotation":{"angle":0.0,"axis":"y","origin":[7.959126,-149.73637,13.672293]},"faces":{"east":{"uv":[10.375,0.53125,10.84375,1.0625],"rotation":0,"texture":"#0","tintindex":0},"south":{"uv":[3.15625,9.5,3.78125,10.03125],"rotation":0,"texture":"#0","tintindex":0},"north":{"uv":[2.53125,9.5,3.15625,10.03125],"rotation":0,"texture":"#0","tintindex":0},"west":{"uv":[10.375,1.0625,10.84375,1.59375],"rotation":0,"texture":"#0","tintindex":0},"up":{"uv":[10.4375,9.21875,9.8125,8.75],"rotation":0,"texture":"#0","tintindex":0},"down":{"uv":[10.46875,6.46875,9.84375,6.9375],"rotation":0,"texture":"#0","tintindex":0}}},{"from":[2.0381255,-14.490599,3.8645482],"to":[13.961874,-7.403056,10.952091],"rotation":{"angle":45.0,"axis":"x","origin":[5.873737,-12.48941,6.5744915]},"faces":{"east":{"uv":[3.6875,11.71875,3.9375,11.96875],"rotation":0,"texture":"#0","tintindex":0},"south":{"uv":[11.375,8.65625,11.8125,8.90625],"rotation":0,"texture":"#0","tintindex":0},"north":{"uv":[11.375,7.3125,11.8125,7.5625],"rotation":0,"texture":"#0","tintindex":0},"west":{"uv":[11.71875,4.28125,11.96875,4.53125],"rotation":0,"texture":"#0","tintindex":0},"up":{"uv":[11.84375,9.8125,11.40625,9.5625],"rotation":0,"texture":"#0","tintindex":0},"down":{"uv":[11.84375,10.21875,11.40625,10.46875],"rotation":0,"texture":"#0","tintindex":0}}},{"from":[5.2491827,-1.9649267,0.8019037],"to":[10.669069,3.4549594,2.4695606],"rotation":{"angle":0.0,"axis":"y","origin":[7.959126,-149.73637,13.672293]},"faces":{"east":{"uv":[6.21875,7.21875,6.28125,7.40625],"rotation":0,"texture":"#0","tintindex":0},"south":{"uv":[11.875,10.4375,12.09375,10.625],"rotation":0,"texture":"#0","tintindex":0},"north":{"uv":[9.5625,11.875,9.78125,12.0625],"rotation":0,"texture":"#0","tintindex":0},"west":{"uv":[7.875,7.21875,7.9375,7.40625],"rotation":0,"texture":"#0","tintindex":0},"up":{"uv":[6.28125,5.75,6.0625,5.6875],"rotation":0,"texture":"#0","tintindex":0},"down":{"uv":[9.75,3.03125,9.53125,3.09375],"rotation":0,"texture":"#0","tintindex":0}}},{"from":[-0.5876179,5.7479877,2.0526462],"to":[16.505869,9.2917595,14.97699],"rotation":{"angle":0.0,"axis":"y","origin":[7.959126,-149.73637,13.672293]},"faces":{"east":{"uv":[9.21875,7.0625,9.71875,7.1875],"rotation":0,"texture":"#0","tintindex":0},"south":{"uv":[11.625,9.21875,12.28125,9.34375],"rotation":0,"texture":"#0","tintindex":0},"north":{"uv":[11.625,9.09375,12.28125,9.21875],"rotation":0,"texture":"#0","tintindex":0},"west":{"uv":[9.75,1.0,10.25,1.125],"rotation":0,"texture":"#0","tintindex":0},"up":{"uv":[1.90625,10.09375,1.25,9.59375],"rotation":0,"texture":"#0","tintindex":0},"down":{"uv":[10.375,1.125,9.71875,1.625],"rotation":0,"texture":"#0","tintindex":0}}}],"display":{"head":{"translation":[0.0,-6.4,0.0],"scale":[4.0,4.0,4.0]}}}