{"textures":{"0":"modelengine:entity/mso_hakar"},"elements":[{"from":[5.235858,6.764266,-0.17525291],"to":[10.764142,9.235734,7.889538],"rotation":{"angle":0.0,"axis":"y","origin":[8.58713,2.6138015,22.90664]},"faces":{"east":{"uv":[11.84375,10.1875,12.21875,10.3125],"rotation":0,"texture":"#0","tintindex":0},"south":{"uv":[3.625,11.96875,3.90625,12.09375],"rotation":0,"texture":"#0","tintindex":0},"north":{"uv":[3.09375,11.96875,3.375,12.09375],"rotation":0,"texture":"#0","tintindex":0},"west":{"uv":[11.84375,10.3125,12.21875,10.4375],"rotation":0,"texture":"#0","tintindex":0},"up":{"uv":[11.71875,4.65625,11.4375,4.28125],"rotation":0,"texture":"#0","tintindex":0},"down":{"uv":[7.71875,11.4375,7.4375,11.8125],"rotation":0,"texture":"#0","tintindex":0}}}],"display":{"head":{"translation":[0.0,-6.4,0.0],"scale":[4.0,4.0,4.0]}}}