{"textures":{"0":"modelengine:entity/mso_hakar"},"elements":[{"from":[3.9350858,6.127799,1.7144098],"to":[12.064915,8.729344,9.714161],"rotation":{"angle":0.0,"axis":"y","origin":[8.58713,1.9773345,10.715437]},"faces":{"east":{"uv":[11.84375,9.5625,12.21875,9.6875],"rotation":0,"texture":"#0","tintindex":0},"south":{"uv":[11.8125,7.3125,12.21875,7.4375],"rotation":0,"texture":"#0","tintindex":0},"north":{"uv":[11.78125,3.3125,12.1875,3.4375],"rotation":0,"texture":"#0","tintindex":0},"west":{"uv":[11.84375,9.6875,12.21875,9.8125],"rotation":0,"texture":"#0","tintindex":0},"up":{"uv":[1.875,11.46875,1.46875,11.09375],"rotation":0,"texture":"#0","tintindex":0},"down":{"uv":[4.1875,11.09375,3.78125,11.46875],"rotation":0,"texture":"#0","tintindex":0}}}],"display":{"head":{"translation":[0.0,-6.4,0.0],"scale":[4.0,4.0,4.0]}}}