{"textures":{"0":"modelengine:entity/mso_hakar"},"elements":[{"from":[5.498514,7.4326234,6.568994],"to":[10.501486,15.5207615,17.82568],"rotation":{"angle":-22.5,"axis":"x","origin":[7.5830855,8.016303,15.741109]},"faces":{"east":{"uv":[5.65625,11.21875,5.21875,11.53125],"rotation":0,"texture":"#0","tintindex":0},"south":{"uv":[3.9375,11.71875,4.125,12.03125],"rotation":0,"texture":"#0","tintindex":0},"north":{"uv":[7.4375,10.75,7.625,11.0625],"rotation":0,"texture":"#0","tintindex":0},"west":{"uv":[5.21875,11.21875,5.65625,11.53125],"rotation":0,"texture":"#0","tintindex":0},"up":{"uv":[3.375,11.96875,3.1875,11.53125],"rotation":0,"texture":"#0","tintindex":0},"down":{"uv":[5.1875,11.5625,5.0,12.0],"rotation":0,"texture":"#0","tintindex":0}}}],"display":{"head":{"translation":[0.0,-6.4,0.0],"scale":[4.0,4.0,4.0]}}}