{"textures":{"0":"modelengine:entity/mso_hakar"},"elements":[{"from":[7.624337,29.541004,-1.3234062],"to":[8.271441,32.0,5.212348],"rotation":{"angle":45.0,"axis":"x","origin":[7.7532716,3.454432,-35.185814]},"faces":{"east":{"uv":[11.9375,8.46875,12.25,8.59375],"rotation":0,"texture":"#0","tintindex":0},"south":{"uv":[8.4375,8.875,8.46875,9.0],"rotation":0,"texture":"#0","tintindex":0},"north":{"uv":[0.65625,8.875,0.6875,9.0],"rotation":0,"texture":"#0","tintindex":0},"west":{"uv":[11.9375,8.875,12.25,9.0],"rotation":0,"texture":"#0","tintindex":0},"up":{"uv":[5.3125,5.625,5.28125,5.3125],"rotation":0,"texture":"#0","tintindex":0},"down":{"uv":[6.28125,4.5625,6.25,4.875],"rotation":0,"texture":"#0","tintindex":0}}}],"display":{"head":{"translation":[0.0,31.92811,0.0],"scale":[4.0,4.0,4.0]}}}