{"textures":{"0":"modelengine:entity/mso_hakar"},"elements":[{"from":[5.290057,3.3059735,5.545172],"to":[10.709943,8.308945,11.381972],"rotation":{"angle":0.0,"axis":"y","origin":[8.0,-57.45929,14.663333]},"faces":{"east":{"uv":[10.9375,2.5,11.15625,2.6875],"rotation":0,"texture":"#0","tintindex":0},"south":{"uv":[11.875,1.40625,12.09375,1.59375],"rotation":0,"texture":"#0","tintindex":0},"north":{"uv":[7.28125,4.375,7.5,4.5625],"rotation":0,"texture":"#0","tintindex":0},"west":{"uv":[11.875,7.125,12.09375,7.3125],"rotation":0,"texture":"#0","tintindex":0},"up":{"uv":[12.03125,8.875,11.8125,8.65625],"rotation":0,"texture":"#0","tintindex":0},"down":{"uv":[11.46875,11.8125,11.25,12.03125],"rotation":0,"texture":"#0","tintindex":0}}},{"from":[5.37344,2.0165014,6.2987914],"to":[10.62656,6.102262,10.467935],"rotation":{"angle":45.0,"axis":"x","origin":[8.0,3.6007762,7.5495343]},"faces":{"east":{"uv":[12.0,6.3125,12.15625,6.46875],"rotation":0,"texture":"#0","tintindex":0},"south":{"uv":[10.4375,2.6875,10.625,2.84375],"rotation":0,"texture":"#0","tintindex":0},"north":{"uv":[8.96875,9.875,9.15625,10.03125],"rotation":0,"texture":"#0","tintindex":0},"west":{"uv":[6.625,12.0,6.78125,12.15625],"rotation":0,"texture":"#0","tintindex":0},"up":{"uv":[11.4375,4.25,11.25,4.09375],"rotation":0,"texture":"#0","tintindex":0},"down":{"uv":[12.1875,1.59375,12.0,1.75],"rotation":0,"texture":"#0","tintindex":0}}},{"from":[8.0,2.889059,10.42307],"to":[8.0,7.8920307,16.051413],"rotation":{"angle":0.0,"axis":"y","origin":[8.0,-57.45929,14.663333]},"faces":{"east":{"uv":[11.90625,6.0625,12.125,6.25],"rotation":0,"texture":"#0","tintindex":0},"south":{"uv":[0.0,0.0,0.0,0.1875],"rotation":0,"texture":"#0","tintindex":0},"north":{"uv":[0.0,0.0,0.0,0.1875],"rotation":0,"texture":"#0","tintindex":0},"west":{"uv":[12.125,6.0625,11.90625,6.25],"rotation":0,"texture":"#0","tintindex":0},"up":{"uv":[0.0,0.21875,0.0,0.0],"rotation":0,"texture":"#0","tintindex":0},"down":{"uv":[0.0,0.0,0.0,0.21875],"rotation":0,"texture":"#0","tintindex":0}}},{"from":[7.0857143,2.889059,10.42307],"to":[7.0857143,7.8920307,16.051413],"rotation":{"angle":-22.5,"axis":"y","origin":[8.0,5.390545,13.237242]},"faces":{"east":{"uv":[11.90625,6.0625,12.125,6.25],"rotation":0,"texture":"#0","tintindex":0},"south":{"uv":[0.0,0.0,0.0,0.1875],"rotation":0,"texture":"#0","tintindex":0},"north":{"uv":[0.0,0.0,0.0,0.1875],"rotation":0,"texture":"#0","tintindex":0},"west":{"uv":[12.125,6.0625,11.90625,6.25],"rotation":0,"texture":"#0","tintindex":0},"up":{"uv":[0.0,0.21875,0.0,0.0],"rotation":0,"texture":"#0","tintindex":0},"down":{"uv":[0.0,0.0,0.0,0.21875],"rotation":0,"texture":"#0","tintindex":0}}}],"display":{"head":{"translation":[0.0,-6.4,0.0],"scale":[4.0,4.0,4.0]}}}