{"textures":{"0":"modelengine:entity/mso_hakar"},"elements":[{"from":[7.1661716,5.3688993,7.7375464],"to":[8.833829,18.001404,12.240221],"rotation":{"angle":22.5,"axis":"x","origin":[8.0,12.185449,11.7399235]},"faces":{"east":{"uv":[0.59375,11.53125,0.75,12.0],"rotation":0,"texture":"#0","tintindex":0},"south":{"uv":[1.21875,11.84375,1.28125,12.3125],"rotation":0,"texture":"#0","tintindex":0},"north":{"uv":[1.25,9.09375,1.3125,9.5625],"rotation":0,"texture":"#0","tintindex":0},"west":{"uv":[1.3125,11.625,1.46875,12.09375],"rotation":0,"texture":"#0","tintindex":0},"up":{"uv":[4.3125,7.96875,4.25,7.8125],"rotation":0,"texture":"#0","tintindex":0},"down":{"uv":[8.0,10.1875,7.9375,10.34375],"rotation":0,"texture":"#0","tintindex":0}}},{"from":[8.0,12.581517,3.2348719],"to":[8.0,31.34266,12.240221],"rotation":{"angle":22.5,"axis":"x","origin":[8.0,12.185449,11.7399235]},"faces":{"east":{"uv":[7.65625,10.34375,8.0,11.0625],"rotation":0,"texture":"#0","tintindex":0},"south":{"uv":[0.0,0.0,0.0,0.71875],"rotation":0,"texture":"#0","tintindex":0},"north":{"uv":[0.0,0.0,0.0,0.71875],"rotation":0,"texture":"#0","tintindex":0},"west":{"uv":[1.6875,10.375,2.03125,11.09375],"rotation":0,"texture":"#0","tintindex":0},"up":{"uv":[0.0,0.34375,0.0,0.0],"rotation":0,"texture":"#0","tintindex":0},"down":{"uv":[0.0,0.0,0.0,0.34375],"rotation":0,"texture":"#0","tintindex":0}}}],"display":{"head":{"translation":[0.0,-6.4,0.0],"scale":[4.0,4.0,4.0]}}}