{"textures":{"0":"modelengine:entity/mso_hakar"},"elements":[{"from":[4.0393143,1.9750872,3.4286366],"to":[11.960686,8.645716,11.766922],"rotation":{"angle":0.0,"axis":"y","origin":[8.0,-69.8384,13.380626]},"faces":{"east":{"uv":[3.375,11.625,3.6875,11.875],"rotation":0,"texture":"#0","tintindex":0},"south":{"uv":[11.6875,1.59375,12.0,1.84375],"rotation":0,"texture":"#0","tintindex":0},"north":{"uv":[7.625,8.625,7.9375,8.875],"rotation":0,"texture":"#0","tintindex":0},"west":{"uv":[11.6875,2.25,12.0,2.5],"rotation":0,"texture":"#0","tintindex":0},"up":{"uv":[0.59375,11.84375,0.28125,11.53125],"rotation":0,"texture":"#0","tintindex":0},"down":{"uv":[2.0625,11.53125,1.75,11.84375],"rotation":0,"texture":"#0","tintindex":0}}},{"from":[8.0,1.3497157,10.599563],"to":[8.0,8.020345,17.270191],"rotation":{"angle":0.0,"axis":"y","origin":[8.0,-69.8384,13.380626]},"faces":{"east":{"uv":[8.5625,11.75,8.8125,12.0],"rotation":0,"texture":"#0","tintindex":0},"south":{"uv":[0.0,0.0,0.0,0.25],"rotation":0,"texture":"#0","tintindex":0},"north":{"uv":[0.0,0.0,0.0,0.25],"rotation":0,"texture":"#0","tintindex":0},"west":{"uv":[8.8125,11.75,8.5625,12.0],"rotation":0,"texture":"#0","tintindex":0},"up":{"uv":[0.0,0.25,0.0,0.0],"rotation":0,"texture":"#0","tintindex":0},"down":{"uv":[0.0,0.0,0.0,0.25],"rotation":0,"texture":"#0","tintindex":0}}},{"from":[4.122697,0.06320763,4.7094297],"to":[11.877303,5.9000072,10.629613],"rotation":{"angle":45.0,"axis":"x","origin":[8.0,2.564693,6.4604697]},"faces":{"east":{"uv":[11.8125,11.3125,12.03125,11.53125],"rotation":0,"texture":"#0","tintindex":0},"south":{"uv":[2.0625,11.8125,2.34375,12.03125],"rotation":0,"texture":"#0","tintindex":0},"north":{"uv":[11.8125,2.03125,12.09375,2.25],"rotation":0,"texture":"#0","tintindex":0},"west":{"uv":[11.8125,11.53125,12.03125,11.75],"rotation":0,"texture":"#0","tintindex":0},"up":{"uv":[12.09375,4.09375,11.8125,3.875],"rotation":0,"texture":"#0","tintindex":0},"down":{"uv":[5.46875,11.8125,5.1875,12.03125],"rotation":0,"texture":"#0","tintindex":0}}}],"display":{"head":{"translation":[0.0,-6.4,0.0],"scale":[4.0,4.0,4.0]}}}