{"textures":{"0":"modelengine:entity/mso_hakar"},"elements":[{"from":[3.8308568,2.8031998,2.0608454],"to":[12.169144,8.64,16.069166],"rotation":{"angle":0.0,"axis":"y","origin":[-14.096458,-134.46584,13.513727]},"faces":{"east":{"uv":[0.6875,8.0625,1.21875,8.28125],"rotation":0,"texture":"#0","tintindex":0},"south":{"uv":[11.5,11.6875,11.8125,11.90625],"rotation":0,"texture":"#0","tintindex":0},"north":{"uv":[7.125,9.78125,7.4375,10.0],"rotation":0,"texture":"#0","tintindex":0},"west":{"uv":[11.28125,2.03125,11.8125,2.25],"rotation":0,"texture":"#0","tintindex":0},"up":{"uv":[4.25,8.59375,3.9375,8.0625],"rotation":0,"texture":"#0","tintindex":0},"down":{"uv":[1.65625,10.46875,1.34375,11.0],"rotation":0,"texture":"#0","tintindex":0}}},{"from":[4.6646852,-3.8674288,2.7279081],"to":[11.335315,6.138514,18.570652],"rotation":{"angle":0.0,"axis":"y","origin":[-14.096458,-134.46584,13.513727]},"faces":{"east":{"uv":[10.375,4.8125,10.96875,5.1875],"rotation":0,"texture":"#0","tintindex":0},"south":{"uv":[11.59375,0.65625,11.84375,1.03125],"rotation":0,"texture":"#0","tintindex":0},"north":{"uv":[11.5625,11.3125,11.8125,11.6875],"rotation":0,"texture":"#0","tintindex":0},"west":{"uv":[10.375,8.125,10.96875,8.5],"rotation":0,"texture":"#0","tintindex":0},"up":{"uv":[4.4375,11.71875,4.1875,11.125],"rotation":0,"texture":"#0","tintindex":0},"down":{"uv":[4.4375,11.09375,4.1875,11.6875],"rotation":0,"texture":"#0","tintindex":0}}}],"display":{"head":{"translation":[0.0,-6.4,0.0],"scale":[4.0,4.0,4.0]}}}