{"textures":{"0":"modelengine:entity/mso_hakar"},"elements":[{"from":[6.3323426,19.91426,11.430099],"to":[9.667657,24.958923,20.185299],"rotation":{"angle":-45.0,"axis":"x","origin":[7.5830855,10.658762,28.315128]},"faces":{"east":{"uv":[2.46875,11.71875,2.8125,11.90625],"rotation":0,"texture":"#0","tintindex":0},"south":{"uv":[3.90625,12.03125,4.03125,12.21875],"rotation":0,"texture":"#0","tintindex":0},"north":{"uv":[12.03125,2.90625,12.15625,3.09375],"rotation":0,"texture":"#0","tintindex":0},"west":{"uv":[2.8125,11.71875,3.15625,11.90625],"rotation":0,"texture":"#0","tintindex":0},"up":{"uv":[7.125,12.21875,7.0,11.875],"rotation":0,"texture":"#0","tintindex":0},"down":{"uv":[7.25,11.875,7.125,12.21875],"rotation":0,"texture":"#0","tintindex":0}}}],"display":{"head":{"translation":[0.0,-6.4,0.0],"scale":[4.0,4.0,4.0]}}}