{"textures":{"0":"modelengine:entity/mso_hakar"},"elements":[{"from":[2.997521,8.783081,7.866988],"to":[13.01347,20.733929,18.178864],"rotation":{"angle":-22.5,"axis":"x","origin":[8.410991,8.392634,9.645551]},"faces":{"east":{"uv":[7.5,5.125,8.21875,5.9375],"rotation":0,"texture":"#0","tintindex":0},"south":{"uv":[0.0,8.0625,0.6875,8.875],"rotation":0,"texture":"#0","tintindex":0},"north":{"uv":[4.25,7.96875,4.9375,8.78125],"rotation":0,"texture":"#0","tintindex":0},"west":{"uv":[8.21875,5.125,7.5,5.9375],"rotation":0,"texture":"#0","tintindex":0},"up":{"uv":[8.90625,5.84375,8.21875,5.125],"rotation":0,"texture":"#0","tintindex":0},"down":{"uv":[0.6875,8.0625,0.0,8.78125],"rotation":0,"texture":"#0","tintindex":0}}},{"from":[7.9810414,9.297096,12.003893],"to":[13.808502,16.30826,17.512665],"rotation":{"angle":-45.0,"axis":"x","origin":[8.410991,8.392634,9.645551]},"faces":{"east":{"uv":[3.40625,10.78125,3.78125,11.25],"rotation":0,"texture":"#0","tintindex":0},"south":{"uv":[0.5625,10.65625,0.96875,11.125],"rotation":0,"texture":"#0","tintindex":0},"north":{"uv":[2.03125,8.3125,2.4375,8.78125],"rotation":0,"texture":"#0","tintindex":0},"west":{"uv":[10.84375,0.28125,11.21875,0.75],"rotation":0,"texture":"#0","tintindex":0},"up":{"uv":[11.375,9.125,10.96875,8.75],"rotation":0,"texture":"#0","tintindex":0},"down":{"uv":[11.40625,10.21875,11.0,10.59375],"rotation":0,"texture":"#0","tintindex":0}}},{"from":[12.943489,15.84943,7.9924216],"to":[13.85403,18.717632,13.890424],"rotation":{"angle":-22.5,"axis":"x","origin":[8.410991,8.392634,9.645551]},"faces":{"east":{"uv":[11.5625,5.875,12.03125,6.0625],"rotation":0,"texture":"#0","tintindex":0},"south":{"uv":[9.65625,4.8125,9.71875,5.0],"rotation":0,"texture":"#0","tintindex":0},"north":{"uv":[4.1875,8.59375,4.25,8.78125],"rotation":0,"texture":"#0","tintindex":0},"west":{"uv":[6.1875,11.59375,6.65625,11.78125],"rotation":0,"texture":"#0","tintindex":0},"up":{"uv":[4.3125,7.34375,4.25,6.875],"rotation":0,"texture":"#0","tintindex":0},"down":{"uv":[4.3125,7.34375,4.25,7.8125],"rotation":0,"texture":"#0","tintindex":0}}},{"from":[8.0,-2.8444614,4.4156256],"to":[8.0,24.216003,31.484344],"rotation":{"angle":-45.0,"axis":"x","origin":[8.410991,8.392634,9.645551]},"faces":{"east":{"uv":[0.0,0.0,3.0,2.53125],"rotation":0,"texture":"#0","tintindex":0},"south":{"uv":[0.0,0.0,0.0,2.53125],"rotation":0,"texture":"#0","tintindex":0},"north":{"uv":[0.0,0.0,0.0,2.53125],"rotation":0,"texture":"#0","tintindex":0},"west":{"uv":[3.0,0.0,0.0,2.53125],"rotation":0,"texture":"#0","tintindex":0},"up":{"uv":[0.0,3.0,0.0,0.0],"rotation":0,"texture":"#0","tintindex":0},"down":{"uv":[0.0,0.0,0.0,3.0],"rotation":0,"texture":"#0","tintindex":0}}},{"from":[2.156961,15.84943,7.9924216],"to":[3.0675015,18.717632,13.890424],"rotation":{"angle":-22.5,"axis":"x","origin":[8.410991,8.392634,9.645551]},"faces":{"east":{"uv":[6.65625,11.59375,6.1875,11.78125],"rotation":0,"texture":"#0","tintindex":0},"south":{"uv":[9.71875,4.8125,9.65625,5.0],"rotation":0,"texture":"#0","tintindex":0},"north":{"uv":[4.25,8.59375,4.1875,8.78125],"rotation":0,"texture":"#0","tintindex":0},"west":{"uv":[12.03125,5.875,11.5625,6.0625],"rotation":0,"texture":"#0","tintindex":0},"up":{"uv":[4.25,7.34375,4.3125,6.875],"rotation":0,"texture":"#0","tintindex":0},"down":{"uv":[4.25,7.34375,4.3125,7.8125],"rotation":0,"texture":"#0","tintindex":0}}},{"from":[2.2024884,9.297096,12.003893],"to":[8.029949,16.30826,17.512665],"rotation":{"angle":-45.0,"axis":"x","origin":[8.410991,8.392634,9.645551]},"faces":{"east":{"uv":[11.21875,0.28125,10.84375,0.75],"rotation":0,"texture":"#0","tintindex":0},"south":{"uv":[0.96875,10.65625,0.5625,11.125],"rotation":0,"texture":"#0","tintindex":0},"north":{"uv":[2.4375,8.3125,2.03125,8.78125],"rotation":0,"texture":"#0","tintindex":0},"west":{"uv":[3.78125,10.78125,3.40625,11.25],"rotation":0,"texture":"#0","tintindex":0},"up":{"uv":[10.96875,9.125,11.375,8.75],"rotation":0,"texture":"#0","tintindex":0},"down":{"uv":[11.0,10.21875,11.40625,10.59375],"rotation":0,"texture":"#0","tintindex":0}}},{"from":[3.4472961,14.408283,2.6088943],"to":[12.552704,18.27808,8.52741],"rotation":{"angle":-22.5,"axis":"x","origin":[8.410991,8.392634,9.645551]},"faces":{"east":{"uv":[6.125,10.03125,6.53125,10.3125],"rotation":0,"texture":"#0","tintindex":0},"south":{"uv":[10.84375,0.0,11.46875,0.28125],"rotation":0,"texture":"#0","tintindex":0},"north":{"uv":[10.78125,9.6875,11.40625,9.96875],"rotation":0,"texture":"#0","tintindex":0},"west":{"uv":[6.53125,10.03125,6.125,10.3125],"rotation":0,"texture":"#0","tintindex":0},"up":{"uv":[10.96875,2.03125,10.34375,1.625],"rotation":0,"texture":"#0","tintindex":0},"down":{"uv":[7.65625,10.34375,7.03125,10.75],"rotation":0,"texture":"#0","tintindex":0}}},{"from":[6.7480063,16.301544,5.680498],"to":[9.251993,20.39898,22.11576],"rotation":{"angle":-45.0,"axis":"x","origin":[8.410991,8.392634,9.645551]},"faces":{"east":{"uv":[9.71875,5.3125,10.84375,5.59375],"rotation":0,"texture":"#0","tintindex":0},"south":{"uv":[11.8125,6.3125,12.0,6.59375],"rotation":0,"texture":"#0","tintindex":0},"north":{"uv":[1.6875,10.09375,1.875,10.375],"rotation":0,"texture":"#0","tintindex":0},"west":{"uv":[9.71875,5.59375,10.84375,5.875],"rotation":0,"texture":"#0","tintindex":0},"up":{"uv":[6.25,5.6875,6.0625,4.5625],"rotation":0,"texture":"#0","tintindex":0},"down":{"uv":[3.40625,10.40625,3.21875,11.53125],"rotation":0,"texture":"#0","tintindex":0}}},{"from":[3.5611138,7.887634,-8.2102585],"to":[12.438887,10.300567,-1.4267302],"rotation":{"angle":22.5,"axis":"x","origin":[8.410991,8.392634,9.645551]},"faces":{"east":{"uv":[9.8125,9.21875,10.28125,9.375],"rotation":0,"texture":"#0","tintindex":0},"south":{"uv":[11.5625,3.5,12.1875,3.65625],"rotation":0,"texture":"#0","tintindex":0},"north":{"uv":[2.5625,11.5625,3.1875,11.71875],"rotation":0,"texture":"#0","tintindex":0},"west":{"uv":[11.6875,3.15625,12.15625,3.3125],"rotation":0,"texture":"#0","tintindex":0},"up":{"uv":[10.375,10.375,9.75,9.90625],"rotation":0,"texture":"#0","tintindex":0},"down":{"uv":[10.59375,3.03125,9.96875,3.5],"rotation":0,"texture":"#0","tintindex":0}}},{"from":[4.082645,8.077784,-8.032181],"to":[4.082645,11.209406,7.3559585],"rotation":{"angle":0.0,"axis":"y","origin":[8.410991,8.392634,9.645551]},"faces":{"east":{"uv":[11.375,7.59375,10.3125,7.40625],"rotation":0,"texture":"#0","tintindex":0},"south":{"uv":[0.0,0.1875,0.0,0.0],"rotation":0,"texture":"#0","tintindex":0},"north":{"uv":[0.0,0.1875,0.0,0.0],"rotation":0,"texture":"#0","tintindex":0},"west":{"uv":[10.3125,7.59375,11.375,7.40625],"rotation":0,"texture":"#0","tintindex":0},"up":{"uv":[0.0,0.0,0.0,1.0625],"rotation":0,"texture":"#0","tintindex":0},"down":{"uv":[0.0,1.0625,0.0,0.0],"rotation":0,"texture":"#0","tintindex":0}}},{"from":[11.928346,8.077784,-8.032181],"to":[11.928346,11.209406,7.3559585],"rotation":{"angle":0.0,"axis":"y","origin":[8.410991,8.392634,9.645551]},"faces":{"east":{"uv":[11.375,7.59375,10.3125,7.40625],"rotation":0,"texture":"#0","tintindex":0},"south":{"uv":[0.0,0.1875,0.0,0.0],"rotation":0,"texture":"#0","tintindex":0},"north":{"uv":[0.0,0.1875,0.0,0.0],"rotation":0,"texture":"#0","tintindex":0},"west":{"uv":[10.3125,7.59375,11.375,7.40625],"rotation":0,"texture":"#0","tintindex":0},"up":{"uv":[0.0,0.0,0.0,1.0625],"rotation":0,"texture":"#0","tintindex":0},"down":{"uv":[0.0,1.0625,0.0,0.0],"rotation":0,"texture":"#0","tintindex":0}}},{"from":[3.3334785,11.257557,-7.033739],"to":[12.666521,14.854193,6.7609544],"rotation":{"angle":0.0,"axis":"y","origin":[8.410991,8.392634,9.645551]},"faces":{"east":{"uv":[1.21875,6.625,2.15625,6.875],"rotation":0,"texture":"#0","tintindex":0},"south":{"uv":[10.78125,9.96875,11.4375,10.21875],"rotation":0,"texture":"#0","tintindex":0},"north":{"uv":[2.15625,5.0625,2.8125,5.3125],"rotation":0,"texture":"#0","tintindex":0},"west":{"uv":[2.15625,6.625,1.21875,6.875],"rotation":0,"texture":"#0","tintindex":0},