{"textures":{"0":"modelengine:entity/mso_hakar"},"elements":[{"from":[11.479256,7.1923537,9.248842],"to":[15.064718,11.136363,26.459064],"rotation":{"angle":0.0,"axis":"y","origin":[6.4596076,-4.6381016,25.898434]},"faces":{"east":{"uv":[9.03125,4.5,8.34375,4.6875],"rotation":0,"texture":"#0","tintindex":0},"south":{"uv":[12.15625,3.65625,12.0,3.84375],"rotation":0,"texture":"#0","tintindex":0},"north":{"uv":[8.65625,4.71875,8.5,4.90625],"rotation":0,"texture":"#0","tintindex":0},"west":{"uv":[9.03125,4.46875,8.34375,4.65625],"rotation":0,"texture":"#0","tintindex":0},"up":{"uv":[8.625,5.0,8.78125,4.40625],"rotation":0,"texture":"#0","tintindex":0},"down":{"uv":[8.625,4.46875,8.78125,5.03125],"rotation":0,"texture":"#0","tintindex":0}}}],"display":{"head":{"translation":[0.0,-6.4,0.0],"scale":[4.0,4.0,4.0]}}}