{"textures":{"0":"modelengine:entity/mso_hakar"},"elements":[{"from":[-0.58605766,3.2054853,2.2710853],"to":[8.586057,12.794515,11.4432],"rotation":{"angle":0.0,"axis":"y","origin":[26.096458,-171.16891,11.806161]},"faces":{"east":{"uv":[0.34375,9.53125,0.0,9.90625],"rotation":0,"texture":"#0","tintindex":0},"south":{"uv":[8.84375,4.4375,8.5,4.8125],"rotation":0,"texture":"#0","tintindex":0},"north":{"uv":[8.875,4.4375,8.53125,4.8125],"rotation":0,"texture":"#0","tintindex":0},"west":{"uv":[8.96875,4.4375,8.625,4.8125],"rotation":0,"texture":"#0","tintindex":0},"up":{"uv":[8.625,4.78125,8.96875,4.4375],"rotation":0,"texture":"#0","tintindex":0},"down":{"uv":[8.5625,4.4375,8.90625,4.78125],"rotation":0,"texture":"#0","tintindex":0}}}],"display":{"head":{"translation":[0.0,-6.4,0.0],"scale":[4.0,4.0,4.0]}}}