{"textures":{"0":"modelengine:entity/mso_taloc_head"},"elements":[{"from":[4.360052,1.591599,8.4630995],"to":[11.639948,12.12829,14.01881],"rotation":{"angle":22.5,"axis":"x","origin":[8.0,15.576662,12.4862]},"faces":{"east":{"uv":[13.0625,13.9375,13.3125,14.375],"rotation":0,"texture":"#0","tintindex":0},"south":{"uv":[6.6875,13.6875,7.0,14.125],"rotation":0,"texture":"#0","tintindex":0},"north":{"uv":[13.6875,6.25,14.0,6.6875],"rotation":0,"texture":"#0","tintindex":0},"west":{"uv":[14.0,4.4375,14.25,4.875],"rotation":0,"texture":"#0","tintindex":0},"up":{"uv":[8.6875,14.4375,8.375,14.1875],"rotation":0,"texture":"#0","tintindex":0},"down":{"uv":[14.5,10.25,14.1875,10.5],"rotation":0,"texture":"#0","tintindex":0}}}],"display":{"head":{"translation":[0.0,-6.4,0.0],"scale":[4.0,4.0,4.0]}}}