{"textures":{"0":"modelengine:entity/mso_taloc_head"},"elements":[{"from":[-0.14198875,6.2031875,-7.0519123],"to":[16.141989,21.050343,1.7605939],"rotation":{"angle":0.0,"axis":"y","origin":[8.0,-102.995255,35.28643]},"faces":{"east":{"uv":[1.5,12.8125,1.875,13.4375],"rotation":0,"texture":"#0","tintindex":0},"south":{"uv":[0.4375,11.6875,1.125,12.3125],"rotation":0,"texture":"#0","tintindex":0},"north":{"uv":[11.4375,0.0,12.125,0.625],"rotation":0,"texture":"#0","tintindex":0},"west":{"uv":[12.8125,2.25,13.1875,2.875],"rotation":0,"texture":"#0","tintindex":0},"up":{"uv":[13.3125,12.5,12.625,12.125],"rotation":0,"texture":"#0","tintindex":0},"down":{"uv":[13.3125,12.5,12.625,12.875],"rotation":0,"texture":"#0","tintindex":0}}},{"from":[3.6895351,9.183262,-8.488733],"to":[12.310465,17.218819,-7.0519123],"rotation":{"angle":0.0,"axis":"y","origin":[8.0,-102.995255,35.28643]},"faces":{"east":{"uv":[4.0,5.625,4.0625,5.9375],"rotation":0,"texture":"#0","tintindex":0},"south":{"uv":[4.5,13.875,4.875,14.1875],"rotation":0,"texture":"#0","tintindex":0},"north":{"uv":[13.8125,2.5,14.1875,2.8125],"rotation":0,"texture":"#0","tintindex":0},"west":{"uv":[4.0,5.9375,4.0625,6.25],"rotation":0,"texture":"#0","tintindex":0},"up":{"uv":[4.4375,5.1875,4.0625,5.125],"rotation":0,"texture":"#0","tintindex":0},"down":{"uv":[5.75,3.0,5.375,3.0625],"rotation":0,"texture":"#0","tintindex":0}}},{"from":[0.8158922,1.4137821,-4.4656334],"to":[15.184108,9.07683,9.423642],"rotation":{"angle":-22.5,"axis":"x","origin":[8.0,3.8084846,1.5211239]},"faces":{"east":{"uv":[13.25,3.5625,13.8125,3.875],"rotation":0,"texture":"#0","tintindex":0},"south":{"uv":[12.875,11.3125,13.5,11.625],"rotation":0,"texture":"#0","tintindex":0},"north":{"uv":[4.3125,8.5,4.9375,8.8125],"rotation":0,"texture":"#0","tintindex":0},"west":{"uv":[13.25,3.875,13.8125,4.1875],"rotation":0,"texture":"#0","tintindex":0},"up":{"uv":[12.5625,1.8125,11.9375,1.25],"rotation":0,"texture":"#0","tintindex":0},"down":{"uv":[12.5625,1.8125,11.9375,2.375],"rotation":0,"texture":"#0","tintindex":0}}},{"from":[0.33695173,4.287425,-3.0288115],"to":[15.663048,23.445045,10.381523],"rotation":{"angle":0.0,"axis":"y","origin":[8.0,-102.995255,35.28643]},"faces":{"east":{"uv":[10.875,1.5,11.4375,2.3125],"rotation":0,"texture":"#0","tintindex":0},"south":{"uv":[10.625,8.4375,11.25,9.25],"rotation":0,"texture":"#0","tintindex":0},"north":{"uv":[10.625,7.625,11.25,8.4375],"rotation":0,"texture":"#0","tintindex":0},"west":{"uv":[5.6875,10.875,6.25,11.6875],"rotation":0,"texture":"#0","tintindex":0},"up":{"uv":[8.75,12.3125,8.125,11.75],"rotation":0,"texture":"#0","tintindex":0},"down":{"uv":[12.375,9.25,11.75,9.8125],"rotation":0,"texture":"#0","tintindex":0}}},{"from":[14.705168,14.2880335,3.1974154],"to":[20.931393,18.5985,7.0289397],"rotation":{"angle":0.0,"axis":"y","origin":[8.0,-102.51631,34.32855]},"faces":{"east":{"uv":[11.0625,7.4375,11.25,7.625],"rotation":0,"texture":"#0","tintindex":0},"south":{"uv":[12.0625,5.625,12.3125,5.8125],"rotation":0,"texture":"#0","tintindex":0},"north":{"uv":[10.8125,11.8125,11.0625,12.0],"rotation":0,"texture":"#0","tintindex":0},"west":{"uv":[12.6875,4.5625,12.875,4.75],"rotation":0,"texture":"#0","tintindex":0},"up":{"uv":[14.625,11.875,14.375,11.6875],"rotation":0,"texture":"#0","tintindex":0},"down":{"uv":[14.6875,9.4375,14.4375,9.625],"rotation":0,"texture":"#0","tintindex":0}}},{"from":[14.705168,9.340747,3.6763558],"to":[21.889275,12.693331,7.0289397],"rotation":{"angle":0.0,"axis":"y","origin":[8.0,-108.263596,34.32855]},"faces":{"east":{"uv":[14.25,14.125,14.375,14.25],"rotation":0,"texture":"#0","tintindex":0},"south":{"uv":[14.375,8.6875,14.6875,8.8125],"rotation":0,"texture":"#0","tintindex":0},"north":{"uv":[13.875,7.0625,14.1875,7.1875],"rotation":0,"texture":"#0","tintindex":0},"west":{"uv":[14.3125,13.0,14.4375,13.125],"rotation":0,"texture":"#0","tintindex":0},"up":{"uv":[14.6875,10.0625,14.375,9.9375],"rotation":0,"texture":"#0","tintindex":0},"down":{"uv":[14.8125,0.25,14.5,0.375],"rotation":0,"texture":"#0","tintindex":0}}},{"from":[-4.9313936,14.2880335,3.1974154],"to":[1.2948327,18.5985,7.0289397],"rotation":{"angle":0.0,"axis":"y","origin":[8.0,-102.51631,34.32855]},"faces":{"east":{"uv":[12.875,4.5625,12.6875,4.75],"rotation":0,"texture":"#0","tintindex":0},"south":{"uv":[12.3125,5.625,12.0625,5.8125],"rotation":0,"texture":"#0","tintindex":0},"north":{"uv":[11.0625,11.8125,10.8125,12.0],"rotation":0,"texture":"#0","tintindex":0},"west":{"uv":[11.25,7.4375,11.0625,7.625],"rotation":0,"texture":"#0","tintindex":0},"up":{"uv":[14.375,11.875,14.625,11.6875],"rotation":0,"texture":"#0","tintindex":0},"down":{"uv":[14.4375,9.4375,14.6875,9.625],"rotation":0,"texture":"#0","tintindex":0}}},{"from":[-5.8892756,9.340747,3.6763558],"to":[1.2948327,12.693331,7.0289397],"rotation":{"angle":0.0,"axis":"y","origin":[8.0,-108.263596,34.32855]},"faces":{"east":{"uv":[14.4375,13.0,14.3125,13.125],"rotation":0,"texture":"#0","tintindex":0},"south":{"uv":[14.6875,8.6875,14.375,8.8125],"rotation":0,"texture":"#0","tintindex":0},"north":{"uv":[14.1875,7.0625,13.875,7.1875],"rotation":0,"texture":"#0","tintindex":0},"west":{"uv":[14.375,14.125,14.25,14.25],"rotation":0,"texture":"#0","tintindex":0},"up":{"uv":[14.375,10.0625,14.6875,9.9375],"rotation":0,"texture":"#0","tintindex":0},"down":{"uv":[14.5,0.25,14.8125,0.375],"rotation":0,"texture":"#0","tintindex":0}}},{"from":[12.789406,8.118949,-3.0288115],"to":[17.578812,19.613522,7.9868207],"rotation":{"angle":-22.5,"axis":"y","origin":[10.394703,13.866236,3.6763558]},"faces":{"east":{"uv":[12.875,6.6875,13.3125,7.1875],"rotation":0,"texture":"#0","tintindex":0},"south":{"uv":[3.625,13.6875,3.8125,14.1875],"rotation":0,"texture":"#0","tintindex":0},"north":{"uv":[5.5,11.8125,5.6875,12.3125],"rotation":0,"texture":"#0","tintindex":0},"west":{"uv":[10.1875,12.875,10.625,13.375],"rotation":0,"texture":"#0","tintindex":0},"up":{"uv":[1.125,12.75,0.9375,12.3125],"rotation":0,"texture":"#0","tintindex":0},"down":{"uv":[6.5625,14.0625,6.375,14.5],"rotation":0,"texture":"#0","tintindex":0}}},{"from":[-1.5788107,8.118949,-3.0288115],"to":[3.2105947,19.613522,7.9868207],"rotation":{"angle":22.5,"axis":"y","origin":[5.605297,13.866236,3.6763558]},"faces":{"east":{"uv":[10.625,12.875,11.0625,13.375],"rotation":0,"texture":"#0","tintindex":0},"south":{"uv":[7.875,13.875,8.0625,14.375],"rotation":0,"texture":"#0","tintindex":0},"north":{"uv":[1.6875,13.875,1.875,14.375],"rotation":0,"texture":"#0","tintindex":0},"west":{"uv":[12.625,12.875,13.0625,13.375],"rotation":0,"texture":"#0","tintindex":0},"up":{"uv":[14.25,10.9375,14.0625,10.5],"rotation":0,"texture":"#0","tintindex":0},"down":{"uv":[11.75,14.0625,11.5625,14.5],"rotation":0,"texture":"#0","tintindex":0}}},{"from":[4.360052,17.314608,-4.3698454],"to":[11.639948,27.659723,5.208966],"rotation":{"angle":-22.5,"axis":"x","origin":[8.0,13.866236,3.6763558]},"faces":{"east":{"uv":[6.125,13.0625,6.5625,13.5],"rotation":0,"texture":"#0","tintindex":0},"south":{"uv":[13.625,12.6875,13.9375,13.125],"rotation":0,"texture":"#0","tintindex":0},"north":{"uv":[13.625,10.0625,13.9375,10.5],"rotation":0,"texture":"#0","tintindex":0},"west":{"uv":[13.1875,0.5625,13.625,1.0],"rotation":0,"texture":"#0","tintindex":0},"up":{"uv":[14.0625,10.9375,13.75,10.5],"rotation":0,"texture":"#0","tintindex":0},"down":{"uv":[0.5625,13.8125,0.25,14.25],"rotation":0,"texture":"#0","tintindex":0}}},{"from":[4.168476,23.828197,-5.3277254],"to":[11.831524,27.659723,5.0173893],"rotation":{"angle":22.5,"axis":"x","origin":[8.0,14.824117,-3.7951164]},"faces":{"east":{"uv":[14.1875,10.0625,14.625,10.25],"rotation":0,"texture":"#0","tintindex":0},"south":{"uv":[14.375,8.25,14.6875,8.4375],"rotation":0,"texture":"#0","tintindex":0},"north":{"uv":[14.375,8.0625,14.6875,8.25],"rotation":0,"texture":"#0","tintindex":0},"west":{"uv":[10.1875,14.1875,10.625,14.375],"rotation":0,"texture":"#0","tintindex":0},