{"textures":{"0":"modelengine:entity/skeletonchest_v2"},"elements":[{"from":[7.714286,8.85393,3.8726916],"to":[11.897143,12.932217,6.6612635],"rotation":{"angle":0.0,"axis":"y","origin":[7.714286,13.9257145,8.571428]},"faces":{"east":{"uv":[2.0,10.5,1.5,11.21875],"rotation":0,"texture":"#0","tintindex":0},"south":{"uv":[5.75,8.5,6.5,9.21875],"rotation":0,"texture":"#0","tintindex":0},"north":{"uv":[5.0,8.5,5.75,9.21875],"rotation":0,"texture":"#0","tintindex":0},"west":{"uv":[0.0,10.25,0.5,10.96875],"rotation":0,"texture":"#0","tintindex":0},"up":{"uv":[10.125,6.5,10.875,6.0],"rotation":0,"texture":"#0","tintindex":0},"down":{"uv":[3.875,10.125,3.125,10.625],"rotation":0,"texture":"#0","tintindex":0}}},{"from":[3.5662856,8.85393,3.8726916],"to":[7.7491426,12.932217,6.6612635],"rotation":{"angle":0.0,"axis":"y","origin":[7.714286,13.9257145,8.571428]},"faces":{"east":{"uv":[10.375,0.375,10.875,1.09375],"rotation":0,"texture":"#0","tintindex":0},"south":{"uv":[6.5,8.875,7.25,9.59375],"rotation":0,"texture":"#0","tintindex":0},"north":{"uv":[5.75,8.5,5.0,9.21875],"rotation":0,"texture":"#0","tintindex":0},"west":{"uv":[1.5,10.5,2.0,11.21875],"rotation":0,"texture":"#0","tintindex":0},"up":{"uv":[10.875,6.5,10.125,6.0],"rotation":0,"texture":"#0","tintindex":0},"down":{"uv":[9.5,10.125,8.75,10.625],"rotation":0,"texture":"#0","tintindex":0}}},{"from":[9.780613,7.9825015,2.6296515],"to":[14.660613,12.862502,5.3136516],"rotation":{"angle":-22.5,"axis":"y","origin":[7.714286,13.9257145,8.571428]},"faces":{"east":{"uv":[7.121875,4.75,6.640625,5.625],"rotation":0,"texture":"#0","tintindex":0},"south":{"uv":[8.0,4.75,7.125,5.625],"rotation":0,"texture":"#0","tintindex":0},"north":{"uv":[6.28125,4.75,7.125,5.625],"rotation":0,"texture":"#0","tintindex":0},"west":{"uv":[8.25,9.625,8.71875,10.5],"rotation":0,"texture":"#0","tintindex":0},"up":{"uv":[1.0,10.21875,1.875,9.75],"rotation":0,"texture":"#0","tintindex":0},"down":{"uv":[9.625,9.625,8.75,10.09375],"rotation":0,"texture":"#0","tintindex":0}}},{"from":[0.80016184,7.9825015,2.642991],"to":[5.680162,12.862502,5.326991],"rotation":{"angle":22.5,"axis":"y","origin":[7.714286,13.9257145,8.571428]},"faces":{"east":{"uv":[8.71875,9.625,8.25,10.5],"rotation":0,"texture":"#0","tintindex":0},"south":{"uv":[7.125,4.75,8.0,5.625],"rotation":0,"texture":"#0","tintindex":0},"north":{"uv":[7.125,4.75,6.28125,5.625],"rotation":0,"texture":"#0","tintindex":0},"west":{"uv":[6.640625,4.75,7.121875,5.625],"rotation":0,"texture":"#0","tintindex":0},"up":{"uv":[1.875,10.21875,1.0,9.75],"rotation":0,"texture":"#0","tintindex":0},"down":{"uv":[10.625,1.375,9.75,1.84375],"rotation":0,"texture":"#0","tintindex":0}}},{"from":[11.103251,10.01528,4.0469775],"to":[13.787252,10.8518505,13.458406],"rotation":{"angle":-22.5,"axis":"z","origin":[7.714286,13.9257145,8.571428]},"faces":{"east":{"uv":[10.75,2.25,12.4375,2.40625],"rotation":0,"texture":"#0","tintindex":0},"south":{"uv":[8.21875,6.0,7.75,6.15625],"rotation":0,"texture":"#0","tintindex":0},"north":{"uv":[7.75,6.0,8.21875,6.15625],"rotation":0,"texture":"#0","tintindex":0},"west":{"uv":[10.75,10.5,12.4375,10.65625],"rotation":0,"texture":"#0","tintindex":0},"up":{"uv":[0.96875,8.1875,0.5,6.5],"rotation":0,"texture":"#0","tintindex":0},"down":{"uv":[6.96875,6.25,6.5,7.9375],"rotation":0,"texture":"#0","tintindex":0}}},{"from":[7.714286,8.85393,6.3126917],"to":[10.729429,12.792788,10.844121],"rotation":{"angle":0.0,"axis":"y","origin":[7.714286,13.9257145,8.571428]},"faces":{"east":{"uv":[0.0,8.375,0.8125,9.09375],"rotation":0,"texture":"#0","tintindex":0},"south":{"uv":[2.5,9.75,3.03125,10.46875],"rotation":0,"texture":"#0","tintindex":0},"north":{"uv":[1.875,9.75,2.40625,10.46875],"rotation":0,"texture":"#0","tintindex":0},"west":{"uv":[8.375,6.0,9.1875,6.71875],"rotation":0,"texture":"#0","tintindex":0},"up":{"uv":[10.03125,3.6875,9.5,2.875],"rotation":0,"texture":"#0","tintindex":0},"down":{"uv":[10.03125,8.75,9.5,9.5625],"rotation":0,"texture":"#0","tintindex":0}}},{"from":[4.734,8.85393,6.3126917],"to":[7.7491426,12.792788,10.844121],"rotation":{"angle":0.0,"axis":"y","origin":[7.714286,13.9257145,8.571428]},"faces":{"east":{"uv":[8.375,6.75,9.1875,7.46875],"rotation":0,"texture":"#0","tintindex":0},"south":{"uv":[10.0,7.625,10.53125,8.34375],"rotation":0,"texture":"#0","tintindex":0},"north":{"uv":[4.125,9.875,4.65625,10.59375],"rotation":0,"texture":"#0","tintindex":0},"west":{"uv":[4.125,8.5,4.9375,9.21875],"rotation":0,"texture":"#0","tintindex":0},"up":{"uv":[9.5,3.6875,10.03125,2.875],"rotation":0,"texture":"#0","tintindex":0},"down":{"uv":[7.65625,9.625,7.125,10.4375],"rotation":0,"texture":"#0","tintindex":0}}},{"from":[1.6735239,10.00194,4.0469775],"to":[4.357524,10.838511,13.458406],"rotation":{"angle":22.5,"axis":"z","origin":[7.714286,13.9257145,8.571428]},"faces":{"east":{"uv":[10.75,10.75,12.4375,10.90625],"rotation":0,"texture":"#0","tintindex":0},"south":{"uv":[7.75,6.0,8.21875,6.15625],"rotation":0,"texture":"#0","tintindex":0},"north":{"uv":[8.21875,6.0,7.75,6.15625],"rotation":0,"texture":"#0","tintindex":0},"west":{"uv":[10.875,0.375,12.5625,0.53125],"rotation":0,"texture":"#0","tintindex":0},"up":{"uv":[7.46875,7.9375,7.0,6.25],"rotation":0,"texture":"#0","tintindex":0},"down":{"uv":[1.46875,7.25,1.0,8.9375],"rotation":0,"texture":"#0","tintindex":0}}},{"from":[0.080571175,7.9825015,6.347549],"to":[4.734,12.792788,11.018406],"rotation":{"angle":0.0,"axis":"y","origin":[7.714286,13.9257145,8.571428]},"faces":{"east":{"uv":[8.0,4.75,8.84375,5.625],"rotation":0,"texture":"#0","tintindex":0},"south":{"uv":[6.5,8.0,7.34375,8.875],"rotation":0,"texture":"#0","tintindex":0},"north":{"uv":[7.875,0.875,8.71875,1.75],"rotation":0,"texture":"#0","tintindex":0},"west":{"uv":[7.446875,4.75,6.609375,5.6125],"rotation":0,"texture":"#0","tintindex":0},"up":{"uv":[8.96875,3.96875,8.125,3.125],"rotation":0,"texture":"#0","tintindex":0},"down":{"uv":[4.09375,8.125,3.25,8.96875],"rotation":0,"texture":"#0","tintindex":0}}},{"from":[3.5662856,8.85393,10.844121],"to":[7.7317142,12.932217,13.632692],"rotation":{"angle":0.0,"axis":"y","origin":[7.714286,13.9257145,8.571428]},"faces":{"east":{"uv":[2.0,10.5,2.5,11.21875],"rotation":0,"texture":"#0","tintindex":0},"south":{"uv":[5.0,8.5,5.75,9.21875],"rotation":0,"texture":"#0","tintindex":0},"north":{"uv":[7.25,8.875,8.0,9.59375],"rotation":0,"texture":"#0","tintindex":0},"west":{"uv":[1.5,10.25,1.0,10.96875],"rotation":0,"texture":"#0","tintindex":0},"up":{"uv":[10.875,6.0,10.125,6.5],"rotation":0,"texture":"#0","tintindex":0},"down":{"uv":[10.875,9.25,10.125,9.75],"rotation":0,"texture":"#0","tintindex":0}}},{"from":[7.7317142,8.85393,10.844121],"to":[11.897143,12.932217,13.632692],"rotation":{"angle":0.0,"axis":"y","origin":[7.714286,13.9257145,8.571428]},"faces":{"east":{"uv":[1.0,10.25,1.5,10.96875],"rotation":0,"texture":"#0","tintindex":0},"south":{"uv":[5.75,8.5,5.0,9.21875],"rotation":0,"texture":"#0","tintindex":0},"north":{"uv":[8.625,2.125,9.375,2.84375],"rotation":0,"texture":"#0","tintindex":0},"west":{"uv":[10.25,1.875,10.75,2.59375],"rotation":0,"texture":"#0","tintindex":0},"up":{"uv":[10.125,6.0,10.875,6.5],"rotation":0,"texture":"#0","tintindex":0},"down":{"uv":[6.25,10.125,5.5,10.625],"rotation":0,"texture":"#0","tintindex":0}}},{"from":[10.729429,7.9825015,6.347549],"to":[15.382857,12.792788,11.018406],"rotation":{"angle":0.0,"axis":"y","origin":[7.714286,13.9257145,8.571428]},"faces":{"east":{"uv":[6.609375,4.75,7.446875,5.6125],"rotation":0,"texture":"#0","tintindex":0},"south":{"uv":[7.5,7.125,8.34375,8.0],"rotation":0,"texture":"#0","tintindex":0},"north":{"uv":[7.375,0.0,8.21875,0.875],"rotation":0,"texture":"#0","tintindex":0},"west":{"uv":[7.75,2.25,8.59375,3.125],"rotation":0,"texture":"#0","tintindex":0},"up":{"uv":[8.125,3.96875,8.96875,3.125],"rotation":0,"texture":"#0","tintindex":0},"down":{"uv":[3.21875,8.125,2.375,8.96875],"rotation":0,"texture":"#0",