{"textures":{"0":"modelengine:entity/skeletonmace"},"elements":[{"from":[7.6887302,9.3714285,7.7714286],"to":[8.374444,10.4,8.4],"rotation":{"angle":0.0,"axis":"y","origin":[10.0,12.628572,7.428571]},"faces":{"east":{"uv":[5.75,7.75,5.875,7.96875],"rotation":0,"texture":"#0","tintindex":0},"south":{"uv":[1.5,7.75,1.65625,7.96875],"rotation":0,"texture":"#0","tintindex":0},"north":{"uv":[1.25,7.75,1.40625,7.96875],"rotation":0,"texture":"#0","tintindex":0},"west":{"uv":[7.75,5.75,7.875,5.96875],"rotation":0,"texture":"#0","tintindex":0},"up":{"uv":[5.28125,8.0,5.125,7.875],"rotation":0,"texture":"#0","tintindex":0},"down":{"uv":[8.03125,5.125,7.875,5.25],"rotation":0,"texture":"#0","tintindex":0}}},{"from":[7.4030156,9.6,7.6571426],"to":[8.660158,10.228572,8.514286],"rotation":{"angle":0.0,"axis":"y","origin":[10.0,11.828571,7.428571]},"faces":{"east":{"uv":[2.0,7.875,2.1875,8.0],"rotation":0,"texture":"#0","tintindex":0},"south":{"uv":[7.75,0.625,8.03125,0.75],"rotation":0,"texture":"#0","tintindex":0},"north":{"uv":[7.75,0.5,8.03125,0.625],"rotation":0,"texture":"#0","tintindex":0},"west":{"uv":[7.875,2.0,8.0625,2.125],"rotation":0,"texture":"#0","tintindex":0},"up":{"uv":[5.90625,7.5625,5.625,7.375],"rotation":0,"texture":"#0","tintindex":0},"down":{"uv":[7.65625,6.625,7.375,6.8125],"rotation":0,"texture":"#0","tintindex":0}}},{"from":[6.5458727,7.542857,7.2],"to":[9.517302,9.3714285,8.4],"rotation":{"angle":0.0,"axis":"y","origin":[10.0,12.628572,7.428571]},"faces":{"east":{"uv":[1.5,5.875,1.75,6.28125],"rotation":0,"texture":"#0","tintindex":0},"south":{"uv":[3.375,0.5,4.03125,0.90625],"rotation":0,"texture":"#0","tintindex":0},"north":{"uv":[3.375,0.0,4.03125,0.40625],"rotation":0,"texture":"#0","tintindex":0},"west":{"uv":[1.75,5.875,2.0,6.28125],"rotation":0,"texture":"#0","tintindex":0},"up":{"uv":[5.15625,3.125,4.5,2.875],"rotation":0,"texture":"#0","tintindex":0},"down":{"uv":[5.15625,3.125,4.5,3.375],"rotation":0,"texture":"#0","tintindex":0}}}],"display":{"head":{"translation":[0.0,-6.4,0.0],"scale":[4.0,4.0,4.0]}}}