{"textures":{"0":"modelengine:entity/skeletonmace"},"elements":[{"from":[6.748312,9.3714285,4.9142857],"to":[7.3197403,9.942858,5.485714],"rotation":{"angle":45.0,"axis":"z","origin":[8.691169,8.285714,6.742857]},"faces":{"east":{"uv":[1.375,4.375,1.5,4.5],"rotation":0,"texture":"#0","tintindex":0},"south":{"uv":[2.875,5.0,3.0,5.125],"rotation":0,"texture":"#0","tintindex":0},"north":{"uv":[1.25,3.375,1.375,3.5],"rotation":0,"texture":"#0","tintindex":0},"west":{"uv":[5.125,5.0,5.25,5.125],"rotation":0,"texture":"#0","tintindex":0},"up":{"uv":[1.625,5.875,1.5,5.75],"rotation":0,"texture":"#0","tintindex":0},"down":{"uv":[5.25,6.0,5.125,6.125],"rotation":0,"texture":"#0","tintindex":0}}},{"from":[6.717013,6.7693977,6.8],"to":[9.0027275,9.112255,7.4857144],"rotation":{"angle":22.5,"axis":"x","origin":[7.85987,7.512255,6.742857]},"faces":{"east":{"uv":[4.5,6.5,4.65625,7.0],"rotation":0,"texture":"#0","tintindex":0},"south":{"uv":[4.0,1.0,4.5,1.5],"rotation":0,"texture":"#0","tintindex":0},"north":{"uv":[2.125,1.0,2.625,1.5],"rotation":0,"texture":"#0","tintindex":0},"west":{"uv":[2.25,6.625,2.40625,7.125],"rotation":0,"texture":"#0","tintindex":0},"up":{"uv":[1.75,6.90625,1.25,6.75],"rotation":0,"texture":"#0","tintindex":0},"down":{"uv":[7.25,1.25,6.75,1.40625],"rotation":0,"texture":"#0","tintindex":0}}},{"from":[7.02113,6.540827,5.034718],"to":[8.69861,7.3408265,5.7204323],"rotation":{"angle":0.0,"axis":"y","origin":[7.8986106,7.512255,6.4632893]},"faces":{"east":{"uv":[1.75,7.75,1.90625,7.9375],"rotation":0,"texture":"#0","tintindex":0},"south":{"uv":[6.75,5.375,7.125,5.5625],"rotation":0,"texture":"#0","tintindex":0},"north":{"uv":[4.125,0.75,4.5,0.9375],"rotation":0,"texture":"#0","tintindex":0},"west":{"uv":[2.75,7.75,2.90625,7.9375],"rotation":0,"texture":"#0","tintindex":0},"up":{"uv":[7.75,0.90625,7.375,0.75],"rotation":0,"texture":"#0","tintindex":0},"down":{"uv":[7.75,1.0,7.375,1.15625],"rotation":0,"texture":"#0","tintindex":0}}},{"from":[6.717013,7.569398,4.971429],"to":[9.0027275,8.083684,5.714286],"rotation":{"angle":0.0,"axis":"y","origin":[7.85987,7.512255,6.4]},"faces":{"east":{"uv":[4.375,7.875,4.53125,8.0],"rotation":0,"texture":"#0","tintindex":0},"south":{"uv":[7.25,6.875,7.75,7.0],"rotation":0,"texture":"#0","tintindex":0},"north":{"uv":[6.75,7.25,7.25,7.375],"rotation":0,"texture":"#0","tintindex":0},"west":{"uv":[4.625,7.875,4.78125,8.0],"rotation":0,"texture":"#0","tintindex":0},"up":{"uv":[2.25,6.90625,1.75,6.75],"rotation":0,"texture":"#0","tintindex":0},"down":{"uv":[7.25,3.75,6.75,3.90625],"rotation":0,"texture":"#0","tintindex":0}}},{"from":[6.1455846,8.083684,5.028571],"to":[9.574156,10.940826,8.457143],"rotation":{"angle":0.0,"axis":"y","origin":[7.85987,7.512255,6.742857]},"faces":{"east":{"uv":[2.625,0.0,3.375,0.625],"rotation":0,"texture":"#0","tintindex":0},"south":{"uv":[2.625,0.625,3.375,1.25],"rotation":0,"texture":"#0","tintindex":0},"north":{"uv":[1.875,2.5,2.625,3.125],"rotation":0,"texture":"#0","tintindex":0},"west":{"uv":[2.625,1.25,3.375,1.875],"rotation":0,"texture":"#0","tintindex":0},"up":{"uv":[2.125,0.75,1.375,0.0],"rotation":0,"texture":"#0","tintindex":0},"down":{"uv":[2.125,0.75,1.375,1.5],"rotation":0,"texture":"#0","tintindex":0}}},{"from":[6.4312987,6.540827,5.485714],"to":[7.117013,7.0551124,7.542857],"rotation":{"angle":-22.5,"axis":"y","origin":[7.85987,7.512255,6.742857]},"faces":{"east":{"uv":[7.375,1.5,7.8125,1.625],"rotation":0,"texture":"#0","tintindex":0},"south":{"uv":[4.875,7.875,5.03125,8.0],"rotation":0,"texture":"#0","tintindex":0},"north":{"uv":[7.875,4.75,8.03125,4.875],"rotation":0,"texture":"#0","tintindex":0},"west":{"uv":[7.375,1.625,7.8125,1.75],"rotation":0,"texture":"#0","tintindex":0},"up":{"uv":[6.40625,7.5625,6.25,7.125],"rotation":0,"texture":"#0","tintindex":0},"down":{"uv":[0.40625,7.25,0.25,7.6875],"rotation":0,"texture":"#0","tintindex":0}}},{"from":[8.602727,6.540827,5.485714],"to":[9.288442,7.0551124,7.542857],"rotation":{"angle":22.5,"axis":"y","origin":[7.85987,7.512255,6.742857]},"faces":{"east":{"uv":[7.375,1.75,7.8125,1.875],"rotation":0,"texture":"#0","tintindex":0},"south":{"uv":[7.875,5.0,8.03125,5.125],"rotation":0,"texture":"#0","tintindex":0},"north":{"uv":[7.875,4.875,8.03125,5.0],"rotation":0,"texture":"#0","tintindex":0},"west":{"uv":[7.375,3.375,7.8125,3.5],"rotation":0,"texture":"#0","tintindex":0},"up":{"uv":[0.65625,7.6875,0.5,7.25],"rotation":0,"texture":"#0","tintindex":0},"down":{"uv":[1.40625,7.25,1.25,7.6875],"rotation":0,"texture":"#0","tintindex":0}}},{"from":[8.4,9.3714285,4.9142857],"to":[8.971429,9.942858,5.485714],"rotation":{"angle":-45.0,"axis":"z","origin":[7.028571,8.285714,6.742857]},"faces":{"east":{"uv":[6.375,1.625,6.5,1.75],"rotation":0,"texture":"#0","tintindex":0},"south":{"uv":[6.75,1.5,6.875,1.625],"rotation":0,"texture":"#0","tintindex":0},"north":{"uv":[6.125,3.375,6.25,3.5],"rotation":0,"texture":"#0","tintindex":0},"west":{"uv":[4.375,6.875,4.5,7.0],"rotation":0,"texture":"#0","tintindex":0},"up":{"uv":[7.0,6.0,6.875,5.875],"rotation":0,"texture":"#0","tintindex":0},"down":{"uv":[6.125,7.0,6.0,7.125],"rotation":0,"texture":"#0","tintindex":0}}}],"display":{"head":{"translation":[0.0,-6.4,0.0],"scale":[4.0,4.0,4.0]}}}