{"textures":{"0":"modelengine:entity/skeletonmace"},"elements":[{"from":[3.3398414,7.9428573,7.542857],"to":[4.596984,9.2,8.742857],"rotation":{"angle":45.0,"axis":"z","origin":[7.2,12.914286,8.342857]},"faces":{"east":{"uv":[3.625,7.125,3.875,7.40625],"rotation":0,"texture":"#0","tintindex":0},"south":{"uv":[5.75,6.625,6.03125,6.90625],"rotation":0,"texture":"#0","tintindex":0},"north":{"uv":[6.625,2.625,6.90625,2.90625],"rotation":0,"texture":"#0","tintindex":0},"west":{"uv":[3.875,7.125,4.125,7.40625],"rotation":0,"texture":"#0","tintindex":0},"up":{"uv":[7.40625,4.25,7.125,4.0],"rotation":0,"texture":"#0","tintindex":0},"down":{"uv":[7.40625,4.25,7.125,4.5],"rotation":0,"texture":"#0","tintindex":0}}},{"from":[7.4541273,4.9142857,7.714286],"to":[8.596984,7.3142858,8.571428],"rotation":{"angle":0.0,"axis":"y","origin":[7.2,12.914286,8.342857]},"faces":{"east":{"uv":[2.75,6.25,2.9375,6.78125],"rotation":0,"texture":"#0","tintindex":0},"south":{"uv":[5.25,5.0,5.5,5.53125],"rotation":0,"texture":"#0","tintindex":0},"north":{"uv":[5.25,2.625,5.5,3.15625],"rotation":0,"texture":"#0","tintindex":0},"west":{"uv":[6.25,3.125,6.4375,3.65625],"rotation":0,"texture":"#0","tintindex":0},"up":{"uv":[3.25,7.8125,3.0,7.625],"rotation":0,"texture":"#0","tintindex":0},"down":{"uv":[4.625,7.625,4.375,7.8125],"rotation":0,"texture":"#0","tintindex":0}}},{"from":[1.6255555,6.1714287,7.542857],"to":[2.8826985,7.428571,8.742857],"rotation":{"angle":45.0,"axis":"z","origin":[7.2,12.914286,8.342857]},"faces":{"east":{"uv":[4.125,7.125,4.375,7.40625],"rotation":0,"texture":"#0","tintindex":0},"south":{"uv":[6.75,0.5,7.03125,0.78125],"rotation":0,"texture":"#0","tintindex":0},"north":{"uv":[0.0,6.75,0.28125,7.03125],"rotation":0,"texture":"#0","tintindex":0},"west":{"uv":[6.0,7.125,6.25,7.40625],"rotation":0,"texture":"#0","tintindex":0},"up":{"uv":[7.40625,4.75,7.125,4.5],"rotation":0,"texture":"#0","tintindex":0},"down":{"uv":[7.40625,5.375,7.125,5.625],"rotation":0,"texture":"#0","tintindex":0}}}],"display":{"head":{"translation":[0.0,-6.4,0.0],"scale":[4.0,4.0,4.0]}}}