{"textures":{"0":"modelengine:entity/skeletonmace"},"elements":[{"from":[6.996984,2.603712,4.9714284],"to":[7.568413,8.889427,11.257143],"rotation":{"angle":0.0,"axis":"y","origin":[7.2826986,-1.7962875,8.971429]},"faces":{"east":{"uv":[0.0,0.0,1.375,1.375],"rotation":0,"texture":"#0","tintindex":0},"south":{"uv":[1.625,4.5,1.75,5.875],"rotation":0,"texture":"#0","tintindex":0},"north":{"uv":[4.5,1.25,4.625,2.625],"rotation":0,"texture":"#0","tintindex":0},"west":{"uv":[0.0,1.375,1.375,2.75],"rotation":0,"texture":"#0","tintindex":0},"up":{"uv":[1.875,5.875,1.75,4.5],"rotation":0,"texture":"#0","tintindex":0},"down":{"uv":[2.0,4.5,1.875,5.875],"rotation":0,"texture":"#0","tintindex":0}}},{"from":[6.8826985,8.632945,6.519913],"to":[7.6826987,9.752945,9.7199135],"rotation":{"angle":0.0,"axis":"y","origin":[1.9097772,6.2956576,8.057316]},"faces":{"east":{"uv":[4.375,3.875,5.0625,4.125],"rotation":0,"texture":"#0","tintindex":0},"south":{"uv":[3.625,7.5,3.8125,7.75],"rotation":0,"texture":"#0","tintindex":0},"north":{"uv":[3.375,7.5,3.5625,7.75],"rotation":0,"texture":"#0","tintindex":0},"west":{"uv":[4.5,2.625,5.1875,2.875],"rotation":0,"texture":"#0","tintindex":0},"up":{"uv":[0.1875,6.0625,0.0,5.375],"rotation":0,"texture":"#0","tintindex":0},"down":{"uv":[0.4375,5.375,0.25,6.0625],"rotation":0,"texture":"#0","tintindex":0}}},{"from":[6.91127,9.035963,6.7882786],"to":[7.654127,9.915963,9.988279],"rotation":{"angle":45.0,"axis":"x","origin":[1.9097772,6.2956576,8.057316]},"faces":{"east":{"uv":[0.5,5.375,1.1875,5.5625],"rotation":0,"texture":"#0","tintindex":0},"south":{"uv":[7.75,3.5,7.90625,3.6875],"rotation":0,"texture":"#0","tintindex":0},"north":{"uv":[3.375,7.75,3.53125,7.9375],"rotation":0,"texture":"#0","tintindex":0},"west":{"uv":[5.375,3.75,6.0625,3.9375],"rotation":0,"texture":"#0","tintindex":0},"up":{"uv":[5.40625,6.3125,5.25,5.625],"rotation":0,"texture":"#0","tintindex":0},"down":{"uv":[5.90625,2.625,5.75,3.3125],"rotation":0,"texture":"#0","tintindex":0}}},{"from":[6.8826985,4.290203,11.102655],"to":[7.6826987,7.4902034,11.982656],"rotation":{"angle":0.0,"axis":"y","origin":[1.9097772,6.2956576,8.057316]},"faces":{"east":{"uv":[5.375,4.0,5.5625,4.6875],"rotation":0,"texture":"#0","tintindex":0},"south":{"uv":[5.5,1.25,5.6875,1.9375],"rotation":0,"texture":"#0","tintindex":0},"north":{"uv":[1.25,5.375,1.4375,6.0625],"rotation":0,"texture":"#0","tintindex":0},"west":{"uv":[5.5,2.625,5.6875,3.3125],"rotation":0,"texture":"#0","tintindex":0},"up":{"uv":[6.4375,7.8125,6.25,7.625],"rotation":0,"texture":"#0","tintindex":0},"down":{"uv":[6.9375,7.625,6.75,7.8125],"rotation":0,"texture":"#0","tintindex":0}}},{"from":[6.91127,2.101953,6.2148795],"to":[7.654127,2.9819531,9.41488],"rotation":{"angle":-45.0,"axis":"x","origin":[1.9097772,6.2956576,8.057316]},"faces":{"east":{"uv":[5.375,4.75,6.0625,4.9375],"rotation":0,"texture":"#0","tintindex":0},"south":{"uv":[3.875,7.75,4.03125,7.9375],"rotation":0,"texture":"#0","tintindex":0},"north":{"uv":[3.625,7.75,3.78125,7.9375],"rotation":0,"texture":"#0","tintindex":0},"west":{"uv":[5.5,0.0,6.1875,0.1875],"rotation":0,"texture":"#0","tintindex":0},"up":{"uv":[3.40625,6.4375,3.25,5.75],"rotation":0,"texture":"#0","tintindex":0},"down":{"uv":[3.65625,5.75,3.5,6.4375],"rotation":0,"texture":"#0","tintindex":0}}},{"from":[6.8826985,2.027461,6.519913],"to":[7.6826987,2.9874616,9.7199135],"rotation":{"angle":0.0,"axis":"y","origin":[1.9097772,6.2956576,8.057316]},"faces":{"east":{"uv":[4.75,0.0,5.4375,0.21875],"rotation":0,"texture":"#0","tintindex":0},"south":{"uv":[4.875,7.625,5.0625,7.84375],"rotation":0,"texture":"#0","tintindex":0},"north":{"uv":[4.625,7.625,4.8125,7.84375],"rotation":0,"texture":"#0","tintindex":0},"west":{"uv":[4.75,0.25,5.4375,0.46875],"rotation":0,"texture":"#0","tintindex":0},"up":{"uv":[5.6875,5.6875,5.5,5.0],"rotation":0,"texture":"#0","tintindex":0},"down":{"uv":[0.6875,5.625,0.5,6.3125],"rotation":0,"texture":"#0","tintindex":0}}},{"from":[6.91127,2.1904788,6.7882786],"to":[7.654127,3.070479,9.988279],"rotation":{"angle":45.0,"axis":"x","origin":[1.9097772,6.2956576,8.057316]},"faces":{"east":{"uv":[5.5,0.25,6.1875,0.4375],"rotation":0,"texture":"#0","tintindex":0},"south":{"uv":[4.125,7.75,4.28125,7.9375],"rotation":0,"texture":"#0","tintindex":0},"north":{"uv":[7.75,4.0,7.90625,4.1875],"rotation":0,"texture":"#0","tintindex":0},"west":{"uv":[5.5,2.0,6.1875,2.1875],"rotation":0,"texture":"#0","tintindex":0},"up":{"uv":[3.90625,6.4375,3.75,5.75],"rotation":0,"texture":"#0","tintindex":0},"down":{"uv":[4.15625,5.75,4.0,6.4375],"rotation":0,"texture":"#0","tintindex":0}}},{"from":[6.8826985,4.290203,4.2571716],"to":[7.6826987,7.4902034,5.057172],"rotation":{"angle":0.0,"axis":"y","origin":[1.9097772,6.2956576,8.057316]},"faces":{"east":{"uv":[1.0,5.625,1.1875,6.3125],"rotation":0,"texture":"#0","tintindex":0},"south":{"uv":[3.0,5.625,3.1875,6.3125],"rotation":0,"texture":"#0","tintindex":0},"north":{"uv":[0.75,5.625,0.9375,6.3125],"rotation":0,"texture":"#0","tintindex":0},"west":{"uv":[5.625,4.0,5.8125,4.6875],"rotation":0,"texture":"#0","tintindex":0},"up":{"uv":[7.8125,7.1875,7.625,7.0],"rotation":0,"texture":"#0","tintindex":0},"down":{"uv":[7.8125,7.25,7.625,7.4375],"rotation":0,"texture":"#0","tintindex":0}}},{"from":[6.91127,8.947437,6.2148795],"to":[7.654127,9.827436,9.41488],"rotation":{"angle":-45.0,"axis":"x","origin":[1.9097772,6.2956576,8.057316]},"faces":{"east":{"uv":[5.5,2.25,6.1875,2.4375],"rotation":0,"texture":"#0","tintindex":0},"south":{"uv":[7.75,4.5,7.90625,4.6875],"rotation":0,"texture":"#0","tintindex":0},"north":{"uv":[7.75,4.25,7.90625,4.4375],"rotation":0,"texture":"#0","tintindex":0},"west":{"uv":[5.5,3.5,6.1875,3.6875],"rotation":0,"texture":"#0","tintindex":0},"up":{"uv":[4.40625,6.4375,4.25,5.75],"rotation":0,"texture":"#0","tintindex":0},"down":{"uv":[4.65625,5.75,4.5,6.4375],"rotation":0,"texture":"#0","tintindex":0}}},{"from":[4.8798265,8.151327,7.142857],"to":[6.1369696,9.40847,8.342857],"rotation":{"angle":45.0,"axis":"z","origin":[8.457143,11.142858,8.228572]},"faces":{"east":{"uv":[2.5,6.875,2.75,7.15625],"rotation":0,"texture":"#0","tintindex":0},"south":{"uv":[6.375,4.75,6.65625,5.03125],"rotation":0,"texture":"#0","tintindex":0},"north":{"uv":[1.875,6.375,2.15625,6.65625],"rotation":0,"texture":"#0","tintindex":0},"west":{"uv":[2.75,6.875,3.0,7.15625],"rotation":0,"texture":"#0","tintindex":0},"up":{"uv":[7.15625,2.625,6.875,2.375],"rotation":0,"texture":"#0","tintindex":0},"down":{"uv":[3.28125,6.875,3.0,7.125],"rotation":0,"texture":"#0","tintindex":0}}},{"from":[7.51127,4.742857,7.3142858],"to":[8.654127,7.142857,8.171429],"rotation":{"angle":0.0,"axis":"y","origin":[8.457143,11.142858,8.228572]},"faces":{"east":{"uv":[0.0,6.125,0.1875,6.65625],"rotation":0,"texture":"#0","tintindex":0},"south":{"uv":[3.5,5.125,3.75,5.65625],"rotation":0,"texture":"#0","tintindex":0},"north":{"uv":[3.25,5.125,3.5,5.65625],"rotation":0,"texture":"#0","tintindex":0},"west":{"uv":[0.25,6.125,0.4375,6.65625],"rotation":0,"texture":"#0","tintindex":0},"up":{"uv":[4.125,7.6875,3.875,7.5],"rotation":0,"texture":"#0","tintindex":0},"down":{"uv":[7.75,4.0,7.5,4.1875],"rotation":0,"texture":"#0","tintindex":0}}},{"from":[7.6826987,3.485714,6.857143],"to":[9.225555,5.3142858,8.342857],"rotation":{"angle":0.0,"axis":"y","origin":[8.457143,11.142858,8.228572]},"faces":{"east":{"uv":[5.75,0.5,6.0625,0.90625],"rotation":0,"texture":"#0","tintindex":0},"south":{"uv":[0.375,4.875,0.71875,5.28125],"rotation":0,"texture":"#0","tintindex":0},"north":{"uv":[0.0,4.875,0.34375,5.28125],"rotation":0,"texture":"#0","tintindex":0},"west":{"uv":[5.75,1.0,6.0625,1.40625],"rotation":0,"texture":"#0","tintindex":0},"up":{"uv":[5.09375,6.0625,4.75,5.75],"rotation":0,"texture":"#0","tintindex":0},"down":{"uv":[6.09375,5.0,5.75,5.3125],"rotation":0,"texture":"#0","tintindex":0}}}],"display":{"head":{"translation":[0.0,-6.4,0.0],"scale":[4.0,4.0,4.0]}}}