{"textures":{"0":"modelengine:entity/skeletonmace"},"elements":[{"from":[3.3398414,7.7714286,7.4857144],"to":[4.596984,9.028571,8.685715],"rotation":{"angle":45.0,"axis":"z","origin":[7.2,12.742857,8.285714]},"faces":{"east":{"uv":[7.125,0.5,7.375,0.78125],"rotation":0,"texture":"#0","tintindex":0},"south":{"uv":[0.875,6.625,1.15625,6.90625],"rotation":0,"texture":"#0","tintindex":0},"north":{"uv":[0.5,6.625,0.78125,6.90625],"rotation":0,"texture":"#0","tintindex":0},"west":{"uv":[7.125,1.5,7.375,1.78125],"rotation":0,"texture":"#0","tintindex":0},"up":{"uv":[3.28125,7.375,3.0,7.125],"rotation":0,"texture":"#0","tintindex":0},"down":{"uv":[7.40625,3.125,7.125,3.375],"rotation":0,"texture":"#0","tintindex":0}}},{"from":[7.4541273,4.742857,7.6571426],"to":[8.596984,7.142857,8.514286],"rotation":{"angle":0.0,"axis":"y","origin":[7.2,12.742857,8.285714]},"faces":{"east":{"uv":[6.25,1.75,6.4375,2.28125],"rotation":0,"texture":"#0","tintindex":0},"south":{"uv":[5.25,1.875,5.5,2.40625],"rotation":0,"texture":"#0","tintindex":0},"north":{"uv":[5.25,1.25,5.5,1.78125],"rotation":0,"texture":"#0","tintindex":0},"west":{"uv":[2.5,6.25,2.6875,6.78125],"rotation":0,"texture":"#0","tintindex":0},"up":{"uv":[7.625,7.6875,7.375,7.5],"rotation":0,"texture":"#0","tintindex":0},"down":{"uv":[1.0,7.625,0.75,7.8125],"rotation":0,"texture":"#0","tintindex":0}}},{"from":[7.4255557,4.742857,6.5714283],"to":[8.625556,5.6,7.8285713],"rotation":{"angle":0.0,"axis":"y","origin":[7.2255554,12.482698,7.7714286]},"faces":{"east":{"uv":[7.5,0.25,7.78125,0.4375],"rotation":0,"texture":"#0","tintindex":0},"south":{"uv":[2.5,7.625,2.75,7.8125],"rotation":0,"texture":"#0","tintindex":0},"north":{"uv":[2.25,7.625,2.5,7.8125],"rotation":0,"texture":"#0","tintindex":0},"west":{"uv":[1.5,7.5,1.78125,7.6875],"rotation":0,"texture":"#0","tintindex":0},"up":{"uv":[2.5,7.40625,2.25,7.125],"rotation":0,"texture":"#0","tintindex":0},"down":{"uv":[7.375,3.375,7.125,3.65625],"rotation":0,"texture":"#0","tintindex":0}}},{"from":[7.3714285,5.714286,7.542857],"to":[8.685715,6.285714,8.571428],"rotation":{"angle":0.0,"axis":"y","origin":[8.0,8.0,8.0]},"faces":{"east":{"uv":[7.75,6.125,7.96875,6.25],"rotation":0,"texture":"#0","tintindex":0},"south":{"uv":[7.75,1.125,8.03125,1.25],"rotation":0,"texture":"#0","tintindex":0},"north":{"uv":[7.75,1.0,8.03125,1.125],"rotation":0,"texture":"#0","tintindex":0},"west":{"uv":[7.75,6.375,7.96875,6.5],"rotation":0,"texture":"#0","tintindex":0},"up":{"uv":[7.65625,0.71875,7.375,0.5],"rotation":0,"texture":"#0","tintindex":0},"down":{"uv":[1.03125,7.375,0.75,7.59375],"rotation":0,"texture":"#0","tintindex":0}}}],"display":{"head":{"translation":[0.0,-6.4,0.0],"scale":[4.0,4.0,4.0]}}}