{"textures":{"0":"modelengine:entity/skeletonmace"},"elements":[{"from":[11.403016,7.9428573,7.542857],"to":[12.660158,9.2,8.742857],"rotation":{"angle":-45.0,"axis":"z","origin":[8.8,12.914286,8.342857]},"faces":{"east":{"uv":[5.75,7.0,6.0,7.28125],"rotation":0,"texture":"#0","tintindex":0},"south":{"uv":[4.125,6.5,4.40625,6.78125],"rotation":0,"texture":"#0","tintindex":0},"north":{"uv":[6.5,4.0,6.78125,4.28125],"rotation":0,"texture":"#0","tintindex":0},"west":{"uv":[7.0,5.875,7.25,6.15625],"rotation":0,"texture":"#0","tintindex":0},"up":{"uv":[6.90625,7.25,6.625,7.0],"rotation":0,"texture":"#0","tintindex":0},"down":{"uv":[7.28125,6.625,7.0,6.875],"rotation":0,"texture":"#0","tintindex":0}}},{"from":[7.4030156,4.9142857,7.714286],"to":[8.545873,7.3142858,8.571428],"rotation":{"angle":0.0,"axis":"y","origin":[8.8,12.914286,8.342857]},"faces":{"east":{"uv":[5.5,6.125,5.6875,6.65625],"rotation":0,"texture":"#0","tintindex":0},"south":{"uv":[5.0,5.125,5.25,5.65625],"rotation":0,"texture":"#0","tintindex":0},"north":{"uv":[4.75,5.125,5.0,5.65625],"rotation":0,"texture":"#0","tintindex":0},"west":{"uv":[6.125,6.0,6.3125,6.53125],"rotation":0,"texture":"#0","tintindex":0},"up":{"uv":[6.75,7.6875,6.5,7.5],"rotation":0,"texture":"#0","tintindex":0},"down":{"uv":[7.375,7.5,7.125,7.6875],"rotation":0,"texture":"#0","tintindex":0}}},{"from":[13.117302,6.1714287,7.542857],"to":[14.374445,7.428571,8.742857],"rotation":{"angle":-45.0,"axis":"z","origin":[8.8,12.914286,8.342857]},"faces":{"east":{"uv":[7.0,6.875,7.25,7.15625],"rotation":0,"texture":"#0","tintindex":0},"south":{"uv":[6.5,5.625,6.78125,5.90625],"rotation":0,"texture":"#0","tintindex":0},"north":{"uv":[6.5,4.375,6.78125,4.65625],"rotation":0,"texture":"#0","tintindex":0},"west":{"uv":[0.0,7.125,0.25,7.40625],"rotation":0,"texture":"#0","tintindex":0},"up":{"uv":[7.40625,0.25,7.125,0.0],"rotation":0,"texture":"#0","tintindex":0},"down":{"uv":[7.40625,0.25,7.125,0.5],"rotation":0,"texture":"#0","tintindex":0}}}],"display":{"head":{"translation":[0.0,-6.4,0.0],"scale":[4.0,4.0,4.0]}}}