{"textures":{"0":"modelengine:entity/skeletonmace"},"elements":[{"from":[9.86303,8.151327,7.142857],"to":[11.120173,9.40847,8.342857],"rotation":{"angle":-45.0,"axis":"z","origin":[7.542857,11.142858,8.228572]},"faces":{"east":{"uv":[0.75,7.0,1.0,7.28125],"rotation":0,"texture":"#0","tintindex":0},"south":{"uv":[6.5,3.125,6.78125,3.40625],"rotation":0,"texture":"#0","tintindex":0},"north":{"uv":[3.0,6.5,3.28125,6.78125],"rotation":0,"texture":"#0","tintindex":0},"west":{"uv":[1.0,7.0,1.25,7.28125],"rotation":0,"texture":"#0","tintindex":0},"up":{"uv":[1.53125,7.25,1.25,7.0],"rotation":0,"texture":"#0","tintindex":0},"down":{"uv":[1.90625,7.0,1.625,7.25],"rotation":0,"texture":"#0","tintindex":0}}},{"from":[7.345873,4.742857,7.3142858],"to":[8.48873,7.142857,8.171429],"rotation":{"angle":0.0,"axis":"y","origin":[7.542857,11.142858,8.228572]},"faces":{"east":{"uv":[1.25,6.125,1.4375,6.65625],"rotation":0,"texture":"#0","tintindex":0},"south":{"uv":[4.25,5.125,4.5,5.65625],"rotation":0,"texture":"#0","tintindex":0},"north":{"uv":[4.0,5.125,4.25,5.65625],"rotation":0,"texture":"#0","tintindex":0},"west":{"uv":[4.75,6.125,4.9375,6.65625],"rotation":0,"texture":"#0","tintindex":0},"up":{"uv":[7.75,4.6875,7.5,4.5],"rotation":0,"texture":"#0","tintindex":0},"down":{"uv":[5.625,7.5,5.375,7.6875],"rotation":0,"texture":"#0","tintindex":0}}},{"from":[7.4030156,2.0894265,4.0571427],"to":[7.8030157,2.5465693,11.485714],"rotation":{"angle":-45.0,"axis":"z","origin":[10.145873,3.575141,7.257143]},"faces":{"east":{"uv":[4.5,3.375,6.125,3.46875],"rotation":0,"texture":"#0","tintindex":0},"south":{"uv":[7.875,5.75,7.96875,5.84375],"rotation":0,"texture":"#0","tintindex":0},"north":{"uv":[7.875,5.625,7.96875,5.71875],"rotation":0,"texture":"#0","tintindex":0},"west":{"uv":[4.625,2.5,6.25,2.59375],"rotation":0,"texture":"#0","tintindex":0},"up":{"uv":[2.09375,6.375,2.0,4.75],"rotation":0,"texture":"#0","tintindex":0},"down":{"uv":[2.21875,4.75,2.125,6.375],"rotation":0,"texture":"#0","tintindex":0}}},{"from":[7.174444,9.269122,6.3382187],"to":[7.8030157,10.077244,7.146341],"rotation":{"angle":-45.0,"axis":"x","origin":[10.08873,3.9058151,11.546341]},"faces":{"east":{"uv":[7.625,7.5,7.8125,7.6875],"rotation":0,"texture":"#0","tintindex":0},"south":{"uv":[0.75,7.875,0.875,8.0625],"rotation":0,"texture":"#0","tintindex":0},"north":{"uv":[7.875,0.25,8.0,0.4375],"rotation":0,"texture":"#0","tintindex":0},"west":{"uv":[0.0,7.75,0.1875,7.9375],"rotation":0,"texture":"#0","tintindex":0},"up":{"uv":[1.0,8.0625,0.875,7.875],"rotation":0,"texture":"#0","tintindex":0},"down":{"uv":[1.125,7.875,1.0,8.0625],"rotation":0,"texture":"#0","tintindex":0}}},{"from":[7.174444,4.0691214,11.309648],"to":[7.8030157,4.877244,12.117769],"rotation":{"angle":-45.0,"axis":"x","origin":[10.08873,3.9058151,11.546341]},"faces":{"east":{"uv":[0.25,7.75,0.4375,7.9375],"rotation":0,"texture":"#0","tintindex":0},"south":{"uv":[7.875,1.25,8.0,1.4375],"rotation":0,"texture":"#0","tintindex":0},"north":{"uv":[1.125,7.875,1.25,8.0625],"rotation":0,"texture":"#0","tintindex":0},"west":{"uv":[0.5,7.75,0.6875,7.9375],"rotation":0,"texture":"#0","tintindex":0},"up":{"uv":[8.0,1.6875,7.875,1.5],"rotation":0,"texture":"#0","tintindex":0},"down":{"uv":[8.0,1.75,7.875,1.9375],"rotation":0,"texture":"#0","tintindex":0}}},{"from":[6.774444,3.485714,6.857143],"to":[8.317302,5.3142858,8.342857],"rotation":{"angle":0.0,"axis":"y","origin":[7.542857,11.142858,8.228572]},"faces":{"east":{"uv":[5.75,1.5,6.0625,1.90625],"rotation":0,"texture":"#0","tintindex":0},"south":{"uv":[1.125,4.875,1.46875,5.28125],"rotation":0,"texture":"#0","tintindex":0},"north":{"uv":[0.75,4.875,1.09375,5.28125],"rotation":0,"texture":"#0","tintindex":0},"west":{"uv":[2.5,5.75,2.8125,6.15625],"rotation":0,"texture":"#0","tintindex":0},"up":{"uv":[6.09375,5.6875,5.75,5.375],"rotation":0,"texture":"#0","tintindex":0},"down":{"uv":[5.84375,5.75,5.5,6.0625],"rotation":0,"texture":"#0","tintindex":0}}},{"from":[6.6601586,3.771428,2.342857],"to":[8.374444,5.485714,4.0571427],"rotation":{"angle":0.0,"axis":"y","origin":[10.8,8.057143,8.0]},"faces":{"east":{"uv":[3.625,4.75,4.0,5.125],"rotation":0,"texture":"#0","tintindex":0},"south":{"uv":[4.0,4.75,4.375,5.125],"rotation":0,"texture":"#0","tintindex":0},"north":{"uv":[3.25,4.75,3.625,5.125],"rotation":0,"texture":"#0","tintindex":0},"west":{"uv":[4.75,4.125,5.125,4.5],"rotation":0,"texture":"#0","tintindex":0},"up":{"uv":[4.75,5.125,4.375,4.75],"rotation":0,"texture":"#0","tintindex":0},"down":{"uv":[5.125,4.75,4.75,5.125],"rotation":0,"texture":"#0","tintindex":0}}},{"from":[7.5173016,3.1458726,2.2857141],"to":[7.5173016,6.0030155,4.1142855],"rotation":{"angle":0.0,"axis":"y","origin":[10.8,7.0857143,8.0]},"faces":{"east":{"uv":[0.0,3.5,0.40625,4.125],"rotation":0,"texture":"#0","tintindex":0},"south":{"uv":[0.0,0.0,0.0,0.625],"rotation":0,"texture":"#0","tintindex":0},"north":{"uv":[0.0,0.0,0.0,0.625],"rotation":0,"texture":"#0","tintindex":0},"west":{"uv":[0.40625,3.5,0.0,4.125],"rotation":0,"texture":"#0","tintindex":0},"up":{"uv":[0.0,0.40625,0.0,0.0],"rotation":0,"texture":"#0","tintindex":0},"down":{"uv":[0.0,0.0,0.0,0.40625],"rotation":0,"texture":"#0","tintindex":0}}},{"from":[8.08873,3.1458726,2.2857141],"to":[8.08873,6.0030155,4.1142855],"rotation":{"angle":0.0,"axis":"y","origin":[10.8,7.0857143,8.0]},"faces":{"east":{"uv":[1.0,3.5,1.40625,4.125],"rotation":0,"texture":"#0","tintindex":0},"south":{"uv":[0.0,0.0,0.0,0.625],"rotation":0,"texture":"#0","tintindex":0},"north":{"uv":[0.0,0.0,0.0,0.625],"rotation":0,"texture":"#0","tintindex":0},"west":{"uv":[1.40625,3.5,1.0,4.125],"rotation":0,"texture":"#0","tintindex":0},"up":{"uv":[0.0,0.40625,0.0,0.0],"rotation":0,"texture":"#0","tintindex":0},"down":{"uv":[0.0,0.0,0.0,0.40625],"rotation":0,"texture":"#0","tintindex":0}}},{"from":[6.88873,3.1458726,2.2857141],"to":[6.88873,6.0030155,4.1142855],"rotation":{"angle":0.0,"axis":"y","origin":[10.8,7.0857143,8.0]},"faces":{"east":{"uv":[3.25,3.875,3.65625,4.5],"rotation":0,"texture":"#0","tintindex":0},"south":{"uv":[0.0,0.0,0.0,0.625],"rotation":0,"texture":"#0","tintindex":0},"north":{"uv":[0.0,0.0,0.0,0.625],"rotation":0,"texture":"#0","tintindex":0},"west":{"uv":[3.65625,3.875,3.25,4.5],"rotation":0,"texture":"#0","tintindex":0},"up":{"uv":[0.0,0.40625,0.0,0.0],"rotation":0,"texture":"#0","tintindex":0},"down":{"uv":[0.0,0.0,0.0,0.40625],"rotation":0,"texture":"#0","tintindex":0}}},{"from":[6.0030155,4.5398417,2.2857141],"to":[8.860159,4.5398417,4.1142855],"rotation":{"angle":0.0,"axis":"y","origin":[9.657143,9.942858,-3.4285717]},"faces":{"east":{"uv":[0.0,0.40625,0.0,0.0],"rotation":90,"texture":"#0","tintindex":0},"south":{"uv":[0.0,0.0,0.0,0.625],"rotation":90,"texture":"#0","tintindex":0},"north":{"uv":[0.0,0.0,0.0,0.625],"rotation":270,"texture":"#0","tintindex":0},"west":{"uv":[0.0,0.0,0.0,0.40625],"rotation":90,"texture":"#0","tintindex":0},"up":{"uv":[0.40625,3.5,0.0,4.125],"rotation":90,"texture":"#0","tintindex":0},"down":{"uv":[0.0,3.5,0.40625,4.125],"rotation":90,"texture":"#0","tintindex":0}}},{"from":[6.0030155,5.1684127,2.2857141],"to":[8.860159,5.1684127,4.1142855],"rotation":{"angle":0.0,"axis":"y","origin":[9.657143,9.942858,-3.4285717]},"faces":{"east":{"uv":[0.0,0.40625,0.0,0.0],"rotation":90,"texture":"#0","tintindex":0},"south":{"uv":[0.0,0.0,0.0,0.625],"rotation":90,"texture":"#0","tintindex":0},"north":{"uv":[0.0,0.0,0.0,0.625],"rotation":270,"texture":"#0","tintindex":0},"west":{"uv":[0.0,0.0,0.0,0.40625],"rotation":90,"texture":"#0","tintindex":0},"up":{"uv":[3.65625,3.875,3.25,4.5],"rotation":90,"texture":"#0","tintindex":0},"down":{"uv":[3.25,3.875,3.65625,4.5],"rotation":90,"texture":"#0","tintindex":0}}},{"from":[6.0030155,3.9684129,2.2857141],"to":[8.860159,3.9684129,4.1142855],"rotation":{"angle":0.0,"axis":"y","origin":[9.657143,9.942858,-3.4285717]},"faces":{"east":{"uv":[0.0,0.40625,0.0,0.0],"rotation":90,"texture":"#0","tintindex":0},