{"textures":{"0":"modelengine:entity/skeletonmace"},"elements":[{"from":[11.403016,7.7714286,7.4857144],"to":[12.660158,9.028571,8.685715],"rotation":{"angle":-45.0,"axis":"z","origin":[8.8,12.742857,8.285714]},"faces":{"east":{"uv":[2.0,7.0,2.25,7.28125],"rotation":0,"texture":"#0","tintindex":0},"south":{"uv":[3.75,6.5,4.03125,6.78125],"rotation":0,"texture":"#0","tintindex":0},"north":{"uv":[3.375,6.5,3.65625,6.78125],"rotation":0,"texture":"#0","tintindex":0},"west":{"uv":[7.0,2.625,7.25,2.90625],"rotation":0,"texture":"#0","tintindex":0},"up":{"uv":[4.65625,7.25,4.375,7.0],"rotation":0,"texture":"#0","tintindex":0},"down":{"uv":[5.03125,7.0,4.75,7.25],"rotation":0,"texture":"#0","tintindex":0}}},{"from":[7.4030156,4.742857,7.6571426],"to":[8.545873,7.142857,8.514286],"rotation":{"angle":0.0,"axis":"y","origin":[8.8,12.742857,8.285714]},"faces":{"east":{"uv":[6.125,4.75,6.3125,5.28125],"rotation":0,"texture":"#0","tintindex":0},"south":{"uv":[4.5,5.125,4.75,5.65625],"rotation":0,"texture":"#0","tintindex":0},"north":{"uv":[5.125,4.375,5.375,4.90625],"rotation":0,"texture":"#0","tintindex":0},"west":{"uv":[5.0,6.125,5.1875,6.65625],"rotation":0,"texture":"#0","tintindex":0},"up":{"uv":[7.75,5.5625,7.5,5.375],"rotation":0,"texture":"#0","tintindex":0},"down":{"uv":[7.75,5.75,7.5,5.9375],"rotation":0,"texture":"#0","tintindex":0}}},{"from":[7.3744445,4.742857,6.5714283],"to":[8.574445,5.6,7.8285713],"rotation":{"angle":0.0,"axis":"y","origin":[8.774445,12.482698,7.7714286]},"faces":{"east":{"uv":[6.75,7.375,7.03125,7.5625],"rotation":0,"texture":"#0","tintindex":0},"south":{"uv":[7.5,6.0,7.75,6.1875],"rotation":0,"texture":"#0","tintindex":0},"north":{"uv":[6.0,7.5,6.25,7.6875],"rotation":0,"texture":"#0","tintindex":0},"west":{"uv":[7.5,0.0,7.78125,0.1875],"rotation":0,"texture":"#0","tintindex":0},"up":{"uv":[7.25,5.28125,7.0,5.0],"rotation":0,"texture":"#0","tintindex":0},"down":{"uv":[5.375,7.0,5.125,7.28125],"rotation":0,"texture":"#0","tintindex":0}}},{"from":[7.3142858,5.714286,7.542857],"to":[8.6285715,6.285714,8.571428],"rotation":{"angle":0.0,"axis":"y","origin":[8.0,8.0,8.0]},"faces":{"east":{"uv":[5.875,7.75,6.09375,7.875],"rotation":0,"texture":"#0","tintindex":0},"south":{"uv":[7.75,0.875,8.03125,1.0],"rotation":0,"texture":"#0","tintindex":0},"north":{"uv":[7.75,0.75,8.03125,0.875],"rotation":0,"texture":"#0","tintindex":0},"west":{"uv":[7.75,6.0,7.96875,6.125],"rotation":0,"texture":"#0","tintindex":0},"up":{"uv":[7.53125,7.21875,7.25,7.0],"rotation":0,"texture":"#0","tintindex":0},"down":{"uv":[7.53125,7.25,7.25,7.46875],"rotation":0,"texture":"#0","tintindex":0}}}],"display":{"head":{"translation":[0.0,-6.4,0.0],"scale":[4.0,4.0,4.0]}}}