{"textures":{"0":"modelengine:entity/skeletonsword"},"elements":[{"from":[6.748312,9.3714285,4.9142857],"to":[7.3197403,9.942858,5.485714],"rotation":{"angle":45.0,"axis":"z","origin":[8.691169,8.285714,6.742857]},"faces":{"east":{"uv":[4.75,10.75,5.0,11.0],"rotation":0,"texture":"#0","tintindex":0},"south":{"uv":[10.75,7.0,11.0,7.25],"rotation":0,"texture":"#0","tintindex":0},"north":{"uv":[10.0,2.0,10.25,2.25],"rotation":0,"texture":"#0","tintindex":0},"west":{"uv":[5.5,11.0,5.75,11.25],"rotation":0,"texture":"#0","tintindex":0},"up":{"uv":[8.0,11.75,7.75,11.5],"rotation":0,"texture":"#0","tintindex":0},"down":{"uv":[8.5,11.5,8.25,11.75],"rotation":0,"texture":"#0","tintindex":0}}},{"from":[6.717013,6.7693977,6.8],"to":[9.0027275,9.112255,7.4857144],"rotation":{"angle":22.5,"axis":"x","origin":[7.85987,7.512255,6.742857]},"faces":{"east":{"uv":[0.0,11.25,0.3125,12.25],"rotation":0,"texture":"#0","tintindex":0},"south":{"uv":[5.75,4.5,6.75,5.5],"rotation":0,"texture":"#0","tintindex":0},"north":{"uv":[3.0,5.75,4.0,6.75],"rotation":0,"texture":"#0","tintindex":0},"west":{"uv":[9.5,11.5,9.8125,12.5],"rotation":0,"texture":"#0","tintindex":0},"up":{"uv":[12.75,8.8125,11.75,8.5],"rotation":0,"texture":"#0","tintindex":0},"down":{"uv":[12.75,9.0,11.75,9.3125],"rotation":0,"texture":"#0","tintindex":0}}},{"from":[7.02113,6.540827,5.034718],"to":[8.69861,7.3408265,5.7204323],"rotation":{"angle":0.0,"axis":"y","origin":[7.8986106,7.512255,6.4632893]},"faces":{"east":{"uv":[14.25,2.25,14.5625,2.625],"rotation":0,"texture":"#0","tintindex":0},"south":{"uv":[12.0,4.75,12.75,5.125],"rotation":0,"texture":"#0","tintindex":0},"north":{"uv":[8.0,5.0,8.75,5.375],"rotation":0,"texture":"#0","tintindex":0},"west":{"uv":[14.25,4.75,14.5625,5.125],"rotation":0,"texture":"#0","tintindex":0},"up":{"uv":[13.25,13.5625,12.5,13.25],"rotation":0,"texture":"#0","tintindex":0},"down":{"uv":[14.0,12.5,13.25,12.8125],"rotation":0,"texture":"#0","tintindex":0}}},{"from":[6.717013,7.569398,4.971429],"to":[9.0027275,8.083684,5.714286],"rotation":{"angle":0.0,"axis":"y","origin":[7.85987,7.512255,6.4]},"faces":{"east":{"uv":[14.5,3.0,14.8125,3.25],"rotation":0,"texture":"#0","tintindex":0},"south":{"uv":[13.25,9.25,14.25,9.5],"rotation":0,"texture":"#0","tintindex":0},"north":{"uv":[7.5,2.75,8.5,3.0],"rotation":0,"texture":"#0","tintindex":0},"west":{"uv":[14.5,3.25,14.8125,3.5],"rotation":0,"texture":"#0","tintindex":0},"up":{"uv":[12.0,6.3125,11.0,6.0],"rotation":0,"texture":"#0","tintindex":0},"down":{"uv":[12.25,1.0,11.25,1.3125],"rotation":0,"texture":"#0","tintindex":0}}},{"from":[6.1455846,8.083684,5.028571],"to":[9.574156,10.940826,8.457143],"rotation":{"angle":0.0,"axis":"y","origin":[7.85987,7.512255,6.742857]},"faces":{"east":{"uv":[0.0,3.5,1.5,4.75],"rotation":0,"texture":"#0","tintindex":0},"south":{"uv":[4.0,0.0,5.5,1.25],"rotation":0,"texture":"#0","tintindex":0},"north":{"uv":[2.5,3.0,4.0,4.25],"rotation":0,"texture":"#0","tintindex":0},"west":{"uv":[4.0,1.25,5.5,2.5],"rotation":0,"texture":"#0","tintindex":0},"up":{"uv":[4.0,1.5,2.5,0.0],"rotation":0,"texture":"#0","tintindex":0},"down":{"uv":[4.0,1.5,2.5,3.0],"rotation":0,"texture":"#0","tintindex":0}}},{"from":[6.4312987,6.540827,5.485714],"to":[7.117013,7.0551124,7.542857],"rotation":{"angle":-22.5,"axis":"y","origin":[7.85987,7.512255,6.742857]},"faces":{"east":{"uv":[13.5,1.25,14.375,1.5],"rotation":0,"texture":"#0","tintindex":0},"south":{"uv":[14.5,5.25,14.8125,5.5],"rotation":0,"texture":"#0","tintindex":0},"north":{"uv":[5.0,14.5,5.3125,14.75],"rotation":0,"texture":"#0","tintindex":0},"west":{"uv":[13.5,1.5,14.375,1.75],"rotation":0,"texture":"#0","tintindex":0},"up":{"uv":[6.3125,13.875,6.0,13.0],"rotation":0,"texture":"#0","tintindex":0},"down":{"uv":[7.3125,13.0,7.0,13.875],"rotation":0,"texture":"#0","tintindex":0}}},{"from":[8.602727,6.540827,5.485714],"to":[9.288442,7.0551124,7.542857],"rotation":{"angle":22.5,"axis":"y","origin":[7.85987,7.512255,6.742857]},"faces":{"east":{"uv":[13.25,13.0,14.125,13.25],"rotation":0,"texture":"#0","tintindex":0},"south":{"uv":[14.5,4.5,14.8125,4.75],"rotation":0,"texture":"#0","tintindex":0},"north":{"uv":[14.5,4.25,14.8125,4.5],"rotation":0,"texture":"#0","tintindex":0},"west":{"uv":[13.25,13.25,14.125,13.5],"rotation":0,"texture":"#0","tintindex":0},"up":{"uv":[5.3125,13.875,5.0,13.0],"rotation":0,"texture":"#0","tintindex":0},"down":{"uv":[5.8125,13.0,5.5,13.875],"rotation":0,"texture":"#0","tintindex":0}}},{"from":[8.4,9.3714285,4.9142857],"to":[8.971429,9.942858,5.485714],"rotation":{"angle":-45.0,"axis":"z","origin":[7.028571,8.285714,6.742857]},"faces":{"east":{"uv":[6.25,7.0,6.5,7.25],"rotation":0,"texture":"#0","tintindex":0},"south":{"uv":[7.25,2.0,7.5,2.25],"rotation":0,"texture":"#0","tintindex":0},"north":{"uv":[6.0,2.25,6.25,2.5],"rotation":0,"texture":"#0","tintindex":0},"west":{"uv":[7.25,7.0,7.5,7.25],"rotation":0,"texture":"#0","tintindex":0},"up":{"uv":[8.75,5.0,8.5,4.75],"rotation":0,"texture":"#0","tintindex":0},"down":{"uv":[4.0,9.0,3.75,9.25],"rotation":0,"texture":"#0","tintindex":0}}}],"display":{"head":{"translation":[0.0,-6.4,0.0],"scale":[4.0,4.0,4.0]}}}