{"textures":{"0":"modelengine:entity/skeletonsword"},"elements":[{"from":[7.054127,3.885714,4.9142857],"to":[7.51127,7.9428573,10.571428],"rotation":{"angle":0.0,"axis":"y","origin":[8.971429,11.142858,8.228572]},"faces":{"east":{"uv":[0.0,0.0,2.5,1.75],"rotation":0,"texture":"#0","tintindex":0},"south":{"uv":[0.5,10.75,0.6875,12.5],"rotation":0,"texture":"#0","tintindex":0},"north":{"uv":[9.25,10.5,9.4375,12.25],"rotation":0,"texture":"#0","tintindex":0},"west":{"uv":[0.0,1.75,2.5,3.5],"rotation":0,"texture":"#0","tintindex":0},"up":{"uv":[6.9375,10.75,6.75,8.25],"rotation":0,"texture":"#0","tintindex":0},"down":{"uv":[5.6875,8.5,5.5,11.0],"rotation":0,"texture":"#0","tintindex":0}}},{"from":[6.8826985,7.8058543,9.70433],"to":[7.6826987,8.491569,12.2186165],"rotation":{"angle":22.5,"axis":"x","origin":[8.971429,11.142858,8.228572]},"faces":{"east":{"uv":[10.25,2.75,11.375,3.0625],"rotation":0,"texture":"#0","tintindex":0},"south":{"uv":[14.25,8.5,14.625,8.8125],"rotation":0,"texture":"#0","tintindex":0},"north":{"uv":[14.25,8.0,14.625,8.3125],"rotation":0,"texture":"#0","tintindex":0},"west":{"uv":[10.5,4.25,11.625,4.5625],"rotation":0,"texture":"#0","tintindex":0},"up":{"uv":[9.375,10.375,9.0,9.25],"rotation":0,"texture":"#0","tintindex":0},"down":{"uv":[9.875,1.0,9.5,2.125],"rotation":0,"texture":"#0","tintindex":0}}},{"from":[6.854127,4.652176,10.500288],"to":[7.654127,7.166462,10.900288],"rotation":{"angle":0.0,"axis":"y","origin":[8.971429,11.142858,8.228572]},"faces":{"east":{"uv":[1.0,13.5,1.1875,14.625],"rotation":0,"texture":"#0","tintindex":0},"south":{"uv":[6.25,9.5,6.625,10.625],"rotation":0,"texture":"#0","tintindex":0},"north":{"uv":[5.75,9.5,6.125,10.625],"rotation":0,"texture":"#0","tintindex":0},"west":{"uv":[3.75,13.5,3.9375,14.625],"rotation":0,"texture":"#0","tintindex":0},"up":{"uv":[14.875,10.9375,14.5,10.75],"rotation":0,"texture":"#0","tintindex":0},"down":{"uv":[14.875,11.5,14.5,11.6875],"rotation":0,"texture":"#0","tintindex":0}}},{"from":[6.825556,7.3857803,5.3202477],"to":[7.7398415,8.128637,8.577391],"rotation":{"angle":0.0,"axis":"y","origin":[8.971429,11.142858,8.228572]},"faces":{"east":{"uv":[9.0,4.25,10.4375,4.5625],"rotation":0,"texture":"#0","tintindex":0},"south":{"uv":[14.25,7.5,14.625,7.8125],"rotation":0,"texture":"#0","tintindex":0},"north":{"uv":[14.25,5.75,14.625,6.0625],"rotation":0,"texture":"#0","tintindex":0},"west":{"uv":[9.25,0.0,10.6875,0.3125],"rotation":0,"texture":"#0","tintindex":0},"up":{"uv":[2.875,9.1875,2.5,7.75],"rotation":0,"texture":"#0","tintindex":0},"down":{"uv":[7.375,7.75,7.0,9.1875],"rotation":0,"texture":"#0","tintindex":0}}},{"from":[6.825556,3.690001,5.320248],"to":[7.7398415,4.4328585,8.577391],"rotation":{"angle":0.0,"axis":"y","origin":[8.971429,0.6757808,8.228572]},"faces":{"east":{"uv":[9.0,4.5625,10.4375,4.25],"rotation":0,"texture":"#0","tintindex":0},"south":{"uv":[14.25,7.8125,14.625,7.5],"rotation":0,"texture":"#0","tintindex":0},"north":{"uv":[14.25,6.0625,14.625,5.75],"rotation":0,"texture":"#0","tintindex":0},"west":{"uv":[9.25,0.3125,10.6875,0.0],"rotation":0,"texture":"#0","tintindex":0},"up":{"uv":[7.375,9.1875,7.0,7.75],"rotation":0,"texture":"#0","tintindex":0},"down":{"uv":[2.875,7.75,2.5,9.1875],"rotation":0,"texture":"#0","tintindex":0}}},{"from":[6.8826985,3.3270698,9.70433],"to":[7.6826987,4.012784,12.2186165],"rotation":{"angle":-22.5,"axis":"x","origin":[8.971429,0.6757808,8.228572]},"faces":{"east":{"uv":[10.25,3.0625,11.375,2.75],"rotation":0,"texture":"#0","tintindex":0},"south":{"uv":[14.25,8.8125,14.625,8.5],"rotation":0,"texture":"#0","tintindex":0},"north":{"uv":[14.25,8.3125,14.625,8.0],"rotation":0,"texture":"#0","tintindex":0},"west":{"uv":[10.5,4.5625,11.625,4.25],"rotation":0,"texture":"#0","tintindex":0},"up":{"uv":[9.875,2.125,9.5,1.0],"rotation":0,"texture":"#0","tintindex":0},"down":{"uv":[9.375,9.25,9.0,10.375],"rotation":0,"texture":"#0","tintindex":0}}},{"from":[6.825556,3.0857139,4.2285714],"to":[7.854127,8.514286,5.3142858],"rotation":{"angle":0.0,"axis":"y","origin":[8.971429,11.142858,8.228572]},"faces":{"east":{"uv":[5.25,4.5,5.75,6.875],"rotation":0,"texture":"#0","tintindex":0},"south":{"uv":[4.5,5.5,4.9375,7.875],"rotation":0,"texture":"#0","tintindex":0},"north":{"uv":[4.0,5.5,4.4375,7.875],"rotation":0,"texture":"#0","tintindex":0},"west":{"uv":[5.5,0.0,6.0,2.375],"rotation":0,"texture":"#0","tintindex":0},"up":{"uv":[0.9375,14.0,0.5,13.5],"rotation":0,"texture":"#0","tintindex":0},"down":{"uv":[13.9375,1.75,13.5,2.25],"rotation":0,"texture":"#0","tintindex":0}}},{"from":[4.8798265,8.151327,7.142857],"to":[6.1369696,9.40847,8.342857],"rotation":{"angle":45.0,"axis":"z","origin":[8.457143,11.142858,8.228572]},"faces":{"east":{"uv":[7.0,12.25,7.5,12.8125],"rotation":0,"texture":"#0","tintindex":0},"south":{"uv":[10.0,11.0,10.5625,11.5625],"rotation":0,"texture":"#0","tintindex":0},"north":{"uv":[11.0,8.5,11.5625,9.0625],"rotation":0,"texture":"#0","tintindex":0},"west":{"uv":[9.0,12.25,9.5,12.8125],"rotation":0,"texture":"#0","tintindex":0},"up":{"uv":[12.8125,11.5,12.25,11.0],"rotation":0,"texture":"#0","tintindex":0},"down":{"uv":[12.8125,12.0,12.25,12.5],"rotation":0,"texture":"#0","tintindex":0}}},{"from":[7.51127,4.742857,7.3142858],"to":[8.654127,7.142857,8.171429],"rotation":{"angle":0.0,"axis":"y","origin":[8.457143,11.142858,8.228572]},"faces":{"east":{"uv":[0.0,10.0,0.375,11.0625],"rotation":0,"texture":"#0","tintindex":0},"south":{"uv":[8.25,6.0,8.75,7.0625],"rotation":0,"texture":"#0","tintindex":0},"north":{"uv":[5.75,8.25,6.25,9.3125],"rotation":0,"texture":"#0","tintindex":0},"west":{"uv":[1.5,10.0,1.875,11.0625],"rotation":0,"texture":"#0","tintindex":0},"up":{"uv":[14.5,2.125,14.0,1.75],"rotation":0,"texture":"#0","tintindex":0},"down":{"uv":[2.75,14.0,2.25,14.375],"rotation":0,"texture":"#0","tintindex":0}}},{"from":[7.6826987,3.485714,6.857143],"to":[9.225555,5.3142858,8.342857],"rotation":{"angle":0.0,"axis":"y","origin":[8.457143,11.142858,8.228572]},"faces":{"east":{"uv":[9.0,7.25,9.625,8.0625],"rotation":0,"texture":"#0","tintindex":0},"south":{"uv":[1.75,7.75,2.4375,8.5625],"rotation":0,"texture":"#0","tintindex":0},"north":{"uv":[0.0,7.75,0.6875,8.5625],"rotation":0,"texture":"#0","tintindex":0},"west":{"uv":[9.0,8.25,9.625,9.0625],"rotation":0,"texture":"#0","tintindex":0},"up":{"uv":[9.9375,5.875,9.25,5.25],"rotation":0,"texture":"#0","tintindex":0},"down":{"uv":[9.9375,6.0,9.25,6.625],"rotation":0,"texture":"#0","tintindex":0}}}],"display":{"head":{"translation":[0.0,-6.4,0.0],"scale":[4.0,4.0,4.0]}}}