{"textures":{"0":"modelengine:entity/skeletonsword"},"elements":[{"from":[3.3398414,7.7714286,7.4857144],"to":[4.596984,9.028571,8.685715],"rotation":{"angle":45.0,"axis":"z","origin":[7.2,12.742857,8.285714]},"faces":{"east":{"uv":[13.0,7.5,12.5,8.0625],"rotation":0,"texture":"#0","tintindex":0},"south":{"uv":[12.0625,2.5,11.5,3.0625],"rotation":0,"texture":"#0","tintindex":0},"north":{"uv":[11.8125,10.25,11.25,10.8125],"rotation":0,"texture":"#0","tintindex":0},"west":{"uv":[8.0,12.5,7.5,13.0625],"rotation":0,"texture":"#0","tintindex":0},"up":{"uv":[8.0,13.0,8.5625,12.5],"rotation":0,"texture":"#0","tintindex":0},"down":{"uv":[12.5,10.25,13.0625,10.75],"rotation":0,"texture":"#0","tintindex":0}}},{"from":[7.4541273,4.742857,7.6571426],"to":[8.596984,7.142857,8.514286],"rotation":{"angle":0.0,"axis":"y","origin":[7.2,12.742857,8.285714]},"faces":{"east":{"uv":[10.375,9.25,10.0,10.3125],"rotation":0,"texture":"#0","tintindex":0},"south":{"uv":[9.0,7.25,8.5,8.3125],"rotation":0,"texture":"#0","tintindex":0},"north":{"uv":[5.5,8.5,5.0,9.5625],"rotation":0,"texture":"#0","tintindex":0},"west":{"uv":[10.375,5.25,10.0,6.3125],"rotation":0,"texture":"#0","tintindex":0},"up":{"uv":[6.0,14.375,6.5,14.0],"rotation":0,"texture":"#0","tintindex":0},"down":{"uv":[7.0,14.0,7.5,14.375],"rotation":0,"texture":"#0","tintindex":0}}},{"from":[7.428571,4.6601586,6.6285715],"to":[8.6285715,5.5173016,7.885714],"rotation":{"angle":0.0,"axis":"y","origin":[7.2,12.514286,8.0]},"faces":{"east":{"uv":[14.0625,2.25,13.5,2.625],"rotation":0,"texture":"#0","tintindex":0},"south":{"uv":[14.25,11.5,13.75,11.875],"rotation":0,"texture":"#0","tintindex":0},"north":{"uv":[14.25,10.25,13.75,10.625],"rotation":0,"texture":"#0","tintindex":0},"west":{"uv":[2.8125,13.5,2.25,13.875],"rotation":0,"texture":"#0","tintindex":0},"up":{"uv":[12.0,6.5625,12.5,6.0],"rotation":0,"texture":"#0","tintindex":0},"down":{"uv":[6.5,12.0,7.0,12.5625],"rotation":0,"texture":"#0","tintindex":0}}}],"display":{"head":{"translation":[0.0,-6.4,0.0],"scale":[4.0,4.0,4.0]}}}