{"textures":{"0":"modelengine:entity/skeletonsword"},"elements":[{"from":[3.3398414,7.9428573,7.542857],"to":[4.596984,9.2,8.742857],"rotation":{"angle":45.0,"axis":"z","origin":[7.2,12.914286,8.342857]},"faces":{"east":{"uv":[12.0,12.5,11.5,13.0625],"rotation":0,"texture":"#0","tintindex":0},"south":{"uv":[7.5625,11.5,7.0,12.0625],"rotation":0,"texture":"#0","tintindex":0},"north":{"uv":[4.0625,11.5,3.5,12.0625],"rotation":0,"texture":"#0","tintindex":0},"west":{"uv":[10.0,12.5,9.5,13.0625],"rotation":0,"texture":"#0","tintindex":0},"up":{"uv":[12.5,12.0,13.0625,11.5],"rotation":0,"texture":"#0","tintindex":0},"down":{"uv":[12.0,12.5,12.5625,13.0],"rotation":0,"texture":"#0","tintindex":0}}},{"from":[7.4541273,4.9142857,7.714286],"to":[8.596984,7.3142858,8.571428],"rotation":{"angle":0.0,"axis":"y","origin":[7.2,12.914286,8.342857]},"faces":{"east":{"uv":[7.375,10.25,7.0,11.3125],"rotation":0,"texture":"#0","tintindex":0},"south":{"uv":[0.5,8.75,0.0,9.8125],"rotation":0,"texture":"#0","tintindex":0},"north":{"uv":[9.0,8.5,8.5,9.5625],"rotation":0,"texture":"#0","tintindex":0},"west":{"uv":[10.625,1.5,10.25,2.5625],"rotation":0,"texture":"#0","tintindex":0},"up":{"uv":[7.5,14.375,8.0,14.0],"rotation":0,"texture":"#0","tintindex":0},"down":{"uv":[8.0,14.0,8.5,14.375],"rotation":0,"texture":"#0","tintindex":0}}},{"from":[1.6255555,6.1714287,7.542857],"to":[2.8826985,7.428571,8.742857],"rotation":{"angle":45.0,"axis":"z","origin":[7.2,12.914286,8.342857]},"faces":{"east":{"uv":[4.0,12.75,3.5,13.3125],"rotation":0,"texture":"#0","tintindex":0},"south":{"uv":[12.3125,3.25,11.75,3.8125],"rotation":0,"texture":"#0","tintindex":0},"north":{"uv":[12.0625,11.0,11.5,11.5625],"rotation":0,"texture":"#0","tintindex":0},"west":{"uv":[3.5,12.75,3.0,13.3125],"rotation":0,"texture":"#0","tintindex":0},"up":{"uv":[12.75,5.25,13.3125,4.75],"rotation":0,"texture":"#0","tintindex":0},"down":{"uv":[12.75,8.25,13.3125,8.75],"rotation":0,"texture":"#0","tintindex":0}}}],"display":{"head":{"translation":[0.0,-6.4,0.0],"scale":[4.0,4.0,4.0]}}}