{"textures":{"0":"modelengine:entity/skeletonsword"},"elements":[{"from":[11.403016,7.9428573,7.542857],"to":[12.660158,9.2,8.742857],"rotation":{"angle":-45.0,"axis":"z","origin":[8.8,12.914286,8.342857]},"faces":{"east":{"uv":[9.5,12.5,10.0,13.0625],"rotation":0,"texture":"#0","tintindex":0},"south":{"uv":[7.0,11.5,7.5625,12.0625],"rotation":0,"texture":"#0","tintindex":0},"north":{"uv":[3.5,11.5,4.0625,12.0625],"rotation":0,"texture":"#0","tintindex":0},"west":{"uv":[11.5,12.5,12.0,13.0625],"rotation":0,"texture":"#0","tintindex":0},"up":{"uv":[13.0625,12.0,12.5,11.5],"rotation":0,"texture":"#0","tintindex":0},"down":{"uv":[12.5625,12.5,12.0,13.0],"rotation":0,"texture":"#0","tintindex":0}}},{"from":[7.4030156,4.9142857,7.714286],"to":[8.545873,7.3142858,8.571428],"rotation":{"angle":0.0,"axis":"y","origin":[8.8,12.914286,8.342857]},"faces":{"east":{"uv":[10.25,1.5,10.625,2.5625],"rotation":0,"texture":"#0","tintindex":0},"south":{"uv":[0.0,8.75,0.5,9.8125],"rotation":0,"texture":"#0","tintindex":0},"north":{"uv":[8.5,8.5,9.0,9.5625],"rotation":0,"texture":"#0","tintindex":0},"west":{"uv":[7.0,10.25,7.375,11.3125],"rotation":0,"texture":"#0","tintindex":0},"up":{"uv":[8.0,14.375,7.5,14.0],"rotation":0,"texture":"#0","tintindex":0},"down":{"uv":[8.5,14.0,8.0,14.375],"rotation":0,"texture":"#0","tintindex":0}}},{"from":[13.117302,6.1714287,7.542857],"to":[14.374445,7.428571,8.742857],"rotation":{"angle":-45.0,"axis":"z","origin":[8.8,12.914286,8.342857]},"faces":{"east":{"uv":[3.0,12.75,3.5,13.3125],"rotation":0,"texture":"#0","tintindex":0},"south":{"uv":[11.75,3.25,12.3125,3.8125],"rotation":0,"texture":"#0","tintindex":0},"north":{"uv":[11.5,11.0,12.0625,11.5625],"rotation":0,"texture":"#0","tintindex":0},"west":{"uv":[3.5,12.75,4.0,13.3125],"rotation":0,"texture":"#0","tintindex":0},"up":{"uv":[13.3125,5.25,12.75,4.75],"rotation":0,"texture":"#0","tintindex":0},"down":{"uv":[13.3125,8.25,12.75,8.75],"rotation":0,"texture":"#0","tintindex":0}}}],"display":{"head":{"translation":[0.0,-6.4,0.0],"scale":[4.0,4.0,4.0]}}}