{"textures":{"0":"modelengine:entity/skeletonsword"},"elements":[{"from":[11.403016,7.7714286,7.4857144],"to":[12.660158,9.028571,8.685715],"rotation":{"angle":-45.0,"axis":"z","origin":[8.8,12.742857,8.285714]},"faces":{"east":{"uv":[7.5,12.5,8.0,13.0625],"rotation":0,"texture":"#0","tintindex":0},"south":{"uv":[11.5,2.5,12.0625,3.0625],"rotation":0,"texture":"#0","tintindex":0},"north":{"uv":[11.25,10.25,11.8125,10.8125],"rotation":0,"texture":"#0","tintindex":0},"west":{"uv":[12.5,7.5,13.0,8.0625],"rotation":0,"texture":"#0","tintindex":0},"up":{"uv":[8.5625,13.0,8.0,12.5],"rotation":0,"texture":"#0","tintindex":0},"down":{"uv":[13.0625,10.25,12.5,10.75],"rotation":0,"texture":"#0","tintindex":0}}},{"from":[7.4030156,4.742857,7.6571426],"to":[8.545873,7.142857,8.514286],"rotation":{"angle":0.0,"axis":"y","origin":[8.8,12.742857,8.285714]},"faces":{"east":{"uv":[10.0,5.25,10.375,6.3125],"rotation":0,"texture":"#0","tintindex":0},"south":{"uv":[8.5,7.25,9.0,8.3125],"rotation":0,"texture":"#0","tintindex":0},"north":{"uv":[5.0,8.5,5.5,9.5625],"rotation":0,"texture":"#0","tintindex":0},"west":{"uv":[10.0,9.25,10.375,10.3125],"rotation":0,"texture":"#0","tintindex":0},"up":{"uv":[6.5,14.375,6.0,14.0],"rotation":0,"texture":"#0","tintindex":0},"down":{"uv":[7.5,14.0,7.0,14.375],"rotation":0,"texture":"#0","tintindex":0}}},{"from":[7.3714285,4.6601586,6.6285715],"to":[8.571428,5.5173016,7.885714],"rotation":{"angle":0.0,"axis":"y","origin":[8.8,12.514286,8.0]},"faces":{"east":{"uv":[2.25,13.5,2.8125,13.875],"rotation":0,"texture":"#0","tintindex":0},"south":{"uv":[13.75,11.5,14.25,11.875],"rotation":0,"texture":"#0","tintindex":0},"north":{"uv":[13.75,10.25,14.25,10.625],"rotation":0,"texture":"#0","tintindex":0},"west":{"uv":[13.5,2.25,14.0625,2.625],"rotation":0,"texture":"#0","tintindex":0},"up":{"uv":[12.5,6.5625,12.0,6.0],"rotation":0,"texture":"#0","tintindex":0},"down":{"uv":[7.0,12.0,6.5,12.5625],"rotation":0,"texture":"#0","tintindex":0}}}],"display":{"head":{"translation":[0.0,-6.4,0.0],"scale":[4.0,4.0,4.0]}}}