{"textures":{"0":"modelengine:entity/skeletonsword"},"elements":[{"from":[7.08873,-0.7000723,5.2269487],"to":[7.5458727,0.5929222,6.519944],"rotation":{"angle":45.0,"axis":"x","origin":[8.914286,8.021495,8.826949]},"faces":{"east":{"uv":[4.0,10.75,4.5625,11.3125],"rotation":0,"texture":"#0","tintindex":0},"south":{"uv":[8.25,7.25,8.5,7.8125],"rotation":0,"texture":"#0","tintindex":0},"north":{"uv":[8.25,2.0,8.5,2.5625],"rotation":0,"texture":"#0","tintindex":0},"west":{"uv":[4.5625,10.75,4.0,11.3125],"rotation":0,"texture":"#0","tintindex":0},"up":{"uv":[1.75,9.8125,1.5,9.25],"rotation":0,"texture":"#0","tintindex":0},"down":{"uv":[9.0,9.75,8.75,10.3125],"rotation":0,"texture":"#0","tintindex":0}}},{"from":[6.917301,2.9142857,6.2285714],"to":[7.774444,5.885714,6.857143],"rotation":{"angle":0.0,"axis":"y","origin":[8.742857,12.742857,7.9428573]},"faces":{"east":{"uv":[0.75,10.75,1.0,12.0625],"rotation":0,"texture":"#0","tintindex":0},"south":{"uv":[1.0,9.25,1.375,10.5625],"rotation":0,"texture":"#0","tintindex":0},"north":{"uv":[0.5,9.25,0.875,10.5625],"rotation":0,"texture":"#0","tintindex":0},"west":{"uv":[1.0,10.75,1.25,12.0625],"rotation":0,"texture":"#0","tintindex":0},"up":{"uv":[2.875,14.75,2.5,14.5],"rotation":0,"texture":"#0","tintindex":0},"down":{"uv":[3.375,14.5,3.0,14.75],"rotation":0,"texture":"#0","tintindex":0}}},{"from":[7.1173015,3.485714,1.0285711],"to":[7.5173016,5.3142858,6.2285714],"rotation":{"angle":0.0,"axis":"y","origin":[8.914286,12.742857,7.9428573]},"faces":{"east":{"uv":[4.0,2.5,6.25,3.3125],"rotation":0,"texture":"#0","tintindex":0},"south":{"uv":[6.75,13.5,7.0,14.3125],"rotation":0,"texture":"#0","tintindex":0},"north":{"uv":[6.5,13.5,6.75,14.3125],"rotation":0,"texture":"#0","tintindex":0},"west":{"uv":[6.25,2.5,4.0,3.3125],"rotation":0,"texture":"#0","tintindex":0},"up":{"uv":[4.0,9.0,3.75,6.75],"rotation":0,"texture":"#0","tintindex":0},"down":{"uv":[3.25,7.25,3.0,9.5],"rotation":0,"texture":"#0","tintindex":0}}},{"from":[7.0601587,4.0571427,6.285714],"to":[7.631587,4.742857,9.428572],"rotation":{"angle":0.0,"axis":"y","origin":[8.742857,12.742857,7.9428573]},"faces":{"east":{"uv":[9.25,6.75,10.625,7.0625],"rotation":0,"texture":"#0","tintindex":0},"south":{"uv":[10.5,14.5,10.75,14.8125],"rotation":0,"texture":"#0","tintindex":0},"north":{"uv":[10.25,14.5,10.5,14.8125],"rotation":0,"texture":"#0","tintindex":0},"west":{"uv":[7.0,9.25,8.375,9.5625],"rotation":0,"texture":"#0","tintindex":0},"up":{"uv":[5.25,6.875,5.0,5.5],"rotation":0,"texture":"#0","tintindex":0},"down":{"uv":[8.25,10.25,8.0,11.625],"rotation":0,"texture":"#0","tintindex":0}}},{"from":[9.86303,8.151327,7.142857],"to":[11.120173,9.40847,8.342857],"rotation":{"angle":-45.0,"axis":"z","origin":[7.542857,11.142858,8.228572]},"faces":{"east":{"uv":[9.5,12.25,9.0,12.8125],"rotation":0,"texture":"#0","tintindex":0},"south":{"uv":[10.5625,11.0,10.0,11.5625],"rotation":0,"texture":"#0","tintindex":0},"north":{"uv":[11.5625,8.5,11.0,9.0625],"rotation":0,"texture":"#0","tintindex":0},"west":{"uv":[7.5,12.25,7.0,12.8125],"rotation":0,"texture":"#0","tintindex":0},"up":{"uv":[12.25,11.5,12.8125,11.0],"rotation":0,"texture":"#0","tintindex":0},"down":{"uv":[12.25,12.0,12.8125,12.5],"rotation":0,"texture":"#0","tintindex":0}}},{"from":[7.345873,4.742857,7.3142858],"to":[8.48873,7.142857,8.171429],"rotation":{"angle":0.0,"axis":"y","origin":[7.542857,11.142858,8.228572]},"faces":{"east":{"uv":[1.875,10.0,1.5,11.0625],"rotation":0,"texture":"#0","tintindex":0},"south":{"uv":[8.75,6.0,8.25,7.0625],"rotation":0,"texture":"#0","tintindex":0},"north":{"uv":[6.25,8.25,5.75,9.3125],"rotation":0,"texture":"#0","tintindex":0},"west":{"uv":[0.375,10.0,0.0,11.0625],"rotation":0,"texture":"#0","tintindex":0},"up":{"uv":[14.0,2.125,14.5,1.75],"rotation":0,"texture":"#0","tintindex":0},"down":{"uv":[2.25,14.0,2.75,14.375],"rotation":0,"texture":"#0","tintindex":0}}},{"from":[6.774444,3.485714,6.857143],"to":[8.317302,5.3142858,8.342857],"rotation":{"angle":0.0,"axis":"y","origin":[7.542857,11.142858,8.228572]},"faces":{"east":{"uv":[9.625,8.25,9.0,9.0625],"rotation":0,"texture":"#0","tintindex":0},"south":{"uv":[2.4375,7.75,1.75,8.5625],"rotation":0,"texture":"#0","tintindex":0},"north":{"uv":[0.6875,7.75,0.0,8.5625],"rotation":0,"texture":"#0","tintindex":0},"west":{"uv":[9.625,7.25,9.0,8.0625],"rotation":0,"texture":"#0","tintindex":0},"up":{"uv":[9.25,5.875,9.9375,5.25],"rotation":0,"texture":"#0","tintindex":0},"down":{"uv":[9.25,6.0,9.9375,6.625],"rotation":0,"texture":"#0","tintindex":0}}}],"display":{"head":{"translation":[0.0,-6.4,0.0],"scale":[4.0,4.0,4.0]}}}