{"textures":{"0":"modelengine:entity/necromancer","1":"modelengine:entity/eternal_fire_fx"},"elements":[{"from":[6.0,6.142857,6.286],"to":[10.0,9.0,9.714571],"rotation":{"angle":0.0,"axis":"y","origin":[8.0,7.5714283,8.000286]},"faces":{"east":{"uv":[6.252,3.377,6.623,3.6855],"rotation":0,"texture":"#0","tintindex":0},"south":{"uv":[3.8145,6.0645,4.248,6.373],"rotation":0,"texture":"#0","tintindex":0},"north":{"uv":[5.9395,4.8145,6.373,5.123],"rotation":0,"texture":"#0","tintindex":0},"west":{"uv":[6.252,3.752,6.623,4.0605],"rotation":0,"texture":"#0","tintindex":0},"up":{"uv":[5.873,5.3105,5.4395,4.9395],"rotation":0,"texture":"#0","tintindex":0},"down":{"uv":[5.998,0.9395,5.5645,1.3105],"rotation":0,"texture":"#0","tintindex":0}}},{"from":[3.4285712,3.8571424,7.9997144],"to":[12.571428,13.0,7.9997144],"rotation":{"angle":0.0,"axis":"y","origin":[8.0,8.428572,-1.1431427]},"faces":{"east":{"uv":[0.002,14.5645,1.998,15.5605],"rotation":0,"texture":"#1","tintindex":0},"south":{"uv":[15.998,0.002,0.002,15.998],"rotation":0,"texture":"#1","tintindex":0},"north":{"uv":[0.002,0.002,15.998,15.998],"rotation":0,"texture":"#1","tintindex":0},"west":{"uv":[0.002,14.5645,1.998,15.5605],"rotation":0,"texture":"#1","tintindex":0},"up":{"uv":[0.002,14.5645,1.998,15.5605],"rotation":180,"texture":"#1","tintindex":0},"down":{"uv":[0.002,14.5645,1.998,15.5605],"rotation":180,"texture":"#1","tintindex":0}}}],"display":{"head":{"translation":[0.0,-6.4,0.0],"scale":[4.0,4.0,4.0]}}}