{"textures":{"0":"modelengine:entity/skeletonlich"},"elements":[{"from":[6.857143,8.057143,5.3714285],"to":[9.142858,10.914286,10.6285715],"rotation":{"angle":0.0,"axis":"y","origin":[8.0,6.285714,8.571428]},"faces":{"east":{"uv":[9.0,5.5,10.15625,6.125],"rotation":0,"texture":"#0","tintindex":0},"south":{"uv":[4.5,8.75,5.0,9.375],"rotation":0,"texture":"#0","tintindex":0},"north":{"uv":[5.0,7.75,5.5,8.375],"rotation":0,"texture":"#0","tintindex":0},"west":{"uv":[9.0,7.25,10.15625,7.875],"rotation":0,"texture":"#0","tintindex":0},"up":{"uv":[8.75,10.65625,8.25,9.5],"rotation":0,"texture":"#0","tintindex":0},"down":{"uv":[4.5,9.625,4.0,10.78125],"rotation":0,"texture":"#0","tintindex":0}}},{"from":[5.6285715,8.0,8.685715],"to":[10.3714285,9.142858,10.742857],"rotation":{"angle":0.0,"axis":"y","origin":[8.0,6.285714,8.571428]},"faces":{"east":{"uv":[5.25,4.5,5.6875,4.75],"rotation":0,"texture":"#0","tintindex":0},"south":{"uv":[12.25,4.625,13.28125,4.875],"rotation":0,"texture":"#0","tintindex":0},"north":{"uv":[1.125,5.875,2.15625,6.125],"rotation":0,"texture":"#0","tintindex":0},"west":{"uv":[2.75,8.125,3.1875,8.375],"rotation":0,"texture":"#0","tintindex":0},"up":{"uv":[12.03125,3.6875,11.0,3.25],"rotation":0,"texture":"#0","tintindex":0},"down":{"uv":[12.03125,5.25,11.0,5.6875],"rotation":0,"texture":"#0","tintindex":0}}},{"from":[9.142858,7.428571,6.0571427],"to":[12.0,9.714286,10.4],"rotation":{"angle":22.5,"axis":"z","origin":[8.0,6.285714,8.571428]},"faces":{"east":{"uv":[10.875,3.75,11.8125,4.25],"rotation":0,"texture":"#0","tintindex":0},"south":{"uv":[12.25,8.625,12.875,9.125],"rotation":0,"texture":"#0","tintindex":0},"north":{"uv":[12.25,6.625,12.875,7.125],"rotation":0,"texture":"#0","tintindex":0},"west":{"uv":[10.875,4.25,11.8125,4.75],"rotation":0,"texture":"#0","tintindex":0},"up":{"uv":[10.625,11.0625,10.0,10.125],"rotation":0,"texture":"#0","tintindex":0},"down":{"uv":[10.875,3.75,10.25,4.6875],"rotation":0,"texture":"#0","tintindex":0}}},{"from":[4.0,7.428571,6.0571427],"to":[6.857143,9.714286,10.4],"rotation":{"angle":-22.5,"axis":"z","origin":[8.0,6.285714,8.571428]},"faces":{"east":{"uv":[10.875,6.125,11.8125,6.625],"rotation":0,"texture":"#0","tintindex":0},"south":{"uv":[3.0,12.375,3.625,12.875],"rotation":0,"texture":"#0","tintindex":0},"north":{"uv":[11.0,12.25,11.625,12.75],"rotation":0,"texture":"#0","tintindex":0},"west":{"uv":[10.875,6.625,11.8125,7.125],"rotation":0,"texture":"#0","tintindex":0},"up":{"uv":[10.875,7.6875,10.25,6.75],"rotation":0,"texture":"#0","tintindex":0},"down":{"uv":[0.625,10.375,0.0,11.3125],"rotation":0,"texture":"#0","tintindex":0}}}],"display":{"head":{"translation":[0.0,-6.4,0.0],"scale":[4.0,4.0,4.0]}}}