{"textures":{"0":"modelengine:entity/skeletonlich"},"elements":[{"from":[7.4,7.542857,11.2],"to":[8.714286,9.3714285,13.6],"rotation":{"angle":22.5,"axis":"x","origin":[5.714286,19.428572,8.4]},"faces":{"east":{"uv":[12.625,9.5,13.15625,9.90625],"rotation":0,"texture":"#0","tintindex":0},"south":{"uv":[2.75,13.375,3.03125,13.78125],"rotation":0,"texture":"#0","tintindex":0},"north":{"uv":[13.375,0.0,13.65625,0.40625],"rotation":0,"texture":"#0","tintindex":0},"west":{"uv":[12.625,10.0,13.15625,10.40625],"rotation":0,"texture":"#0","tintindex":0},"up":{"uv":[13.28125,13.53125,13.0,13.0],"rotation":0,"texture":"#0","tintindex":0},"down":{"uv":[0.65625,13.125,0.375,13.65625],"rotation":0,"texture":"#0","tintindex":0}}},{"from":[7.3142858,6.1714287,4.9714284],"to":[8.8,7.428571,9.085714],"rotation":{"angle":0.0,"axis":"y","origin":[5.714286,19.428572,8.4]},"faces":{"east":{"uv":[12.25,9.125,13.15625,9.40625],"rotation":0,"texture":"#0","tintindex":0},"south":{"uv":[5.625,13.375,5.9375,13.65625],"rotation":0,"texture":"#0","tintindex":0},"north":{"uv":[13.375,4.5,13.6875,4.78125],"rotation":0,"texture":"#0","tintindex":0},"west":{"uv":[12.625,3.25,13.53125,3.53125],"rotation":0,"texture":"#0","tintindex":0},"up":{"uv":[8.9375,13.40625,8.625,12.5],"rotation":0,"texture":"#0","tintindex":0},"down":{"uv":[9.3125,12.5,9.0,13.40625],"rotation":0,"texture":"#0","tintindex":0}}},{"from":[7.257143,7.6571426,14.457144],"to":[8.857143,8.857143,15.3714285],"rotation":{"angle":45.0,"axis":"x","origin":[5.714286,19.428572,8.4]},"faces":{"east":{"uv":[9.75,8.875,9.9375,9.125],"rotation":0,"texture":"#0","tintindex":0},"south":{"uv":[11.375,1.125,11.71875,1.375],"rotation":0,"texture":"#0","tintindex":0},"north":{"uv":[7.25,10.5,7.59375,10.75],"rotation":0,"texture":"#0","tintindex":0},"west":{"uv":[3.75,10.625,3.9375,10.875],"rotation":0,"texture":"#0","tintindex":0},"up":{"uv":[13.84375,0.9375,13.5,0.75],"rotation":0,"texture":"#0","tintindex":0},"down":{"uv":[2.71875,13.5,2.375,13.6875],"rotation":0,"texture":"#0","tintindex":0}}}],"display":{"head":{"translation":[0.0,-6.4,0.0],"scale":[4.0,4.0,4.0]}}}