{"textures":{"0":"modelengine:entity/skeletonlich"},"elements":[{"from":[7.285714,7.542857,11.2],"to":[8.6,9.3714285,13.6],"rotation":{"angle":22.5,"axis":"x","origin":[10.285714,19.428572,8.4]},"faces":{"east":{"uv":[12.75,0.0,13.28125,0.40625],"rotation":0,"texture":"#0","tintindex":0},"south":{"uv":[5.25,13.375,5.53125,13.78125],"rotation":0,"texture":"#0","tintindex":0},"north":{"uv":[3.125,13.375,3.40625,13.78125],"rotation":0,"texture":"#0","tintindex":0},"west":{"uv":[12.75,10.5,13.28125,10.90625],"rotation":0,"texture":"#0","tintindex":0},"up":{"uv":[13.40625,1.03125,13.125,0.5],"rotation":0,"texture":"#0","tintindex":0},"down":{"uv":[1.03125,13.125,0.75,13.65625],"rotation":0,"texture":"#0","tintindex":0}}},{"from":[7.2,6.1714287,4.9714284],"to":[8.685715,7.428571,9.085714],"rotation":{"angle":0.0,"axis":"y","origin":[10.285714,19.428572,8.4]},"faces":{"east":{"uv":[12.625,5.5,13.53125,5.78125],"rotation":0,"texture":"#0","tintindex":0},"south":{"uv":[13.375,6.25,13.6875,6.53125],"rotation":0,"texture":"#0","tintindex":0},"north":{"uv":[6.0,13.375,6.3125,13.65625],"rotation":0,"texture":"#0","tintindex":0},"west":{"uv":[12.625,5.875,13.53125,6.15625],"rotation":0,"texture":"#0","tintindex":0},"up":{"uv":[9.6875,13.40625,9.375,12.5],"rotation":0,"texture":"#0","tintindex":0},"down":{"uv":[10.8125,12.5,10.5,13.40625],"rotation":0,"texture":"#0","tintindex":0}}},{"from":[7.142857,7.6571426,14.457144],"to":[8.742857,8.857143,15.3714285],"rotation":{"angle":45.0,"axis":"x","origin":[10.285714,19.428572,8.4]},"faces":{"east":{"uv":[7.0,11.5,7.1875,11.75],"rotation":0,"texture":"#0","tintindex":0},"south":{"uv":[13.125,12.75,13.46875,13.0],"rotation":0,"texture":"#0","tintindex":0},"north":{"uv":[11.875,6.875,12.21875,7.125],"rotation":0,"texture":"#0","tintindex":0},"west":{"uv":[2.75,13.125,2.9375,13.375],"rotation":0,"texture":"#0","tintindex":0},"up":{"uv":[4.59375,13.6875,4.25,13.5],"rotation":0,"texture":"#0","tintindex":0},"down":{"uv":[4.96875,13.5,4.625,13.6875],"rotation":0,"texture":"#0","tintindex":0}}}],"display":{"head":{"translation":[0.0,-6.4,0.0],"scale":[4.0,4.0,4.0]}}}