{"textures":{"0":"modelengine:entity/skeletonlich"},"elements":[{"from":[6.285714,9.542857,6.285714],"to":[9.714286,12.4,9.714286],"rotation":{"angle":0.0,"axis":"y","origin":[8.0,8.971429,8.0]},"faces":{"east":{"uv":[3.75,10.875,4.5,11.5],"rotation":0,"texture":"#0","tintindex":0},"south":{"uv":[10.875,7.125,11.625,7.75],"rotation":0,"texture":"#0","tintindex":0},"north":{"uv":[8.25,2.25,9.0,2.875],"rotation":0,"texture":"#0","tintindex":0},"west":{"uv":[11.0,1.375,11.75,2.0],"rotation":0,"texture":"#0","tintindex":0},"up":{"uv":[11.0,6.125,10.25,5.375],"rotation":0,"texture":"#0","tintindex":0},"down":{"uv":[11.25,0.0,10.5,0.75],"rotation":0,"texture":"#0","tintindex":0}}},{"from":[6.857143,9.028571,6.2285714],"to":[9.142858,9.542857,6.9714284],"rotation":{"angle":0.0,"axis":"y","origin":[8.0,8.971429,7.6571426]},"faces":{"east":{"uv":[13.625,9.125,13.78125,9.25],"rotation":0,"texture":"#0","tintindex":0},"south":{"uv":[5.0,8.375,5.5,8.5],"rotation":0,"texture":"#0","tintindex":0},"north":{"uv":[1.875,8.0,2.375,8.125],"rotation":0,"texture":"#0","tintindex":0},"west":{"uv":[13.625,9.25,13.78125,9.375],"rotation":0,"texture":"#0","tintindex":0},"up":{"uv":[13.75,5.40625,13.25,5.25],"rotation":0,"texture":"#0","tintindex":0},"down":{"uv":[13.75,10.25,13.25,10.40625],"rotation":0,"texture":"#0","tintindex":0}}},{"from":[6.285714,8.457143,6.285714],"to":[9.714286,9.542857,6.857143],"rotation":{"angle":0.0,"axis":"y","origin":[8.0,8.971429,8.0]},"faces":{"east":{"uv":[5.75,4.5,5.875,4.75],"rotation":0,"texture":"#0","tintindex":0},"south":{"uv":[8.25,5.125,9.0,5.375],"rotation":0,"texture":"#0","tintindex":0},"north":{"uv":[7.125,6.25,7.875,6.5],"rotation":0,"texture":"#0","tintindex":0},"west":{"uv":[5.75,6.25,5.875,6.5],"rotation":0,"texture":"#0","tintindex":0},"up":{"uv":[0.75,7.125,0.0,7.0],"rotation":0,"texture":"#0","tintindex":0},"down":{"uv":[11.75,6.0,11.0,6.125],"rotation":0,"texture":"#0","tintindex":0}}},{"from":[6.1142855,11.257143,6.1142855],"to":[9.885715,12.057143,9.885715],"rotation":{"angle":0.0,"axis":"y","origin":[8.0,8.971429,8.0]},"faces":{"east":{"uv":[11.0,5.75,11.8125,5.9375],"rotation":0,"texture":"#0","tintindex":0},"south":{"uv":[12.75,4.25,13.5625,4.4375],"rotation":0,"texture":"#0","tintindex":0},"north":{"uv":[9.0,6.125,9.8125,6.3125],"rotation":0,"texture":"#0","tintindex":0},"west":{"uv":[12.875,6.75,13.6875,6.9375],"rotation":0,"texture":"#0","tintindex":0},"up":{"uv":[10.4375,0.8125,9.625,0.0],"rotation":0,"texture":"#0","tintindex":0},"down":{"uv":[10.4375,0.875,9.625,1.6875],"rotation":0,"texture":"#0","tintindex":0}}},{"from":[10.195591,12.805539,5.742857],"to":[11.246149,13.856098,6.0857143],"rotation":{"angle":45.0,"axis":"z","origin":[8.217578,10.519825,7.6571426]},"faces":{"east":{"uv":[5.25,13.125,5.3125,13.34375],"rotation":0,"texture":"#0","tintindex":0},"south":{"uv":[7.875,6.25,8.09375,6.46875],"rotation":0,"texture":"#0","tintindex":0},"north":{"uv":[2.25,4.5,2.46875,4.71875],"rotation":0,"texture":"#0","tintindex":0},"west":{"uv":[1.875,13.25,1.9375,13.46875],"rotation":0,"texture":"#0","tintindex":0},"up":{"uv":[13.84375,10.1875,13.625,10.125],"rotation":0,"texture":"#0","tintindex":0},"down":{"uv":[11.09375,13.625,10.875,13.6875],"rotation":0,"texture":"#0","tintindex":0}}},{"from":[8.732458,11.93414,5.742857],"to":[9.419362,12.621044,6.057143],"rotation":{"angle":45.0,"axis":"z","origin":[8.942017,10.811486,8.228572]},"faces":{"east":{"uv":[4.25,13.25,4.3125,13.40625],"rotation":0,"texture":"#0","tintindex":0},"south":{"uv":[13.625,1.875,13.78125,2.03125],"rotation":0,"texture":"#0","tintindex":0},"north":{"uv":[13.625,1.625,13.78125,1.78125],"rotation":0,"texture":"#0","tintindex":0},"west":{"uv":[11.125,13.625,11.1875,13.78125],"rotation":0,"texture":"#0","tintindex":0},"up":{"uv":[12.15625,13.6875,12.0,13.625],"rotation":0,"texture":"#0","tintindex":0},"down":{"uv":[12.40625,13.625,12.25,13.6875],"rotation":0,"texture":"#0","tintindex":0}}},{"from":[7.5142856,11.942858,5.771428],"to":[8.485714,14.057143,6.0],"rotation":{"angle":0.0,"axis":"y","origin":[8.0,11.3714285,8.228572]},"faces":{"east":{"uv":[4.375,11.5,4.4375,11.96875],"rotation":0,"texture":"#0","tintindex":0},"south":{"uv":[7.125,2.875,7.34375,3.34375],"rotation":0,"texture":"#0","tintindex":0},"north":{"uv":[5.5,6.875,5.71875,7.34375],"rotation":0,"texture":"#0","tintindex":0},"west":{"uv":[5.875,11.75,5.9375,12.21875],"rotation":0,"texture":"#0","tintindex":0},"up":{"uv":[13.84375,11.0625,13.625,11.0],"rotation":0,"texture":"#0","tintindex":0},"down":{"uv":[13.84375,11.125,13.625,11.1875],"rotation":0,"texture":"#0","tintindex":0}}},{"from":[11.495519,14.646787,5.742857],"to":[12.142016,15.293283,6.0857143],"rotation":{"angle":45.0,"axis":"z","origin":[8.942017,10.761072,8.285714]},"faces":{"east":{"uv":[13.0,13.625,13.0625,13.78125],"rotation":0,"texture":"#0","tintindex":0},"south":{"uv":[13.625,2.375,13.78125,2.53125],"rotation":0,"texture":"#0","tintindex":0},"north":{"uv":[13.625,2.125,13.78125,2.28125],"rotation":0,"texture":"#0","tintindex":0},"west":{"uv":[13.125,13.625,13.1875,13.78125],"rotation":0,"texture":"#0","tintindex":0},"up":{"uv":[13.78125,13.5625,13.625,13.5],"rotation":0,"texture":"#0","tintindex":0},"down":{"uv":[13.78125,13.625,13.625,13.6875],"rotation":0,"texture":"#0","tintindex":0}}},{"from":[7.6571426,14.4,5.771428],"to":[8.342857,15.771429,6.0571427],"rotation":{"angle":0.0,"axis":"y","origin":[8.0,11.3714285,8.228572]},"faces":{"east":{"uv":[12.0,12.375,12.0625,12.6875],"rotation":0,"texture":"#0","tintindex":0},"south":{"uv":[9.125,13.5,9.28125,13.8125],"rotation":0,"texture":"#0","tintindex":0},"north":{"uv":[8.875,13.5,9.03125,13.8125],"rotation":0,"texture":"#0","tintindex":0},"west":{"uv":[0.375,12.5,0.4375,12.8125],"rotation":0,"texture":"#0","tintindex":0},"up":{"uv":[0.15625,13.8125,0.0,13.75],"rotation":0,"texture":"#0","tintindex":0},"down":{"uv":[13.90625,0.0,13.75,0.0625],"rotation":0,"texture":"#0","tintindex":0}}},{"from":[8.228572,11.6,5.771428],"to":[9.2,12.950138,6.0571427],"rotation":{"angle":-22.5,"axis":"z","origin":[7.9705877,11.211487,8.228572]},"faces":{"east":{"uv":[3.5,12.875,3.5625,13.15625],"rotation":0,"texture":"#0","tintindex":0},"south":{"uv":[12.625,6.25,12.84375,6.53125],"rotation":0,"texture":"#0","tintindex":0},"north":{"uv":[11.875,4.875,12.09375,5.15625],"rotation":0,"texture":"#0","tintindex":0},"west":{"uv":[1.75,13.625,1.8125,13.90625],"rotation":0,"texture":"#0","tintindex":0},"up":{"uv":[13.84375,11.3125,13.625,11.25],"rotation":0,"texture":"#0","tintindex":0},"down":{"uv":[13.84375,11.375,13.625,11.4375],"rotation":0,"texture":"#0","tintindex":0}}},{"from":[6.4,11.542857,6.0571427],"to":[8.8,13.771429,9.771429],"rotation":{"angle":-22.5,"axis":"z","origin":[8.0,8.971429,7.714286]},"faces":{"east":{"uv":[7.375,4.0,8.1875,4.5],"rotation":0,"texture":"#0","tintindex":0},"south":{"uv":[12.625,1.75,13.15625,2.25],"rotation":0,"texture":"#0","tintindex":0},"north":{"uv":[12.5,7.125,13.03125,7.625],"rotation":0,"texture":"#0","tintindex":0},"west":{"uv":[11.625,7.125,12.4375,7.625],"rotation":0,"texture":"#0","tintindex":0},"up":{"uv":[3.65625,12.3125,3.125,11.5],"rotation":0,"texture":"#0","tintindex":0},"down":{"uv":[4.28125,11.5,3.75,12.3125],"rotation":0,"texture":"#0","tintindex":0}}},{"from":[7.2,11.542857,6.0571427],"to":[9.6,13.771429,9.771429],"rotation":{"angle":22.5,"axis":"z","origin":[8.0,8.971429,7.714286]},"faces":{"east":{"uv":[11.75,1.125,12.5625,1.625],"rotation":0,"texture":"#0","tintindex":0},"south":{"uv":[12.625,2.75,13.15625,3.25],"rotation":0,"texture":"#0","tintindex":0},"north":{"uv":[12.625,2.25,13.15625,2.75],"rotation":0,"texture":"#0","tintindex":0},"west":{"uv":[5.0,11.75,5.8125,12.25],"rotation":0,"texture":"#0","tintindex":0},"up":{"uv":[12.03125,8.5625,11.5,7.75],"rotation":0,"texture":"#0","tintindex":0},"down":{"uv":[12.15625,8.625,11.625,9.4375],"rotation":0,"texture":"#0","tintindex":0}}},{"from":[9.475315,12.676998,5.742857],