{"textures":{"0":"modelengine:entity/skeletonlich"},"elements":[{"from":[6.857143,6.546424,7.4641166],"to":[9.142858,8.889281,8.149831],"rotation":{"angle":22.5,"axis":"x","origin":[8.0,7.2892814,7.406974]},"faces":{"east":{"uv":[11.875,2.75,12.03125,3.25],"rotation":0,"texture":"#0","tintindex":0},"south":{"uv":[12.625,8.125,13.125,8.625],"rotation":0,"texture":"#0","tintindex":0},"north":{"uv":[12.625,7.625,13.125,8.125],"rotation":0,"texture":"#0","tintindex":0},"west":{"uv":[7.625,12.25,7.78125,12.75],"rotation":0,"texture":"#0","tintindex":0},"up":{"uv":[13.75,3.15625,13.25,3.0],"rotation":0,"texture":"#0","tintindex":0},"down":{"uv":[13.75,4.0,13.25,4.15625],"rotation":0,"texture":"#0","tintindex":0}}},{"from":[7.1612597,6.346424,5.6988344],"to":[8.83874,7.1464243,6.1559772],"rotation":{"angle":0.0,"axis":"y","origin":[8.03874,7.2892814,7.127406]},"faces":{"east":{"uv":[10.875,12.5,10.96875,12.6875],"rotation":0,"texture":"#0","tintindex":0},"south":{"uv":[13.5,0.5,13.875,0.6875],"rotation":0,"texture":"#0","tintindex":0},"north":{"uv":[13.375,13.25,13.75,13.4375],"rotation":0,"texture":"#0","tintindex":0},"west":{"uv":[0.375,12.875,0.46875,13.0625],"rotation":0,"texture":"#0","tintindex":0},"up":{"uv":[1.125,7.09375,0.75,7.0],"rotation":0,"texture":"#0","tintindex":0},"down":{"uv":[10.25,7.125,9.875,7.21875],"rotation":0,"texture":"#0","tintindex":0}}},{"from":[8.742857,6.3178525,6.149831],"to":[9.428572,6.832138,8.206974],"rotation":{"angle":22.5,"axis":"y","origin":[8.0,7.2892814,7.406974]},"faces":{"east":{"uv":[10.375,8.75,10.8125,8.875],"rotation":0,"texture":"#0","tintindex":0},"south":{"uv":[7.625,13.625,7.78125,13.75],"rotation":0,"texture":"#0","tintindex":0},"north":{"uv":[7.375,13.625,7.53125,13.75],"rotation":0,"texture":"#0","tintindex":0},"west":{"uv":[1.875,10.5,2.3125,10.625],"rotation":0,"texture":"#0","tintindex":0},"up":{"uv":[2.03125,13.9375,1.875,13.5],"rotation":0,"texture":"#0","tintindex":0},"down":{"uv":[2.28125,13.5,2.125,13.9375],"rotation":0,"texture":"#0","tintindex":0}}},{"from":[6.5714283,6.3178525,6.149831],"to":[7.257143,6.832138,8.206974],"rotation":{"angle":-22.5,"axis":"y","origin":[8.0,7.2892814,7.406974]},"faces":{"east":{"uv":[4.5,9.375,4.9375,9.5],"rotation":0,"texture":"#0","tintindex":0},"south":{"uv":[7.125,13.625,7.28125,13.75],"rotation":0,"texture":"#0","tintindex":0},"north":{"uv":[6.875,13.625,7.03125,13.75],"rotation":0,"texture":"#0","tintindex":0},"west":{"uv":[9.625,5.375,10.0625,5.5],"rotation":0,"texture":"#0","tintindex":0},"up":{"uv":[8.03125,13.8125,7.875,13.375],"rotation":0,"texture":"#0","tintindex":0},"down":{"uv":[1.28125,13.5,1.125,13.9375],"rotation":0,"texture":"#0","tintindex":0}}}],"display":{"head":{"translation":[0.0,-6.4,0.0],"scale":[4.0,4.0,4.0]}}}