{"textures":{"0":"modelengine:entity/skeletonlich"},"elements":[{"from":[11.545729,3.7391443,7.4285717],"to":[13.260015,8.424859,8.857143],"rotation":{"angle":0.0,"axis":"y","origin":[13.06303,6.1391444,8.228572]},"faces":{"east":{"uv":[5.375,12.25,5.6875,13.28125],"rotation":0,"texture":"#0","tintindex":0},"south":{"uv":[11.875,1.625,12.25,2.65625],"rotation":0,"texture":"#0","tintindex":0},"north":{"uv":[7.875,11.75,8.25,12.78125],"rotation":0,"texture":"#0","tintindex":0},"west":{"uv":[12.25,5.5,12.5625,6.53125],"rotation":0,"texture":"#0","tintindex":0},"up":{"uv":[13.625,5.1875,13.25,4.875],"rotation":0,"texture":"#0","tintindex":0},"down":{"uv":[13.625,9.125,13.25,9.4375],"rotation":0,"texture":"#0","tintindex":0}}},{"from":[11.431443,2.8820014,7.142857],"to":[13.317158,7.8534303,8.971429],"rotation":{"angle":0.0,"axis":"y","origin":[13.06303,6.1391444,8.228572]},"faces":{"east":{"uv":[11.0,7.75,11.40625,8.84375],"rotation":0,"texture":"#0","tintindex":0},"south":{"uv":[1.625,11.125,2.03125,12.21875],"rotation":0,"texture":"#0","tintindex":0},"north":{"uv":[8.25,10.75,8.65625,11.84375],"rotation":0,"texture":"#0","tintindex":0},"west":{"uv":[2.125,11.125,2.53125,12.21875],"rotation":0,"texture":"#0","tintindex":0},"up":{"uv":[12.40625,13.15625,12.0,12.75],"rotation":0,"texture":"#0","tintindex":0},"down":{"uv":[3.40625,12.875,3.0,13.28125],"rotation":0,"texture":"#0","tintindex":0}}},{"from":[-16.0,-9.147615,7.3142858],"to":[-14.457146,-7.604759,9.085714],"rotation":{"angle":-45.0,"axis":"z","origin":[13.06303,-35.739147,8.228572]},"faces":{"east":{"uv":[3.5,8.375,3.875,8.71875],"rotation":0,"texture":"#0","tintindex":0},"south":{"uv":[13.25,1.5,13.59375,1.84375],"rotation":0,"texture":"#0","tintindex":0},"north":{"uv":[1.5,13.25,1.84375,13.59375],"rotation":0,"texture":"#0","tintindex":0},"west":{"uv":[9.0,7.875,9.375,8.21875],"rotation":0,"texture":"#0","tintindex":0},"up":{"uv":[9.71875,8.25,9.375,7.875],"rotation":0,"texture":"#0","tintindex":0},"down":{"uv":[10.21875,6.75,9.875,7.125],"rotation":0,"texture":"#0","tintindex":0}}},{"from":[10.802872,4.8571424,6.857143],"to":[13.717157,9.3714285,9.3714285],"rotation":{"angle":0.0,"axis":"y","origin":[11.3743,-8.514286,12.114286]},"faces":{"east":{"uv":[10.375,1.75,10.9375,2.75],"rotation":0,"texture":"#0","tintindex":0},"south":{"uv":[0.625,9.75,1.25,10.75],"rotation":0,"texture":"#0","tintindex":0},"north":{"uv":[9.625,3.75,10.25,4.75],"rotation":0,"texture":"#0","tintindex":0},"west":{"uv":[10.375,2.75,10.9375,3.75],"rotation":0,"texture":"#0","tintindex":0},"up":{"uv":[12.5,1.0625,11.875,0.5],"rotation":0,"texture":"#0","tintindex":0},"down":{"uv":[12.75,4.875,12.125,5.4375],"rotation":0,"texture":"#0","tintindex":0}}},{"from":[3.8314428,4.285714,6.285714],"to":[6.1743,8.8,9.942858],"rotation":{"angle":-22.5,"axis":"z","origin":[11.3743,-8.514286,12.114286]},"faces":{"east":{"uv":[6.25,7.375,7.0625,8.375],"rotation":0,"texture":"#0","tintindex":0},"south":{"uv":[5.5,10.75,6.0,11.75],"rotation":0,"texture":"#0","tintindex":0},"north":{"uv":[5.0,10.75,5.5,11.75],"rotation":0,"texture":"#0","tintindex":0},"west":{"uv":[7.125,7.375,7.9375,8.375],"rotation":0,"texture":"#0","tintindex":0},"up":{"uv":[6.25,9.3125,5.75,8.5],"rotation":0,"texture":"#0","tintindex":0},"down":{"uv":[12.125,9.5,11.625,10.3125],"rotation":0,"texture":"#0","tintindex":0}}}],"display":{"head":{"translation":[-22.86863,-6.4,0.0],"scale":[4.0,4.0,4.0]}}}