{"textures":{"0":"modelengine:entity/skeletonlich"},"elements":[{"from":[7.8897753,6.305731,7.142857],"to":[8.918346,6.991445,8.8],"rotation":{"angle":0.0,"axis":"y","origin":[8.0,6.742857,7.3714285]},"faces":{"east":{"uv":[13.875,7.75,13.5,7.90625],"rotation":0,"texture":"#0","tintindex":0},"south":{"uv":[1.71875,13.625,1.5,13.78125],"rotation":0,"texture":"#0","tintindex":0},"north":{"uv":[13.84375,1.375,13.625,1.53125],"rotation":0,"texture":"#0","tintindex":0},"west":{"uv":[13.875,7.5,13.5,7.65625],"rotation":0,"texture":"#0","tintindex":0},"up":{"uv":[9.75,11.75,9.96875,11.375],"rotation":0,"texture":"#0","tintindex":0},"down":{"uv":[9.75,11.75,9.96875,12.125],"rotation":0,"texture":"#0","tintindex":0}}},{"from":[7.2532425,7.542857,7.0857143],"to":[7.8867598,8.339772,8.857143],"rotation":{"angle":0.0,"axis":"y","origin":[13.942858,11.885715,7.428571]},"faces":{"east":{"uv":[7.5,13.375,7.875,13.5625],"rotation":0,"texture":"#0","tintindex":0},"south":{"uv":[0.5,11.75,0.625,11.9375],"rotation":0,"texture":"#0","tintindex":0},"north":{"uv":[11.5,8.625,11.625,8.8125],"rotation":0,"texture":"#0","tintindex":0},"west":{"uv":[13.375,8.5,13.75,8.6875],"rotation":0,"texture":"#0","tintindex":0},"up":{"uv":[5.875,6.25,5.75,5.875],"rotation":0,"texture":"#0","tintindex":0},"down":{"uv":[4.5,6.125,4.375,6.5],"rotation":0,"texture":"#0","tintindex":0}}},{"from":[7.428571,6.742857,7.2],"to":[8.114285,7.7714286,8.742857],"rotation":{"angle":0.0,"axis":"y","origin":[13.714286,11.885715,7.3714285]},"faces":{"east":{"uv":[13.25,11.375,13.59375,11.59375],"rotation":0,"texture":"#0","tintindex":0},"south":{"uv":[13.5,12.125,13.65625,12.34375],"rotation":0,"texture":"#0","tintindex":0},"north":{"uv":[13.5,11.875,13.65625,12.09375],"rotation":0,"texture":"#0","tintindex":0},"west":{"uv":[6.375,13.375,6.71875,13.59375],"rotation":0,"texture":"#0","tintindex":0},"up":{"uv":[13.65625,8.34375,13.5,8.0],"rotation":0,"texture":"#0","tintindex":0},"down":{"uv":[8.28125,13.5,8.125,13.84375],"rotation":0,"texture":"#0","tintindex":0}}},{"from":[5.9389567,9.142858,7.0857143],"to":[6.572474,9.939773,8.857143],"rotation":{"angle":22.5,"axis":"z","origin":[13.942858,11.885715,7.428571]},"faces":{"east":{"uv":[13.375,8.75,13.75,8.9375],"rotation":0,"texture":"#0","tintindex":0},"south":{"uv":[11.0,11.75,11.125,11.9375],"rotation":0,"texture":"#0","tintindex":0},"north":{"uv":[11.75,1.625,11.875,1.8125],"rotation":0,"texture":"#0","tintindex":0},"west":{"uv":[9.75,13.375,10.125,13.5625],"rotation":0,"texture":"#0","tintindex":0},"up":{"uv":[4.5,6.875,4.375,6.5],"rotation":0,"texture":"#0","tintindex":0},"down":{"uv":[11.0,1.375,10.875,1.75],"rotation":0,"texture":"#0","tintindex":0}}}],"display":{"head":{"translation":[0.0,-6.4,0.0],"scale":[4.0,4.0,4.0]}}}