{"textures":{"0":"modelengine:entity/skeletonlich"},"elements":[{"from":[7.0857143,2.4248586,7.2],"to":[8.8,7.110573,8.6285715],"rotation":{"angle":0.0,"axis":"y","origin":[8.603016,11.110573,8.114285]},"faces":{"east":{"uv":[5.75,12.25,6.0625,13.28125],"rotation":0,"texture":"#0","tintindex":0},"south":{"uv":[11.875,5.75,12.25,6.78125],"rotation":0,"texture":"#0","tintindex":0},"north":{"uv":[11.875,3.75,12.25,4.78125],"rotation":0,"texture":"#0","tintindex":0},"west":{"uv":[6.125,12.25,6.4375,13.28125],"rotation":0,"texture":"#0","tintindex":0},"up":{"uv":[13.625,9.8125,13.25,9.5],"rotation":0,"texture":"#0","tintindex":0},"down":{"uv":[13.625,9.875,13.25,10.1875],"rotation":0,"texture":"#0","tintindex":0}}},{"from":[4.7399855,8.119043,7.0285716],"to":[6.2828426,9.6619005,8.8],"rotation":{"angle":45.0,"axis":"z","origin":[8.603016,11.110573,8.114285]},"faces":{"east":{"uv":[10.5,1.375,10.875,1.71875],"rotation":0,"texture":"#0","tintindex":0},"south":{"uv":[13.25,2.25,13.59375,2.59375],"rotation":0,"texture":"#0","tintindex":0},"north":{"uv":[13.25,1.875,13.59375,2.21875],"rotation":0,"texture":"#0","tintindex":0},"west":{"uv":[6.0,10.75,6.375,11.09375],"rotation":0,"texture":"#0","tintindex":0},"up":{"uv":[1.46875,13.5,1.125,13.125],"rotation":0,"texture":"#0","tintindex":0},"down":{"uv":[2.34375,13.125,2.0,13.5],"rotation":0,"texture":"#0","tintindex":0}}},{"from":[7.028571,2.4248586,7.0285716],"to":[8.914286,7.3962874,8.857143],"rotation":{"angle":0.0,"axis":"y","origin":[20.858318,-3.7689228,-3.8857145]},"faces":{"east":{"uv":[6.0,11.125,6.40625,12.21875],"rotation":0,"texture":"#0","tintindex":0},"south":{"uv":[6.5,11.125,6.90625,12.21875],"rotation":0,"texture":"#0","tintindex":0},"north":{"uv":[2.625,11.125,3.03125,12.21875],"rotation":0,"texture":"#0","tintindex":0},"west":{"uv":[11.125,8.875,11.53125,9.96875],"rotation":0,"texture":"#0","tintindex":0},"up":{"uv":[13.28125,6.65625,12.875,6.25],"rotation":0,"texture":"#0","tintindex":0},"down":{"uv":[8.03125,12.875,7.625,13.28125],"rotation":0,"texture":"#0","tintindex":0}}},{"from":[8.0,2.1142855,8.742857],"to":[8.0,7.257143,13.885715],"rotation":{"angle":0.0,"axis":"y","origin":[8.0,14.114286,6.457143]},"faces":{"east":{"uv":[5.0,1.125,6.125,2.25],"rotation":0,"texture":"#0","tintindex":0},"south":{"uv":[0.0,0.0,0.0,1.125],"rotation":0,"texture":"#0","tintindex":0},"north":{"uv":[0.0,0.0,0.0,1.125],"rotation":0,"texture":"#0","tintindex":0},"west":{"uv":[5.0,2.25,6.125,3.375],"rotation":0,"texture":"#0","tintindex":0},"up":{"uv":[0.0,1.125,0.0,0.0],"rotation":0,"texture":"#0","tintindex":0},"down":{"uv":[0.0,0.0,0.0,1.125],"rotation":0,"texture":"#0","tintindex":0}}}],"display":{"head":{"translation":[0.0,-6.4,0.0],"scale":[4.0,4.0,4.0]}}}