{"textures":{"0":"modelengine:entity/skeletonlich"},"elements":[{"from":[7.6571426,2.9714284,5.714286],"to":[10.685715,7.542857,10.971429],"rotation":{"angle":22.5,"axis":"z","origin":[6.5142856,6.4,8.571428]},"faces":{"east":{"uv":[4.5,5.875,5.65625,6.875],"rotation":0,"texture":"#0","tintindex":0},"south":{"uv":[2.5,9.625,3.15625,10.625],"rotation":0,"texture":"#0","tintindex":0},"north":{"uv":[9.625,1.75,10.28125,2.75],"rotation":0,"texture":"#0","tintindex":0},"west":{"uv":[5.875,4.5,7.03125,5.5],"rotation":0,"texture":"#0","tintindex":0},"up":{"uv":[8.90625,2.15625,8.25,1.0],"rotation":0,"texture":"#0","tintindex":0},"down":{"uv":[8.90625,3.875,8.25,5.03125],"rotation":0,"texture":"#0","tintindex":0}}},{"from":[6.6725736,-0.020324707,6.285714],"to":[8.386859,3.7511044,10.4],"rotation":{"angle":45.0,"axis":"z","origin":[6.501145,7.1796756,8.571428]},"faces":{"east":{"uv":[3.5,8.75,4.40625,9.5625],"rotation":0,"texture":"#0","tintindex":0},"south":{"uv":[3.625,12.375,4.0,13.1875],"rotation":0,"texture":"#0","tintindex":0},"north":{"uv":[10.125,12.25,10.5,13.0625],"rotation":0,"texture":"#0","tintindex":0},"west":{"uv":[8.75,8.25,9.65625,9.0625],"rotation":0,"texture":"#0","tintindex":0},"up":{"uv":[12.0,13.03125,11.625,12.125],"rotation":0,"texture":"#0","tintindex":0},"down":{"uv":[12.5,11.75,12.125,12.65625],"rotation":0,"texture":"#0","tintindex":0}}},{"from":[7.0,2.2857141,6.857143],"to":[9.457143,8.571428,9.257143],"rotation":{"angle":0.0,"axis":"y","origin":[5.885714,6.285714,8.571428]},"faces":{"east":{"uv":[9.0,0.0,9.53125,1.375],"rotation":0,"texture":"#0","tintindex":0},"south":{"uv":[9.0,1.375,9.53125,2.75],"rotation":0,"texture":"#0","tintindex":0},"north":{"uv":[0.0,9.0,0.53125,10.375],"rotation":0,"texture":"#0","tintindex":0},"west":{"uv":[9.0,2.75,9.53125,4.125],"rotation":0,"texture":"#0","tintindex":0},"up":{"uv":[13.03125,1.03125,12.5,0.5],"rotation":0,"texture":"#0","tintindex":0},"down":{"uv":[13.03125,11.75,12.5,12.28125],"rotation":0,"texture":"#0","tintindex":0}}}],"display":{"head":{"translation":[0.0,-6.4,0.0],"scale":[4.0,4.0,4.0]}}}