{"textures":{"0":"modelengine:entity/skeletonlich"},"elements":[{"from":[7.1142855,2.2857141,6.857143],"to":[9.0,8.0,9.257143],"rotation":{"angle":0.0,"axis":"y","origin":[5.714286,13.714286,8.571428]},"faces":{"east":{"uv":[9.375,9.125,9.90625,10.375],"rotation":0,"texture":"#0","tintindex":0},"south":{"uv":[0.625,10.75,1.03125,12.0],"rotation":0,"texture":"#0","tintindex":0},"north":{"uv":[10.625,10.125,11.03125,11.375],"rotation":0,"texture":"#0","tintindex":0},"west":{"uv":[4.5,9.5,5.03125,10.75],"rotation":0,"texture":"#0","tintindex":0},"up":{"uv":[13.15625,4.15625,12.75,3.625],"rotation":0,"texture":"#0","tintindex":0},"down":{"uv":[13.15625,4.875,12.75,5.40625],"rotation":0,"texture":"#0","tintindex":0}}}],"display":{"head":{"translation":[0.0,-6.4,0.0],"scale":[4.0,4.0,4.0]}}}