{"textures":{"0":"modelengine:entity/skeletonlich"},"elements":[{"from":[8.174495,7.6571426,7.3454056],"to":[8.860209,8.057143,8.488262],"rotation":{"angle":45.0,"axis":"y","origin":[8.49191,8.971429,7.2556763]},"faces":{"east":{"uv":[13.875,5.875,13.625,5.96875],"rotation":0,"texture":"#0","tintindex":0},"south":{"uv":[13.78125,10.0,13.625,10.09375],"rotation":0,"texture":"#0","tintindex":0},"north":{"uv":[13.78125,9.875,13.625,9.96875],"rotation":0,"texture":"#0","tintindex":0},"west":{"uv":[13.875,5.75,13.625,5.84375],"rotation":0,"texture":"#0","tintindex":0},"up":{"uv":[10.375,13.75,10.53125,13.5],"rotation":0,"texture":"#0","tintindex":0},"down":{"uv":[10.625,13.5,10.78125,13.75],"rotation":0,"texture":"#0","tintindex":0}}},{"from":[7.737469,7.542857,7.536934],"to":[8.370986,8.171429,8.33385],"rotation":{"angle":-22.5,"axis":"y","origin":[8.549052,8.971429,7.1985335]},"faces":{"east":{"uv":[11.625,7.625,11.8125,7.75],"rotation":0,"texture":"#0","tintindex":0},"south":{"uv":[8.125,3.875,8.25,4.0],"rotation":0,"texture":"#0","tintindex":0},"north":{"uv":[8.125,1.0,8.25,1.125],"rotation":0,"texture":"#0","tintindex":0},"west":{"uv":[11.875,7.625,12.0625,7.75],"rotation":0,"texture":"#0","tintindex":0},"up":{"uv":[3.375,8.3125,3.25,8.125],"rotation":0,"texture":"#0","tintindex":0},"down":{"uv":[10.625,11.125,10.5,11.3125],"rotation":0,"texture":"#0","tintindex":0}}},{"from":[8.263338,7.6,7.0842476],"to":[8.949053,8.114285,8.112819],"rotation":{"angle":-45.0,"axis":"y","origin":[8.549052,8.971429,7.1985335]},"faces":{"east":{"uv":[5.0,3.375,5.21875,3.5],"rotation":0,"texture":"#0","tintindex":0},"south":{"uv":[13.625,6.125,13.78125,6.25],"rotation":0,"texture":"#0","tintindex":0},"north":{"uv":[13.625,6.0,13.78125,6.125],"rotation":0,"texture":"#0","tintindex":0},"west":{"uv":[4.125,7.625,4.34375,7.75],"rotation":0,"texture":"#0","tintindex":0},"up":{"uv":[11.65625,13.71875,11.5,13.5],"rotation":0,"texture":"#0","tintindex":0},"down":{"uv":[13.65625,11.625,13.5,11.84375],"rotation":0,"texture":"#0","tintindex":0}}},{"from":[8.221723,7.542857,6.7892694],"to":[9.018638,8.171429,7.422787],"rotation":{"angle":-22.5,"axis":"y","origin":[8.49191,8.971429,7.2556763]},"faces":{"east":{"uv":[8.875,7.25,9.0,7.375],"rotation":0,"texture":"#0","tintindex":0},"south":{"uv":[12.25,2.625,12.4375,2.75],"rotation":0,"texture":"#0","tintindex":0},"north":{"uv":[9.75,12.125,9.9375,12.25],"rotation":0,"texture":"#0","tintindex":0},"west":{"uv":[7.625,9.375,7.75,9.5],"rotation":0,"texture":"#0","tintindex":0},"up":{"uv":[12.9375,4.625,12.75,4.5],"rotation":0,"texture":"#0","tintindex":0},"down":{"uv":[7.8125,12.75,7.625,12.875],"rotation":0,"texture":"#0","tintindex":0}}}],"display":{"head":{"translation":[0.0,-6.4,0.0],"scale":[4.0,4.0,4.0]}}}