{"textures":{"0":"modelengine:entity/skeletonlich"},"elements":[{"from":[4.998824,2.8546362,8.0],"to":[10.884539,7.9974937,8.057143],"rotation":{"angle":0.0,"axis":"y","origin":[16.971428,-1.257144,-0.9714289]},"faces":{"east":{"uv":[9.625,13.5,9.65625,14.625],"rotation":0,"texture":"#0","tintindex":0},"south":{"uv":[5.0,0.0,6.28125,1.125],"rotation":0,"texture":"#0","tintindex":0},"north":{"uv":[4.5,4.75,5.78125,5.875],"rotation":0,"texture":"#0","tintindex":0},"west":{"uv":[11.375,13.5,11.40625,14.625],"rotation":0,"texture":"#0","tintindex":0},"up":{"uv":[14.65625,6.65625,13.375,6.625],"rotation":0,"texture":"#0","tintindex":0},"down":{"uv":[14.65625,9.0,13.375,9.03125],"rotation":0,"texture":"#0","tintindex":0}}}],"display":{"head":{"translation":[0.0,-6.4,0.0],"scale":[4.0,4.0,4.0]}}}