{"textures":{"0":"modelengine:entity/skeletonlich"},"elements":[{"from":[11.542857,9.885715,5.485714],"to":[14.914286,15.028572,10.0],"rotation":{"angle":22.5,"axis":"z","origin":[14.342857,-5.6000004,12.057143]},"faces":{"east":{"uv":[6.125,1.125,7.125,2.25],"rotation":0,"texture":"#0","tintindex":0},"south":{"uv":[7.375,0.0,8.125,1.125],"rotation":0,"texture":"#0","tintindex":0},"north":{"uv":[3.375,7.25,4.125,8.375],"rotation":0,"texture":"#0","tintindex":0},"west":{"uv":[6.125,2.25,7.125,3.375],"rotation":0,"texture":"#0","tintindex":0},"up":{"uv":[8.875,7.375,8.125,6.375],"rotation":0,"texture":"#0","tintindex":0},"down":{"uv":[7.0,8.375,6.25,9.375],"rotation":0,"texture":"#0","tintindex":0}}},{"from":[6.5714283,8.0,4.9142857],"to":[9.428572,11.828571,10.114286],"rotation":{"angle":0.0,"axis":"y","origin":[14.342857,-5.6000004,12.057143]},"faces":{"east":{"uv":[7.125,1.125,8.25,1.96875],"rotation":0,"texture":"#0","tintindex":0},"south":{"uv":[3.125,10.625,3.75,11.46875],"rotation":0,"texture":"#0","tintindex":0},"north":{"uv":[8.75,10.5,9.375,11.34375],"rotation":0,"texture":"#0","tintindex":0},"west":{"uv":[1.25,7.125,2.375,7.96875],"rotation":0,"texture":"#0","tintindex":0},"up":{"uv":[7.0,10.5,6.375,9.375],"rotation":0,"texture":"#0","tintindex":0},"down":{"uv":[7.625,9.375,7.0,10.5],"rotation":0,"texture":"#0","tintindex":0}}},{"from":[8.4,13.200001,7.7714286],"to":[13.257143,13.200001,14.057143],"rotation":{"angle":-22.5,"axis":"x","origin":[8.0,1.2571425,8.342857]},"faces":{"east":{"uv":[0.0,0.0,1.375,0.0],"rotation":0,"texture":"#0","tintindex":0},"south":{"uv":[0.0,0.0,1.0625,0.0],"rotation":0,"texture":"#0","tintindex":0},"north":{"uv":[0.0,0.0,1.0625,0.0],"rotation":0,"texture":"#0","tintindex":0},"west":{"uv":[0.0,0.0,1.375,0.0],"rotation":0,"texture":"#0","tintindex":0},"up":{"uv":[1.0625,5.875,0.0,4.5],"rotation":0,"texture":"#0","tintindex":0},"down":{"uv":[2.1875,4.5,1.125,5.875],"rotation":0,"texture":"#0","tintindex":0}}},{"from":[5.8571424,9.428572,9.771429],"to":[10.142858,13.257143,14.628572],"rotation":{"angle":-22.5,"axis":"x","origin":[8.0,1.2571425,8.342857]},"faces":{"east":{"uv":[7.125,2.0,8.1875,2.84375],"rotation":0,"texture":"#0","tintindex":0},"south":{"uv":[8.0,7.375,8.9375,8.21875],"rotation":0,"texture":"#0","tintindex":0},"north":{"uv":[0.875,8.0,1.8125,8.84375],"rotation":0,"texture":"#0","tintindex":0},"west":{"uv":[7.125,4.5,8.1875,5.34375],"rotation":0,"texture":"#0","tintindex":0},"up":{"uv":[7.3125,1.0625,6.375,0.0],"rotation":0,"texture":"#0","tintindex":0},"down":{"uv":[7.3125,3.375,6.375,4.4375],"rotation":0,"texture":"#0","tintindex":0}}},{"from":[1.0857139,9.885715,5.485714],"to":[4.457143,15.028572,10.0],"rotation":{"angle":-22.5,"axis":"z","origin":[1.6571422,-5.6000004,12.057143]},"faces":{"east":{"uv":[2.375,6.125,3.375,7.25],"rotation":0,"texture":"#0","tintindex":0},"south":{"uv":[5.5,7.375,6.25,8.5],"rotation":0,"texture":"#0","tintindex":0},"north":{"uv":[7.375,2.875,8.125,4.0],"rotation":0,"texture":"#0","tintindex":0},"west":{"uv":[3.375,6.125,4.375,7.25],"rotation":0,"texture":"#0","tintindex":0},"up":{"uv":[7.75,9.375,7.0,8.375],"rotation":0,"texture":"#0","tintindex":0},"down":{"uv":[5.75,8.5,5.0,9.5],"rotation":0,"texture":"#0","tintindex":0}}},{"from":[2.742857,13.200001,7.7714286],"to":[7.6,13.200001,14.057143],"rotation":{"angle":-22.5,"axis":"x","origin":[8.0,1.2571425,8.342857]},"faces":{"east":{"uv":[0.0,0.0,1.375,0.0],"rotation":0,"texture":"#0","tintindex":0},"south":{"uv":[0.0,0.0,1.0625,0.0],"rotation":0,"texture":"#0","tintindex":0},"north":{"uv":[0.0,0.0,1.0625,0.0],"rotation":0,"texture":"#0","tintindex":0},"west":{"uv":[0.0,0.0,1.375,0.0],"rotation":0,"texture":"#0","tintindex":0},"up":{"uv":[3.3125,6.125,2.25,4.75],"rotation":0,"texture":"#0","tintindex":0},"down":{"uv":[4.4375,4.75,3.375,6.125],"rotation":0,"texture":"#0","tintindex":0}}},{"from":[5.714286,5.2571425,6.0571427],"to":[10.285714,8.114285,10.057143],"rotation":{"angle":0.0,"axis":"y","origin":[8.0,1.2571425,8.342857]},"faces":{"east":{"uv":[10.5,0.75,11.375,1.375],"rotation":0,"texture":"#0","tintindex":0},"south":{"uv":[9.875,6.125,10.875,6.75],"rotation":0,"texture":"#0","tintindex":0},"north":{"uv":[9.625,4.75,10.625,5.375],"rotation":0,"texture":"#0","tintindex":0},"west":{"uv":[6.375,10.5,7.25,11.125],"rotation":0,"texture":"#0","tintindex":0},"up":{"uv":[8.125,6.25,7.125,5.375],"rotation":0,"texture":"#0","tintindex":0},"down":{"uv":[3.375,7.25,2.375,8.125],"rotation":0,"texture":"#0","tintindex":0}}}],"display":{"head":{"translation":[0.0,-6.4,0.0],"scale":[4.0,4.0,4.0]}}}