{"textures":{"0":"modelengine:entity/skeletonlich"},"elements":[{"from":[5.3142858,2.9714284,5.714286],"to":[8.342857,7.542857,10.971429],"rotation":{"angle":-22.5,"axis":"z","origin":[9.485714,6.4,8.571428]},"faces":{"east":{"uv":[5.875,5.5,7.03125,6.5],"rotation":0,"texture":"#0","tintindex":0},"south":{"uv":[3.25,9.625,3.90625,10.625],"rotation":0,"texture":"#0","tintindex":0},"north":{"uv":[9.625,2.75,10.28125,3.75],"rotation":0,"texture":"#0","tintindex":0},"west":{"uv":[1.125,6.125,2.28125,7.125],"rotation":0,"texture":"#0","tintindex":0},"up":{"uv":[8.65625,9.40625,8.0,8.25],"rotation":0,"texture":"#0","tintindex":0},"down":{"uv":[3.40625,8.375,2.75,9.53125],"rotation":0,"texture":"#0","tintindex":0}}},{"from":[7.6131406,-0.020324707,6.285714],"to":[9.327427,3.7511044,10.4],"rotation":{"angle":-45.0,"axis":"z","origin":[9.498856,7.1796756,8.571428]},"faces":{"east":{"uv":[0.875,8.875,1.78125,9.6875],"rotation":0,"texture":"#0","tintindex":0},"south":{"uv":[0.0,12.5,0.375,13.3125],"rotation":0,"texture":"#0","tintindex":0},"north":{"uv":[4.0,12.375,4.375,13.1875],"rotation":0,"texture":"#0","tintindex":0},"west":{"uv":[8.875,6.375,9.78125,7.1875],"rotation":0,"texture":"#0","tintindex":0},"up":{"uv":[2.0,13.15625,1.625,12.25],"rotation":0,"texture":"#0","tintindex":0},"down":{"uv":[12.625,1.625,12.25,2.53125],"rotation":0,"texture":"#0","tintindex":0}}},{"from":[6.542857,2.2857141,6.857143],"to":[9.0,8.571428,9.257143],"rotation":{"angle":0.0,"axis":"y","origin":[10.114286,6.285714,8.571428]},"faces":{"east":{"uv":[1.875,9.125,2.40625,10.5],"rotation":0,"texture":"#0","tintindex":0},"south":{"uv":[8.75,9.125,9.28125,10.5],"rotation":0,"texture":"#0","tintindex":0},"north":{"uv":[9.0,4.125,9.53125,5.5],"rotation":0,"texture":"#0","tintindex":0},"west":{"uv":[5.75,9.375,6.28125,10.75],"rotation":0,"texture":"#0","tintindex":0},"up":{"uv":[13.03125,12.90625,12.5,12.375],"rotation":0,"texture":"#0","tintindex":0},"down":{"uv":[13.15625,1.125,12.625,1.65625],"rotation":0,"texture":"#0","tintindex":0}}}],"display":{"head":{"translation":[0.0,-6.4,0.0],"scale":[4.0,4.0,4.0]}}}