{"textures":{"0":"modelengine:entity/skeletonlich"},"elements":[{"from":[7.6290135,7.542857,7.536934],"to":[8.262531,8.171429,8.33385],"rotation":{"angle":22.5,"axis":"y","origin":[7.4509473,8.971429,7.1985335]},"faces":{"east":{"uv":[13.0,4.5,13.1875,4.625],"rotation":0,"texture":"#0","tintindex":0},"south":{"uv":[10.25,7.75,10.375,7.875],"rotation":0,"texture":"#0","tintindex":0},"north":{"uv":[10.125,5.375,10.25,5.5],"rotation":0,"texture":"#0","tintindex":0},"west":{"uv":[13.125,8.5,13.3125,8.625],"rotation":0,"texture":"#0","tintindex":0},"up":{"uv":[8.75,12.0625,8.625,11.875],"rotation":0,"texture":"#0","tintindex":0},"down":{"uv":[5.0,12.0,4.875,12.1875],"rotation":0,"texture":"#0","tintindex":0}}},{"from":[7.050947,7.6,7.0842476],"to":[7.7366614,8.114285,8.112819],"rotation":{"angle":45.0,"axis":"y","origin":[7.4509473,8.971429,7.1985335]},"faces":{"east":{"uv":[2.5,9.5,2.71875,9.625],"rotation":0,"texture":"#0","tintindex":0},"south":{"uv":[6.625,13.625,6.78125,13.75],"rotation":0,"texture":"#0","tintindex":0},"north":{"uv":[6.375,13.625,6.53125,13.75],"rotation":0,"texture":"#0","tintindex":0},"west":{"uv":[10.625,5.25,10.84375,5.375],"rotation":0,"texture":"#0","tintindex":0},"up":{"uv":[13.65625,12.84375,13.5,12.625],"rotation":0,"texture":"#0","tintindex":0},"down":{"uv":[12.90625,13.5,12.75,13.71875],"rotation":0,"texture":"#0","tintindex":0}}},{"from":[6.9813623,7.542857,6.7892694],"to":[7.7782774,8.171429,7.422787],"rotation":{"angle":22.5,"axis":"y","origin":[7.50809,8.971429,7.2556763]},"faces":{"east":{"uv":[2.375,10.5,2.5,10.625],"rotation":0,"texture":"#0","tintindex":0},"south":{"uv":[13.5,12.875,13.6875,13.0],"rotation":0,"texture":"#0","tintindex":0},"north":{"uv":[11.75,13.125,11.9375,13.25],"rotation":0,"texture":"#0","tintindex":0},"west":{"uv":[10.875,5.25,11.0,5.375],"rotation":0,"texture":"#0","tintindex":0},"up":{"uv":[13.8125,3.0,13.625,2.875],"rotation":0,"texture":"#0","tintindex":0},"down":{"uv":[13.8125,5.125,13.625,5.25],"rotation":0,"texture":"#0","tintindex":0}}},{"from":[7.139791,7.6571426,7.3454056],"to":[7.8255053,8.057143,8.488262],"rotation":{"angle":-45.0,"axis":"y","origin":[7.50809,8.971429,7.2556763]},"faces":{"east":{"uv":[13.625,5.75,13.875,5.84375],"rotation":0,"texture":"#0","tintindex":0},"south":{"uv":[13.625,10.0,13.78125,10.09375],"rotation":0,"texture":"#0","tintindex":0},"north":{"uv":[13.625,9.875,13.78125,9.96875],"rotation":0,"texture":"#0","tintindex":0},"west":{"uv":[13.625,5.875,13.875,5.96875],"rotation":0,"texture":"#0","tintindex":0},"up":{"uv":[10.53125,13.75,10.375,13.5],"rotation":0,"texture":"#0","tintindex":0},"down":{"uv":[10.78125,13.5,10.625,13.75],"rotation":0,"texture":"#0","tintindex":0}}}],"display":{"head":{"translation":[0.0,-6.4,0.0],"scale":[4.0,4.0,4.0]}}}