{"textures":{"0":"modelengine:entity/skeletonlich"},"elements":[{"from":[5.3114142,4.685714,6.0],"to":[10.397129,7.0857143,10.0],"rotation":{"angle":22.5,"axis":"z","origin":[-2.1743011,-1.8285723,8.4]},"faces":{"east":{"uv":[11.0,2.0,11.875,2.53125],"rotation":0,"texture":"#0","tintindex":0},"south":{"uv":[10.0,9.5,11.125,10.03125],"rotation":0,"texture":"#0","tintindex":0},"north":{"uv":[10.0,8.875,11.125,9.40625],"rotation":0,"texture":"#0","tintindex":0},"west":{"uv":[11.0,2.625,11.875,3.15625],"rotation":0,"texture":"#0","tintindex":0},"up":{"uv":[6.875,7.375,5.75,6.5],"rotation":0,"texture":"#0","tintindex":0},"down":{"uv":[5.5,6.875,4.375,7.75],"rotation":0,"texture":"#0","tintindex":0}}},{"from":[1.1971283,7.0857143,6.0571427],"to":[6.5114145,9.257143,9.885715],"rotation":{"angle":0.0,"axis":"y","origin":[-2.1743011,-1.8285723,8.4]},"faces":{"east":{"uv":[7.0,11.75,7.84375,12.21875],"rotation":0,"texture":"#0","tintindex":0},"south":{"uv":[10.625,4.75,11.78125,5.21875],"rotation":0,"texture":"#0","tintindex":0},"north":{"uv":[1.875,10.625,3.03125,11.09375],"rotation":0,"texture":"#0","tintindex":0},"west":{"uv":[11.875,0.0,12.71875,0.46875],"rotation":0,"texture":"#0","tintindex":0},"up":{"uv":[8.03125,7.34375,6.875,6.5],"rotation":0,"texture":"#0","tintindex":0},"down":{"uv":[1.15625,7.125,0.0,7.96875],"rotation":0,"texture":"#0","tintindex":0}}},{"from":[2.7399855,3.7391443,7.4285717],"to":[4.4542713,8.424859,8.857143],"rotation":{"angle":0.0,"axis":"y","origin":[2.9369698,6.1391444,8.228572]},"faces":{"east":{"uv":[6.5,12.25,6.8125,13.28125],"rotation":0,"texture":"#0","tintindex":0},"south":{"uv":[0.5,12.0,0.875,13.03125],"rotation":0,"texture":"#0","tintindex":0},"north":{"uv":[8.25,11.875,8.625,12.90625],"rotation":0,"texture":"#0","tintindex":0},"west":{"uv":[6.875,12.25,7.1875,13.28125],"rotation":0,"texture":"#0","tintindex":0},"up":{"uv":[13.625,11.3125,13.25,11.0],"rotation":0,"texture":"#0","tintindex":0},"down":{"uv":[12.125,13.25,11.75,13.5625],"rotation":0,"texture":"#0","tintindex":0}}},{"from":[2.6828427,2.8820014,7.142857],"to":[4.568557,7.8534303,8.971429],"rotation":{"angle":0.0,"axis":"y","origin":[2.9369698,6.1391444,8.228572]},"faces":{"east":{"uv":[11.125,10.0,11.53125,11.09375],"rotation":0,"texture":"#0","tintindex":0},"south":{"uv":[11.125,11.125,11.53125,12.21875],"rotation":0,"texture":"#0","tintindex":0},"north":{"uv":[10.0,11.125,10.40625,12.21875],"rotation":0,"texture":"#0","tintindex":0},"west":{"uv":[0.0,11.375,0.40625,12.46875],"rotation":0,"texture":"#0","tintindex":0},"up":{"uv":[13.28125,9.03125,12.875,8.625],"rotation":0,"texture":"#0","tintindex":0},"down":{"uv":[4.78125,13.0,4.375,13.40625],"rotation":0,"texture":"#0","tintindex":0}}},{"from":[30.457146,-9.147615,7.3142858],"to":[32.0,-7.604759,9.085714],"rotation":{"angle":45.0,"axis":"z","origin":[2.9369698,-35.739147,8.228572]},"faces":{"east":{"uv":[13.125,7.0,13.5,7.34375],"rotation":0,"texture":"#0","tintindex":0},"south":{"uv":[3.5,13.25,3.84375,13.59375],"rotation":0,"texture":"#0","tintindex":0},"north":{"uv":[13.25,2.625,13.59375,2.96875],"rotation":0,"texture":"#0","tintindex":0},"west":{"uv":[13.125,7.375,13.5,7.71875],"rotation":0,"texture":"#0","tintindex":0},"up":{"uv":[13.46875,8.125,13.125,7.75],"rotation":0,"texture":"#0","tintindex":0},"down":{"uv":[13.46875,8.125,13.125,8.5],"rotation":0,"texture":"#0","tintindex":0}}},{"from":[2.2828426,4.8571424,6.857143],"to":[5.1971283,9.3714285,9.3714285],"rotation":{"angle":0.0,"axis":"y","origin":[4.6257,-8.514286,12.114286]},"faces":{"east":{"uv":[10.375,7.75,10.9375,8.75],"rotation":0,"texture":"#0","tintindex":0},"south":{"uv":[9.75,7.875,10.375,8.875],"rotation":0,"texture":"#0","tintindex":0},"north":{"uv":[1.25,9.75,1.875,10.75],"rotation":0,"texture":"#0","tintindex":0},"west":{"uv":[9.375,10.375,9.9375,11.375],"rotation":0,"texture":"#0","tintindex":0},"up":{"uv":[12.75,11.0625,12.125,10.5],"rotation":0,"texture":"#0","tintindex":0},"down":{"uv":[12.75,11.125,12.125,11.6875],"rotation":0,"texture":"#0","tintindex":0}}},{"from":[9.8257,4.285714,6.285714],"to":[12.168557,8.8,9.942858],"rotation":{"angle":22.5,"axis":"z","origin":[4.6257,-8.514286,12.114286]},"faces":{"east":{"uv":[4.125,7.75,4.9375,8.75],"rotation":0,"texture":"#0","tintindex":0},"south":{"uv":[7.75,10.75,8.25,11.75],"rotation":0,"texture":"#0","tintindex":0},"north":{"uv":[7.25,10.75,7.75,11.75],"rotation":0,"texture":"#0","tintindex":0},"west":{"uv":[0.0,8.0,0.8125,9.0],"rotation":0,"texture":"#0","tintindex":0},"up":{"uv":[12.125,11.1875,11.625,10.375],"rotation":0,"texture":"#0","tintindex":0},"down":{"uv":[12.125,11.25,11.625,12.0625],"rotation":0,"texture":"#0","tintindex":0}}}],"display":{"head":{"translation":[22.86863,-6.4,0.0],"scale":[4.0,4.0,4.0]}}}