{"textures":{"0":"modelengine:entity/skeletonlich"},"elements":[{"from":[8.11324,7.542857,7.0857143],"to":[8.7467575,8.339772,8.857143],"rotation":{"angle":0.0,"axis":"y","origin":[2.0571427,11.885715,7.428571]},"faces":{"east":{"uv":[13.375,10.5,13.75,10.6875],"rotation":0,"texture":"#0","tintindex":0},"south":{"uv":[12.125,5.5,12.25,5.6875],"rotation":0,"texture":"#0","tintindex":0},"north":{"uv":[11.0,12.0,11.125,12.1875],"rotation":0,"texture":"#0","tintindex":0},"west":{"uv":[13.375,10.75,13.75,10.9375],"rotation":0,"texture":"#0","tintindex":0},"up":{"uv":[11.375,0.375,11.25,0.0],"rotation":0,"texture":"#0","tintindex":0},"down":{"uv":[11.375,0.375,11.25,0.75],"rotation":0,"texture":"#0","tintindex":0}}},{"from":[7.885714,6.742857,7.2],"to":[8.571428,7.7714286,8.742857],"rotation":{"angle":0.0,"axis":"y","origin":[2.2857141,11.885715,7.3714285]},"faces":{"east":{"uv":[6.75,13.375,7.09375,13.59375],"rotation":0,"texture":"#0","tintindex":0},"south":{"uv":[13.625,1.125,13.78125,1.34375],"rotation":0,"texture":"#0","tintindex":0},"north":{"uv":[13.375,13.5,13.53125,13.71875],"rotation":0,"texture":"#0","tintindex":0},"west":{"uv":[7.125,13.375,7.46875,13.59375],"rotation":0,"texture":"#0","tintindex":0},"up":{"uv":[8.53125,13.84375,8.375,13.5],"rotation":0,"texture":"#0","tintindex":0},"down":{"uv":[8.78125,13.5,8.625,13.84375],"rotation":0,"texture":"#0","tintindex":0}}},{"from":[7.081653,6.305731,7.142857],"to":[8.110225,6.991445,8.8],"rotation":{"angle":0.0,"axis":"y","origin":[8.0,6.742857,7.3714285]},"faces":{"east":{"uv":[13.5,7.5,13.875,7.65625],"rotation":0,"texture":"#0","tintindex":0},"south":{"uv":[1.5,13.625,1.71875,13.78125],"rotation":0,"texture":"#0","tintindex":0},"north":{"uv":[13.625,1.375,13.84375,1.53125],"rotation":0,"texture":"#0","tintindex":0},"west":{"uv":[13.5,7.75,13.875,7.90625],"rotation":0,"texture":"#0","tintindex":0},"up":{"uv":[9.96875,11.75,9.75,11.375],"rotation":0,"texture":"#0","tintindex":0},"down":{"uv":[9.96875,11.75,9.75,12.125],"rotation":0,"texture":"#0","tintindex":0}}},{"from":[9.427526,9.142858,7.0857143],"to":[10.061043,9.939773,8.857143],"rotation":{"angle":-22.5,"axis":"z","origin":[2.0571427,11.885715,7.428571]},"faces":{"east":{"uv":[10.875,13.375,11.25,13.5625],"rotation":0,"texture":"#0","tintindex":0},"south":{"uv":[12.0,12.125,12.125,12.3125],"rotation":0,"texture":"#0","tintindex":0},"north":{"uv":[8.625,12.125,8.75,12.3125],"rotation":0,"texture":"#0","tintindex":0},"west":{"uv":[13.375,13.0,13.75,13.1875],"rotation":0,"texture":"#0","tintindex":0},"up":{"uv":[0.625,11.75,0.5,11.375],"rotation":0,"texture":"#0","tintindex":0},"down":{"uv":[11.125,11.375,11.0,11.75],"rotation":0,"texture":"#0","tintindex":0}}}],"display":{"head":{"translation":[0.0,-6.4,0.0],"scale":[4.0,4.0,4.0]}}}