{"textures":{"0":"modelengine:entity/skeletonlich"},"elements":[{"from":[7.2,2.4248586,7.2],"to":[8.914286,7.110573,8.6285715],"rotation":{"angle":0.0,"axis":"y","origin":[7.396984,11.110573,8.114285]},"faces":{"east":{"uv":[7.25,12.25,7.5625,13.28125],"rotation":0,"texture":"#0","tintindex":0},"south":{"uv":[1.25,12.0,1.625,13.03125],"rotation":0,"texture":"#0","tintindex":0},"north":{"uv":[0.875,12.0,1.25,13.03125],"rotation":0,"texture":"#0","tintindex":0},"west":{"uv":[9.75,12.25,10.0625,13.28125],"rotation":0,"texture":"#0","tintindex":0},"up":{"uv":[12.5,13.5625,12.125,13.25],"rotation":0,"texture":"#0","tintindex":0},"down":{"uv":[0.375,13.375,0.0,13.6875],"rotation":0,"texture":"#0","tintindex":0}}},{"from":[9.717157,8.119043,7.0285716],"to":[11.260015,9.6619005,8.8],"rotation":{"angle":-45.0,"axis":"z","origin":[7.396984,11.110573,8.114285]},"faces":{"east":{"uv":[10.125,13.125,10.5,13.46875],"rotation":0,"texture":"#0","tintindex":0},"south":{"uv":[3.875,13.25,4.21875,13.59375],"rotation":0,"texture":"#0","tintindex":0},"north":{"uv":[13.25,3.625,13.59375,3.96875],"rotation":0,"texture":"#0","tintindex":0},"west":{"uv":[11.375,13.125,11.75,13.46875],"rotation":0,"texture":"#0","tintindex":0},"up":{"uv":[13.46875,12.0,13.125,11.625],"rotation":0,"texture":"#0","tintindex":0},"down":{"uv":[13.46875,12.0,13.125,12.375],"rotation":0,"texture":"#0","tintindex":0}}},{"from":[7.0857143,2.4248586,7.0285716],"to":[8.971429,7.3962874,8.857143],"rotation":{"angle":0.0,"axis":"y","origin":[-4.8583193,-3.7689228,-3.8857145]},"faces":{"east":{"uv":[8.75,11.375,9.15625,12.46875],"rotation":0,"texture":"#0","tintindex":0},"south":{"uv":[9.25,11.375,9.65625,12.46875],"rotation":0,"texture":"#0","tintindex":0},"north":{"uv":[11.375,0.0,11.78125,1.09375],"rotation":0,"texture":"#0","tintindex":0},"west":{"uv":[10.5,11.375,10.90625,12.46875],"rotation":0,"texture":"#0","tintindex":0},"up":{"uv":[8.53125,13.40625,8.125,13.0],"rotation":0,"texture":"#0","tintindex":0},"down":{"uv":[12.90625,13.0,12.5,13.40625],"rotation":0,"texture":"#0","tintindex":0}}},{"from":[8.0,2.1142855,8.742857],"to":[8.0,7.257143,13.885715],"rotation":{"angle":0.0,"axis":"y","origin":[8.0,14.114286,6.457143]},"faces":{"east":{"uv":[5.25,3.375,6.375,4.5],"rotation":0,"texture":"#0","tintindex":0},"south":{"uv":[0.0,0.0,0.0,1.125],"rotation":0,"texture":"#0","tintindex":0},"north":{"uv":[0.0,0.0,0.0,1.125],"rotation":0,"texture":"#0","tintindex":0},"west":{"uv":[0.0,5.875,1.125,7.0],"rotation":0,"texture":"#0","tintindex":0},"up":{"uv":[0.0,1.125,0.0,0.0],"rotation":0,"texture":"#0","tintindex":0},"down":{"uv":[0.0,0.0,0.0,1.125],"rotation":0,"texture":"#0","tintindex":0}}}],"display":{"head":{"translation":[0.0,-6.4,0.0],"scale":[4.0,4.0,4.0]}}}