{"textures":{"0":"modelengine:entity/tlaloc"},"elements":[{"from":[5.3547664,7.643657,5.3056],"to":[10.497623,11.643658,10.448458],"rotation":{"angle":0.0,"axis":"y","origin":[7.926195,9.643658,7.8770285]},"faces":{"east":{"uv":[6.125,0.875,7.25,1.75],"rotation":0,"texture":"#0","tintindex":0},"south":{"uv":[7.0,0.0,5.875,0.875],"rotation":0,"texture":"#0","tintindex":0},"north":{"uv":[5.875,0.0,7.0,0.875],"rotation":0,"texture":"#0","tintindex":0},"west":{"uv":[7.25,0.875,6.125,1.75],"rotation":0,"texture":"#0","tintindex":0},"up":{"uv":[4.625,4.0,3.5,2.875],"rotation":0,"texture":"#0","tintindex":0},"down":{"uv":[4.625,2.875,3.5,4.0],"rotation":0,"texture":"#0","tintindex":0}}},{"from":[4.475909,11.568183,4.7259426],"to":[11.333053,13.282469,11.011658],"rotation":{"angle":0.0,"axis":"y","origin":[8.018766,13.91104,7.6973715]},"faces":{"east":{"uv":[0.0,5.375,1.375,5.75],"rotation":0,"texture":"#0","tintindex":0},"south":{"uv":[1.5,4.375,0.0,4.75],"rotation":0,"texture":"#0","tintindex":0},"north":{"uv":[0.0,4.375,1.5,4.75],"rotation":0,"texture":"#0","tintindex":0},"west":{"uv":[1.375,5.375,0.0,5.75],"rotation":0,"texture":"#0","tintindex":0},"up":{"uv":[5.0,4.25,3.5,2.875],"rotation":0,"texture":"#0","tintindex":0},"down":{"uv":[5.0,2.875,3.5,4.25],"rotation":0,"texture":"#0","tintindex":0}}},{"from":[4.0473375,13.253897,4.097371],"to":[11.618767,16.11104,11.097372],"rotation":{"angle":0.0,"axis":"y","origin":[8.018766,13.739612,7.6973715]},"faces":{"east":{"uv":[5.75,6.25,7.25,6.875],"rotation":0,"texture":"#0","tintindex":0},"south":{"uv":[7.375,5.0,5.75,5.625],"rotation":0,"texture":"#0","tintindex":0},"north":{"uv":[5.75,5.0,7.375,5.625],"rotation":0,"texture":"#0","tintindex":0},"west":{"uv":[7.25,6.25,5.75,6.875],"rotation":0,"texture":"#0","tintindex":0},"up":{"uv":[3.5,4.75,1.875,3.25],"rotation":0,"texture":"#0","tintindex":0},"down":{"uv":[3.5,3.25,1.875,4.75],"rotation":0,"texture":"#0","tintindex":0}}},{"from":[8.476443,7.7373714,8.809884],"to":[8.533586,15.165943,16.238457],"rotation":{"angle":22.5,"axis":"y","origin":[8.505014,10.880229,9.095598]},"faces":{"east":{"uv":[1.625,0.0,3.25,1.625],"rotation":0,"texture":"#0","tintindex":0},"south":{"uv":[14.5,0.0,13.5,1.875],"rotation":0,"texture":"#0","tintindex":0},"north":{"uv":[13.75,0.0,12.75,1.875],"rotation":0,"texture":"#0","tintindex":0},"west":{"uv":[3.25,0.0,1.625,1.625],"rotation":0,"texture":"#0","tintindex":0},"up":{"uv":[14.0,1.875,13.375,0.0],"rotation":0,"texture":"#0","tintindex":0},"down":{"uv":[13.75,0.125,12.875,2.0],"rotation":0,"texture":"#0","tintindex":0}}},{"from":[7.4092712,7.7373714,8.809884],"to":[7.4664145,15.165943,16.238457],"rotation":{"angle":-22.5,"axis":"y","origin":[7.437843,10.880229,9.095598]},"faces":{"east":{"uv":[1.625,0.0,3.25,1.625],"rotation":0,"texture":"#0","tintindex":0},"south":{"uv":[13.5,0.0,14.5,1.875],"rotation":0,"texture":"#0","tintindex":0},"north":{"uv":[12.75,0.0,13.75,1.875],"rotation":0,"texture":"#0","tintindex":0},"west":{"uv":[3.25,0.0,1.625,1.625],"rotation":0,"texture":"#0","tintindex":0},"up":{"uv":[13.375,1.875,14.0,0.0],"rotation":0,"texture":"#0","tintindex":0},"down":{"uv":[12.875,0.125,13.75,2.0],"rotation":0,"texture":"#0","tintindex":0}}},{"from":[9.047872,4.651657,9.381312],"to":[9.105015,12.080229,16.809883],"rotation":{"angle":22.5,"axis":"y","origin":[9.076443,12.365943,7.9527407]},"faces":{"east":{"uv":[0.0,0.0,1.625,1.625],"rotation":0,"texture":"#0","tintindex":0},"south":{"uv":[14.5,0.0,13.5,1.875],"rotation":0,"texture":"#0","tintindex":0},"north":{"uv":[13.75,0.0,12.75,1.875],"rotation":0,"texture":"#0","tintindex":0},"west":{"uv":[1.625,0.0,0.0,1.625],"rotation":0,"texture":"#0","tintindex":0},"up":{"uv":[14.0,1.875,13.375,0.0],"rotation":0,"texture":"#0","tintindex":0},"down":{"uv":[13.75,0.125,12.875,2.0],"rotation":0,"texture":"#0","tintindex":0}}},{"from":[6.837843,4.651657,9.381312],"to":[6.8949857,12.080229,16.809883],"rotation":{"angle":-22.5,"axis":"y","origin":[6.866414,12.365943,7.9527407]},"faces":{"east":{"uv":[0.0,0.0,1.625,1.625],"rotation":0,"texture":"#0","tintindex":0},"south":{"uv":[13.5,0.0,14.5,1.875],"rotation":0,"texture":"#0","tintindex":0},"north":{"uv":[12.75,0.0,13.75,1.875],"rotation":0,"texture":"#0","tintindex":0},"west":{"uv":[1.625,0.0,0.0,1.625],"rotation":0,"texture":"#0","tintindex":0},"up":{"uv":[13.375,1.875,14.0,0.0],"rotation":0,"texture":"#0","tintindex":0},"down":{"uv":[12.875,0.125,13.75,2.0],"rotation":0,"texture":"#0","tintindex":0}}},{"from":[7.9807,8.651657,7.6670265],"to":[8.037843,16.080229,15.095598],"rotation":{"angle":0.0,"axis":"y","origin":[8.007786,9.381943,10.162741]},"faces":{"east":{"uv":[0.0,0.0,1.625,1.625],"rotation":0,"texture":"#0","tintindex":0},"south":{"uv":[13.5,0.0,14.5,1.875],"rotation":0,"texture":"#0","tintindex":0},"north":{"uv":[12.75,0.0,13.75,1.875],"rotation":0,"texture":"#0","tintindex":0},"west":{"uv":[1.625,0.0,0.0,1.625],"rotation":0,"texture":"#0","tintindex":0},"up":{"uv":[13.375,1.875,14.0,0.0],"rotation":0,"texture":"#0","tintindex":0},"down":{"uv":[12.875,0.125,13.75,2.0],"rotation":0,"texture":"#0","tintindex":0}}},{"from":[5.7616234,11.568183,4.1545143],"to":[9.904481,13.282469,4.7259426],"rotation":{"angle":0.0,"axis":"y","origin":[8.018766,13.739612,7.6973715]},"faces":{"east":{"uv":[1.125,9.375,1.25,9.75],"rotation":0,"texture":"#0","tintindex":0},"south":{"uv":[9.625,3.75,8.75,4.125],"rotation":0,"texture":"#0","tintindex":0},"north":{"uv":[8.75,3.75,9.625,4.125],"rotation":0,"texture":"#0","tintindex":0},"west":{"uv":[1.125,9.375,1.25,9.75],"rotation":0,"texture":"#0","tintindex":0},"up":{"uv":[11.25,5.875,10.375,5.75],"rotation":0,"texture":"#0","tintindex":0},"down":{"uv":[11.25,5.75,10.375,5.875],"rotation":0,"texture":"#0","tintindex":0}}},{"from":[6.4187665,8.796754,4.7259426],"to":[9.418766,11.653897,5.2973714],"rotation":{"angle":0.0,"axis":"y","origin":[8.018766,13.51104,7.6973715]},"faces":{"east":{"uv":[7.25,6.125,7.375,6.75],"rotation":0,"texture":"#0","tintindex":0},"south":{"uv":[10.125,6.75,9.5,7.375],"rotation":0,"texture":"#0","tintindex":0},"north":{"uv":[9.5,6.75,10.125,7.375],"rotation":0,"texture":"#0","tintindex":0},"west":{"uv":[7.25,6.125,7.375,6.75],"rotation":0,"texture":"#0","tintindex":0},"up":{"uv":[8.75,4.125,8.125,4.0],"rotation":0,"texture":"#0","tintindex":0},"down":{"uv":[8.75,4.0,8.125,4.125],"rotation":0,"texture":"#0","tintindex":0}}}],"display":{"head":{"translation":[0.0,-6.4,0.0],"scale":[4.0,4.0,4.0]}}}