{"textures":{"0":"modelengine:entity/tlaloc"},"elements":[{"from":[7.4244804,9.168183,6.1371427],"to":[10.853052,9.168183,10.222857],"rotation":{"angle":0.0,"axis":"y","origin":[4.2244806,7.31104,7.8802285]},"faces":{"east":{"uv":[7.25,2.5,8.125,3.375],"rotation":0,"texture":"#0","tintindex":0},"south":{"uv":[7.625,7.5,8.375,8.375],"rotation":0,"texture":"#0","tintindex":0},"north":{"uv":[6.875,7.5,7.625,8.375],"rotation":0,"texture":"#0","tintindex":0},"west":{"uv":[7.375,5.875,8.25,6.75],"rotation":0,"texture":"#0","tintindex":0},"up":{"uv":[8.625,0.875,7.875,0.0],"rotation":0,"texture":"#0","tintindex":0},"down":{"uv":[8.625,0.0,7.875,0.875],"rotation":0,"texture":"#0","tintindex":0}}},{"from":[7.3673377,5.168183,6.1371427],"to":[7.4244804,9.168183,10.222857],"rotation":{"angle":0.0,"axis":"y","origin":[4.2244806,7.31104,7.8802285]},"faces":{"east":{"uv":[7.25,2.5,8.125,3.375],"rotation":0,"texture":"#0","tintindex":0},"south":{"uv":[12.125,1.875,12.875,2.75],"rotation":0,"texture":"#0","tintindex":0},"north":{"uv":[12.125,1.5,12.875,2.375],"rotation":0,"texture":"#0","tintindex":0},"west":{"uv":[8.125,2.5,7.25,3.375],"rotation":0,"texture":"#0","tintindex":0},"up":{"uv":[13.75,0.875,13.0,0.0],"rotation":0,"texture":"#0","tintindex":0},"down":{"uv":[13.75,0.0,13.0,0.875],"rotation":0,"texture":"#0","tintindex":0}}},{"from":[10.79591,6.882468,6.1371427],"to":[10.853052,9.168183,10.222857],"rotation":{"angle":0.0,"axis":"y","origin":[4.2244806,7.31104,7.8802285]},"faces":{"east":{"uv":[7.25,3.375,8.125,3.875],"rotation":0,"texture":"#0","tintindex":0},"south":{"uv":[12.125,1.875,12.875,2.75],"rotation":0,"texture":"#0","tintindex":0},"north":{"uv":[12.125,1.5,12.875,2.375],"rotation":0,"texture":"#0","tintindex":0},"west":{"uv":[8.125,3.375,7.25,3.875],"rotation":0,"texture":"#0","tintindex":0},"up":{"uv":[13.75,0.875,13.0,0.0],"rotation":0,"texture":"#0","tintindex":0},"down":{"uv":[13.75,0.0,13.0,0.875],"rotation":0,"texture":"#0","tintindex":0}}},{"from":[7.796443,2.8230858,6.9070263],"to":[7.8535857,10.2516575,14.335598],"rotation":{"angle":22.5,"axis":"y","origin":[9.110728,6.965943,7.049884]},"faces":{"east":{"uv":[1.625,0.0,3.25,1.625],"rotation":0,"texture":"#0","tintindex":0},"south":{"uv":[14.5,0.0,13.5,1.875],"rotation":0,"texture":"#0","tintindex":0},"north":{"uv":[13.75,0.0,12.75,1.875],"rotation":0,"texture":"#0","tintindex":0},"west":{"uv":[3.25,0.0,1.625,1.625],"rotation":0,"texture":"#0","tintindex":0},"up":{"uv":[14.0,1.875,13.375,0.0],"rotation":0,"texture":"#0","tintindex":0},"down":{"uv":[13.75,0.125,12.875,2.0],"rotation":0,"texture":"#0","tintindex":0}}},{"from":[8.014986,2.9659429,7.335598],"to":[8.072128,10.394514,14.76417],"rotation":{"angle":0.0,"axis":"y","origin":[4.0420713,11.753371,8.117026]},"faces":{"east":{"uv":[0.0,0.0,1.625,1.625],"rotation":0,"texture":"#0","tintindex":0},"south":{"uv":[13.5,0.0,14.5,1.875],"rotation":0,"texture":"#0","tintindex":0},"north":{"uv":[12.75,0.0,13.75,1.875],"rotation":0,"texture":"#0","tintindex":0},"west":{"uv":[1.625,0.0,0.0,1.625],"rotation":0,"texture":"#0","tintindex":0},"up":{"uv":[13.375,1.875,14.0,0.0],"rotation":0,"texture":"#0","tintindex":0},"down":{"uv":[12.875,0.125,13.75,2.0],"rotation":0,"texture":"#0","tintindex":0}}},{"from":[7.796443,2.8230858,1.4586878],"to":[7.8535857,10.2516575,8.8872595],"rotation":{"angle":-22.5,"axis":"y","origin":[9.110728,6.965943,8.744402]},"faces":{"east":{"uv":[3.25,0.0,1.625,1.625],"rotation":0,"texture":"#0","tintindex":0},"south":{"uv":[12.75,0.0,13.75,1.875],"rotation":0,"texture":"#0","tintindex":0},"north":{"uv":[13.5,0.0,14.5,1.875],"rotation":0,"texture":"#0","tintindex":0},"west":{"uv":[1.625,0.0,3.25,1.625],"rotation":0,"texture":"#0","tintindex":0},"up":{"uv":[14.0,0.0,13.375,1.875],"rotation":0,"texture":"#0","tintindex":0},"down":{"uv":[13.75,2.0,12.875,0.125],"rotation":0,"texture":"#0","tintindex":0}}},{"from":[8.014986,2.9659429,1.0301161],"to":[8.072128,10.394514,8.458688],"rotation":{"angle":0.0,"axis":"y","origin":[4.0420713,11.753371,7.677259]},"faces":{"east":{"uv":[1.625,0.0,0.0,1.625],"rotation":0,"texture":"#0","tintindex":0},"south":{"uv":[13.75,0.0,12.75,1.875],"rotation":0,"texture":"#0","tintindex":0},"north":{"uv":[14.5,0.0,13.5,1.875],"rotation":0,"texture":"#0","tintindex":0},"west":{"uv":[0.0,0.0,1.625,1.625],"rotation":0,"texture":"#0","tintindex":0},"up":{"uv":[13.375,0.0,14.0,1.875],"rotation":0,"texture":"#0","tintindex":0},"down":{"uv":[12.875,2.0,13.75,0.125],"rotation":0,"texture":"#0","tintindex":0}}},{"from":[7.4244804,5.168183,6.1371427],"to":[10.853052,9.168183,6.1657143],"rotation":{"angle":0.0,"axis":"y","origin":[4.2244806,7.31104,7.8802285]},"faces":{"east":{"uv":[7.25,2.5,8.125,3.375],"rotation":0,"texture":"#0","tintindex":0},"south":{"uv":[7.625,7.5,6.875,8.375],"rotation":0,"texture":"#0","tintindex":0},"north":{"uv":[6.875,7.5,7.625,8.375],"rotation":0,"texture":"#0","tintindex":0},"west":{"uv":[7.375,5.875,8.25,6.75],"rotation":0,"texture":"#0","tintindex":0},"up":{"uv":[8.625,0.875,7.875,0.0],"rotation":0,"texture":"#0","tintindex":0},"down":{"uv":[8.625,0.875,7.875,1.75],"rotation":0,"texture":"#0","tintindex":0}}},{"from":[7.4244804,5.168183,10.194286],"to":[10.853052,9.168183,10.222857],"rotation":{"angle":0.0,"axis":"y","origin":[4.2244806,7.31104,7.8802285]},"faces":{"east":{"uv":[7.25,2.5,8.125,3.375],"rotation":0,"texture":"#0","tintindex":0},"south":{"uv":[7.625,7.5,6.875,8.375],"rotation":0,"texture":"#0","tintindex":0},"north":{"uv":[6.875,7.5,7.625,8.375],"rotation":0,"texture":"#0","tintindex":0},"west":{"uv":[7.375,5.875,8.25,6.75],"rotation":0,"texture":"#0","tintindex":0},"up":{"uv":[8.625,0.875,7.875,0.0],"rotation":0,"texture":"#0","tintindex":0},"down":{"uv":[8.625,0.875,7.875,1.75],"rotation":0,"texture":"#0","tintindex":0}}},{"from":[7.4363813,3.0653477,6.6404753],"to":[10.293524,8.7796335,9.497619],"rotation":{"angle":0.0,"axis":"y","origin":[8.80781,5.9224906,8.069047]},"faces":{"east":{"uv":[3.0,6.75,3.625,8.0],"rotation":0,"texture":"#0","tintindex":0},"south":{"uv":[3.0,6.25,2.375,7.5],"rotation":0,"texture":"#0","tintindex":0},"north":{"uv":[2.375,6.25,3.0,7.5],"rotation":0,"texture":"#0","tintindex":0},"west":{"uv":[3.625,6.75,3.0,8.0],"rotation":0,"texture":"#0","tintindex":0},"up":{"uv":[8.5,9.625,7.875,9.0],"rotation":0,"texture":"#0","tintindex":0},"down":{"uv":[8.5,9.0,7.875,9.625],"rotation":0,"texture":"#0","tintindex":0}}},{"from":[9.122095,3.6367764,8.32619],"to":[10.836382,7.6367764,10.040476],"rotation":{"angle":0.0,"axis":"y","origin":[8.80781,5.9224906,8.069047]},"faces":{"east":{"uv":[9.5,1.625,9.875,2.5],"rotation":0,"texture":"#0","tintindex":0},"south":{"uv":[9.5,2.5,9.875,3.375],"rotation":0,"texture":"#0","tintindex":0},"north":{"uv":[9.875,2.5,9.5,3.375],"rotation":0,"texture":"#0","tintindex":0},"west":{"uv":[9.875,1.625,9.5,2.5],"rotation":0,"texture":"#0","tintindex":0},"up":{"uv":[3.875,10.625,3.5,10.25],"rotation":0,"texture":"#0","tintindex":0},"down":{"uv":[3.875,10.25,3.5,10.625],"rotation":0,"texture":"#0","tintindex":0}}}],"display":{"head":{"translation":[0.0,-6.4,0.0],"scale":[4.0,4.0,4.0]}}}