{"textures":{"0":"modelengine:entity/tlaloc"},"elements":[{"from":[5.9868283,7.636147,5.9126205],"to":[8.377229,11.153861,8.3030205],"rotation":{"angle":-45.0,"axis":"y","origin":[6.937228,8.792261,6.9782205]},"faces":{"east":{"uv":[0.5,8.5,0.0,9.25],"rotation":0,"texture":"#0","tintindex":0},"south":{"uv":[0.0,8.5,0.5,9.25],"rotation":0,"texture":"#0","tintindex":0},"north":{"uv":[0.0,8.5,0.5,9.25],"rotation":0,"texture":"#0","tintindex":0},"west":{"uv":[0.5,8.5,0.0,9.25],"rotation":0,"texture":"#0","tintindex":0},"up":{"uv":[8.25,10.125,7.75,9.625],"rotation":0,"texture":"#0","tintindex":0},"down":{"uv":[8.25,9.625,7.75,10.125],"rotation":0,"texture":"#0","tintindex":0}}},{"from":[5.3284187,7.6932898,7.2429614],"to":[8.702819,9.407576,10.23439],"rotation":{"angle":0.0,"axis":"y","origin":[7.015619,9.70929,8.738676]},"faces":{"east":{"uv":[3.875,9.75,4.5,10.125],"rotation":0,"texture":"#0","tintindex":0},"south":{"uv":[9.625,3.75,10.375,4.125],"rotation":0,"texture":"#0","tintindex":0},"north":{"uv":[9.625,3.75,10.375,4.125],"rotation":0,"texture":"#0","tintindex":0},"west":{"uv":[4.5,9.75,3.875,10.125],"rotation":0,"texture":"#0","tintindex":0},"up":{"uv":[8.625,9.0,7.875,8.375],"rotation":0,"texture":"#0","tintindex":0},"down":{"uv":[8.625,8.375,7.875,9.0],"rotation":0,"texture":"#0","tintindex":0}}},{"from":[4.7569904,9.407576,7.2429614],"to":[9.274248,11.72529,10.23439],"rotation":{"angle":0.0,"axis":"y","origin":[7.015619,9.70929,8.738676]},"faces":{"east":{"uv":[7.125,9.5,6.5,10.0],"rotation":0,"texture":"#0","tintindex":0},"south":{"uv":[6.875,8.375,7.875,8.875],"rotation":0,"texture":"#0","tintindex":0},"north":{"uv":[7.875,8.375,6.875,8.875],"rotation":0,"texture":"#0","tintindex":0},"west":{"uv":[6.5,9.5,7.125,10.0],"rotation":0,"texture":"#0","tintindex":0},"up":{"uv":[6.75,5.625,5.75,5.0],"rotation":0,"texture":"#0","tintindex":0},"down":{"uv":[6.75,5.0,5.75,5.625],"rotation":0,"texture":"#0","tintindex":0}}},{"from":[5.614133,12.29329,6.6715326],"to":[8.471276,13.150433,9.805819],"rotation":{"angle":0.0,"axis":"y","origin":[7.015619,9.70929,8.738676]},"faces":{"east":{"uv":[2.875,10.25,3.5,10.5],"rotation":0,"texture":"#0","tintindex":0},"south":{"uv":[2.375,10.25,1.75,10.5],"rotation":0,"texture":"#0","tintindex":0},"north":{"uv":[1.75,10.25,2.375,10.5],"rotation":0,"texture":"#0","tintindex":0},"west":{"uv":[3.5,10.25,2.875,10.5],"rotation":0,"texture":"#0","tintindex":0},"up":{"uv":[8.75,3.75,8.125,3.125],"rotation":0,"texture":"#0","tintindex":0},"down":{"uv":[8.75,3.125,8.125,3.75],"rotation":0,"texture":"#0","tintindex":0}}},{"from":[5.614133,13.150433,6.042961],"to":[8.417105,14.153862,10.43439],"rotation":{"angle":0.0,"axis":"y","origin":[7.015619,9.70929,8.738676]},"faces":{"east":{"uv":[10.0,9.375,10.875,9.625],"rotation":0,"texture":"#0","tintindex":0},"south":{"uv":[9.375,10.25,8.75,10.5],"rotation":0,"texture":"#0","tintindex":0},"north":{"uv":[8.75,10.25,9.375,10.5],"rotation":0,"texture":"#0","tintindex":0},"west":{"uv":[10.0,9.375,10.875,9.625],"rotation":0,"texture":"#0","tintindex":0},"up":{"uv":[8.75,4.0,8.125,3.125],"rotation":0,"texture":"#0","tintindex":0},"down":{"uv":[8.75,3.125,8.125,4.0],"rotation":0,"texture":"#0","tintindex":0}}},{"from":[8.181609,13.330918,6.1001043],"to":[9.324467,14.334347,10.377247],"rotation":{"angle":22.5,"axis":"z","origin":[8.753038,13.832632,8.238676]},"faces":{"east":{"uv":[10.0,9.375,10.875,9.625],"rotation":0,"texture":"#0","tintindex":0},"south":{"uv":[9.5,8.75,9.25,9.0],"rotation":0,"texture":"#0","tintindex":0},"north":{"uv":[9.25,8.75,9.5,9.0],"rotation":0,"texture":"#0","tintindex":0},"west":{"uv":[10.0,9.375,10.875,9.625],"rotation":0,"texture":"#0","tintindex":0},"up":{"uv":[7.25,0.875,7.0,0.0],"rotation":0,"texture":"#0","tintindex":0},"down":{"uv":[7.25,0.0,7.0,0.875],"rotation":0,"texture":"#0","tintindex":0}}},{"from":[6.128419,11.150433,6.042961],"to":[7.842705,12.29329,10.43439],"rotation":{"angle":0.0,"axis":"y","origin":[7.015619,9.566433,8.738676]},"faces":{"east":{"uv":[9.75,0.0,10.625,0.25],"rotation":0,"texture":"#0","tintindex":0},"south":{"uv":[2.125,10.5,1.75,10.75],"rotation":0,"texture":"#0","tintindex":0},"north":{"uv":[1.75,10.5,2.125,10.75],"rotation":0,"texture":"#0","tintindex":0},"west":{"uv":[9.75,0.0,10.625,0.25],"rotation":0,"texture":"#0","tintindex":0},"up":{"uv":[9.5,9.875,9.125,9.0],"rotation":0,"texture":"#0","tintindex":0},"down":{"uv":[9.5,9.0,9.125,9.875],"rotation":0,"texture":"#0","tintindex":0}}},{"from":[4.776914,13.330918,6.1001043],"to":[5.919771,14.334347,10.377247],"rotation":{"angle":-22.5,"axis":"z","origin":[5.348343,13.832632,8.238676]},"faces":{"east":{"uv":[10.875,9.375,10.0,9.625],"rotation":0,"texture":"#0","tintindex":0},"south":{"uv":[9.25,8.75,9.5,9.0],"rotation":0,"texture":"#0","tintindex":0},"north":{"uv":[9.5,8.75,9.25,9.0],"rotation":0,"texture":"#0","tintindex":0},"west":{"uv":[10.875,9.375,10.0,9.625],"rotation":0,"texture":"#0","tintindex":0},"up":{"uv":[7.0,0.875,7.25,0.0],"rotation":0,"texture":"#0","tintindex":0},"down":{"uv":[7.0,0.0,7.25,0.875],"rotation":0,"texture":"#0","tintindex":0}}},{"from":[7.4089184,11.574735,6.0915327],"to":[9.123204,12.717592,10.377247],"rotation":{"angle":22.5,"axis":"z","origin":[8.83749,12.48902,6.9486756]},"faces":{"east":{"uv":[9.75,0.0,10.75,0.25],"rotation":0,"texture":"#0","tintindex":0},"south":{"uv":[10.875,2.375,10.5,2.625],"rotation":0,"texture":"#0","tintindex":0},"north":{"uv":[10.5,2.375,10.875,2.625],"rotation":0,"texture":"#0","tintindex":0},"west":{"uv":[9.75,0.0,10.75,0.25],"rotation":0,"texture":"#0","tintindex":0},"up":{"uv":[9.5,10.0,9.125,9.0],"rotation":0,"texture":"#0","tintindex":0},"down":{"uv":[9.5,9.0,9.125,10.0],"rotation":0,"texture":"#0","tintindex":0}}},{"from":[9.19571,13.248255,6.1486754],"to":[10.909996,14.391111,10.35439],"rotation":{"angle":-45.0,"axis":"z","origin":[7.19571,13.819683,6.8757024]},"faces":{"east":{"uv":[9.75,0.0,10.75,0.25],"rotation":0,"texture":"#0","tintindex":0},"south":{"uv":[3.25,10.5,2.875,10.75],"rotation":0,"texture":"#0","tintindex":0},"north":{"uv":[2.875,10.5,3.25,10.75],"rotation":0,"texture":"#0","tintindex":0},"west":{"uv":[10.75,0.0,9.75,0.25],"rotation":0,"texture":"#0","tintindex":0},"up":{"uv":[9.5,10.0,9.125,9.0],"rotation":0,"texture":"#0","tintindex":0},"down":{"uv":[9.5,9.0,9.125,10.0],"rotation":0,"texture":"#0","tintindex":0}}},{"from":[3.0485277,13.248255,6.1486754],"to":[4.7628136,14.391111,10.35439],"rotation":{"angle":45.0,"axis":"z","origin":[6.7628136,13.819683,6.8757024]},"faces":{"east":{"uv":[9.75,0.0,10.75,0.25],"rotation":0,"texture":"#0","tintindex":0},"south":{"uv":[2.875,10.5,3.25,10.75],"rotation":0,"texture":"#0","tintindex":0},"north":{"uv":[3.25,10.5,2.875,10.75],"rotation":0,"texture":"#0","tintindex":0},"west":{"uv":[10.75,0.0,9.75,0.25],"rotation":0,"texture":"#0","tintindex":0},"up":{"uv":[9.125,10.0,9.5,9.0],"rotation":0,"texture":"#0","tintindex":0},"down":{"uv":[9.125,9.0,9.5,10.0],"rotation":0,"texture":"#0","tintindex":0}}},{"from":[4.8353195,11.574735,6.0915327],"to":[6.5496054,12.717592,10.377247],"rotation":{"angle":-22.5,"axis":"z","origin":[5.1210337,12.48902,6.9486756]},"faces":{"east":{"uv":[10.75,0.0,9.75,0.25],"rotation":0,"texture":"#0","tintindex":0},"south":{"uv":[10.5,2.375,10.875,2.625],"rotation":0,"texture":"#0","tintindex":0},"north":{"uv":[10.875,2.375,10.5,2.625],"rotation":0,"texture":"#0","tintindex":0},"west":{"uv":[10.75,0.0,9.75,0.25],"rotation":0,"texture":"#0","tintindex":0},"up":{"uv":[9.125,10.0,9.5,9.0],"rotation":0,"texture":"#0","tintindex":0},"down":{"uv":[9.125,9.0,9.5,10.0],"rotation":0,"texture":"#0","tintindex":0}}},{"from":[6.988533,8.979004,6.2429614],"to":[7.045676,16.407576,13.671534],"rotation":{"angle":0.0,"axis":"y","origin":[7.015619,9.70929,8.738676]},"faces":{"east":{"uv":[0.0,0.0,1.625,1.625],"rotation":0,"texture":"#0","tintindex":0},"south":{"uv":[13.5,0.0,14.5,1.875],"rotation":0,"texture":"#0","tintindex":0},