{"textures":{"0":"modelengine:entity/tlaloc"},"elements":[{"from":[7.072541,7.266843,0.50843525],"to":[8.786827,8.581129,1.6512923],"rotation":{"angle":0.0,"axis":"y","origin":[7.8725414,7.923986,17.966747]},"faces":{"east":{"uv":[10.125,10.75,10.375,11.0],"rotation":0,"texture":"#0","tintindex":0},"south":{"uv":[8.375,10.5,8.75,10.75],"rotation":0,"texture":"#0","tintindex":0},"north":{"uv":[8.75,10.5,8.375,10.75],"rotation":0,"texture":"#0","tintindex":0},"west":{"uv":[10.375,10.75,10.125,11.0],"rotation":0,"texture":"#0","tintindex":0},"up":{"uv":[10.375,10.75,10.0,10.5],"rotation":0,"texture":"#0","tintindex":0},"down":{"uv":[10.375,10.5,10.0,10.75],"rotation":0,"texture":"#0","tintindex":0}}},{"from":[7.072541,7.266843,21.079865],"to":[8.786827,8.581129,22.222721],"rotation":{"angle":0.0,"axis":"y","origin":[7.8725414,7.923986,17.966747]},"faces":{"east":{"uv":[10.125,10.75,10.375,11.0],"rotation":0,"texture":"#0","tintindex":0},"south":{"uv":[8.375,10.5,8.75,10.75],"rotation":0,"texture":"#0","tintindex":0},"north":{"uv":[8.75,10.5,8.375,10.75],"rotation":0,"texture":"#0","tintindex":0},"west":{"uv":[10.375,10.75,10.125,11.0],"rotation":0,"texture":"#0","tintindex":0},"up":{"uv":[10.375,10.75,10.0,10.5],"rotation":0,"texture":"#0","tintindex":0},"down":{"uv":[10.375,10.5,10.0,10.75],"rotation":0,"texture":"#0","tintindex":0}}},{"from":[7.072541,7.266843,18.222721],"to":[8.786827,8.581129,19.36558],"rotation":{"angle":0.0,"axis":"y","origin":[7.8725414,7.923986,17.966747]},"faces":{"east":{"uv":[10.125,10.75,10.375,11.0],"rotation":0,"texture":"#0","tintindex":0},"south":{"uv":[8.375,10.5,8.75,10.75],"rotation":0,"texture":"#0","tintindex":0},"north":{"uv":[8.75,10.5,8.375,10.75],"rotation":0,"texture":"#0","tintindex":0},"west":{"uv":[10.375,10.75,10.125,11.0],"rotation":0,"texture":"#0","tintindex":0},"up":{"uv":[10.375,10.75,10.0,10.5],"rotation":0,"texture":"#0","tintindex":0},"down":{"uv":[10.375,10.5,10.0,10.75],"rotation":0,"texture":"#0","tintindex":0}}},{"from":[7.072541,7.266843,15.365579],"to":[8.786827,8.581129,16.508436],"rotation":{"angle":0.0,"axis":"y","origin":[7.8725414,7.923986,17.966747]},"faces":{"east":{"uv":[10.125,10.75,10.375,11.0],"rotation":0,"texture":"#0","tintindex":0},"south":{"uv":[8.375,10.5,8.75,10.75],"rotation":0,"texture":"#0","tintindex":0},"north":{"uv":[8.75,10.5,8.375,10.75],"rotation":0,"texture":"#0","tintindex":0},"west":{"uv":[10.375,10.75,10.125,11.0],"rotation":0,"texture":"#0","tintindex":0},"up":{"uv":[10.375,10.75,10.0,10.5],"rotation":0,"texture":"#0","tintindex":0},"down":{"uv":[10.375,10.5,10.0,10.75],"rotation":0,"texture":"#0","tintindex":0}}},{"from":[7.072541,7.266843,12.508436],"to":[8.786827,8.581129,13.651293],"rotation":{"angle":0.0,"axis":"y","origin":[7.8725414,7.923986,17.966747]},"faces":{"east":{"uv":[10.125,10.75,10.375,11.0],"rotation":0,"texture":"#0","tintindex":0},"south":{"uv":[8.375,10.5,8.75,10.75],"rotation":0,"texture":"#0","tintindex":0},"north":{"uv":[8.75,10.5,8.375,10.75],"rotation":0,"texture":"#0","tintindex":0},"west":{"uv":[10.375,10.75,10.125,11.0],"rotation":0,"texture":"#0","tintindex":0},"up":{"uv":[10.375,10.75,10.0,10.5],"rotation":0,"texture":"#0","tintindex":0},"down":{"uv":[10.375,10.5,10.0,10.75],"rotation":0,"texture":"#0","tintindex":0}}},{"from":[7.072541,7.266843,9.651293],"to":[8.786827,8.581129,10.794149],"rotation":{"angle":0.0,"axis":"y","origin":[7.8725414,7.923986,17.966747]},"faces":{"east":{"uv":[10.125,10.75,10.375,11.0],"rotation":0,"texture":"#0","tintindex":0},"south":{"uv":[8.375,10.5,8.75,10.75],"rotation":0,"texture":"#0","tintindex":0},"north":{"uv":[8.75,10.5,8.375,10.75],"rotation":0,"texture":"#0","tintindex":0},"west":{"uv":[10.375,10.75,10.125,11.0],"rotation":0,"texture":"#0","tintindex":0},"up":{"uv":[10.375,10.75,10.0,10.5],"rotation":0,"texture":"#0","tintindex":0},"down":{"uv":[10.375,10.5,10.0,10.75],"rotation":0,"texture":"#0","tintindex":0}}},{"from":[7.1753983,22.691353,15.95697],"to":[8.60397,23.83421,17.099827],"rotation":{"angle":45.0,"axis":"x","origin":[7.878256,7.923986,1.183888]},"faces":{"east":{"uv":[9.0,10.75,9.25,11.0],"rotation":0,"texture":"#0","tintindex":0},"south":{"uv":[10.75,0.0,11.125,0.25],"rotation":0,"texture":"#0","tintindex":0},"north":{"uv":[0.0,10.75,0.375,11.0],"rotation":0,"texture":"#0","tintindex":0},"west":{"uv":[9.25,10.75,9.0,11.0],"rotation":0,"texture":"#0","tintindex":0},"up":{"uv":[11.125,0.5,10.75,0.25],"rotation":0,"texture":"#0","tintindex":0},"down":{"uv":[11.125,0.5,10.75,0.75],"rotation":0,"texture":"#0","tintindex":0}}},{"from":[7.346827,7.3239856,-1.7646837],"to":[8.466827,8.523986,22.806746],"rotation":{"angle":0.0,"axis":"y","origin":[7.878256,7.923986,1.2296019]},"faces":{"east":{"uv":[6.25,11.125,11.625,11.375],"rotation":0,"texture":"#0","tintindex":0},"south":{"uv":[11.375,5.75,11.625,6.0],"rotation":0,"texture":"#0","tintindex":0},"north":{"uv":[11.375,5.75,11.625,6.0],"rotation":0,"texture":"#0","tintindex":0},"west":{"uv":[11.625,11.125,6.25,11.375],"rotation":0,"texture":"#0","tintindex":0},"up":{"uv":[11.625,11.125,11.375,5.75],"rotation":0,"texture":"#0","tintindex":0},"down":{"uv":[11.625,5.75,11.375,11.125],"rotation":0,"texture":"#0","tintindex":0}}},{"from":[7.632541,7.1811285,-6.1646843],"to":[8.12397,8.666842,-3.0332546],"rotation":{"angle":0.0,"axis":"y","origin":[7.878256,7.923986,-4.5989704]},"faces":{"east":{"uv":[6.5,10.0,7.125,10.375],"rotation":0,"texture":"#0","tintindex":0},"south":{"uv":[3.0,10.5,3.125,10.875],"rotation":0,"texture":"#0","tintindex":0},"north":{"uv":[3.0,10.5,3.125,10.875],"rotation":0,"texture":"#0","tintindex":0},"west":{"uv":[7.125,10.0,6.5,10.375],"rotation":0,"texture":"#0","tintindex":0},"up":{"uv":[2.625,9.5,2.5,8.875],"rotation":0,"texture":"#0","tintindex":0},"down":{"uv":[4.875,9.125,4.75,9.75],"rotation":0,"texture":"#0","tintindex":0}}},{"from":[6.7753983,6.7525573,-3.4675407],"to":[9.038256,9.095414,-1.7532549],"rotation":{"angle":0.0,"axis":"y","origin":[7.906827,7.923986,-2.6989698]},"faces":{"east":{"uv":[2.375,5.75,2.75,6.25],"rotation":0,"texture":"#0","tintindex":0},"south":{"uv":[1.625,9.75,2.125,10.25],"rotation":0,"texture":"#0","tintindex":0},"north":{"uv":[2.125,9.75,1.625,10.25],"rotation":0,"texture":"#0","tintindex":0},"west":{"uv":[2.75,5.75,2.375,6.25],"rotation":0,"texture":"#0","tintindex":0},"up":{"uv":[10.625,6.25,10.125,5.875],"rotation":0,"texture":"#0","tintindex":0},"down":{"uv":[10.625,5.875,10.125,6.25],"rotation":0,"texture":"#0","tintindex":0}}},{"from":[7.346827,8.536169,-3.9287453],"to":[8.466827,9.736169,-1.9344597],"rotation":{"angle":45.0,"axis":"x","origin":[7.906827,9.1361685,-2.9316015]},"faces":{"east":{"uv":[4.875,10.625,5.25,10.875],"rotation":0,"texture":"#0","tintindex":0},"south":{"uv":[4.75,10.75,4.5,11.0],"rotation":0,"texture":"#0","tintindex":0},"north":{"uv":[4.5,10.75,4.75,11.0],"rotation":0,"texture":"#0","tintindex":0},"west":{"uv":[5.25,10.625,4.875,10.875],"rotation":0,"texture":"#0","tintindex":0},"up":{"uv":[2.375,10.875,2.125,10.5],"rotation":0,"texture":"#0","tintindex":0},"down":{"uv":[4.25,10.625,4.0,11.0],"rotation":0,"texture":"#0","tintindex":0}}},{"from":[7.346827,0.70465946,9.2032385],"to":[8.466827,1.9046588,11.197525],"rotation":{"angle":-45.0,"axis":"x","origin":[7.906827,-11.827324,-2.9316015]},"faces":{"east":{"uv":[4.875,10.875,5.25,10.625],"rotation":0,"texture":"#0","tintindex":0},"south":{"uv":[4.75,11.0,4.5,10.75],"rotation":0,"texture":"#0","tintindex":0},"north":{"uv":[4.5,11.0,4.75,10.75],"rotation":0,"texture":"#0","tintindex":0},"west":{"uv":[5.25,10.875,4.875,10.625],"rotation":0,"texture":"#0","tintindex":0},"up":{"uv":[4.25,11.0,4.0,10.625],"rotation":0,"texture":"#0","tintindex":0},"down":{"uv":[2.375,10.5,2.125,10.875],"rotation":0,"texture":"#0","tintindex":0}}},{"from":[7.061113,7.0382714,-1.7532549],"to":[8.752542,8.8097,-0.6103983],"rotation":{"angle":0.0,"axis":"y","origin":[7.878256,7.923986,1.183888]},