{"textures":{"0":"modelengine:entity/tlaloc"},"elements":[{"from":[6.6241565,3.4234595,6.1510534],"to":[9.043357,8.566317,8.570253],"rotation":{"angle":0.0,"axis":"y","origin":[8.119471,5.854088,7.3606534]},"faces":{"east":{"uv":[3.375,8.0,3.875,9.125],"rotation":0,"texture":"#0","tintindex":0},"south":{"uv":[2.875,8.0,3.375,9.125],"rotation":0,"texture":"#0","tintindex":0},"north":{"uv":[3.375,8.0,2.875,9.125],"rotation":0,"texture":"#0","tintindex":0},"west":{"uv":[3.875,8.0,3.375,9.125],"rotation":0,"texture":"#0","tintindex":0},"up":{"uv":[8.0,9.5,8.5,9.0],"rotation":0,"texture":"#0","tintindex":0},"down":{"uv":[8.0,9.0,8.5,9.5],"rotation":0,"texture":"#0","tintindex":0}}},{"from":[6.386214,3.9948878,5.9224815],"to":[9.243357,5.7091737,8.779625],"rotation":{"angle":0.0,"axis":"y","origin":[8.119471,5.854088,7.3606534]},"faces":{"east":{"uv":[10.5,2.375,9.875,2.75],"rotation":0,"texture":"#0","tintindex":0},"south":{"uv":[2.125,9.875,2.75,10.25],"rotation":0,"texture":"#0","tintindex":0},"north":{"uv":[2.75,9.875,2.125,10.25],"rotation":0,"texture":"#0","tintindex":0},"west":{"uv":[10.5,2.375,9.875,2.75],"rotation":0,"texture":"#0","tintindex":0},"up":{"uv":[6.25,5.625,6.875,5.0],"rotation":0,"texture":"#0","tintindex":0},"down":{"uv":[6.25,5.0,6.875,5.625],"rotation":0,"texture":"#0","tintindex":0}}},{"from":[6.957642,5.680602,6.065339],"to":[8.671928,6.8234596,8.655968],"rotation":{"angle":0.0,"axis":"y","origin":[8.119471,5.854088,7.3606534]},"faces":{"east":{"uv":[6.875,5.375,6.25,5.625],"rotation":0,"texture":"#0","tintindex":0},"south":{"uv":[4.5,10.5,4.875,10.75],"rotation":0,"texture":"#0","tintindex":0},"north":{"uv":[4.875,10.5,4.5,10.75],"rotation":0,"texture":"#0","tintindex":0},"west":{"uv":[6.875,5.375,6.25,5.625],"rotation":0,"texture":"#0","tintindex":0},"up":{"uv":[5.75,5.625,6.125,5.0],"rotation":0,"texture":"#0","tintindex":0},"down":{"uv":[5.75,5.0,6.125,5.625],"rotation":0,"texture":"#0","tintindex":0}}},{"from":[6.938102,1.7193885,6.542733],"to":[8.652388,3.4336743,8.257019],"rotation":{"angle":0.0,"axis":"y","origin":[8.080959,2.3479595,7.399876]},"faces":{"east":{"uv":[10.375,4.25,10.75,4.625],"rotation":0,"texture":"#0","tintindex":0},"south":{"uv":[10.375,3.875,10.75,4.25],"rotation":0,"texture":"#0","tintindex":0},"north":{"uv":[10.75,3.875,10.375,4.25],"rotation":0,"texture":"#0","tintindex":0},"west":{"uv":[10.75,4.25,10.375,4.625],"rotation":0,"texture":"#0","tintindex":0},"up":{"uv":[10.375,5.75,10.75,5.375],"rotation":0,"texture":"#0","tintindex":0},"down":{"uv":[10.375,5.375,10.75,5.75],"rotation":0,"texture":"#0","tintindex":0}}}],"display":{"head":{"translation":[0.0,-6.4,0.0],"scale":[4.0,4.0,4.0]}}}