{"textures":{"0":"modelengine:entity/tlaloc"},"elements":[{"from":[7.728662,2.4349713,7.4546285],"to":[10.014377,8.720686,9.740343],"rotation":{"angle":0.0,"axis":"y","origin":[8.871519,5.463543,8.597486]},"faces":{"east":{"uv":[5.375,7.5,5.875,8.875],"rotation":0,"texture":"#0","tintindex":0},"south":{"uv":[2.125,7.5,2.625,8.875],"rotation":0,"texture":"#0","tintindex":0},"north":{"uv":[2.625,7.5,2.125,8.875],"rotation":0,"texture":"#0","tintindex":0},"west":{"uv":[5.875,7.5,5.375,8.875],"rotation":0,"texture":"#0","tintindex":0},"up":{"uv":[2.375,6.75,2.875,6.25],"rotation":0,"texture":"#0","tintindex":0},"down":{"uv":[2.375,6.25,2.875,6.75],"rotation":0,"texture":"#0","tintindex":0}}},{"from":[7.43674,3.6038399,7.162482],"to":[10.293883,5.3181257,10.019625],"rotation":{"angle":0.0,"axis":"y","origin":[8.884283,5.348754,8.600654]},"faces":{"east":{"uv":[10.5,2.375,9.875,2.75],"rotation":0,"texture":"#0","tintindex":0},"south":{"uv":[2.125,9.875,2.75,10.25],"rotation":0,"texture":"#0","tintindex":0},"north":{"uv":[2.75,9.875,2.125,10.25],"rotation":0,"texture":"#0","tintindex":0},"west":{"uv":[10.5,2.375,9.875,2.75],"rotation":0,"texture":"#0","tintindex":0},"up":{"uv":[6.25,5.625,6.875,5.0],"rotation":0,"texture":"#0","tintindex":0},"down":{"uv":[6.25,5.0,6.875,5.625],"rotation":0,"texture":"#0","tintindex":0}}},{"from":[8.008169,5.2895536,7.305339],"to":[9.722454,6.432411,9.8959675],"rotation":{"angle":0.0,"axis":"y","origin":[8.884283,5.348754,8.600654]},"faces":{"east":{"uv":[6.875,5.375,6.25,5.625],"rotation":0,"texture":"#0","tintindex":0},"south":{"uv":[4.5,10.5,4.875,10.75],"rotation":0,"texture":"#0","tintindex":0},"north":{"uv":[4.875,10.5,4.5,10.75],"rotation":0,"texture":"#0","tintindex":0},"west":{"uv":[6.875,5.375,6.25,5.625],"rotation":0,"texture":"#0","tintindex":0},"up":{"uv":[5.75,5.625,6.125,5.0],"rotation":0,"texture":"#0","tintindex":0},"down":{"uv":[5.75,5.0,6.125,5.625],"rotation":0,"texture":"#0","tintindex":0}}},{"from":[7.9563193,1.3250284,5.600914],"to":[9.784891,3.0393143,9.600914],"rotation":{"angle":0.0,"axis":"y","origin":[8.870605,1.9535999,7.6009145]},"faces":{"east":{"uv":[9.25,8.375,10.125,8.75],"rotation":0,"texture":"#0","tintindex":0},"south":{"uv":[7.25,10.375,7.625,10.75],"rotation":0,"texture":"#0","tintindex":0},"north":{"uv":[7.625,10.375,7.25,10.75],"rotation":0,"texture":"#0","tintindex":0},"west":{"uv":[10.125,8.375,9.25,8.75],"rotation":0,"texture":"#0","tintindex":0},"up":{"uv":[6.125,10.375,6.5,9.5],"rotation":0,"texture":"#0","tintindex":0},"down":{"uv":[6.125,9.5,6.5,10.375],"rotation":0,"texture":"#0","tintindex":0}}}],"display":{"head":{"translation":[0.0,-6.4,0.0],"scale":[4.0,4.0,4.0]}}}